
=====================================================================
  STEP 0: configure the QP (no packets yet) -- scenario: MRC parse, RC transport
=====================================================================
[TB] QP 0x5 -> expects PSN 0xa0b0c, ACKs go to QP 0x42 @ 0xa000002
[cyc    1] [STATE TABLE 0]: setup new connection, psn 0x100
[cyc    1] [MSN TABLE 0]: MSN init for qpn 0x5

=====================================================================
  GROUP: TEST 01: ONLY ahead not in win
=====================================================================
[TB] Packet 0: TEST 01: ONLY ahead not in win
[TB]   state before: epsn=0xa0b0c last_psn=0xa0b0b
[TB]   RC_RDMA_WRITE_ONLY  DestQP=0x5  PSN=0xa0b98, 658328  RETH.vaddr=0x3000  RETH.len=64  payload=64 B  UDP length=108  (then drain and check)
      0000: ca 00 ff ff 00 00 00 05 80 0a 0b 98 00 00 00 00 
      0010: 00 00 00 00 00 00 30 00 00 00 12 34 00 00 00 40 
      0020: ee ef f0 f1 f2 f3 f4 f5 f6 f7 f8 f9 fa fb fc fd 
      0030: fe ff 00 01 02 03 04 05 06 07 08 09 0a 0b 0c 0d 
      ... (32 more bytes)

[TB] Feeding 1 packet(s)... (module prints follow)
[cyc   20] [TB] first beat of packet 0 (TEST 01: ONLY ahead not in win)
[cyc   20] [RX PROCESS IBH 0]: input psn 0x0a0b98
[cyc   20] [RX PROCESS IBH 0]: process IBH opcode: ca
[cyc   20] [R SHIFT BY OCTET IN] ca 00 ff ff 00 00 00 05 80 0a 0b 98 00 00 00 00 00 00 00 00 00 00 30 00 00 00 12 34 00 00 00 40 ee ef f0 f1 f2 f3 f4 f5 f6 f7 f8 f9 fa fb fc fd fe ff 00 01 02 03 04 05 06 07 08 09 0a 0b 0c 0d ffffffffffffffff 0
[cyc   21] [TB] last beat of packet 0 (2 beat(s))
[cyc   21] [R SHIFT BY OCTET IN] 0e 0f 10 11 12 13 14 15 16 17 18 19 1a 1b 1c 1d 1e 1f 20 21 22 23 24 25 26 27 28 29 2a 2b 2c 2d 00 00 00 00 00 00 00 00 00 00 00 00 00 00 00 00 00 00 00 00 00 00 00 00 00 00 00 00 00 00 00 00 00000000ffffffff 1  <- last
[cyc   21] [R SHIFT BY OCTET OUT] 00 00 00 00 00 00 00 00 00 00 30 00 00 00 12 34 00 00 00 40 ee ef f0 f1 f2 f3 f4 f5 f6 f7 f8 f9 fa fb fc fd fe ff 00 01 02 03 04 05 06 07 08 09 0a 0b 0c 0d 0e 0f 10 11 12 13 14 15 16 17 18 19 ffffffffffffffff 0
[cyc   21] [STRIP MRC headers IN 0] 00 00 00 00 00 00 00 00 00 00 30 00 00 00 12 34 00 00 00 40 ee ef f0 f1 f2 f3 f4 f5 f6 f7 f8 f9 fa fb fc fd fe ff 00 01 02 03 04 05 06 07 08 09 0a 0b 0c 0d 0e 0f 10 11 12 13 14 15 16 17 18 19 ffffffffffffffff 0
[TB] All packets fed, running 300 more cycles...
[cyc   22] [R SHIFT BY OCTET OUT] 1a 1b 1c 1d 1e 1f 20 21 22 23 24 25 26 27 28 29 2a 2b 2c 2d 00 00 00 00 00 00 00 00 00 00 00 00 00 00 00 00 00 00 00 00 00 00 00 00 00 00 00 00 00 00 00 00 00 00 00 00 00 00 00 00 00 00 00 00 00000000000fffff 1  <- last
[cyc   22] [STRIP MRC headers IN 0] 1a 1b 1c 1d 1e 1f 20 21 22 23 24 25 26 27 28 29 2a 2b 2c 2d 00 00 00 00 00 00 00 00 00 00 00 00 00 00 00 00 00 00 00 00 00 00 00 00 00 00 00 00 00 00 00 00 00 00 00 00 00 00 00 00 00 00 00 00 00000000000fffff 1  <- last
[cyc   22] [STRIP MRC headers OUT 0] 00 00 00 00 00 00 30 00 00 00 12 34 00 00 00 40 ee ef f0 f1 f2 f3 f4 f5 f6 f7 f8 f9 fa fb fc fd fe ff 00 01 02 03 04 05 06 07 08 09 0a 0b 0c 0d 0e 0f 10 11 12 13 14 15 16 17 18 19 1a 1b 1c 1d ffffffffffffffff 0
[cyc   23] [STRIP MRC headers OUT 0] 1e 1f 20 21 22 23 24 25 26 27 28 29 2a 2b 2c 2d 00 00 00 00 00 00 00 00 00 00 00 00 00 00 00 00 00 00 00 00 00 00 00 00 00 00 00 00 00 00 00 00 00 00 00 00 00 00 00 00 00 00 00 00 00 00 00 00 000000000000ffff 1  <- last
[cyc   23] [RX IBH FSM 0]: epsn: 0x0a0b0c, 658188, packet psn: 0x0a0b98, 658328, oldest outstanding psn: 0x8a0b0c, 9046796
[cyc   23] [RX IBH FSM 0]: dropping invalid psn 0x0a0b98 with retry 0x7
[cyc   23] [RX IBH FSM 0]: sending NAK on epsn 0x0a0b0c
[cyc   23] [META MERGER 0]: reading from ack event with qpn 0x5, psn 0x0a0b0c
[cyc   25] [GENERATE EXH 0]: psn seq error
[cyc   25] [GENERATE EXH 0]: MRC_ACK with qpn 5, psn 658188
[cyc   25] [GENERATE EXH 0]: MRC_ACK 60 00 00 00 40 5f 00 00 00 71 f4 d0 83 e8 5f f6 60 fa 8b 9e 40 5f 00 00 40 be 46 89 fe 7f 00 00 d0 fa 8b 9e 40 5f 00 00 44 5b 81 9e 40 5f 00 00 44 c0 46 89 fe 7f 00 00 87 16 85 9e 40 5f 00 00 000000000000000f 1
[cyc   25] [APPEND PAYLOAD 0]: moving to state HEADER
[cyc   25] [TX IP UDP META MERGER 0]: port 0xc000
[cyc   26] [APPEND PAYLOAD 0]: moving to state INFO
[cyc   26] [GENERATE IBH 0]: input meta, opcode 0x209 valid psn 0x0a0b0c
[cyc   26] [PREPEND IBH HEADER 0]: going to state PARTIAL_HEADER
[cyc   27] [PREPEND IBH HEADER 0]: IBH PARTIAL PAYLOAD
[cyc   27] 00 00 00 00 00 00 00 00 00 00 00 00 60 00 00 00 40 5f 00 00 00 71 f4 d0 83 e8 5f f6 60 fa 8b 9e 40 5f 00 00 40 be 46 89 fe 7f 00 00 d0 fa 8b 9e 40 5f 00 00 44 5b 81 9e 40 5f 00 00 44 c0 46 89 000000000000ffff 1
[cyc   27] [PREPEND IBH HEADER 0]: IBH PARTIAL HEADER
[cyc   27] d1 00 ff ff 00 00 00 42 00 0a 0b 0c 60 00 00 00 40 5f 00 00 00 71 f4 d0 83 e8 5f f6 60 fa 8b 9e 40 5f 00 00 40 be 46 89 fe 7f 00 00 d0 fa 8b 9e 40 5f 00 00 44 5b 81 9e 40 5f 00 00 44 c0 46 89 000000000000ffff 1

[TB] ---- Outputs (cycle they left the module) ----
[TB] cyc 28 m_axis_tx_data packet (16 B), meta: dst ip=0xa000002 length=20
      0000: d1 00 ff ff 00 00 00 42 00 0a 0b 0c 60 00 00 00 

[TB] ---- Checks ----
[TB] Packet 0: TEST 01: ONLY ahead not in win
[TB]   no memory write expected
  [PASS] a reply (ACK/NAK) was sent for it
[TB]   reply at cycle 28
  [PASS] tx meta: destination IP = 0xa000002
  [PASS] tx meta: UDP length (BTH+AETH+ICRC) = 20
[TB]   parsed reply: MRC_ACK  DestQP=0x42  PSN=0xa0b0c  AETH.syndrome=0x60 (NAK: PSN sequence error)  AETH.MSN=0x0
  [PASS] reply length in bytes = 16
  [PASS] reply BTH.opcode (MRC_ACK) = 0xd1
  [PASS] reply BTH.DestQP (remote QPN) = 0x42
  [PASS] reply BTH.PSN = 0xa0b0c
  [PASS] reply AETH.syndrome (NAK seq err) = 0x60
  [PASS] reply AETH.MSN = 0x0
[TB] Whole group
  [PASS] unexpected memory write commands = 0
  [PASS] unexpected memory payloads = 0
  [PASS] no memory data beat left without TLAST
  [PASS] unexpected packets sent back = 0
  [PASS] tx meta entries = tx packets = 1
  [PASS] invalid-PSN drop counter increase over the group = 1
  [PASS] ackMeta to the host (only used for our own requests) = 0
  [PASS] module consumed the whole input
  [PASS] no memory READ command issued

=====================================================================
  GROUP: TEST 02a: ONLY in order
=====================================================================
[TB] Packet 0: TEST 02a: ONLY in order
[TB]   state before: epsn=0xa0b0c last_psn=0xa0b0b
[TB]   RC_RDMA_WRITE_ONLY  DestQP=0x5  PSN=0xa0b0c, 658188  RETH.vaddr=0x1000  RETH.len=1000  payload=1000 B  UDP length=1044  (then drain and check)
      0000: ca 00 ff ff 00 00 00 05 80 0a 0b 0c 00 00 00 00 
      0010: 00 00 00 00 00 00 10 00 00 00 12 34 00 00 03 e8 
      0020: 01 02 03 04 05 06 07 08 09 0a 0b 0c 0d 0e 0f 10 
      0030: 11 12 13 14 15 16 17 18 19 1a 1b 1c 1d 1e 1f 20 
      ... (968 more bytes)

[TB] Feeding 1 packet(s)... (module prints follow)
[cyc  322] [TB] first beat of packet 0 (TEST 02a: ONLY in order)
[cyc  322] [RX PROCESS IBH 0]: input psn 0x0a0b0c
[cyc  322] [RX PROCESS IBH 0]: process IBH opcode: ca
[cyc  322] [R SHIFT BY OCTET IN] ca 00 ff ff 00 00 00 05 80 0a 0b 0c 00 00 00 00 00 00 00 00 00 00 10 00 00 00 12 34 00 00 03 e8 01 02 03 04 05 06 07 08 09 0a 0b 0c 0d 0e 0f 10 11 12 13 14 15 16 17 18 19 1a 1b 1c 1d 1e 1f 20 ffffffffffffffff 0
[cyc  323] [R SHIFT BY OCTET IN] 21 22 23 24 25 26 27 28 29 2a 2b 2c 2d 2e 2f 30 31 32 33 34 35 36 37 38 39 3a 3b 3c 3d 3e 3f 40 41 42 43 44 45 46 47 48 49 4a 4b 4c 4d 4e 4f 50 51 52 53 54 55 56 57 58 59 5a 5b 5c 5d 5e 5f 60 ffffffffffffffff 0
[cyc  323] [R SHIFT BY OCTET OUT] 00 00 00 00 00 00 00 00 00 00 10 00 00 00 12 34 00 00 03 e8 01 02 03 04 05 06 07 08 09 0a 0b 0c 0d 0e 0f 10 11 12 13 14 15 16 17 18 19 1a 1b 1c 1d 1e 1f 20 21 22 23 24 25 26 27 28 29 2a 2b 2c ffffffffffffffff 0
[cyc  323] [STRIP MRC headers IN 0] 00 00 00 00 00 00 00 00 00 00 10 00 00 00 12 34 00 00 03 e8 01 02 03 04 05 06 07 08 09 0a 0b 0c 0d 0e 0f 10 11 12 13 14 15 16 17 18 19 1a 1b 1c 1d 1e 1f 20 21 22 23 24 25 26 27 28 29 2a 2b 2c ffffffffffffffff 0
[cyc  324] [R SHIFT BY OCTET IN] 61 62 63 64 65 66 67 68 69 6a 6b 6c 6d 6e 6f 70 71 72 73 74 75 76 77 78 79 7a 7b 7c 7d 7e 7f 80 81 82 83 84 85 86 87 88 89 8a 8b 8c 8d 8e 8f 90 91 92 93 94 95 96 97 98 99 9a 9b 9c 9d 9e 9f a0 ffffffffffffffff 0
[cyc  324] [R SHIFT BY OCTET OUT] 2d 2e 2f 30 31 32 33 34 35 36 37 38 39 3a 3b 3c 3d 3e 3f 40 41 42 43 44 45 46 47 48 49 4a 4b 4c 4d 4e 4f 50 51 52 53 54 55 56 57 58 59 5a 5b 5c 5d 5e 5f 60 61 62 63 64 65 66 67 68 69 6a 6b 6c ffffffffffffffff 0
[cyc  324] [STRIP MRC headers IN 0] 2d 2e 2f 30 31 32 33 34 35 36 37 38 39 3a 3b 3c 3d 3e 3f 40 41 42 43 44 45 46 47 48 49 4a 4b 4c 4d 4e 4f 50 51 52 53 54 55 56 57 58 59 5a 5b 5c 5d 5e 5f 60 61 62 63 64 65 66 67 68 69 6a 6b 6c ffffffffffffffff 0
[cyc  324] [STRIP MRC headers OUT 0] 00 00 00 00 00 00 10 00 00 00 12 34 00 00 03 e8 01 02 03 04 05 06 07 08 09 0a 0b 0c 0d 0e 0f 10 11 12 13 14 15 16 17 18 19 1a 1b 1c 1d 1e 1f 20 21 22 23 24 25 26 27 28 29 2a 2b 2c 2d 2e 2f 30 ffffffffffffffff 0
[cyc  325] [R SHIFT BY OCTET IN] a1 a2 a3 a4 a5 a6 a7 a8 a9 aa ab ac ad ae af b0 b1 b2 b3 b4 b5 b6 b7 b8 b9 ba bb bc bd be bf c0 c1 c2 c3 c4 c5 c6 c7 c8 c9 ca cb cc cd ce cf d0 d1 d2 d3 d4 d5 d6 d7 d8 d9 da db dc dd de df e0 ffffffffffffffff 0
[cyc  325] [R SHIFT BY OCTET OUT] 6d 6e 6f 70 71 72 73 74 75 76 77 78 79 7a 7b 7c 7d 7e 7f 80 81 82 83 84 85 86 87 88 89 8a 8b 8c 8d 8e 8f 90 91 92 93 94 95 96 97 98 99 9a 9b 9c 9d 9e 9f a0 a1 a2 a3 a4 a5 a6 a7 a8 a9 aa ab ac ffffffffffffffff 0
[cyc  325] [STRIP MRC headers IN 0] 6d 6e 6f 70 71 72 73 74 75 76 77 78 79 7a 7b 7c 7d 7e 7f 80 81 82 83 84 85 86 87 88 89 8a 8b 8c 8d 8e 8f 90 91 92 93 94 95 96 97 98 99 9a 9b 9c 9d 9e 9f a0 a1 a2 a3 a4 a5 a6 a7 a8 a9 aa ab ac ffffffffffffffff 0
[cyc  325] [STRIP MRC headers OUT 0] 31 32 33 34 35 36 37 38 39 3a 3b 3c 3d 3e 3f 40 41 42 43 44 45 46 47 48 49 4a 4b 4c 4d 4e 4f 50 51 52 53 54 55 56 57 58 59 5a 5b 5c 5d 5e 5f 60 61 62 63 64 65 66 67 68 69 6a 6b 6c 6d 6e 6f 70 ffffffffffffffff 0
[cyc  325] [RX IBH FSM 0]: epsn: 0x0a0b0c, 658188, packet psn: 0x0a0b0c, 658188, oldest outstanding psn: 0x8a0b0c, 9046796
[cyc  326] [R SHIFT BY OCTET IN] e1 e2 e3 e4 e5 e6 e7 e8 e9 ea eb ec ed ee ef f0 f1 f2 f3 f4 f5 f6 f7 f8 f9 fa fb fc fd fe ff 00 01 02 03 04 05 06 07 08 09 0a 0b 0c 0d 0e 0f 10 11 12 13 14 15 16 17 18 19 1a 1b 1c 1d 1e 1f 20 ffffffffffffffff 0
[cyc  326] [R SHIFT BY OCTET OUT] ad ae af b0 b1 b2 b3 b4 b5 b6 b7 b8 b9 ba bb bc bd be bf c0 c1 c2 c3 c4 c5 c6 c7 c8 c9 ca cb cc cd ce cf d0 d1 d2 d3 d4 d5 d6 d7 d8 d9 da db dc dd de df e0 e1 e2 e3 e4 e5 e6 e7 e8 e9 ea eb ec ffffffffffffffff 0
[cyc  326] [STRIP MRC headers IN 0] ad ae af b0 b1 b2 b3 b4 b5 b6 b7 b8 b9 ba bb bc bd be bf c0 c1 c2 c3 c4 c5 c6 c7 c8 c9 ca cb cc cd ce cf d0 d1 d2 d3 d4 d5 d6 d7 d8 d9 da db dc dd de df e0 e1 e2 e3 e4 e5 e6 e7 e8 e9 ea eb ec ffffffffffffffff 0
[cyc  326] [STRIP MRC headers OUT 0] 71 72 73 74 75 76 77 78 79 7a 7b 7c 7d 7e 7f 80 81 82 83 84 85 86 87 88 89 8a 8b 8c 8d 8e 8f 90 91 92 93 94 95 96 97 98 99 9a 9b 9c 9d 9e 9f a0 a1 a2 a3 a4 a5 a6 a7 a8 a9 aa ab ac ad ae af b0 ffffffffffffffff 0
[cyc  327] [R SHIFT BY OCTET IN] 21 22 23 24 25 26 27 28 29 2a 2b 2c 2d 2e 2f 30 31 32 33 34 35 36 37 38 39 3a 3b 3c 3d 3e 3f 40 41 42 43 44 45 46 47 48 49 4a 4b 4c 4d 4e 4f 50 51 52 53 54 55 56 57 58 59 5a 5b 5c 5d 5e 5f 60 ffffffffffffffff 0
[cyc  327] [R SHIFT BY OCTET OUT] ed ee ef f0 f1 f2 f3 f4 f5 f6 f7 f8 f9 fa fb fc fd fe ff 00 01 02 03 04 05 06 07 08 09 0a 0b 0c 0d 0e 0f 10 11 12 13 14 15 16 17 18 19 1a 1b 1c 1d 1e 1f 20 21 22 23 24 25 26 27 28 29 2a 2b 2c ffffffffffffffff 0
[cyc  327] [STRIP MRC headers IN 0] ed ee ef f0 f1 f2 f3 f4 f5 f6 f7 f8 f9 fa fb fc fd fe ff 00 01 02 03 04 05 06 07 08 09 0a 0b 0c 0d 0e 0f 10 11 12 13 14 15 16 17 18 19 1a 1b 1c 1d 1e 1f 20 21 22 23 24 25 26 27 28 29 2a 2b 2c ffffffffffffffff 0
[cyc  327] [STRIP MRC headers OUT 0] b1 b2 b3 b4 b5 b6 b7 b8 b9 ba bb bc bd be bf c0 c1 c2 c3 c4 c5 c6 c7 c8 c9 ca cb cc cd ce cf d0 d1 d2 d3 d4 d5 d6 d7 d8 d9 da db dc dd de df e0 e1 e2 e3 e4 e5 e6 e7 e8 e9 ea eb ec ed ee ef f0 ffffffffffffffff 0
[cyc  327] [META MERGER 0]: reading from ack event with qpn 0x5, psn 0x0a0b0c
[cyc  328] [R SHIFT BY OCTET IN] 61 62 63 64 65 66 67 68 69 6a 6b 6c 6d 6e 6f 70 71 72 73 74 75 76 77 78 79 7a 7b 7c 7d 7e 7f 80 81 82 83 84 85 86 87 88 89 8a 8b 8c 8d 8e 8f 90 91 92 93 94 95 96 97 98 99 9a 9b 9c 9d 9e 9f a0 ffffffffffffffff 0
[cyc  328] [R SHIFT BY OCTET OUT] 2d 2e 2f 30 31 32 33 34 35 36 37 38 39 3a 3b 3c 3d 3e 3f 40 41 42 43 44 45 46 47 48 49 4a 4b 4c 4d 4e 4f 50 51 52 53 54 55 56 57 58 59 5a 5b 5c 5d 5e 5f 60 61 62 63 64 65 66 67 68 69 6a 6b 6c ffffffffffffffff 0
[cyc  328] [STRIP MRC headers IN 0] 2d 2e 2f 30 31 32 33 34 35 36 37 38 39 3a 3b 3c 3d 3e 3f 40 41 42 43 44 45 46 47 48 49 4a 4b 4c 4d 4e 4f 50 51 52 53 54 55 56 57 58 59 5a 5b 5c 5d 5e 5f 60 61 62 63 64 65 66 67 68 69 6a 6b 6c ffffffffffffffff 0
[cyc  328] [STRIP MRC headers OUT 0] f1 f2 f3 f4 f5 f6 f7 f8 f9 fa fb fc fd fe ff 00 01 02 03 04 05 06 07 08 09 0a 0b 0c 0d 0e 0f 10 11 12 13 14 15 16 17 18 19 1a 1b 1c 1d 1e 1f 20 21 22 23 24 25 26 27 28 29 2a 2b 2c 2d 2e 2f 30 ffffffffffffffff 0
[cyc  328] [R SHIFT BY OCTET IN] 00 00 00 00 00 00 10 00 00 00 12 34 00 00 03 e8 01 02 03 04 05 06 07 08 09 0a 0b 0c 0d 0e 0f 10 11 12 13 14 15 16 17 18 19 1a 1b 1c 1d 1e 1f 20 21 22 23 24 25 26 27 28 29 2a 2b 2c 2d 2e 2f 30 ffffffffffffffff 0
[cyc  329] [R SHIFT BY OCTET IN] a1 a2 a3 a4 a5 a6 a7 a8 a9 aa ab ac ad ae af b0 b1 b2 b3 b4 b5 b6 b7 b8 b9 ba bb bc bd be bf c0 c1 c2 c3 c4 c5 c6 c7 c8 c9 ca cb cc cd ce cf d0 d1 d2 d3 d4 d5 d6 d7 d8 d9 da db dc dd de df e0 ffffffffffffffff 0
[cyc  329] [R SHIFT BY OCTET OUT] 6d 6e 6f 70 71 72 73 74 75 76 77 78 79 7a 7b 7c 7d 7e 7f 80 81 82 83 84 85 86 87 88 89 8a 8b 8c 8d 8e 8f 90 91 92 93 94 95 96 97 98 99 9a 9b 9c 9d 9e 9f a0 a1 a2 a3 a4 a5 a6 a7 a8 a9 aa ab ac ffffffffffffffff 0
[cyc  329] [STRIP MRC headers IN 0] 6d 6e 6f 70 71 72 73 74 75 76 77 78 79 7a 7b 7c 7d 7e 7f 80 81 82 83 84 85 86 87 88 89 8a 8b 8c 8d 8e 8f 90 91 92 93 94 95 96 97 98 99 9a 9b 9c 9d 9e 9f a0 a1 a2 a3 a4 a5 a6 a7 a8 a9 aa ab ac ffffffffffffffff 0
[cyc  329] [STRIP MRC headers OUT 0] 31 32 33 34 35 36 37 38 39 3a 3b 3c 3d 3e 3f 40 41 42 43 44 45 46 47 48 49 4a 4b 4c 4d 4e 4f 50 51 52 53 54 55 56 57 58 59 5a 5b 5c 5d 5e 5f 60 61 62 63 64 65 66 67 68 69 6a 6b 6c 6d 6e 6f 70 ffffffffffffffff 0
[cyc  329] [R SHIFT BY OCTET IN] 31 32 33 34 35 36 37 38 39 3a 3b 3c 3d 3e 3f 40 41 42 43 44 45 46 47 48 49 4a 4b 4c 4d 4e 4f 50 51 52 53 54 55 56 57 58 59 5a 5b 5c 5d 5e 5f 60 61 62 63 64 65 66 67 68 69 6a 6b 6c 6d 6e 6f 70 ffffffffffffffff 0
[cyc  329] [R SHIFT BY OCTET OUT] 01 02 03 04 05 06 07 08 09 0a 0b 0c 0d 0e 0f 10 11 12 13 14 15 16 17 18 19 1a 1b 1c 1d 1e 1f 20 21 22 23 24 25 26 27 28 29 2a 2b 2c 2d 2e 2f 30 31 32 33 34 35 36 37 38 39 3a 3b 3c 3d 3e 3f 40 ffffffffffffffff 0
[cyc  330] [R SHIFT BY OCTET IN] e1 e2 e3 e4 e5 e6 e7 e8 e9 ea eb ec ed ee ef f0 f1 f2 f3 f4 f5 f6 f7 f8 f9 fa fb fc fd fe ff 00 01 02 03 04 05 06 07 08 09 0a 0b 0c 0d 0e 0f 10 11 12 13 14 15 16 17 18 19 1a 1b 1c 1d 1e 1f 20 ffffffffffffffff 0
[cyc  330] [R SHIFT BY OCTET OUT] ad ae af b0 b1 b2 b3 b4 b5 b6 b7 b8 b9 ba bb bc bd be bf c0 c1 c2 c3 c4 c5 c6 c7 c8 c9 ca cb cc cd ce cf d0 d1 d2 d3 d4 d5 d6 d7 d8 d9 da db dc dd de df e0 e1 e2 e3 e4 e5 e6 e7 e8 e9 ea eb ec ffffffffffffffff 0
[cyc  330] [STRIP MRC headers IN 0] ad ae af b0 b1 b2 b3 b4 b5 b6 b7 b8 b9 ba bb bc bd be bf c0 c1 c2 c3 c4 c5 c6 c7 c8 c9 ca cb cc cd ce cf d0 d1 d2 d3 d4 d5 d6 d7 d8 d9 da db dc dd de df e0 e1 e2 e3 e4 e5 e6 e7 e8 e9 ea eb ec ffffffffffffffff 0
[cyc  330] [STRIP MRC headers OUT 0] 71 72 73 74 75 76 77 78 79 7a 7b 7c 7d 7e 7f 80 81 82 83 84 85 86 87 88 89 8a 8b 8c 8d 8e 8f 90 91 92 93 94 95 96 97 98 99 9a 9b 9c 9d 9e 9f a0 a1 a2 a3 a4 a5 a6 a7 a8 a9 aa ab ac ad ae af b0 ffffffffffffffff 0
[cyc  330] [R SHIFT BY OCTET IN] 71 72 73 74 75 76 77 78 79 7a 7b 7c 7d 7e 7f 80 81 82 83 84 85 86 87 88 89 8a 8b 8c 8d 8e 8f 90 91 92 93 94 95 96 97 98 99 9a 9b 9c 9d 9e 9f a0 a1 a2 a3 a4 a5 a6 a7 a8 a9 aa ab ac ad ae af b0 ffffffffffffffff 0
[cyc  330] [R SHIFT BY OCTET OUT] 41 42 43 44 45 46 47 48 49 4a 4b 4c 4d 4e 4f 50 51 52 53 54 55 56 57 58 59 5a 5b 5c 5d 5e 5f 60 61 62 63 64 65 66 67 68 69 6a 6b 6c 6d 6e 6f 70 71 72 73 74 75 76 77 78 79 7a 7b 7c 7d 7e 7f 80 ffffffffffffffff 0
[cyc  330] [GENERATE EXH 0]: MRC_ACK with qpn 0x5, psn 0x0a0b0c
[cyc  330] [GENERATE EXH 0]: MRC_ACK 1f 00 00 01 45 46 47 48 00 71 f4 d0 83 e8 5f f6 60 fa 8b 9e 40 5f 00 00 40 be 46 89 fe 7f 00 00 d0 fa 8b 9e 40 5f 00 00 44 5b 81 9e 40 5f 00 00 44 c0 46 89 fe 7f 00 00 87 16 85 9e 40 5f 00 00 000000000000000f 1
[cyc  330] [APPEND PAYLOAD 0]: moving to state HEADER
[cyc  330] [TX IP UDP META MERGER 0]: port 0xc000
[cyc  331] [R SHIFT BY OCTET IN] 21 22 23 24 25 26 27 28 29 2a 2b 2c 2d 2e 2f 30 31 32 33 34 35 36 37 38 39 3a 3b 3c 3d 3e 3f 40 41 42 43 44 45 46 47 48 49 4a 4b 4c 4d 4e 4f 50 51 52 53 54 55 56 57 58 59 5a 5b 5c 5d 5e 5f 60 ffffffffffffffff 0
[cyc  331] [R SHIFT BY OCTET OUT] ed ee ef f0 f1 f2 f3 f4 f5 f6 f7 f8 f9 fa fb fc fd fe ff 00 01 02 03 04 05 06 07 08 09 0a 0b 0c 0d 0e 0f 10 11 12 13 14 15 16 17 18 19 1a 1b 1c 1d 1e 1f 20 21 22 23 24 25 26 27 28 29 2a 2b 2c ffffffffffffffff 0
[cyc  331] [STRIP MRC headers IN 0] ed ee ef f0 f1 f2 f3 f4 f5 f6 f7 f8 f9 fa fb fc fd fe ff 00 01 02 03 04 05 06 07 08 09 0a 0b 0c 0d 0e 0f 10 11 12 13 14 15 16 17 18 19 1a 1b 1c 1d 1e 1f 20 21 22 23 24 25 26 27 28 29 2a 2b 2c ffffffffffffffff 0
[cyc  331] [STRIP MRC headers OUT 0] b1 b2 b3 b4 b5 b6 b7 b8 b9 ba bb bc bd be bf c0 c1 c2 c3 c4 c5 c6 c7 c8 c9 ca cb cc cd ce cf d0 d1 d2 d3 d4 d5 d6 d7 d8 d9 da db dc dd de df e0 e1 e2 e3 e4 e5 e6 e7 e8 e9 ea eb ec ed ee ef f0 ffffffffffffffff 0
[cyc  331] [R SHIFT BY OCTET IN] b1 b2 b3 b4 b5 b6 b7 b8 b9 ba bb bc bd be bf c0 c1 c2 c3 c4 c5 c6 c7 c8 c9 ca cb cc cd ce cf d0 d1 d2 d3 d4 d5 d6 d7 d8 d9 da db dc dd de df e0 e1 e2 e3 e4 e5 e6 e7 e8 e9 ea eb ec ed ee ef f0 ffffffffffffffff 0
[cyc  331] [R SHIFT BY OCTET OUT] 81 82 83 84 85 86 87 88 89 8a 8b 8c 8d 8e 8f 90 91 92 93 94 95 96 97 98 99 9a 9b 9c 9d 9e 9f a0 a1 a2 a3 a4 a5 a6 a7 a8 a9 aa ab ac ad ae af b0 b1 b2 b3 b4 b5 b6 b7 b8 b9 ba bb bc bd be bf c0 ffffffffffffffff 0
[cyc  331] [APPEND PAYLOAD 0]: moving to state INFO
[cyc  331] [GENERATE IBH 0]: input meta, opcode 0xd1 valid psn 0x0a0b0c
[cyc  331] [PREPEND IBH HEADER 0]: going to state PARTIAL_HEADER
[cyc  332] [R SHIFT BY OCTET IN] 61 62 63 64 65 66 67 68 69 6a 6b 6c 6d 6e 6f 70 71 72 73 74 75 76 77 78 79 7a 7b 7c 7d 7e 7f 80 81 82 83 84 85 86 87 88 89 8a 8b 8c 8d 8e 8f 90 91 92 93 94 95 96 97 98 99 9a 9b 9c 9d 9e 9f a0 ffffffffffffffff 0
[cyc  332] [R SHIFT BY OCTET OUT] 2d 2e 2f 30 31 32 33 34 35 36 37 38 39 3a 3b 3c 3d 3e 3f 40 41 42 43 44 45 46 47 48 49 4a 4b 4c 4d 4e 4f 50 51 52 53 54 55 56 57 58 59 5a 5b 5c 5d 5e 5f 60 61 62 63 64 65 66 67 68 69 6a 6b 6c ffffffffffffffff 0
[cyc  332] [STRIP MRC headers IN 0] 2d 2e 2f 30 31 32 33 34 35 36 37 38 39 3a 3b 3c 3d 3e 3f 40 41 42 43 44 45 46 47 48 49 4a 4b 4c 4d 4e 4f 50 51 52 53 54 55 56 57 58 59 5a 5b 5c 5d 5e 5f 60 61 62 63 64 65 66 67 68 69 6a 6b 6c ffffffffffffffff 0
[cyc  332] [STRIP MRC headers OUT 0] f1 f2 f3 f4 f5 f6 f7 f8 f9 fa fb fc fd fe ff 00 01 02 03 04 05 06 07 08 09 0a 0b 0c 0d 0e 0f 10 11 12 13 14 15 16 17 18 19 1a 1b 1c 1d 1e 1f 20 21 22 23 24 25 26 27 28 29 2a 2b 2c 2d 2e 2f 30 ffffffffffffffff 0
[cyc  332] [R SHIFT BY OCTET IN] f1 f2 f3 f4 f5 f6 f7 f8 f9 fa fb fc fd fe ff 00 01 02 03 04 05 06 07 08 09 0a 0b 0c 0d 0e 0f 10 11 12 13 14 15 16 17 18 19 1a 1b 1c 1d 1e 1f 20 21 22 23 24 25 26 27 28 29 2a 2b 2c 2d 2e 2f 30 ffffffffffffffff 0
[cyc  332] [R SHIFT BY OCTET OUT] c1 c2 c3 c4 c5 c6 c7 c8 c9 ca cb cc cd ce cf d0 d1 d2 d3 d4 d5 d6 d7 d8 d9 da db dc dd de df e0 e1 e2 e3 e4 e5 e6 e7 e8 e9 ea eb ec ed ee ef f0 f1 f2 f3 f4 f5 f6 f7 f8 f9 fa fb fc fd fe ff 00 ffffffffffffffff 0
[cyc  332] [PREPEND IBH HEADER 0]: IBH PARTIAL PAYLOAD
[cyc  332] 00 00 00 00 00 00 00 00 00 00 00 00 1f 00 00 01 45 46 47 48 00 71 f4 d0 83 e8 5f f6 60 fa 8b 9e 40 5f 00 00 40 be 46 89 fe 7f 00 00 d0 fa 8b 9e 40 5f 00 00 44 5b 81 9e 40 5f 00 00 44 c0 46 89 000000000000ffff 1
[cyc  332] [PREPEND IBH HEADER 0]: IBH PARTIAL HEADER
[cyc  332] d1 00 ff ff 00 00 00 42 00 0a 0b 0c 1f 00 00 01 45 46 47 48 00 71 f4 d0 83 e8 5f f6 60 fa 8b 9e 40 5f 00 00 40 be 46 89 fe 7f 00 00 d0 fa 8b 9e 40 5f 00 00 44 5b 81 9e 40 5f 00 00 44 c0 46 89 000000000000ffff 1
[cyc  333] [R SHIFT BY OCTET IN] a1 a2 a3 a4 a5 a6 a7 a8 a9 aa ab ac ad ae af b0 b1 b2 b3 b4 b5 b6 b7 b8 b9 ba bb bc bd be bf c0 c1 c2 c3 c4 c5 c6 c7 c8 c9 ca cb cc cd ce cf d0 d1 d2 d3 d4 d5 d6 d7 d8 d9 da db dc dd de df e0 ffffffffffffffff 0
[cyc  333] [R SHIFT BY OCTET OUT] 6d 6e 6f 70 71 72 73 74 75 76 77 78 79 7a 7b 7c 7d 7e 7f 80 81 82 83 84 85 86 87 88 89 8a 8b 8c 8d 8e 8f 90 91 92 93 94 95 96 97 98 99 9a 9b 9c 9d 9e 9f a0 a1 a2 a3 a4 a5 a6 a7 a8 a9 aa ab ac ffffffffffffffff 0
[cyc  333] [STRIP MRC headers IN 0] 6d 6e 6f 70 71 72 73 74 75 76 77 78 79 7a 7b 7c 7d 7e 7f 80 81 82 83 84 85 86 87 88 89 8a 8b 8c 8d 8e 8f 90 91 92 93 94 95 96 97 98 99 9a 9b 9c 9d 9e 9f a0 a1 a2 a3 a4 a5 a6 a7 a8 a9 aa ab ac ffffffffffffffff 0
[cyc  333] [STRIP MRC headers OUT 0] 31 32 33 34 35 36 37 38 39 3a 3b 3c 3d 3e 3f 40 41 42 43 44 45 46 47 48 49 4a 4b 4c 4d 4e 4f 50 51 52 53 54 55 56 57 58 59 5a 5b 5c 5d 5e 5f 60 61 62 63 64 65 66 67 68 69 6a 6b 6c 6d 6e 6f 70 ffffffffffffffff 0
[cyc  333] [R SHIFT BY OCTET IN] 31 32 33 34 35 36 37 38 39 3a 3b 3c 3d 3e 3f 40 41 42 43 44 45 46 47 48 49 4a 4b 4c 4d 4e 4f 50 51 52 53 54 55 56 57 58 59 5a 5b 5c 5d 5e 5f 60 61 62 63 64 65 66 67 68 69 6a 6b 6c 6d 6e 6f 70 ffffffffffffffff 0
[cyc  333] [R SHIFT BY OCTET OUT] 01 02 03 04 05 06 07 08 09 0a 0b 0c 0d 0e 0f 10 11 12 13 14 15 16 17 18 19 1a 1b 1c 1d 1e 1f 20 21 22 23 24 25 26 27 28 29 2a 2b 2c 2d 2e 2f 30 31 32 33 34 35 36 37 38 39 3a 3b 3c 3d 3e 3f 40 ffffffffffffffff 0
[cyc  334] [R SHIFT BY OCTET IN] e1 e2 e3 e4 e5 e6 e7 e8 e9 ea eb ec ed ee ef f0 f1 f2 f3 f4 f5 f6 f7 f8 f9 fa fb fc fd fe ff 00 01 02 03 04 05 06 07 08 09 0a 0b 0c 0d 0e 0f 10 11 12 13 14 15 16 17 18 19 1a 1b 1c 1d 1e 1f 20 ffffffffffffffff 0
[cyc  334] [R SHIFT BY OCTET OUT] ad ae af b0 b1 b2 b3 b4 b5 b6 b7 b8 b9 ba bb bc bd be bf c0 c1 c2 c3 c4 c5 c6 c7 c8 c9 ca cb cc cd ce cf d0 d1 d2 d3 d4 d5 d6 d7 d8 d9 da db dc dd de df e0 e1 e2 e3 e4 e5 e6 e7 e8 e9 ea eb ec ffffffffffffffff 0
[cyc  334] [STRIP MRC headers IN 0] ad ae af b0 b1 b2 b3 b4 b5 b6 b7 b8 b9 ba bb bc bd be bf c0 c1 c2 c3 c4 c5 c6 c7 c8 c9 ca cb cc cd ce cf d0 d1 d2 d3 d4 d5 d6 d7 d8 d9 da db dc dd de df e0 e1 e2 e3 e4 e5 e6 e7 e8 e9 ea eb ec ffffffffffffffff 0
[cyc  334] [STRIP MRC headers OUT 0] 71 72 73 74 75 76 77 78 79 7a 7b 7c 7d 7e 7f 80 81 82 83 84 85 86 87 88 89 8a 8b 8c 8d 8e 8f 90 91 92 93 94 95 96 97 98 99 9a 9b 9c 9d 9e 9f a0 a1 a2 a3 a4 a5 a6 a7 a8 a9 aa ab ac ad ae af b0 ffffffffffffffff 0
[cyc  334] [R SHIFT BY OCTET IN] 71 72 73 74 75 76 77 78 79 7a 7b 7c 7d 7e 7f 80 81 82 83 84 85 86 87 88 89 8a 8b 8c 8d 8e 8f 90 91 92 93 94 95 96 97 98 99 9a 9b 9c 9d 9e 9f a0 a1 a2 a3 a4 a5 a6 a7 a8 a9 aa ab ac ad ae af b0 ffffffffffffffff 0
[cyc  334] [R SHIFT BY OCTET OUT] 41 42 43 44 45 46 47 48 49 4a 4b 4c 4d 4e 4f 50 51 52 53 54 55 56 57 58 59 5a 5b 5c 5d 5e 5f 60 61 62 63 64 65 66 67 68 69 6a 6b 6c 6d 6e 6f 70 71 72 73 74 75 76 77 78 79 7a 7b 7c 7d 7e 7f 80 ffffffffffffffff 0
[cyc  335] [R SHIFT BY OCTET IN] 21 22 23 24 25 26 27 28 29 2a 2b 2c 2d 2e 2f 30 31 32 33 34 35 36 37 38 39 3a 3b 3c 3d 3e 3f 40 41 42 43 44 45 46 47 48 49 4a 4b 4c 4d 4e 4f 50 51 52 53 54 55 56 57 58 59 5a 5b 5c 5d 5e 5f 60 ffffffffffffffff 0
[cyc  335] [R SHIFT BY OCTET OUT] ed ee ef f0 f1 f2 f3 f4 f5 f6 f7 f8 f9 fa fb fc fd fe ff 00 01 02 03 04 05 06 07 08 09 0a 0b 0c 0d 0e 0f 10 11 12 13 14 15 16 17 18 19 1a 1b 1c 1d 1e 1f 20 21 22 23 24 25 26 27 28 29 2a 2b 2c ffffffffffffffff 0
[cyc  335] [STRIP MRC headers IN 0] ed ee ef f0 f1 f2 f3 f4 f5 f6 f7 f8 f9 fa fb fc fd fe ff 00 01 02 03 04 05 06 07 08 09 0a 0b 0c 0d 0e 0f 10 11 12 13 14 15 16 17 18 19 1a 1b 1c 1d 1e 1f 20 21 22 23 24 25 26 27 28 29 2a 2b 2c ffffffffffffffff 0
[cyc  335] [STRIP MRC headers OUT 0] b1 b2 b3 b4 b5 b6 b7 b8 b9 ba bb bc bd be bf c0 c1 c2 c3 c4 c5 c6 c7 c8 c9 ca cb cc cd ce cf d0 d1 d2 d3 d4 d5 d6 d7 d8 d9 da db dc dd de df e0 e1 e2 e3 e4 e5 e6 e7 e8 e9 ea eb ec ed ee ef f0 ffffffffffffffff 0
[cyc  335] [R SHIFT BY OCTET IN] b1 b2 b3 b4 b5 b6 b7 b8 b9 ba bb bc bd be bf c0 c1 c2 c3 c4 c5 c6 c7 c8 c9 ca cb cc cd ce cf d0 d1 d2 d3 d4 d5 d6 d7 d8 d9 da db dc dd de df e0 e1 e2 e3 e4 e5 e6 e7 e8 e9 ea eb ec ed ee ef f0 ffffffffffffffff 0
[cyc  335] [R SHIFT BY OCTET OUT] 81 82 83 84 85 86 87 88 89 8a 8b 8c 8d 8e 8f 90 91 92 93 94 95 96 97 98 99 9a 9b 9c 9d 9e 9f a0 a1 a2 a3 a4 a5 a6 a7 a8 a9 aa ab ac ad ae af b0 b1 b2 b3 b4 b5 b6 b7 b8 b9 ba bb bc bd be bf c0 ffffffffffffffff 0
[cyc  336] [R SHIFT BY OCTET IN] 61 62 63 64 65 66 67 68 69 6a 6b 6c 6d 6e 6f 70 71 72 73 74 75 76 77 78 79 7a 7b 7c 7d 7e 7f 80 81 82 83 84 85 86 87 88 89 8a 8b 8c 8d 8e 8f 90 91 92 93 94 95 96 97 98 99 9a 9b 9c 9d 9e 9f a0 ffffffffffffffff 0
[cyc  336] [R SHIFT BY OCTET OUT] 2d 2e 2f 30 31 32 33 34 35 36 37 38 39 3a 3b 3c 3d 3e 3f 40 41 42 43 44 45 46 47 48 49 4a 4b 4c 4d 4e 4f 50 51 52 53 54 55 56 57 58 59 5a 5b 5c 5d 5e 5f 60 61 62 63 64 65 66 67 68 69 6a 6b 6c ffffffffffffffff 0
[cyc  336] [STRIP MRC headers IN 0] 2d 2e 2f 30 31 32 33 34 35 36 37 38 39 3a 3b 3c 3d 3e 3f 40 41 42 43 44 45 46 47 48 49 4a 4b 4c 4d 4e 4f 50 51 52 53 54 55 56 57 58 59 5a 5b 5c 5d 5e 5f 60 61 62 63 64 65 66 67 68 69 6a 6b 6c ffffffffffffffff 0
[cyc  336] [STRIP MRC headers OUT 0] f1 f2 f3 f4 f5 f6 f7 f8 f9 fa fb fc fd fe ff 00 01 02 03 04 05 06 07 08 09 0a 0b 0c 0d 0e 0f 10 11 12 13 14 15 16 17 18 19 1a 1b 1c 1d 1e 1f 20 21 22 23 24 25 26 27 28 29 2a 2b 2c 2d 2e 2f 30 ffffffffffffffff 0
[cyc  336] [R SHIFT BY OCTET IN] f1 f2 f3 f4 f5 f6 f7 f8 f9 fa fb fc fd fe ff 00 01 02 03 04 05 06 07 08 09 0a 0b 0c 0d 0e 0f 10 11 12 13 14 15 16 17 18 19 1a 1b 1c 1d 1e 1f 20 21 22 23 24 25 26 27 28 29 2a 2b 2c 2d 2e 2f 30 ffffffffffffffff 0
[cyc  336] [R SHIFT BY OCTET OUT] c1 c2 c3 c4 c5 c6 c7 c8 c9 ca cb cc cd ce cf d0 d1 d2 d3 d4 d5 d6 d7 d8 d9 da db dc dd de df e0 e1 e2 e3 e4 e5 e6 e7 e8 e9 ea eb ec ed ee ef f0 f1 f2 f3 f4 f5 f6 f7 f8 f9 fa fb fc fd fe ff 00 ffffffffffffffff 0
[cyc  337] [R SHIFT BY OCTET IN] a1 a2 a3 a4 a5 a6 a7 a8 a9 aa ab ac ad ae af b0 b1 b2 b3 b4 b5 b6 b7 b8 b9 ba bb bc bd be bf c0 c1 c2 c3 c4 c5 c6 c7 c8 c9 ca cb cc cd ce cf d0 d1 d2 d3 d4 d5 d6 d7 d8 d9 da db dc dd de df e0 ffffffffffffffff 0
[cyc  337] [R SHIFT BY OCTET OUT] 6d 6e 6f 70 71 72 73 74 75 76 77 78 79 7a 7b 7c 7d 7e 7f 80 81 82 83 84 85 86 87 88 89 8a 8b 8c 8d 8e 8f 90 91 92 93 94 95 96 97 98 99 9a 9b 9c 9d 9e 9f a0 a1 a2 a3 a4 a5 a6 a7 a8 a9 aa ab ac ffffffffffffffff 0
[cyc  337] [STRIP MRC headers IN 0] 6d 6e 6f 70 71 72 73 74 75 76 77 78 79 7a 7b 7c 7d 7e 7f 80 81 82 83 84 85 86 87 88 89 8a 8b 8c 8d 8e 8f 90 91 92 93 94 95 96 97 98 99 9a 9b 9c 9d 9e 9f a0 a1 a2 a3 a4 a5 a6 a7 a8 a9 aa ab ac ffffffffffffffff 0
[cyc  337] [STRIP MRC headers OUT 0] 31 32 33 34 35 36 37 38 39 3a 3b 3c 3d 3e 3f 40 41 42 43 44 45 46 47 48 49 4a 4b 4c 4d 4e 4f 50 51 52 53 54 55 56 57 58 59 5a 5b 5c 5d 5e 5f 60 61 62 63 64 65 66 67 68 69 6a 6b 6c 6d 6e 6f 70 ffffffffffffffff 0
[cyc  337] [R SHIFT BY OCTET IN] 31 32 33 34 35 36 37 38 39 3a 3b 3c 3d 3e 3f 40 41 42 43 44 45 46 47 48 49 4a 4b 4c 4d 4e 4f 50 51 52 53 54 55 56 57 58 59 5a 5b 5c 5d 5e 5f 60 61 62 63 64 65 66 67 68 69 6a 6b 6c 6d 6e 6f 70 ffffffffffffffff 0
[cyc  337] [R SHIFT BY OCTET OUT] 01 02 03 04 05 06 07 08 09 0a 0b 0c 0d 0e 0f 10 11 12 13 14 15 16 17 18 19 1a 1b 1c 1d 1e 1f 20 21 22 23 24 25 26 27 28 29 2a 2b 2c 2d 2e 2f 30 31 32 33 34 35 36 37 38 39 3a 3b 3c 3d 3e 3f 40 ffffffffffffffff 0
[cyc  338] [TB] last beat of packet 0 (17 beat(s))
[cyc  338] [R SHIFT BY OCTET IN] e1 e2 e3 e4 e5 e6 e7 e8 00 00 00 00 00 00 00 00 00 00 00 00 00 00 00 00 00 00 00 00 00 00 00 00 00 00 00 00 00 00 00 00 00 00 00 00 00 00 00 00 00 00 00 00 00 00 00 00 00 00 00 00 00 00 00 00 00000000000000ff 1  <- last
[cyc  338] [R SHIFT BY OCTET OUT] ad ae af b0 b1 b2 b3 b4 b5 b6 b7 b8 b9 ba bb bc bd be bf c0 c1 c2 c3 c4 c5 c6 c7 c8 c9 ca cb cc cd ce cf d0 d1 d2 d3 d4 d5 d6 d7 d8 d9 da db dc dd de df e0 e1 e2 e3 e4 e5 e6 e7 e8 00 00 00 00 0fffffffffffffff 1  <- last
[cyc  338] [STRIP MRC headers IN 0] ad ae af b0 b1 b2 b3 b4 b5 b6 b7 b8 b9 ba bb bc bd be bf c0 c1 c2 c3 c4 c5 c6 c7 c8 c9 ca cb cc cd ce cf d0 d1 d2 d3 d4 d5 d6 d7 d8 d9 da db dc dd de df e0 e1 e2 e3 e4 e5 e6 e7 e8 00 00 00 00 0fffffffffffffff 1  <- last
[cyc  338] [STRIP MRC headers OUT 0] 71 72 73 74 75 76 77 78 79 7a 7b 7c 7d 7e 7f 80 81 82 83 84 85 86 87 88 89 8a 8b 8c 8d 8e 8f 90 91 92 93 94 95 96 97 98 99 9a 9b 9c 9d 9e 9f a0 a1 a2 a3 a4 a5 a6 a7 a8 a9 aa ab ac ad ae af b0 ffffffffffffffff 0
[cyc  338] [R SHIFT BY OCTET IN] 71 72 73 74 75 76 77 78 79 7a 7b 7c 7d 7e 7f 80 81 82 83 84 85 86 87 88 89 8a 8b 8c 8d 8e 8f 90 91 92 93 94 95 96 97 98 99 9a 9b 9c 9d 9e 9f a0 a1 a2 a3 a4 a5 a6 a7 a8 a9 aa ab ac ad ae af b0 ffffffffffffffff 0
[cyc  338] [R SHIFT BY OCTET OUT] 41 42 43 44 45 46 47 48 49 4a 4b 4c 4d 4e 4f 50 51 52 53 54 55 56 57 58 59 5a 5b 5c 5d 5e 5f 60 61 62 63 64 65 66 67 68 69 6a 6b 6c 6d 6e 6f 70 71 72 73 74 75 76 77 78 79 7a 7b 7c 7d 7e 7f 80 ffffffffffffffff 0
[TB] All packets fed, running 300 more cycles...
[cyc  339] [STRIP MRC headers OUT 0] b1 b2 b3 b4 b5 b6 b7 b8 b9 ba bb bc bd be bf c0 c1 c2 c3 c4 c5 c6 c7 c8 c9 ca cb cc cd ce cf d0 d1 d2 d3 d4 d5 d6 d7 d8 d9 da db dc dd de df e0 e1 e2 e3 e4 e5 e6 e7 e8 00 00 00 00 00 00 00 00 00ffffffffffffff 1  <- last
[cyc  339] [R SHIFT BY OCTET IN] b1 b2 b3 b4 b5 b6 b7 b8 b9 ba bb bc bd be bf c0 c1 c2 c3 c4 c5 c6 c7 c8 c9 ca cb cc cd ce cf d0 d1 d2 d3 d4 d5 d6 d7 d8 d9 da db dc dd de df e0 e1 e2 e3 e4 e5 e6 e7 e8 e9 ea eb ec ed ee ef f0 ffffffffffffffff 0
[cyc  339] [R SHIFT BY OCTET OUT] 81 82 83 84 85 86 87 88 89 8a 8b 8c 8d 8e 8f 90 91 92 93 94 95 96 97 98 99 9a 9b 9c 9d 9e 9f a0 a1 a2 a3 a4 a5 a6 a7 a8 a9 aa ab ac ad ae af b0 b1 b2 b3 b4 b5 b6 b7 b8 b9 ba bb bc bd be bf c0 ffffffffffffffff 0
[cyc  340] [R SHIFT BY OCTET IN] f1 f2 f3 f4 f5 f6 f7 f8 f9 fa fb fc fd fe ff 00 01 02 03 04 05 06 07 08 09 0a 0b 0c 0d 0e 0f 10 11 12 13 14 15 16 17 18 19 1a 1b 1c 1d 1e 1f 20 21 22 23 24 25 26 27 28 29 2a 2b 2c 2d 2e 2f 30 ffffffffffffffff 0
[cyc  340] [R SHIFT BY OCTET OUT] c1 c2 c3 c4 c5 c6 c7 c8 c9 ca cb cc cd ce cf d0 d1 d2 d3 d4 d5 d6 d7 d8 d9 da db dc dd de df e0 e1 e2 e3 e4 e5 e6 e7 e8 e9 ea eb ec ed ee ef f0 f1 f2 f3 f4 f5 f6 f7 f8 f9 fa fb fc fd fe ff 00 ffffffffffffffff 0
[cyc  341] [R SHIFT BY OCTET IN] 31 32 33 34 35 36 37 38 39 3a 3b 3c 3d 3e 3f 40 41 42 43 44 45 46 47 48 49 4a 4b 4c 4d 4e 4f 50 51 52 53 54 55 56 57 58 59 5a 5b 5c 5d 5e 5f 60 61 62 63 64 65 66 67 68 69 6a 6b 6c 6d 6e 6f 70 ffffffffffffffff 0
[cyc  341] [R SHIFT BY OCTET OUT] 01 02 03 04 05 06 07 08 09 0a 0b 0c 0d 0e 0f 10 11 12 13 14 15 16 17 18 19 1a 1b 1c 1d 1e 1f 20 21 22 23 24 25 26 27 28 29 2a 2b 2c 2d 2e 2f 30 31 32 33 34 35 36 37 38 39 3a 3b 3c 3d 3e 3f 40 ffffffffffffffff 0
[cyc  342] [R SHIFT BY OCTET IN] 71 72 73 74 75 76 77 78 79 7a 7b 7c 7d 7e 7f 80 81 82 83 84 85 86 87 88 89 8a 8b 8c 8d 8e 8f 90 91 92 93 94 95 96 97 98 99 9a 9b 9c 9d 9e 9f a0 a1 a2 a3 a4 a5 a6 a7 a8 a9 aa ab ac ad ae af b0 ffffffffffffffff 0
[cyc  342] [R SHIFT BY OCTET OUT] 41 42 43 44 45 46 47 48 49 4a 4b 4c 4d 4e 4f 50 51 52 53 54 55 56 57 58 59 5a 5b 5c 5d 5e 5f 60 61 62 63 64 65 66 67 68 69 6a 6b 6c 6d 6e 6f 70 71 72 73 74 75 76 77 78 79 7a 7b 7c 7d 7e 7f 80 ffffffffffffffff 0
[cyc  343] [R SHIFT BY OCTET IN] b1 b2 b3 b4 b5 b6 b7 b8 b9 ba bb bc bd be bf c0 c1 c2 c3 c4 c5 c6 c7 c8 c9 ca cb cc cd ce cf d0 d1 d2 d3 d4 d5 d6 d7 d8 d9 da db dc dd de df e0 e1 e2 e3 e4 e5 e6 e7 e8 00 00 00 00 00 00 00 00 00ffffffffffffff 1  <- last
[cyc  343] [R SHIFT BY OCTET OUT] 81 82 83 84 85 86 87 88 89 8a 8b 8c 8d 8e 8f 90 91 92 93 94 95 96 97 98 99 9a 9b 9c 9d 9e 9f a0 a1 a2 a3 a4 a5 a6 a7 a8 a9 aa ab ac ad ae af b0 b1 b2 b3 b4 b5 b6 b7 b8 b9 ba bb bc bd be bf c0 ffffffffffffffff 0
[cyc  344] [R SHIFT BY OCTET OUT] c1 c2 c3 c4 c5 c6 c7 c8 c9 ca cb cc cd ce cf d0 d1 d2 d3 d4 d5 d6 d7 d8 d9 da db dc dd de df e0 e1 e2 e3 e4 e5 e6 e7 e8 00 00 00 00 00 00 00 00 00 00 00 00 00 00 00 00 00 00 00 00 00 00 00 00 000000ffffffffff 1  <- last

[TB] ---- Outputs (cycle they left the module) ----
[TB] cyc 328 m_axis_mem_write_cmd: op=RC_RDMA_WRITE_ONLY qpn=0x5 addr=0x1000 len=1000 lst=1 host=1
[TB] cyc 345 m_axis_mem_write_data: 1000 B
      0000: 01 02 03 04 05 06 07 08 09 0a 0b 0c 0d 0e 0f 10 
      0010: 11 12 13 14 15 16 17 18 19 1a 1b 1c 1d 1e 1f 20 
      0020: 21 22 23 24 25 26 27 28 29 2a 2b 2c 2d 2e 2f 30 
      0030: 31 32 33 34 35 36 37 38 39 3a 3b 3c 3d 3e 3f 40 
      ... (936 more bytes)
[TB] cyc 333 m_axis_tx_data packet (16 B), meta: dst ip=0xa000002 length=20
      0000: d1 00 ff ff 00 00 00 42 00 0a 0b 0c 1f 00 00 01 

[TB] ---- Checks ----
[TB] Packet 0: TEST 02a: ONLY in order
  [PASS] a memory write command was issued for it
[TB]   memory command at cycle 328
  [PASS] memCmd.op_code = 0xca
  [PASS] memCmd.qpn     = 0x5
  [PASS] memCmd.addr    = 0x1000
  [PASS] memCmd.len     = 1000
  [PASS] memCmd.lst     = 0x1
  [PASS] payload data reached memory
[TB]   payload in memory by cycle 345
  [PASS] bytes written to memory = 1000
  [PASS] memory data is identical to the payload that was sent
  [PASS] a reply (ACK/NAK) was sent for it
[TB]   reply at cycle 333
  [PASS] tx meta: destination IP = 0xa000002
  [PASS] tx meta: UDP length (BTH+AETH+ICRC) = 20
[TB]   parsed reply: MRC_ACK  DestQP=0x42  PSN=0xa0b0c  AETH.syndrome=0x1f (ACK)  AETH.MSN=0x1
  [PASS] reply length in bytes = 16
  [PASS] reply BTH.opcode (MRC_ACK) = 0xd1
  [PASS] reply BTH.DestQP (remote QPN) = 0x42
  [PASS] reply BTH.PSN = 0xa0b0c
  [PASS] reply AETH.syndrome (ACK) = 0x1f
  [PASS] reply AETH.MSN = 0x1
[TB] Whole group
  [PASS] unexpected memory write commands = 0
  [PASS] unexpected memory payloads = 0
  [PASS] no memory data beat left without TLAST
  [PASS] unexpected packets sent back = 0
  [PASS] tx meta entries = tx packets = 1
  [PASS] invalid-PSN drop counter increase over the group = 0
  [PASS] ackMeta to the host (only used for our own requests) = 0
  [PASS] module consumed the whole input
  [PASS] no memory READ command issued

=====================================================================
  GROUP: TEST 02b: ONLY in order
=====================================================================
[TB] Packet 0: TEST 02b: ONLY in order
[TB]   state before: epsn=0xa0b0d last_psn=0xa0b0c
[TB]   RC_RDMA_WRITE_ONLY  DestQP=0x5  PSN=0xa0b0d, 658189  RETH.vaddr=0x1000  RETH.len=1000  payload=1000 B  UDP length=1044  (then drain and check)
      0000: ca 00 ff ff 00 00 00 05 80 0a 0b 0d 00 00 00 01 
      0010: 00 00 00 00 00 00 10 00 00 00 12 34 00 00 03 e8 
      0020: 02 03 04 05 06 07 08 09 0a 0b 0c 0d 0e 0f 10 11 
      0030: 12 13 14 15 16 17 18 19 1a 1b 1c 1d 1e 1f 20 21 
      ... (968 more bytes)

[TB] Feeding 1 packet(s)... (module prints follow)
[cyc  639] [TB] first beat of packet 0 (TEST 02b: ONLY in order)
[cyc  639] [RX PROCESS IBH 0]: input psn 0x0a0b0d
[cyc  639] [RX PROCESS IBH 0]: process IBH opcode: ca
[cyc  639] [R SHIFT BY OCTET IN] ca 00 ff ff 00 00 00 05 80 0a 0b 0d 00 00 00 01 00 00 00 00 00 00 10 00 00 00 12 34 00 00 03 e8 02 03 04 05 06 07 08 09 0a 0b 0c 0d 0e 0f 10 11 12 13 14 15 16 17 18 19 1a 1b 1c 1d 1e 1f 20 21 ffffffffffffffff 0
[cyc  640] [R SHIFT BY OCTET IN] 22 23 24 25 26 27 28 29 2a 2b 2c 2d 2e 2f 30 31 32 33 34 35 36 37 38 39 3a 3b 3c 3d 3e 3f 40 41 42 43 44 45 46 47 48 49 4a 4b 4c 4d 4e 4f 50 51 52 53 54 55 56 57 58 59 5a 5b 5c 5d 5e 5f 60 61 ffffffffffffffff 0
[cyc  640] [R SHIFT BY OCTET OUT] 00 00 00 01 00 00 00 00 00 00 10 00 00 00 12 34 00 00 03 e8 02 03 04 05 06 07 08 09 0a 0b 0c 0d 0e 0f 10 11 12 13 14 15 16 17 18 19 1a 1b 1c 1d 1e 1f 20 21 22 23 24 25 26 27 28 29 2a 2b 2c 2d ffffffffffffffff 0
[cyc  640] [STRIP MRC headers IN 0] 00 00 00 01 00 00 00 00 00 00 10 00 00 00 12 34 00 00 03 e8 02 03 04 05 06 07 08 09 0a 0b 0c 0d 0e 0f 10 11 12 13 14 15 16 17 18 19 1a 1b 1c 1d 1e 1f 20 21 22 23 24 25 26 27 28 29 2a 2b 2c 2d ffffffffffffffff 0
[cyc  641] [R SHIFT BY OCTET IN] 62 63 64 65 66 67 68 69 6a 6b 6c 6d 6e 6f 70 71 72 73 74 75 76 77 78 79 7a 7b 7c 7d 7e 7f 80 81 82 83 84 85 86 87 88 89 8a 8b 8c 8d 8e 8f 90 91 92 93 94 95 96 97 98 99 9a 9b 9c 9d 9e 9f a0 a1 ffffffffffffffff 0
[cyc  641] [R SHIFT BY OCTET OUT] 2e 2f 30 31 32 33 34 35 36 37 38 39 3a 3b 3c 3d 3e 3f 40 41 42 43 44 45 46 47 48 49 4a 4b 4c 4d 4e 4f 50 51 52 53 54 55 56 57 58 59 5a 5b 5c 5d 5e 5f 60 61 62 63 64 65 66 67 68 69 6a 6b 6c 6d ffffffffffffffff 0
[cyc  641] [STRIP MRC headers IN 0] 2e 2f 30 31 32 33 34 35 36 37 38 39 3a 3b 3c 3d 3e 3f 40 41 42 43 44 45 46 47 48 49 4a 4b 4c 4d 4e 4f 50 51 52 53 54 55 56 57 58 59 5a 5b 5c 5d 5e 5f 60 61 62 63 64 65 66 67 68 69 6a 6b 6c 6d ffffffffffffffff 0
[cyc  641] [STRIP MRC headers OUT 0] 00 00 00 00 00 00 10 00 00 00 12 34 00 00 03 e8 02 03 04 05 06 07 08 09 0a 0b 0c 0d 0e 0f 10 11 12 13 14 15 16 17 18 19 1a 1b 1c 1d 1e 1f 20 21 22 23 24 25 26 27 28 29 2a 2b 2c 2d 2e 2f 30 31 ffffffffffffffff 0
[cyc  642] [R SHIFT BY OCTET IN] a2 a3 a4 a5 a6 a7 a8 a9 aa ab ac ad ae af b0 b1 b2 b3 b4 b5 b6 b7 b8 b9 ba bb bc bd be bf c0 c1 c2 c3 c4 c5 c6 c7 c8 c9 ca cb cc cd ce cf d0 d1 d2 d3 d4 d5 d6 d7 d8 d9 da db dc dd de df e0 e1 ffffffffffffffff 0
[cyc  642] [R SHIFT BY OCTET OUT] 6e 6f 70 71 72 73 74 75 76 77 78 79 7a 7b 7c 7d 7e 7f 80 81 82 83 84 85 86 87 88 89 8a 8b 8c 8d 8e 8f 90 91 92 93 94 95 96 97 98 99 9a 9b 9c 9d 9e 9f a0 a1 a2 a3 a4 a5 a6 a7 a8 a9 aa ab ac ad ffffffffffffffff 0
[cyc  642] [STRIP MRC headers IN 0] 6e 6f 70 71 72 73 74 75 76 77 78 79 7a 7b 7c 7d 7e 7f 80 81 82 83 84 85 86 87 88 89 8a 8b 8c 8d 8e 8f 90 91 92 93 94 95 96 97 98 99 9a 9b 9c 9d 9e 9f a0 a1 a2 a3 a4 a5 a6 a7 a8 a9 aa ab ac ad ffffffffffffffff 0
[cyc  642] [STRIP MRC headers OUT 0] 32 33 34 35 36 37 38 39 3a 3b 3c 3d 3e 3f 40 41 42 43 44 45 46 47 48 49 4a 4b 4c 4d 4e 4f 50 51 52 53 54 55 56 57 58 59 5a 5b 5c 5d 5e 5f 60 61 62 63 64 65 66 67 68 69 6a 6b 6c 6d 6e 6f 70 71 ffffffffffffffff 0
[cyc  642] [RX IBH FSM 0]: epsn: 0x0a0b0d, 658189, packet psn: 0x0a0b0d, 658189, oldest outstanding psn: 0x8a0b0d, 9046797
[cyc  643] [R SHIFT BY OCTET IN] e2 e3 e4 e5 e6 e7 e8 e9 ea eb ec ed ee ef f0 f1 f2 f3 f4 f5 f6 f7 f8 f9 fa fb fc fd fe ff 00 01 02 03 04 05 06 07 08 09 0a 0b 0c 0d 0e 0f 10 11 12 13 14 15 16 17 18 19 1a 1b 1c 1d 1e 1f 20 21 ffffffffffffffff 0
[cyc  643] [R SHIFT BY OCTET OUT] ae af b0 b1 b2 b3 b4 b5 b6 b7 b8 b9 ba bb bc bd be bf c0 c1 c2 c3 c4 c5 c6 c7 c8 c9 ca cb cc cd ce cf d0 d1 d2 d3 d4 d5 d6 d7 d8 d9 da db dc dd de df e0 e1 e2 e3 e4 e5 e6 e7 e8 e9 ea eb ec ed ffffffffffffffff 0
[cyc  643] [STRIP MRC headers IN 0] ae af b0 b1 b2 b3 b4 b5 b6 b7 b8 b9 ba bb bc bd be bf c0 c1 c2 c3 c4 c5 c6 c7 c8 c9 ca cb cc cd ce cf d0 d1 d2 d3 d4 d5 d6 d7 d8 d9 da db dc dd de df e0 e1 e2 e3 e4 e5 e6 e7 e8 e9 ea eb ec ed ffffffffffffffff 0
[cyc  643] [STRIP MRC headers OUT 0] 72 73 74 75 76 77 78 79 7a 7b 7c 7d 7e 7f 80 81 82 83 84 85 86 87 88 89 8a 8b 8c 8d 8e 8f 90 91 92 93 94 95 96 97 98 99 9a 9b 9c 9d 9e 9f a0 a1 a2 a3 a4 a5 a6 a7 a8 a9 aa ab ac ad ae af b0 b1 ffffffffffffffff 0
[cyc  644] [R SHIFT BY OCTET IN] 22 23 24 25 26 27 28 29 2a 2b 2c 2d 2e 2f 30 31 32 33 34 35 36 37 38 39 3a 3b 3c 3d 3e 3f 40 41 42 43 44 45 46 47 48 49 4a 4b 4c 4d 4e 4f 50 51 52 53 54 55 56 57 58 59 5a 5b 5c 5d 5e 5f 60 61 ffffffffffffffff 0
[cyc  644] [R SHIFT BY OCTET OUT] ee ef f0 f1 f2 f3 f4 f5 f6 f7 f8 f9 fa fb fc fd fe ff 00 01 02 03 04 05 06 07 08 09 0a 0b 0c 0d 0e 0f 10 11 12 13 14 15 16 17 18 19 1a 1b 1c 1d 1e 1f 20 21 22 23 24 25 26 27 28 29 2a 2b 2c 2d ffffffffffffffff 0
[cyc  644] [STRIP MRC headers IN 0] ee ef f0 f1 f2 f3 f4 f5 f6 f7 f8 f9 fa fb fc fd fe ff 00 01 02 03 04 05 06 07 08 09 0a 0b 0c 0d 0e 0f 10 11 12 13 14 15 16 17 18 19 1a 1b 1c 1d 1e 1f 20 21 22 23 24 25 26 27 28 29 2a 2b 2c 2d ffffffffffffffff 0
[cyc  644] [STRIP MRC headers OUT 0] b2 b3 b4 b5 b6 b7 b8 b9 ba bb bc bd be bf c0 c1 c2 c3 c4 c5 c6 c7 c8 c9 ca cb cc cd ce cf d0 d1 d2 d3 d4 d5 d6 d7 d8 d9 da db dc dd de df e0 e1 e2 e3 e4 e5 e6 e7 e8 e9 ea eb ec ed ee ef f0 f1 ffffffffffffffff 0
[cyc  644] [META MERGER 0]: reading from ack event with qpn 0x5, psn 0x0a0b0d
[cyc  645] [R SHIFT BY OCTET IN] 62 63 64 65 66 67 68 69 6a 6b 6c 6d 6e 6f 70 71 72 73 74 75 76 77 78 79 7a 7b 7c 7d 7e 7f 80 81 82 83 84 85 86 87 88 89 8a 8b 8c 8d 8e 8f 90 91 92 93 94 95 96 97 98 99 9a 9b 9c 9d 9e 9f a0 a1 ffffffffffffffff 0
[cyc  645] [R SHIFT BY OCTET OUT] 2e 2f 30 31 32 33 34 35 36 37 38 39 3a 3b 3c 3d 3e 3f 40 41 42 43 44 45 46 47 48 49 4a 4b 4c 4d 4e 4f 50 51 52 53 54 55 56 57 58 59 5a 5b 5c 5d 5e 5f 60 61 62 63 64 65 66 67 68 69 6a 6b 6c 6d ffffffffffffffff 0
[cyc  645] [STRIP MRC headers IN 0] 2e 2f 30 31 32 33 34 35 36 37 38 39 3a 3b 3c 3d 3e 3f 40 41 42 43 44 45 46 47 48 49 4a 4b 4c 4d 4e 4f 50 51 52 53 54 55 56 57 58 59 5a 5b 5c 5d 5e 5f 60 61 62 63 64 65 66 67 68 69 6a 6b 6c 6d ffffffffffffffff 0
[cyc  645] [STRIP MRC headers OUT 0] f2 f3 f4 f5 f6 f7 f8 f9 fa fb fc fd fe ff 00 01 02 03 04 05 06 07 08 09 0a 0b 0c 0d 0e 0f 10 11 12 13 14 15 16 17 18 19 1a 1b 1c 1d 1e 1f 20 21 22 23 24 25 26 27 28 29 2a 2b 2c 2d 2e 2f 30 31 ffffffffffffffff 0
[cyc  645] [R SHIFT BY OCTET IN] 00 00 00 00 00 00 10 00 00 00 12 34 00 00 03 e8 02 03 04 05 06 07 08 09 0a 0b 0c 0d 0e 0f 10 11 12 13 14 15 16 17 18 19 1a 1b 1c 1d 1e 1f 20 21 22 23 24 25 26 27 28 29 2a 2b 2c 2d 2e 2f 30 31 ffffffffffffffff 0
[cyc  646] [R SHIFT BY OCTET IN] a2 a3 a4 a5 a6 a7 a8 a9 aa ab ac ad ae af b0 b1 b2 b3 b4 b5 b6 b7 b8 b9 ba bb bc bd be bf c0 c1 c2 c3 c4 c5 c6 c7 c8 c9 ca cb cc cd ce cf d0 d1 d2 d3 d4 d5 d6 d7 d8 d9 da db dc dd de df e0 e1 ffffffffffffffff 0
[cyc  646] [R SHIFT BY OCTET OUT] 6e 6f 70 71 72 73 74 75 76 77 78 79 7a 7b 7c 7d 7e 7f 80 81 82 83 84 85 86 87 88 89 8a 8b 8c 8d 8e 8f 90 91 92 93 94 95 96 97 98 99 9a 9b 9c 9d 9e 9f a0 a1 a2 a3 a4 a5 a6 a7 a8 a9 aa ab ac ad ffffffffffffffff 0
[cyc  646] [STRIP MRC headers IN 0] 6e 6f 70 71 72 73 74 75 76 77 78 79 7a 7b 7c 7d 7e 7f 80 81 82 83 84 85 86 87 88 89 8a 8b 8c 8d 8e 8f 90 91 92 93 94 95 96 97 98 99 9a 9b 9c 9d 9e 9f a0 a1 a2 a3 a4 a5 a6 a7 a8 a9 aa ab ac ad ffffffffffffffff 0
[cyc  646] [STRIP MRC headers OUT 0] 32 33 34 35 36 37 38 39 3a 3b 3c 3d 3e 3f 40 41 42 43 44 45 46 47 48 49 4a 4b 4c 4d 4e 4f 50 51 52 53 54 55 56 57 58 59 5a 5b 5c 5d 5e 5f 60 61 62 63 64 65 66 67 68 69 6a 6b 6c 6d 6e 6f 70 71 ffffffffffffffff 0
[cyc  646] [R SHIFT BY OCTET IN] 32 33 34 35 36 37 38 39 3a 3b 3c 3d 3e 3f 40 41 42 43 44 45 46 47 48 49 4a 4b 4c 4d 4e 4f 50 51 52 53 54 55 56 57 58 59 5a 5b 5c 5d 5e 5f 60 61 62 63 64 65 66 67 68 69 6a 6b 6c 6d 6e 6f 70 71 ffffffffffffffff 0
[cyc  646] [R SHIFT BY OCTET OUT] 02 03 04 05 06 07 08 09 0a 0b 0c 0d 0e 0f 10 11 12 13 14 15 16 17 18 19 1a 1b 1c 1d 1e 1f 20 21 22 23 24 25 26 27 28 29 2a 2b 2c 2d 2e 2f 30 31 32 33 34 35 36 37 38 39 3a 3b 3c 3d 3e 3f 40 41 ffffffffffffffff 0
[cyc  647] [R SHIFT BY OCTET IN] e2 e3 e4 e5 e6 e7 e8 e9 ea eb ec ed ee ef f0 f1 f2 f3 f4 f5 f6 f7 f8 f9 fa fb fc fd fe ff 00 01 02 03 04 05 06 07 08 09 0a 0b 0c 0d 0e 0f 10 11 12 13 14 15 16 17 18 19 1a 1b 1c 1d 1e 1f 20 21 ffffffffffffffff 0
[cyc  647] [R SHIFT BY OCTET OUT] ae af b0 b1 b2 b3 b4 b5 b6 b7 b8 b9 ba bb bc bd be bf c0 c1 c2 c3 c4 c5 c6 c7 c8 c9 ca cb cc cd ce cf d0 d1 d2 d3 d4 d5 d6 d7 d8 d9 da db dc dd de df e0 e1 e2 e3 e4 e5 e6 e7 e8 e9 ea eb ec ed ffffffffffffffff 0
[cyc  647] [STRIP MRC headers IN 0] ae af b0 b1 b2 b3 b4 b5 b6 b7 b8 b9 ba bb bc bd be bf c0 c1 c2 c3 c4 c5 c6 c7 c8 c9 ca cb cc cd ce cf d0 d1 d2 d3 d4 d5 d6 d7 d8 d9 da db dc dd de df e0 e1 e2 e3 e4 e5 e6 e7 e8 e9 ea eb ec ed ffffffffffffffff 0
[cyc  647] [STRIP MRC headers OUT 0] 72 73 74 75 76 77 78 79 7a 7b 7c 7d 7e 7f 80 81 82 83 84 85 86 87 88 89 8a 8b 8c 8d 8e 8f 90 91 92 93 94 95 96 97 98 99 9a 9b 9c 9d 9e 9f a0 a1 a2 a3 a4 a5 a6 a7 a8 a9 aa ab ac ad ae af b0 b1 ffffffffffffffff 0
[cyc  647] [R SHIFT BY OCTET IN] 72 73 74 75 76 77 78 79 7a 7b 7c 7d 7e 7f 80 81 82 83 84 85 86 87 88 89 8a 8b 8c 8d 8e 8f 90 91 92 93 94 95 96 97 98 99 9a 9b 9c 9d 9e 9f a0 a1 a2 a3 a4 a5 a6 a7 a8 a9 aa ab ac ad ae af b0 b1 ffffffffffffffff 0
[cyc  647] [R SHIFT BY OCTET OUT] 42 43 44 45 46 47 48 49 4a 4b 4c 4d 4e 4f 50 51 52 53 54 55 56 57 58 59 5a 5b 5c 5d 5e 5f 60 61 62 63 64 65 66 67 68 69 6a 6b 6c 6d 6e 6f 70 71 72 73 74 75 76 77 78 79 7a 7b 7c 7d 7e 7f 80 81 ffffffffffffffff 0
[cyc  647] [GENERATE EXH 0]: MRC_ACK with qpn 0x5, psn 0x0a0b0d
[cyc  647] [GENERATE EXH 0]: MRC_ACK 1f 00 00 02 46 47 48 49 00 71 f4 d0 83 e8 5f f6 60 fa 8b 9e 40 5f 00 00 40 be 46 89 fe 7f 00 00 d0 fa 8b 9e 40 5f 00 00 44 5b 81 9e 40 5f 00 00 44 c0 46 89 fe 7f 00 00 87 16 85 9e 40 5f 00 00 000000000000000f 1
[cyc  647] [APPEND PAYLOAD 0]: moving to state HEADER
[cyc  647] [TX IP UDP META MERGER 0]: port 0xc000
[cyc  648] [R SHIFT BY OCTET IN] 22 23 24 25 26 27 28 29 2a 2b 2c 2d 2e 2f 30 31 32 33 34 35 36 37 38 39 3a 3b 3c 3d 3e 3f 40 41 42 43 44 45 46 47 48 49 4a 4b 4c 4d 4e 4f 50 51 52 53 54 55 56 57 58 59 5a 5b 5c 5d 5e 5f 60 61 ffffffffffffffff 0
[cyc  648] [R SHIFT BY OCTET OUT] ee ef f0 f1 f2 f3 f4 f5 f6 f7 f8 f9 fa fb fc fd fe ff 00 01 02 03 04 05 06 07 08 09 0a 0b 0c 0d 0e 0f 10 11 12 13 14 15 16 17 18 19 1a 1b 1c 1d 1e 1f 20 21 22 23 24 25 26 27 28 29 2a 2b 2c 2d ffffffffffffffff 0
[cyc  648] [STRIP MRC headers IN 0] ee ef f0 f1 f2 f3 f4 f5 f6 f7 f8 f9 fa fb fc fd fe ff 00 01 02 03 04 05 06 07 08 09 0a 0b 0c 0d 0e 0f 10 11 12 13 14 15 16 17 18 19 1a 1b 1c 1d 1e 1f 20 21 22 23 24 25 26 27 28 29 2a 2b 2c 2d ffffffffffffffff 0
[cyc  648] [STRIP MRC headers OUT 0] b2 b3 b4 b5 b6 b7 b8 b9 ba bb bc bd be bf c0 c1 c2 c3 c4 c5 c6 c7 c8 c9 ca cb cc cd ce cf d0 d1 d2 d3 d4 d5 d6 d7 d8 d9 da db dc dd de df e0 e1 e2 e3 e4 e5 e6 e7 e8 e9 ea eb ec ed ee ef f0 f1 ffffffffffffffff 0
[cyc  648] [R SHIFT BY OCTET IN] b2 b3 b4 b5 b6 b7 b8 b9 ba bb bc bd be bf c0 c1 c2 c3 c4 c5 c6 c7 c8 c9 ca cb cc cd ce cf d0 d1 d2 d3 d4 d5 d6 d7 d8 d9 da db dc dd de df e0 e1 e2 e3 e4 e5 e6 e7 e8 e9 ea eb ec ed ee ef f0 f1 ffffffffffffffff 0
[cyc  648] [R SHIFT BY OCTET OUT] 82 83 84 85 86 87 88 89 8a 8b 8c 8d 8e 8f 90 91 92 93 94 95 96 97 98 99 9a 9b 9c 9d 9e 9f a0 a1 a2 a3 a4 a5 a6 a7 a8 a9 aa ab ac ad ae af b0 b1 b2 b3 b4 b5 b6 b7 b8 b9 ba bb bc bd be bf c0 c1 ffffffffffffffff 0
[cyc  648] [APPEND PAYLOAD 0]: moving to state INFO
[cyc  648] [GENERATE IBH 0]: input meta, opcode 0xd1 valid psn 0x0a0b0d
[cyc  648] [PREPEND IBH HEADER 0]: going to state PARTIAL_HEADER
[cyc  649] [R SHIFT BY OCTET IN] 62 63 64 65 66 67 68 69 6a 6b 6c 6d 6e 6f 70 71 72 73 74 75 76 77 78 79 7a 7b 7c 7d 7e 7f 80 81 82 83 84 85 86 87 88 89 8a 8b 8c 8d 8e 8f 90 91 92 93 94 95 96 97 98 99 9a 9b 9c 9d 9e 9f a0 a1 ffffffffffffffff 0
[cyc  649] [R SHIFT BY OCTET OUT] 2e 2f 30 31 32 33 34 35 36 37 38 39 3a 3b 3c 3d 3e 3f 40 41 42 43 44 45 46 47 48 49 4a 4b 4c 4d 4e 4f 50 51 52 53 54 55 56 57 58 59 5a 5b 5c 5d 5e 5f 60 61 62 63 64 65 66 67 68 69 6a 6b 6c 6d ffffffffffffffff 0
[cyc  649] [STRIP MRC headers IN 0] 2e 2f 30 31 32 33 34 35 36 37 38 39 3a 3b 3c 3d 3e 3f 40 41 42 43 44 45 46 47 48 49 4a 4b 4c 4d 4e 4f 50 51 52 53 54 55 56 57 58 59 5a 5b 5c 5d 5e 5f 60 61 62 63 64 65 66 67 68 69 6a 6b 6c 6d ffffffffffffffff 0
[cyc  649] [STRIP MRC headers OUT 0] f2 f3 f4 f5 f6 f7 f8 f9 fa fb fc fd fe ff 00 01 02 03 04 05 06 07 08 09 0a 0b 0c 0d 0e 0f 10 11 12 13 14 15 16 17 18 19 1a 1b 1c 1d 1e 1f 20 21 22 23 24 25 26 27 28 29 2a 2b 2c 2d 2e 2f 30 31 ffffffffffffffff 0
[cyc  649] [R SHIFT BY OCTET IN] f2 f3 f4 f5 f6 f7 f8 f9 fa fb fc fd fe ff 00 01 02 03 04 05 06 07 08 09 0a 0b 0c 0d 0e 0f 10 11 12 13 14 15 16 17 18 19 1a 1b 1c 1d 1e 1f 20 21 22 23 24 25 26 27 28 29 2a 2b 2c 2d 2e 2f 30 31 ffffffffffffffff 0
[cyc  649] [R SHIFT BY OCTET OUT] c2 c3 c4 c5 c6 c7 c8 c9 ca cb cc cd ce cf d0 d1 d2 d3 d4 d5 d6 d7 d8 d9 da db dc dd de df e0 e1 e2 e3 e4 e5 e6 e7 e8 e9 ea eb ec ed ee ef f0 f1 f2 f3 f4 f5 f6 f7 f8 f9 fa fb fc fd fe ff 00 01 ffffffffffffffff 0
[cyc  649] [PREPEND IBH HEADER 0]: IBH PARTIAL PAYLOAD
[cyc  649] 00 00 00 00 00 00 00 00 00 00 00 00 1f 00 00 02 46 47 48 49 00 71 f4 d0 83 e8 5f f6 60 fa 8b 9e 40 5f 00 00 40 be 46 89 fe 7f 00 00 d0 fa 8b 9e 40 5f 00 00 44 5b 81 9e 40 5f 00 00 44 c0 46 89 000000000000ffff 1
[cyc  649] [PREPEND IBH HEADER 0]: IBH PARTIAL HEADER
[cyc  649] d1 00 ff ff 00 00 00 42 00 0a 0b 0d 1f 00 00 02 46 47 48 49 00 71 f4 d0 83 e8 5f f6 60 fa 8b 9e 40 5f 00 00 40 be 46 89 fe 7f 00 00 d0 fa 8b 9e 40 5f 00 00 44 5b 81 9e 40 5f 00 00 44 c0 46 89 000000000000ffff 1
[cyc  650] [R SHIFT BY OCTET IN] a2 a3 a4 a5 a6 a7 a8 a9 aa ab ac ad ae af b0 b1 b2 b3 b4 b5 b6 b7 b8 b9 ba bb bc bd be bf c0 c1 c2 c3 c4 c5 c6 c7 c8 c9 ca cb cc cd ce cf d0 d1 d2 d3 d4 d5 d6 d7 d8 d9 da db dc dd de df e0 e1 ffffffffffffffff 0
[cyc  650] [R SHIFT BY OCTET OUT] 6e 6f 70 71 72 73 74 75 76 77 78 79 7a 7b 7c 7d 7e 7f 80 81 82 83 84 85 86 87 88 89 8a 8b 8c 8d 8e 8f 90 91 92 93 94 95 96 97 98 99 9a 9b 9c 9d 9e 9f a0 a1 a2 a3 a4 a5 a6 a7 a8 a9 aa ab ac ad ffffffffffffffff 0
[cyc  650] [STRIP MRC headers IN 0] 6e 6f 70 71 72 73 74 75 76 77 78 79 7a 7b 7c 7d 7e 7f 80 81 82 83 84 85 86 87 88 89 8a 8b 8c 8d 8e 8f 90 91 92 93 94 95 96 97 98 99 9a 9b 9c 9d 9e 9f a0 a1 a2 a3 a4 a5 a6 a7 a8 a9 aa ab ac ad ffffffffffffffff 0
[cyc  650] [STRIP MRC headers OUT 0] 32 33 34 35 36 37 38 39 3a 3b 3c 3d 3e 3f 40 41 42 43 44 45 46 47 48 49 4a 4b 4c 4d 4e 4f 50 51 52 53 54 55 56 57 58 59 5a 5b 5c 5d 5e 5f 60 61 62 63 64 65 66 67 68 69 6a 6b 6c 6d 6e 6f 70 71 ffffffffffffffff 0
[cyc  650] [R SHIFT BY OCTET IN] 32 33 34 35 36 37 38 39 3a 3b 3c 3d 3e 3f 40 41 42 43 44 45 46 47 48 49 4a 4b 4c 4d 4e 4f 50 51 52 53 54 55 56 57 58 59 5a 5b 5c 5d 5e 5f 60 61 62 63 64 65 66 67 68 69 6a 6b 6c 6d 6e 6f 70 71 ffffffffffffffff 0
[cyc  650] [R SHIFT BY OCTET OUT] 02 03 04 05 06 07 08 09 0a 0b 0c 0d 0e 0f 10 11 12 13 14 15 16 17 18 19 1a 1b 1c 1d 1e 1f 20 21 22 23 24 25 26 27 28 29 2a 2b 2c 2d 2e 2f 30 31 32 33 34 35 36 37 38 39 3a 3b 3c 3d 3e 3f 40 41 ffffffffffffffff 0
[cyc  651] [R SHIFT BY OCTET IN] e2 e3 e4 e5 e6 e7 e8 e9 ea eb ec ed ee ef f0 f1 f2 f3 f4 f5 f6 f7 f8 f9 fa fb fc fd fe ff 00 01 02 03 04 05 06 07 08 09 0a 0b 0c 0d 0e 0f 10 11 12 13 14 15 16 17 18 19 1a 1b 1c 1d 1e 1f 20 21 ffffffffffffffff 0
[cyc  651] [R SHIFT BY OCTET OUT] ae af b0 b1 b2 b3 b4 b5 b6 b7 b8 b9 ba bb bc bd be bf c0 c1 c2 c3 c4 c5 c6 c7 c8 c9 ca cb cc cd ce cf d0 d1 d2 d3 d4 d5 d6 d7 d8 d9 da db dc dd de df e0 e1 e2 e3 e4 e5 e6 e7 e8 e9 ea eb ec ed ffffffffffffffff 0
[cyc  651] [STRIP MRC headers IN 0] ae af b0 b1 b2 b3 b4 b5 b6 b7 b8 b9 ba bb bc bd be bf c0 c1 c2 c3 c4 c5 c6 c7 c8 c9 ca cb cc cd ce cf d0 d1 d2 d3 d4 d5 d6 d7 d8 d9 da db dc dd de df e0 e1 e2 e3 e4 e5 e6 e7 e8 e9 ea eb ec ed ffffffffffffffff 0
[cyc  651] [STRIP MRC headers OUT 0] 72 73 74 75 76 77 78 79 7a 7b 7c 7d 7e 7f 80 81 82 83 84 85 86 87 88 89 8a 8b 8c 8d 8e 8f 90 91 92 93 94 95 96 97 98 99 9a 9b 9c 9d 9e 9f a0 a1 a2 a3 a4 a5 a6 a7 a8 a9 aa ab ac ad ae af b0 b1 ffffffffffffffff 0
[cyc  651] [R SHIFT BY OCTET IN] 72 73 74 75 76 77 78 79 7a 7b 7c 7d 7e 7f 80 81 82 83 84 85 86 87 88 89 8a 8b 8c 8d 8e 8f 90 91 92 93 94 95 96 97 98 99 9a 9b 9c 9d 9e 9f a0 a1 a2 a3 a4 a5 a6 a7 a8 a9 aa ab ac ad ae af b0 b1 ffffffffffffffff 0
[cyc  651] [R SHIFT BY OCTET OUT] 42 43 44 45 46 47 48 49 4a 4b 4c 4d 4e 4f 50 51 52 53 54 55 56 57 58 59 5a 5b 5c 5d 5e 5f 60 61 62 63 64 65 66 67 68 69 6a 6b 6c 6d 6e 6f 70 71 72 73 74 75 76 77 78 79 7a 7b 7c 7d 7e 7f 80 81 ffffffffffffffff 0
[cyc  652] [R SHIFT BY OCTET IN] 22 23 24 25 26 27 28 29 2a 2b 2c 2d 2e 2f 30 31 32 33 34 35 36 37 38 39 3a 3b 3c 3d 3e 3f 40 41 42 43 44 45 46 47 48 49 4a 4b 4c 4d 4e 4f 50 51 52 53 54 55 56 57 58 59 5a 5b 5c 5d 5e 5f 60 61 ffffffffffffffff 0
[cyc  652] [R SHIFT BY OCTET OUT] ee ef f0 f1 f2 f3 f4 f5 f6 f7 f8 f9 fa fb fc fd fe ff 00 01 02 03 04 05 06 07 08 09 0a 0b 0c 0d 0e 0f 10 11 12 13 14 15 16 17 18 19 1a 1b 1c 1d 1e 1f 20 21 22 23 24 25 26 27 28 29 2a 2b 2c 2d ffffffffffffffff 0
[cyc  652] [STRIP MRC headers IN 0] ee ef f0 f1 f2 f3 f4 f5 f6 f7 f8 f9 fa fb fc fd fe ff 00 01 02 03 04 05 06 07 08 09 0a 0b 0c 0d 0e 0f 10 11 12 13 14 15 16 17 18 19 1a 1b 1c 1d 1e 1f 20 21 22 23 24 25 26 27 28 29 2a 2b 2c 2d ffffffffffffffff 0
[cyc  652] [STRIP MRC headers OUT 0] b2 b3 b4 b5 b6 b7 b8 b9 ba bb bc bd be bf c0 c1 c2 c3 c4 c5 c6 c7 c8 c9 ca cb cc cd ce cf d0 d1 d2 d3 d4 d5 d6 d7 d8 d9 da db dc dd de df e0 e1 e2 e3 e4 e5 e6 e7 e8 e9 ea eb ec ed ee ef f0 f1 ffffffffffffffff 0
[cyc  652] [R SHIFT BY OCTET IN] b2 b3 b4 b5 b6 b7 b8 b9 ba bb bc bd be bf c0 c1 c2 c3 c4 c5 c6 c7 c8 c9 ca cb cc cd ce cf d0 d1 d2 d3 d4 d5 d6 d7 d8 d9 da db dc dd de df e0 e1 e2 e3 e4 e5 e6 e7 e8 e9 ea eb ec ed ee ef f0 f1 ffffffffffffffff 0
[cyc  652] [R SHIFT BY OCTET OUT] 82 83 84 85 86 87 88 89 8a 8b 8c 8d 8e 8f 90 91 92 93 94 95 96 97 98 99 9a 9b 9c 9d 9e 9f a0 a1 a2 a3 a4 a5 a6 a7 a8 a9 aa ab ac ad ae af b0 b1 b2 b3 b4 b5 b6 b7 b8 b9 ba bb bc bd be bf c0 c1 ffffffffffffffff 0
[cyc  653] [R SHIFT BY OCTET IN] 62 63 64 65 66 67 68 69 6a 6b 6c 6d 6e 6f 70 71 72 73 74 75 76 77 78 79 7a 7b 7c 7d 7e 7f 80 81 82 83 84 85 86 87 88 89 8a 8b 8c 8d 8e 8f 90 91 92 93 94 95 96 97 98 99 9a 9b 9c 9d 9e 9f a0 a1 ffffffffffffffff 0
[cyc  653] [R SHIFT BY OCTET OUT] 2e 2f 30 31 32 33 34 35 36 37 38 39 3a 3b 3c 3d 3e 3f 40 41 42 43 44 45 46 47 48 49 4a 4b 4c 4d 4e 4f 50 51 52 53 54 55 56 57 58 59 5a 5b 5c 5d 5e 5f 60 61 62 63 64 65 66 67 68 69 6a 6b 6c 6d ffffffffffffffff 0
[cyc  653] [STRIP MRC headers IN 0] 2e 2f 30 31 32 33 34 35 36 37 38 39 3a 3b 3c 3d 3e 3f 40 41 42 43 44 45 46 47 48 49 4a 4b 4c 4d 4e 4f 50 51 52 53 54 55 56 57 58 59 5a 5b 5c 5d 5e 5f 60 61 62 63 64 65 66 67 68 69 6a 6b 6c 6d ffffffffffffffff 0
[cyc  653] [STRIP MRC headers OUT 0] f2 f3 f4 f5 f6 f7 f8 f9 fa fb fc fd fe ff 00 01 02 03 04 05 06 07 08 09 0a 0b 0c 0d 0e 0f 10 11 12 13 14 15 16 17 18 19 1a 1b 1c 1d 1e 1f 20 21 22 23 24 25 26 27 28 29 2a 2b 2c 2d 2e 2f 30 31 ffffffffffffffff 0
[cyc  653] [R SHIFT BY OCTET IN] f2 f3 f4 f5 f6 f7 f8 f9 fa fb fc fd fe ff 00 01 02 03 04 05 06 07 08 09 0a 0b 0c 0d 0e 0f 10 11 12 13 14 15 16 17 18 19 1a 1b 1c 1d 1e 1f 20 21 22 23 24 25 26 27 28 29 2a 2b 2c 2d 2e 2f 30 31 ffffffffffffffff 0
[cyc  653] [R SHIFT BY OCTET OUT] c2 c3 c4 c5 c6 c7 c8 c9 ca cb cc cd ce cf d0 d1 d2 d3 d4 d5 d6 d7 d8 d9 da db dc dd de df e0 e1 e2 e3 e4 e5 e6 e7 e8 e9 ea eb ec ed ee ef f0 f1 f2 f3 f4 f5 f6 f7 f8 f9 fa fb fc fd fe ff 00 01 ffffffffffffffff 0
[cyc  654] [R SHIFT BY OCTET IN] a2 a3 a4 a5 a6 a7 a8 a9 aa ab ac ad ae af b0 b1 b2 b3 b4 b5 b6 b7 b8 b9 ba bb bc bd be bf c0 c1 c2 c3 c4 c5 c6 c7 c8 c9 ca cb cc cd ce cf d0 d1 d2 d3 d4 d5 d6 d7 d8 d9 da db dc dd de df e0 e1 ffffffffffffffff 0
[cyc  654] [R SHIFT BY OCTET OUT] 6e 6f 70 71 72 73 74 75 76 77 78 79 7a 7b 7c 7d 7e 7f 80 81 82 83 84 85 86 87 88 89 8a 8b 8c 8d 8e 8f 90 91 92 93 94 95 96 97 98 99 9a 9b 9c 9d 9e 9f a0 a1 a2 a3 a4 a5 a6 a7 a8 a9 aa ab ac ad ffffffffffffffff 0
[cyc  654] [STRIP MRC headers IN 0] 6e 6f 70 71 72 73 74 75 76 77 78 79 7a 7b 7c 7d 7e 7f 80 81 82 83 84 85 86 87 88 89 8a 8b 8c 8d 8e 8f 90 91 92 93 94 95 96 97 98 99 9a 9b 9c 9d 9e 9f a0 a1 a2 a3 a4 a5 a6 a7 a8 a9 aa ab ac ad ffffffffffffffff 0
[cyc  654] [STRIP MRC headers OUT 0] 32 33 34 35 36 37 38 39 3a 3b 3c 3d 3e 3f 40 41 42 43 44 45 46 47 48 49 4a 4b 4c 4d 4e 4f 50 51 52 53 54 55 56 57 58 59 5a 5b 5c 5d 5e 5f 60 61 62 63 64 65 66 67 68 69 6a 6b 6c 6d 6e 6f 70 71 ffffffffffffffff 0
[cyc  654] [R SHIFT BY OCTET IN] 32 33 34 35 36 37 38 39 3a 3b 3c 3d 3e 3f 40 41 42 43 44 45 46 47 48 49 4a 4b 4c 4d 4e 4f 50 51 52 53 54 55 56 57 58 59 5a 5b 5c 5d 5e 5f 60 61 62 63 64 65 66 67 68 69 6a 6b 6c 6d 6e 6f 70 71 ffffffffffffffff 0
[cyc  654] [R SHIFT BY OCTET OUT] 02 03 04 05 06 07 08 09 0a 0b 0c 0d 0e 0f 10 11 12 13 14 15 16 17 18 19 1a 1b 1c 1d 1e 1f 20 21 22 23 24 25 26 27 28 29 2a 2b 2c 2d 2e 2f 30 31 32 33 34 35 36 37 38 39 3a 3b 3c 3d 3e 3f 40 41 ffffffffffffffff 0
[cyc  655] [TB] last beat of packet 0 (17 beat(s))
[cyc  655] [R SHIFT BY OCTET IN] e2 e3 e4 e5 e6 e7 e8 e9 00 00 00 00 00 00 00 00 00 00 00 00 00 00 00 00 00 00 00 00 00 00 00 00 00 00 00 00 00 00 00 00 00 00 00 00 00 00 00 00 00 00 00 00 00 00 00 00 00 00 00 00 00 00 00 00 00000000000000ff 1  <- last
[cyc  655] [R SHIFT BY OCTET OUT] ae af b0 b1 b2 b3 b4 b5 b6 b7 b8 b9 ba bb bc bd be bf c0 c1 c2 c3 c4 c5 c6 c7 c8 c9 ca cb cc cd ce cf d0 d1 d2 d3 d4 d5 d6 d7 d8 d9 da db dc dd de df e0 e1 e2 e3 e4 e5 e6 e7 e8 e9 00 00 00 00 0fffffffffffffff 1  <- last
[cyc  655] [STRIP MRC headers IN 0] ae af b0 b1 b2 b3 b4 b5 b6 b7 b8 b9 ba bb bc bd be bf c0 c1 c2 c3 c4 c5 c6 c7 c8 c9 ca cb cc cd ce cf d0 d1 d2 d3 d4 d5 d6 d7 d8 d9 da db dc dd de df e0 e1 e2 e3 e4 e5 e6 e7 e8 e9 00 00 00 00 0fffffffffffffff 1  <- last
[cyc  655] [STRIP MRC headers OUT 0] 72 73 74 75 76 77 78 79 7a 7b 7c 7d 7e 7f 80 81 82 83 84 85 86 87 88 89 8a 8b 8c 8d 8e 8f 90 91 92 93 94 95 96 97 98 99 9a 9b 9c 9d 9e 9f a0 a1 a2 a3 a4 a5 a6 a7 a8 a9 aa ab ac ad ae af b0 b1 ffffffffffffffff 0
[cyc  655] [R SHIFT BY OCTET IN] 72 73 74 75 76 77 78 79 7a 7b 7c 7d 7e 7f 80 81 82 83 84 85 86 87 88 89 8a 8b 8c 8d 8e 8f 90 91 92 93 94 95 96 97 98 99 9a 9b 9c 9d 9e 9f a0 a1 a2 a3 a4 a5 a6 a7 a8 a9 aa ab ac ad ae af b0 b1 ffffffffffffffff 0
[cyc  655] [R SHIFT BY OCTET OUT] 42 43 44 45 46 47 48 49 4a 4b 4c 4d 4e 4f 50 51 52 53 54 55 56 57 58 59 5a 5b 5c 5d 5e 5f 60 61 62 63 64 65 66 67 68 69 6a 6b 6c 6d 6e 6f 70 71 72 73 74 75 76 77 78 79 7a 7b 7c 7d 7e 7f 80 81 ffffffffffffffff 0
[TB] All packets fed, running 300 more cycles...
[cyc  656] [STRIP MRC headers OUT 0] b2 b3 b4 b5 b6 b7 b8 b9 ba bb bc bd be bf c0 c1 c2 c3 c4 c5 c6 c7 c8 c9 ca cb cc cd ce cf d0 d1 d2 d3 d4 d5 d6 d7 d8 d9 da db dc dd de df e0 e1 e2 e3 e4 e5 e6 e7 e8 e9 00 00 00 00 00 00 00 00 00ffffffffffffff 1  <- last
[cyc  656] [R SHIFT BY OCTET IN] b2 b3 b4 b5 b6 b7 b8 b9 ba bb bc bd be bf c0 c1 c2 c3 c4 c5 c6 c7 c8 c9 ca cb cc cd ce cf d0 d1 d2 d3 d4 d5 d6 d7 d8 d9 da db dc dd de df e0 e1 e2 e3 e4 e5 e6 e7 e8 e9 ea eb ec ed ee ef f0 f1 ffffffffffffffff 0
[cyc  656] [R SHIFT BY OCTET OUT] 82 83 84 85 86 87 88 89 8a 8b 8c 8d 8e 8f 90 91 92 93 94 95 96 97 98 99 9a 9b 9c 9d 9e 9f a0 a1 a2 a3 a4 a5 a6 a7 a8 a9 aa ab ac ad ae af b0 b1 b2 b3 b4 b5 b6 b7 b8 b9 ba bb bc bd be bf c0 c1 ffffffffffffffff 0
[cyc  657] [R SHIFT BY OCTET IN] f2 f3 f4 f5 f6 f7 f8 f9 fa fb fc fd fe ff 00 01 02 03 04 05 06 07 08 09 0a 0b 0c 0d 0e 0f 10 11 12 13 14 15 16 17 18 19 1a 1b 1c 1d 1e 1f 20 21 22 23 24 25 26 27 28 29 2a 2b 2c 2d 2e 2f 30 31 ffffffffffffffff 0
[cyc  657] [R SHIFT BY OCTET OUT] c2 c3 c4 c5 c6 c7 c8 c9 ca cb cc cd ce cf d0 d1 d2 d3 d4 d5 d6 d7 d8 d9 da db dc dd de df e0 e1 e2 e3 e4 e5 e6 e7 e8 e9 ea eb ec ed ee ef f0 f1 f2 f3 f4 f5 f6 f7 f8 f9 fa fb fc fd fe ff 00 01 ffffffffffffffff 0
[cyc  658] [R SHIFT BY OCTET IN] 32 33 34 35 36 37 38 39 3a 3b 3c 3d 3e 3f 40 41 42 43 44 45 46 47 48 49 4a 4b 4c 4d 4e 4f 50 51 52 53 54 55 56 57 58 59 5a 5b 5c 5d 5e 5f 60 61 62 63 64 65 66 67 68 69 6a 6b 6c 6d 6e 6f 70 71 ffffffffffffffff 0
[cyc  658] [R SHIFT BY OCTET OUT] 02 03 04 05 06 07 08 09 0a 0b 0c 0d 0e 0f 10 11 12 13 14 15 16 17 18 19 1a 1b 1c 1d 1e 1f 20 21 22 23 24 25 26 27 28 29 2a 2b 2c 2d 2e 2f 30 31 32 33 34 35 36 37 38 39 3a 3b 3c 3d 3e 3f 40 41 ffffffffffffffff 0
[cyc  659] [R SHIFT BY OCTET IN] 72 73 74 75 76 77 78 79 7a 7b 7c 7d 7e 7f 80 81 82 83 84 85 86 87 88 89 8a 8b 8c 8d 8e 8f 90 91 92 93 94 95 96 97 98 99 9a 9b 9c 9d 9e 9f a0 a1 a2 a3 a4 a5 a6 a7 a8 a9 aa ab ac ad ae af b0 b1 ffffffffffffffff 0
[cyc  659] [R SHIFT BY OCTET OUT] 42 43 44 45 46 47 48 49 4a 4b 4c 4d 4e 4f 50 51 52 53 54 55 56 57 58 59 5a 5b 5c 5d 5e 5f 60 61 62 63 64 65 66 67 68 69 6a 6b 6c 6d 6e 6f 70 71 72 73 74 75 76 77 78 79 7a 7b 7c 7d 7e 7f 80 81 ffffffffffffffff 0
[cyc  660] [R SHIFT BY OCTET IN] b2 b3 b4 b5 b6 b7 b8 b9 ba bb bc bd be bf c0 c1 c2 c3 c4 c5 c6 c7 c8 c9 ca cb cc cd ce cf d0 d1 d2 d3 d4 d5 d6 d7 d8 d9 da db dc dd de df e0 e1 e2 e3 e4 e5 e6 e7 e8 e9 00 00 00 00 00 00 00 00 00ffffffffffffff 1  <- last
[cyc  660] [R SHIFT BY OCTET OUT] 82 83 84 85 86 87 88 89 8a 8b 8c 8d 8e 8f 90 91 92 93 94 95 96 97 98 99 9a 9b 9c 9d 9e 9f a0 a1 a2 a3 a4 a5 a6 a7 a8 a9 aa ab ac ad ae af b0 b1 b2 b3 b4 b5 b6 b7 b8 b9 ba bb bc bd be bf c0 c1 ffffffffffffffff 0
[cyc  661] [R SHIFT BY OCTET OUT] c2 c3 c4 c5 c6 c7 c8 c9 ca cb cc cd ce cf d0 d1 d2 d3 d4 d5 d6 d7 d8 d9 da db dc dd de df e0 e1 e2 e3 e4 e5 e6 e7 e8 e9 00 00 00 00 00 00 00 00 00 00 00 00 00 00 00 00 00 00 00 00 00 00 00 00 000000ffffffffff 1  <- last

[TB] ---- Outputs (cycle they left the module) ----
[TB] cyc 645 m_axis_mem_write_cmd: op=RC_RDMA_WRITE_ONLY qpn=0x5 addr=0x1000 len=1000 lst=1 host=1
[TB] cyc 662 m_axis_mem_write_data: 1000 B
      0000: 02 03 04 05 06 07 08 09 0a 0b 0c 0d 0e 0f 10 11 
      0010: 12 13 14 15 16 17 18 19 1a 1b 1c 1d 1e 1f 20 21 
      0020: 22 23 24 25 26 27 28 29 2a 2b 2c 2d 2e 2f 30 31 
      0030: 32 33 34 35 36 37 38 39 3a 3b 3c 3d 3e 3f 40 41 
      ... (936 more bytes)
[TB] cyc 650 m_axis_tx_data packet (16 B), meta: dst ip=0xa000002 length=20
      0000: d1 00 ff ff 00 00 00 42 00 0a 0b 0d 1f 00 00 02 

[TB] ---- Checks ----
[TB] Packet 0: TEST 02b: ONLY in order
  [PASS] a memory write command was issued for it
[TB]   memory command at cycle 645
  [PASS] memCmd.op_code = 0xca
  [PASS] memCmd.qpn     = 0x5
  [PASS] memCmd.addr    = 0x1000
  [PASS] memCmd.len     = 1000
  [PASS] memCmd.lst     = 0x1
  [PASS] payload data reached memory
[TB]   payload in memory by cycle 662
  [PASS] bytes written to memory = 1000
  [PASS] memory data is identical to the payload that was sent
  [PASS] a reply (ACK/NAK) was sent for it
[TB]   reply at cycle 650
  [PASS] tx meta: destination IP = 0xa000002
  [PASS] tx meta: UDP length (BTH+AETH+ICRC) = 20
[TB]   parsed reply: MRC_ACK  DestQP=0x42  PSN=0xa0b0d  AETH.syndrome=0x1f (ACK)  AETH.MSN=0x2
  [PASS] reply length in bytes = 16
  [PASS] reply BTH.opcode (MRC_ACK) = 0xd1
  [PASS] reply BTH.DestQP (remote QPN) = 0x42
  [PASS] reply BTH.PSN = 0xa0b0d
  [PASS] reply AETH.syndrome (ACK) = 0x1f
  [PASS] reply AETH.MSN = 0x2
[TB] Whole group
  [PASS] unexpected memory write commands = 0
  [PASS] unexpected memory payloads = 0
  [PASS] no memory data beat left without TLAST
  [PASS] unexpected packets sent back = 0
  [PASS] tx meta entries = tx packets = 1
  [PASS] invalid-PSN drop counter increase over the group = 0
  [PASS] ackMeta to the host (only used for our own requests) = 0
  [PASS] module consumed the whole input
  [PASS] no memory READ command issued

=====================================================================
  GROUP: TEST 02c: ONLY in order
=====================================================================
[TB] Packet 0: TEST 02c: ONLY in order
[TB]   state before: epsn=0xa0b0e last_psn=0xa0b0d
[TB]   RC_RDMA_WRITE_ONLY  DestQP=0x5  PSN=0xa0b0e, 658190  RETH.vaddr=0x1000  RETH.len=1000  payload=1000 B  UDP length=1044  (then drain and check)
      0000: ca 00 ff ff 00 00 00 05 80 0a 0b 0e 00 00 00 02 
      0010: 00 00 00 00 00 00 10 00 00 00 12 34 00 00 03 e8 
      0020: 03 04 05 06 07 08 09 0a 0b 0c 0d 0e 0f 10 11 12 
      0030: 13 14 15 16 17 18 19 1a 1b 1c 1d 1e 1f 20 21 22 
      ... (968 more bytes)

[TB] Feeding 1 packet(s)... (module prints follow)
[cyc  956] [TB] first beat of packet 0 (TEST 02c: ONLY in order)
[cyc  956] [RX PROCESS IBH 0]: input psn 0x0a0b0e
[cyc  956] [RX PROCESS IBH 0]: process IBH opcode: ca
[cyc  956] [R SHIFT BY OCTET IN] ca 00 ff ff 00 00 00 05 80 0a 0b 0e 00 00 00 02 00 00 00 00 00 00 10 00 00 00 12 34 00 00 03 e8 03 04 05 06 07 08 09 0a 0b 0c 0d 0e 0f 10 11 12 13 14 15 16 17 18 19 1a 1b 1c 1d 1e 1f 20 21 22 ffffffffffffffff 0
[cyc  957] [R SHIFT BY OCTET IN] 23 24 25 26 27 28 29 2a 2b 2c 2d 2e 2f 30 31 32 33 34 35 36 37 38 39 3a 3b 3c 3d 3e 3f 40 41 42 43 44 45 46 47 48 49 4a 4b 4c 4d 4e 4f 50 51 52 53 54 55 56 57 58 59 5a 5b 5c 5d 5e 5f 60 61 62 ffffffffffffffff 0
[cyc  957] [R SHIFT BY OCTET OUT] 00 00 00 02 00 00 00 00 00 00 10 00 00 00 12 34 00 00 03 e8 03 04 05 06 07 08 09 0a 0b 0c 0d 0e 0f 10 11 12 13 14 15 16 17 18 19 1a 1b 1c 1d 1e 1f 20 21 22 23 24 25 26 27 28 29 2a 2b 2c 2d 2e ffffffffffffffff 0
[cyc  957] [STRIP MRC headers IN 0] 00 00 00 02 00 00 00 00 00 00 10 00 00 00 12 34 00 00 03 e8 03 04 05 06 07 08 09 0a 0b 0c 0d 0e 0f 10 11 12 13 14 15 16 17 18 19 1a 1b 1c 1d 1e 1f 20 21 22 23 24 25 26 27 28 29 2a 2b 2c 2d 2e ffffffffffffffff 0
[cyc  958] [R SHIFT BY OCTET IN] 63 64 65 66 67 68 69 6a 6b 6c 6d 6e 6f 70 71 72 73 74 75 76 77 78 79 7a 7b 7c 7d 7e 7f 80 81 82 83 84 85 86 87 88 89 8a 8b 8c 8d 8e 8f 90 91 92 93 94 95 96 97 98 99 9a 9b 9c 9d 9e 9f a0 a1 a2 ffffffffffffffff 0
[cyc  958] [R SHIFT BY OCTET OUT] 2f 30 31 32 33 34 35 36 37 38 39 3a 3b 3c 3d 3e 3f 40 41 42 43 44 45 46 47 48 49 4a 4b 4c 4d 4e 4f 50 51 52 53 54 55 56 57 58 59 5a 5b 5c 5d 5e 5f 60 61 62 63 64 65 66 67 68 69 6a 6b 6c 6d 6e ffffffffffffffff 0
[cyc  958] [STRIP MRC headers IN 0] 2f 30 31 32 33 34 35 36 37 38 39 3a 3b 3c 3d 3e 3f 40 41 42 43 44 45 46 47 48 49 4a 4b 4c 4d 4e 4f 50 51 52 53 54 55 56 57 58 59 5a 5b 5c 5d 5e 5f 60 61 62 63 64 65 66 67 68 69 6a 6b 6c 6d 6e ffffffffffffffff 0
[cyc  958] [STRIP MRC headers OUT 0] 00 00 00 00 00 00 10 00 00 00 12 34 00 00 03 e8 03 04 05 06 07 08 09 0a 0b 0c 0d 0e 0f 10 11 12 13 14 15 16 17 18 19 1a 1b 1c 1d 1e 1f 20 21 22 23 24 25 26 27 28 29 2a 2b 2c 2d 2e 2f 30 31 32 ffffffffffffffff 0
[cyc  959] [R SHIFT BY OCTET IN] a3 a4 a5 a6 a7 a8 a9 aa ab ac ad ae af b0 b1 b2 b3 b4 b5 b6 b7 b8 b9 ba bb bc bd be bf c0 c1 c2 c3 c4 c5 c6 c7 c8 c9 ca cb cc cd ce cf d0 d1 d2 d3 d4 d5 d6 d7 d8 d9 da db dc dd de df e0 e1 e2 ffffffffffffffff 0
[cyc  959] [R SHIFT BY OCTET OUT] 6f 70 71 72 73 74 75 76 77 78 79 7a 7b 7c 7d 7e 7f 80 81 82 83 84 85 86 87 88 89 8a 8b 8c 8d 8e 8f 90 91 92 93 94 95 96 97 98 99 9a 9b 9c 9d 9e 9f a0 a1 a2 a3 a4 a5 a6 a7 a8 a9 aa ab ac ad ae ffffffffffffffff 0
[cyc  959] [STRIP MRC headers IN 0] 6f 70 71 72 73 74 75 76 77 78 79 7a 7b 7c 7d 7e 7f 80 81 82 83 84 85 86 87 88 89 8a 8b 8c 8d 8e 8f 90 91 92 93 94 95 96 97 98 99 9a 9b 9c 9d 9e 9f a0 a1 a2 a3 a4 a5 a6 a7 a8 a9 aa ab ac ad ae ffffffffffffffff 0
[cyc  959] [STRIP MRC headers OUT 0] 33 34 35 36 37 38 39 3a 3b 3c 3d 3e 3f 40 41 42 43 44 45 46 47 48 49 4a 4b 4c 4d 4e 4f 50 51 52 53 54 55 56 57 58 59 5a 5b 5c 5d 5e 5f 60 61 62 63 64 65 66 67 68 69 6a 6b 6c 6d 6e 6f 70 71 72 ffffffffffffffff 0
[cyc  959] [RX IBH FSM 0]: epsn: 0x0a0b0e, 658190, packet psn: 0x0a0b0e, 658190, oldest outstanding psn: 0x8a0b0e, 9046798
[cyc  960] [R SHIFT BY OCTET IN] e3 e4 e5 e6 e7 e8 e9 ea eb ec ed ee ef f0 f1 f2 f3 f4 f5 f6 f7 f8 f9 fa fb fc fd fe ff 00 01 02 03 04 05 06 07 08 09 0a 0b 0c 0d 0e 0f 10 11 12 13 14 15 16 17 18 19 1a 1b 1c 1d 1e 1f 20 21 22 ffffffffffffffff 0
[cyc  960] [R SHIFT BY OCTET OUT] af b0 b1 b2 b3 b4 b5 b6 b7 b8 b9 ba bb bc bd be bf c0 c1 c2 c3 c4 c5 c6 c7 c8 c9 ca cb cc cd ce cf d0 d1 d2 d3 d4 d5 d6 d7 d8 d9 da db dc dd de df e0 e1 e2 e3 e4 e5 e6 e7 e8 e9 ea eb ec ed ee ffffffffffffffff 0
[cyc  960] [STRIP MRC headers IN 0] af b0 b1 b2 b3 b4 b5 b6 b7 b8 b9 ba bb bc bd be bf c0 c1 c2 c3 c4 c5 c6 c7 c8 c9 ca cb cc cd ce cf d0 d1 d2 d3 d4 d5 d6 d7 d8 d9 da db dc dd de df e0 e1 e2 e3 e4 e5 e6 e7 e8 e9 ea eb ec ed ee ffffffffffffffff 0
[cyc  960] [STRIP MRC headers OUT 0] 73 74 75 76 77 78 79 7a 7b 7c 7d 7e 7f 80 81 82 83 84 85 86 87 88 89 8a 8b 8c 8d 8e 8f 90 91 92 93 94 95 96 97 98 99 9a 9b 9c 9d 9e 9f a0 a1 a2 a3 a4 a5 a6 a7 a8 a9 aa ab ac ad ae af b0 b1 b2 ffffffffffffffff 0
[cyc  961] [R SHIFT BY OCTET IN] 23 24 25 26 27 28 29 2a 2b 2c 2d 2e 2f 30 31 32 33 34 35 36 37 38 39 3a 3b 3c 3d 3e 3f 40 41 42 43 44 45 46 47 48 49 4a 4b 4c 4d 4e 4f 50 51 52 53 54 55 56 57 58 59 5a 5b 5c 5d 5e 5f 60 61 62 ffffffffffffffff 0
[cyc  961] [R SHIFT BY OCTET OUT] ef f0 f1 f2 f3 f4 f5 f6 f7 f8 f9 fa fb fc fd fe ff 00 01 02 03 04 05 06 07 08 09 0a 0b 0c 0d 0e 0f 10 11 12 13 14 15 16 17 18 19 1a 1b 1c 1d 1e 1f 20 21 22 23 24 25 26 27 28 29 2a 2b 2c 2d 2e ffffffffffffffff 0
[cyc  961] [STRIP MRC headers IN 0] ef f0 f1 f2 f3 f4 f5 f6 f7 f8 f9 fa fb fc fd fe ff 00 01 02 03 04 05 06 07 08 09 0a 0b 0c 0d 0e 0f 10 11 12 13 14 15 16 17 18 19 1a 1b 1c 1d 1e 1f 20 21 22 23 24 25 26 27 28 29 2a 2b 2c 2d 2e ffffffffffffffff 0
[cyc  961] [STRIP MRC headers OUT 0] b3 b4 b5 b6 b7 b8 b9 ba bb bc bd be bf c0 c1 c2 c3 c4 c5 c6 c7 c8 c9 ca cb cc cd ce cf d0 d1 d2 d3 d4 d5 d6 d7 d8 d9 da db dc dd de df e0 e1 e2 e3 e4 e5 e6 e7 e8 e9 ea eb ec ed ee ef f0 f1 f2 ffffffffffffffff 0
[cyc  961] [META MERGER 0]: reading from ack event with qpn 0x5, psn 0x0a0b0e
[cyc  962] [R SHIFT BY OCTET IN] 63 64 65 66 67 68 69 6a 6b 6c 6d 6e 6f 70 71 72 73 74 75 76 77 78 79 7a 7b 7c 7d 7e 7f 80 81 82 83 84 85 86 87 88 89 8a 8b 8c 8d 8e 8f 90 91 92 93 94 95 96 97 98 99 9a 9b 9c 9d 9e 9f a0 a1 a2 ffffffffffffffff 0
[cyc  962] [R SHIFT BY OCTET OUT] 2f 30 31 32 33 34 35 36 37 38 39 3a 3b 3c 3d 3e 3f 40 41 42 43 44 45 46 47 48 49 4a 4b 4c 4d 4e 4f 50 51 52 53 54 55 56 57 58 59 5a 5b 5c 5d 5e 5f 60 61 62 63 64 65 66 67 68 69 6a 6b 6c 6d 6e ffffffffffffffff 0
[cyc  962] [STRIP MRC headers IN 0] 2f 30 31 32 33 34 35 36 37 38 39 3a 3b 3c 3d 3e 3f 40 41 42 43 44 45 46 47 48 49 4a 4b 4c 4d 4e 4f 50 51 52 53 54 55 56 57 58 59 5a 5b 5c 5d 5e 5f 60 61 62 63 64 65 66 67 68 69 6a 6b 6c 6d 6e ffffffffffffffff 0
[cyc  962] [STRIP MRC headers OUT 0] f3 f4 f5 f6 f7 f8 f9 fa fb fc fd fe ff 00 01 02 03 04 05 06 07 08 09 0a 0b 0c 0d 0e 0f 10 11 12 13 14 15 16 17 18 19 1a 1b 1c 1d 1e 1f 20 21 22 23 24 25 26 27 28 29 2a 2b 2c 2d 2e 2f 30 31 32 ffffffffffffffff 0
[cyc  962] [R SHIFT BY OCTET IN] 00 00 00 00 00 00 10 00 00 00 12 34 00 00 03 e8 03 04 05 06 07 08 09 0a 0b 0c 0d 0e 0f 10 11 12 13 14 15 16 17 18 19 1a 1b 1c 1d 1e 1f 20 21 22 23 24 25 26 27 28 29 2a 2b 2c 2d 2e 2f 30 31 32 ffffffffffffffff 0
[cyc  963] [R SHIFT BY OCTET IN] a3 a4 a5 a6 a7 a8 a9 aa ab ac ad ae af b0 b1 b2 b3 b4 b5 b6 b7 b8 b9 ba bb bc bd be bf c0 c1 c2 c3 c4 c5 c6 c7 c8 c9 ca cb cc cd ce cf d0 d1 d2 d3 d4 d5 d6 d7 d8 d9 da db dc dd de df e0 e1 e2 ffffffffffffffff 0
[cyc  963] [R SHIFT BY OCTET OUT] 6f 70 71 72 73 74 75 76 77 78 79 7a 7b 7c 7d 7e 7f 80 81 82 83 84 85 86 87 88 89 8a 8b 8c 8d 8e 8f 90 91 92 93 94 95 96 97 98 99 9a 9b 9c 9d 9e 9f a0 a1 a2 a3 a4 a5 a6 a7 a8 a9 aa ab ac ad ae ffffffffffffffff 0
[cyc  963] [STRIP MRC headers IN 0] 6f 70 71 72 73 74 75 76 77 78 79 7a 7b 7c 7d 7e 7f 80 81 82 83 84 85 86 87 88 89 8a 8b 8c 8d 8e 8f 90 91 92 93 94 95 96 97 98 99 9a 9b 9c 9d 9e 9f a0 a1 a2 a3 a4 a5 a6 a7 a8 a9 aa ab ac ad ae ffffffffffffffff 0
[cyc  963] [STRIP MRC headers OUT 0] 33 34 35 36 37 38 39 3a 3b 3c 3d 3e 3f 40 41 42 43 44 45 46 47 48 49 4a 4b 4c 4d 4e 4f 50 51 52 53 54 55 56 57 58 59 5a 5b 5c 5d 5e 5f 60 61 62 63 64 65 66 67 68 69 6a 6b 6c 6d 6e 6f 70 71 72 ffffffffffffffff 0
[cyc  963] [R SHIFT BY OCTET IN] 33 34 35 36 37 38 39 3a 3b 3c 3d 3e 3f 40 41 42 43 44 45 46 47 48 49 4a 4b 4c 4d 4e 4f 50 51 52 53 54 55 56 57 58 59 5a 5b 5c 5d 5e 5f 60 61 62 63 64 65 66 67 68 69 6a 6b 6c 6d 6e 6f 70 71 72 ffffffffffffffff 0
[cyc  963] [R SHIFT BY OCTET OUT] 03 04 05 06 07 08 09 0a 0b 0c 0d 0e 0f 10 11 12 13 14 15 16 17 18 19 1a 1b 1c 1d 1e 1f 20 21 22 23 24 25 26 27 28 29 2a 2b 2c 2d 2e 2f 30 31 32 33 34 35 36 37 38 39 3a 3b 3c 3d 3e 3f 40 41 42 ffffffffffffffff 0
[cyc  964] [R SHIFT BY OCTET IN] e3 e4 e5 e6 e7 e8 e9 ea eb ec ed ee ef f0 f1 f2 f3 f4 f5 f6 f7 f8 f9 fa fb fc fd fe ff 00 01 02 03 04 05 06 07 08 09 0a 0b 0c 0d 0e 0f 10 11 12 13 14 15 16 17 18 19 1a 1b 1c 1d 1e 1f 20 21 22 ffffffffffffffff 0
[cyc  964] [R SHIFT BY OCTET OUT] af b0 b1 b2 b3 b4 b5 b6 b7 b8 b9 ba bb bc bd be bf c0 c1 c2 c3 c4 c5 c6 c7 c8 c9 ca cb cc cd ce cf d0 d1 d2 d3 d4 d5 d6 d7 d8 d9 da db dc dd de df e0 e1 e2 e3 e4 e5 e6 e7 e8 e9 ea eb ec ed ee ffffffffffffffff 0
[cyc  964] [STRIP MRC headers IN 0] af b0 b1 b2 b3 b4 b5 b6 b7 b8 b9 ba bb bc bd be bf c0 c1 c2 c3 c4 c5 c6 c7 c8 c9 ca cb cc cd ce cf d0 d1 d2 d3 d4 d5 d6 d7 d8 d9 da db dc dd de df e0 e1 e2 e3 e4 e5 e6 e7 e8 e9 ea eb ec ed ee ffffffffffffffff 0
[cyc  964] [STRIP MRC headers OUT 0] 73 74 75 76 77 78 79 7a 7b 7c 7d 7e 7f 80 81 82 83 84 85 86 87 88 89 8a 8b 8c 8d 8e 8f 90 91 92 93 94 95 96 97 98 99 9a 9b 9c 9d 9e 9f a0 a1 a2 a3 a4 a5 a6 a7 a8 a9 aa ab ac ad ae af b0 b1 b2 ffffffffffffffff 0
[cyc  964] [R SHIFT BY OCTET IN] 73 74 75 76 77 78 79 7a 7b 7c 7d 7e 7f 80 81 82 83 84 85 86 87 88 89 8a 8b 8c 8d 8e 8f 90 91 92 93 94 95 96 97 98 99 9a 9b 9c 9d 9e 9f a0 a1 a2 a3 a4 a5 a6 a7 a8 a9 aa ab ac ad ae af b0 b1 b2 ffffffffffffffff 0
[cyc  964] [R SHIFT BY OCTET OUT] 43 44 45 46 47 48 49 4a 4b 4c 4d 4e 4f 50 51 52 53 54 55 56 57 58 59 5a 5b 5c 5d 5e 5f 60 61 62 63 64 65 66 67 68 69 6a 6b 6c 6d 6e 6f 70 71 72 73 74 75 76 77 78 79 7a 7b 7c 7d 7e 7f 80 81 82 ffffffffffffffff 0
[cyc  964] [GENERATE EXH 0]: MRC_ACK with qpn 0x5, psn 0x0a0b0e
[cyc  964] [GENERATE EXH 0]: MRC_ACK 1f 00 00 03 47 48 49 4a 00 71 f4 d0 83 e8 5f f6 60 fa 8b 9e 40 5f 00 00 40 be 46 89 fe 7f 00 00 d0 fa 8b 9e 40 5f 00 00 44 5b 81 9e 40 5f 00 00 44 c0 46 89 fe 7f 00 00 87 16 85 9e 40 5f 00 00 000000000000000f 1
[cyc  964] [APPEND PAYLOAD 0]: moving to state HEADER
[cyc  964] [TX IP UDP META MERGER 0]: port 0xc000
[cyc  965] [R SHIFT BY OCTET IN] 23 24 25 26 27 28 29 2a 2b 2c 2d 2e 2f 30 31 32 33 34 35 36 37 38 39 3a 3b 3c 3d 3e 3f 40 41 42 43 44 45 46 47 48 49 4a 4b 4c 4d 4e 4f 50 51 52 53 54 55 56 57 58 59 5a 5b 5c 5d 5e 5f 60 61 62 ffffffffffffffff 0
[cyc  965] [R SHIFT BY OCTET OUT] ef f0 f1 f2 f3 f4 f5 f6 f7 f8 f9 fa fb fc fd fe ff 00 01 02 03 04 05 06 07 08 09 0a 0b 0c 0d 0e 0f 10 11 12 13 14 15 16 17 18 19 1a 1b 1c 1d 1e 1f 20 21 22 23 24 25 26 27 28 29 2a 2b 2c 2d 2e ffffffffffffffff 0
[cyc  965] [STRIP MRC headers IN 0] ef f0 f1 f2 f3 f4 f5 f6 f7 f8 f9 fa fb fc fd fe ff 00 01 02 03 04 05 06 07 08 09 0a 0b 0c 0d 0e 0f 10 11 12 13 14 15 16 17 18 19 1a 1b 1c 1d 1e 1f 20 21 22 23 24 25 26 27 28 29 2a 2b 2c 2d 2e ffffffffffffffff 0
[cyc  965] [STRIP MRC headers OUT 0] b3 b4 b5 b6 b7 b8 b9 ba bb bc bd be bf c0 c1 c2 c3 c4 c5 c6 c7 c8 c9 ca cb cc cd ce cf d0 d1 d2 d3 d4 d5 d6 d7 d8 d9 da db dc dd de df e0 e1 e2 e3 e4 e5 e6 e7 e8 e9 ea eb ec ed ee ef f0 f1 f2 ffffffffffffffff 0
[cyc  965] [R SHIFT BY OCTET IN] b3 b4 b5 b6 b7 b8 b9 ba bb bc bd be bf c0 c1 c2 c3 c4 c5 c6 c7 c8 c9 ca cb cc cd ce cf d0 d1 d2 d3 d4 d5 d6 d7 d8 d9 da db dc dd de df e0 e1 e2 e3 e4 e5 e6 e7 e8 e9 ea eb ec ed ee ef f0 f1 f2 ffffffffffffffff 0
[cyc  965] [R SHIFT BY OCTET OUT] 83 84 85 86 87 88 89 8a 8b 8c 8d 8e 8f 90 91 92 93 94 95 96 97 98 99 9a 9b 9c 9d 9e 9f a0 a1 a2 a3 a4 a5 a6 a7 a8 a9 aa ab ac ad ae af b0 b1 b2 b3 b4 b5 b6 b7 b8 b9 ba bb bc bd be bf c0 c1 c2 ffffffffffffffff 0
[cyc  965] [APPEND PAYLOAD 0]: moving to state INFO
[cyc  965] [GENERATE IBH 0]: input meta, opcode 0xd1 valid psn 0x0a0b0e
[cyc  965] [PREPEND IBH HEADER 0]: going to state PARTIAL_HEADER
[cyc  966] [R SHIFT BY OCTET IN] 63 64 65 66 67 68 69 6a 6b 6c 6d 6e 6f 70 71 72 73 74 75 76 77 78 79 7a 7b 7c 7d 7e 7f 80 81 82 83 84 85 86 87 88 89 8a 8b 8c 8d 8e 8f 90 91 92 93 94 95 96 97 98 99 9a 9b 9c 9d 9e 9f a0 a1 a2 ffffffffffffffff 0
[cyc  966] [R SHIFT BY OCTET OUT] 2f 30 31 32 33 34 35 36 37 38 39 3a 3b 3c 3d 3e 3f 40 41 42 43 44 45 46 47 48 49 4a 4b 4c 4d 4e 4f 50 51 52 53 54 55 56 57 58 59 5a 5b 5c 5d 5e 5f 60 61 62 63 64 65 66 67 68 69 6a 6b 6c 6d 6e ffffffffffffffff 0
[cyc  966] [STRIP MRC headers IN 0] 2f 30 31 32 33 34 35 36 37 38 39 3a 3b 3c 3d 3e 3f 40 41 42 43 44 45 46 47 48 49 4a 4b 4c 4d 4e 4f 50 51 52 53 54 55 56 57 58 59 5a 5b 5c 5d 5e 5f 60 61 62 63 64 65 66 67 68 69 6a 6b 6c 6d 6e ffffffffffffffff 0
[cyc  966] [STRIP MRC headers OUT 0] f3 f4 f5 f6 f7 f8 f9 fa fb fc fd fe ff 00 01 02 03 04 05 06 07 08 09 0a 0b 0c 0d 0e 0f 10 11 12 13 14 15 16 17 18 19 1a 1b 1c 1d 1e 1f 20 21 22 23 24 25 26 27 28 29 2a 2b 2c 2d 2e 2f 30 31 32 ffffffffffffffff 0
[cyc  966] [R SHIFT BY OCTET IN] f3 f4 f5 f6 f7 f8 f9 fa fb fc fd fe ff 00 01 02 03 04 05 06 07 08 09 0a 0b 0c 0d 0e 0f 10 11 12 13 14 15 16 17 18 19 1a 1b 1c 1d 1e 1f 20 21 22 23 24 25 26 27 28 29 2a 2b 2c 2d 2e 2f 30 31 32 ffffffffffffffff 0
[cyc  966] [R SHIFT BY OCTET OUT] c3 c4 c5 c6 c7 c8 c9 ca cb cc cd ce cf d0 d1 d2 d3 d4 d5 d6 d7 d8 d9 da db dc dd de df e0 e1 e2 e3 e4 e5 e6 e7 e8 e9 ea eb ec ed ee ef f0 f1 f2 f3 f4 f5 f6 f7 f8 f9 fa fb fc fd fe ff 00 01 02 ffffffffffffffff 0
[cyc  966] [PREPEND IBH HEADER 0]: IBH PARTIAL PAYLOAD
[cyc  966] 00 00 00 00 00 00 00 00 00 00 00 00 1f 00 00 03 47 48 49 4a 00 71 f4 d0 83 e8 5f f6 60 fa 8b 9e 40 5f 00 00 40 be 46 89 fe 7f 00 00 d0 fa 8b 9e 40 5f 00 00 44 5b 81 9e 40 5f 00 00 44 c0 46 89 000000000000ffff 1
[cyc  966] [PREPEND IBH HEADER 0]: IBH PARTIAL HEADER
[cyc  966] d1 00 ff ff 00 00 00 42 00 0a 0b 0e 1f 00 00 03 47 48 49 4a 00 71 f4 d0 83 e8 5f f6 60 fa 8b 9e 40 5f 00 00 40 be 46 89 fe 7f 00 00 d0 fa 8b 9e 40 5f 00 00 44 5b 81 9e 40 5f 00 00 44 c0 46 89 000000000000ffff 1
[cyc  967] [R SHIFT BY OCTET IN] a3 a4 a5 a6 a7 a8 a9 aa ab ac ad ae af b0 b1 b2 b3 b4 b5 b6 b7 b8 b9 ba bb bc bd be bf c0 c1 c2 c3 c4 c5 c6 c7 c8 c9 ca cb cc cd ce cf d0 d1 d2 d3 d4 d5 d6 d7 d8 d9 da db dc dd de df e0 e1 e2 ffffffffffffffff 0
[cyc  967] [R SHIFT BY OCTET OUT] 6f 70 71 72 73 74 75 76 77 78 79 7a 7b 7c 7d 7e 7f 80 81 82 83 84 85 86 87 88 89 8a 8b 8c 8d 8e 8f 90 91 92 93 94 95 96 97 98 99 9a 9b 9c 9d 9e 9f a0 a1 a2 a3 a4 a5 a6 a7 a8 a9 aa ab ac ad ae ffffffffffffffff 0
[cyc  967] [STRIP MRC headers IN 0] 6f 70 71 72 73 74 75 76 77 78 79 7a 7b 7c 7d 7e 7f 80 81 82 83 84 85 86 87 88 89 8a 8b 8c 8d 8e 8f 90 91 92 93 94 95 96 97 98 99 9a 9b 9c 9d 9e 9f a0 a1 a2 a3 a4 a5 a6 a7 a8 a9 aa ab ac ad ae ffffffffffffffff 0
[cyc  967] [STRIP MRC headers OUT 0] 33 34 35 36 37 38 39 3a 3b 3c 3d 3e 3f 40 41 42 43 44 45 46 47 48 49 4a 4b 4c 4d 4e 4f 50 51 52 53 54 55 56 57 58 59 5a 5b 5c 5d 5e 5f 60 61 62 63 64 65 66 67 68 69 6a 6b 6c 6d 6e 6f 70 71 72 ffffffffffffffff 0
[cyc  967] [R SHIFT BY OCTET IN] 33 34 35 36 37 38 39 3a 3b 3c 3d 3e 3f 40 41 42 43 44 45 46 47 48 49 4a 4b 4c 4d 4e 4f 50 51 52 53 54 55 56 57 58 59 5a 5b 5c 5d 5e 5f 60 61 62 63 64 65 66 67 68 69 6a 6b 6c 6d 6e 6f 70 71 72 ffffffffffffffff 0
[cyc  967] [R SHIFT BY OCTET OUT] 03 04 05 06 07 08 09 0a 0b 0c 0d 0e 0f 10 11 12 13 14 15 16 17 18 19 1a 1b 1c 1d 1e 1f 20 21 22 23 24 25 26 27 28 29 2a 2b 2c 2d 2e 2f 30 31 32 33 34 35 36 37 38 39 3a 3b 3c 3d 3e 3f 40 41 42 ffffffffffffffff 0
[cyc  968] [R SHIFT BY OCTET IN] e3 e4 e5 e6 e7 e8 e9 ea eb ec ed ee ef f0 f1 f2 f3 f4 f5 f6 f7 f8 f9 fa fb fc fd fe ff 00 01 02 03 04 05 06 07 08 09 0a 0b 0c 0d 0e 0f 10 11 12 13 14 15 16 17 18 19 1a 1b 1c 1d 1e 1f 20 21 22 ffffffffffffffff 0
[cyc  968] [R SHIFT BY OCTET OUT] af b0 b1 b2 b3 b4 b5 b6 b7 b8 b9 ba bb bc bd be bf c0 c1 c2 c3 c4 c5 c6 c7 c8 c9 ca cb cc cd ce cf d0 d1 d2 d3 d4 d5 d6 d7 d8 d9 da db dc dd de df e0 e1 e2 e3 e4 e5 e6 e7 e8 e9 ea eb ec ed ee ffffffffffffffff 0
[cyc  968] [STRIP MRC headers IN 0] af b0 b1 b2 b3 b4 b5 b6 b7 b8 b9 ba bb bc bd be bf c0 c1 c2 c3 c4 c5 c6 c7 c8 c9 ca cb cc cd ce cf d0 d1 d2 d3 d4 d5 d6 d7 d8 d9 da db dc dd de df e0 e1 e2 e3 e4 e5 e6 e7 e8 e9 ea eb ec ed ee ffffffffffffffff 0
[cyc  968] [STRIP MRC headers OUT 0] 73 74 75 76 77 78 79 7a 7b 7c 7d 7e 7f 80 81 82 83 84 85 86 87 88 89 8a 8b 8c 8d 8e 8f 90 91 92 93 94 95 96 97 98 99 9a 9b 9c 9d 9e 9f a0 a1 a2 a3 a4 a5 a6 a7 a8 a9 aa ab ac ad ae af b0 b1 b2 ffffffffffffffff 0
[cyc  968] [R SHIFT BY OCTET IN] 73 74 75 76 77 78 79 7a 7b 7c 7d 7e 7f 80 81 82 83 84 85 86 87 88 89 8a 8b 8c 8d 8e 8f 90 91 92 93 94 95 96 97 98 99 9a 9b 9c 9d 9e 9f a0 a1 a2 a3 a4 a5 a6 a7 a8 a9 aa ab ac ad ae af b0 b1 b2 ffffffffffffffff 0
[cyc  968] [R SHIFT BY OCTET OUT] 43 44 45 46 47 48 49 4a 4b 4c 4d 4e 4f 50 51 52 53 54 55 56 57 58 59 5a 5b 5c 5d 5e 5f 60 61 62 63 64 65 66 67 68 69 6a 6b 6c 6d 6e 6f 70 71 72 73 74 75 76 77 78 79 7a 7b 7c 7d 7e 7f 80 81 82 ffffffffffffffff 0
[cyc  969] [R SHIFT BY OCTET IN] 23 24 25 26 27 28 29 2a 2b 2c 2d 2e 2f 30 31 32 33 34 35 36 37 38 39 3a 3b 3c 3d 3e 3f 40 41 42 43 44 45 46 47 48 49 4a 4b 4c 4d 4e 4f 50 51 52 53 54 55 56 57 58 59 5a 5b 5c 5d 5e 5f 60 61 62 ffffffffffffffff 0
[cyc  969] [R SHIFT BY OCTET OUT] ef f0 f1 f2 f3 f4 f5 f6 f7 f8 f9 fa fb fc fd fe ff 00 01 02 03 04 05 06 07 08 09 0a 0b 0c 0d 0e 0f 10 11 12 13 14 15 16 17 18 19 1a 1b 1c 1d 1e 1f 20 21 22 23 24 25 26 27 28 29 2a 2b 2c 2d 2e ffffffffffffffff 0
[cyc  969] [STRIP MRC headers IN 0] ef f0 f1 f2 f3 f4 f5 f6 f7 f8 f9 fa fb fc fd fe ff 00 01 02 03 04 05 06 07 08 09 0a 0b 0c 0d 0e 0f 10 11 12 13 14 15 16 17 18 19 1a 1b 1c 1d 1e 1f 20 21 22 23 24 25 26 27 28 29 2a 2b 2c 2d 2e ffffffffffffffff 0
[cyc  969] [STRIP MRC headers OUT 0] b3 b4 b5 b6 b7 b8 b9 ba bb bc bd be bf c0 c1 c2 c3 c4 c5 c6 c7 c8 c9 ca cb cc cd ce cf d0 d1 d2 d3 d4 d5 d6 d7 d8 d9 da db dc dd de df e0 e1 e2 e3 e4 e5 e6 e7 e8 e9 ea eb ec ed ee ef f0 f1 f2 ffffffffffffffff 0
[cyc  969] [R SHIFT BY OCTET IN] b3 b4 b5 b6 b7 b8 b9 ba bb bc bd be bf c0 c1 c2 c3 c4 c5 c6 c7 c8 c9 ca cb cc cd ce cf d0 d1 d2 d3 d4 d5 d6 d7 d8 d9 da db dc dd de df e0 e1 e2 e3 e4 e5 e6 e7 e8 e9 ea eb ec ed ee ef f0 f1 f2 ffffffffffffffff 0
[cyc  969] [R SHIFT BY OCTET OUT] 83 84 85 86 87 88 89 8a 8b 8c 8d 8e 8f 90 91 92 93 94 95 96 97 98 99 9a 9b 9c 9d 9e 9f a0 a1 a2 a3 a4 a5 a6 a7 a8 a9 aa ab ac ad ae af b0 b1 b2 b3 b4 b5 b6 b7 b8 b9 ba bb bc bd be bf c0 c1 c2 ffffffffffffffff 0
[cyc  970] [R SHIFT BY OCTET IN] 63 64 65 66 67 68 69 6a 6b 6c 6d 6e 6f 70 71 72 73 74 75 76 77 78 79 7a 7b 7c 7d 7e 7f 80 81 82 83 84 85 86 87 88 89 8a 8b 8c 8d 8e 8f 90 91 92 93 94 95 96 97 98 99 9a 9b 9c 9d 9e 9f a0 a1 a2 ffffffffffffffff 0
[cyc  970] [R SHIFT BY OCTET OUT] 2f 30 31 32 33 34 35 36 37 38 39 3a 3b 3c 3d 3e 3f 40 41 42 43 44 45 46 47 48 49 4a 4b 4c 4d 4e 4f 50 51 52 53 54 55 56 57 58 59 5a 5b 5c 5d 5e 5f 60 61 62 63 64 65 66 67 68 69 6a 6b 6c 6d 6e ffffffffffffffff 0
[cyc  970] [STRIP MRC headers IN 0] 2f 30 31 32 33 34 35 36 37 38 39 3a 3b 3c 3d 3e 3f 40 41 42 43 44 45 46 47 48 49 4a 4b 4c 4d 4e 4f 50 51 52 53 54 55 56 57 58 59 5a 5b 5c 5d 5e 5f 60 61 62 63 64 65 66 67 68 69 6a 6b 6c 6d 6e ffffffffffffffff 0
[cyc  970] [STRIP MRC headers OUT 0] f3 f4 f5 f6 f7 f8 f9 fa fb fc fd fe ff 00 01 02 03 04 05 06 07 08 09 0a 0b 0c 0d 0e 0f 10 11 12 13 14 15 16 17 18 19 1a 1b 1c 1d 1e 1f 20 21 22 23 24 25 26 27 28 29 2a 2b 2c 2d 2e 2f 30 31 32 ffffffffffffffff 0
[cyc  970] [R SHIFT BY OCTET IN] f3 f4 f5 f6 f7 f8 f9 fa fb fc fd fe ff 00 01 02 03 04 05 06 07 08 09 0a 0b 0c 0d 0e 0f 10 11 12 13 14 15 16 17 18 19 1a 1b 1c 1d 1e 1f 20 21 22 23 24 25 26 27 28 29 2a 2b 2c 2d 2e 2f 30 31 32 ffffffffffffffff 0
[cyc  970] [R SHIFT BY OCTET OUT] c3 c4 c5 c6 c7 c8 c9 ca cb cc cd ce cf d0 d1 d2 d3 d4 d5 d6 d7 d8 d9 da db dc dd de df e0 e1 e2 e3 e4 e5 e6 e7 e8 e9 ea eb ec ed ee ef f0 f1 f2 f3 f4 f5 f6 f7 f8 f9 fa fb fc fd fe ff 00 01 02 ffffffffffffffff 0
[cyc  971] [R SHIFT BY OCTET IN] a3 a4 a5 a6 a7 a8 a9 aa ab ac ad ae af b0 b1 b2 b3 b4 b5 b6 b7 b8 b9 ba bb bc bd be bf c0 c1 c2 c3 c4 c5 c6 c7 c8 c9 ca cb cc cd ce cf d0 d1 d2 d3 d4 d5 d6 d7 d8 d9 da db dc dd de df e0 e1 e2 ffffffffffffffff 0
[cyc  971] [R SHIFT BY OCTET OUT] 6f 70 71 72 73 74 75 76 77 78 79 7a 7b 7c 7d 7e 7f 80 81 82 83 84 85 86 87 88 89 8a 8b 8c 8d 8e 8f 90 91 92 93 94 95 96 97 98 99 9a 9b 9c 9d 9e 9f a0 a1 a2 a3 a4 a5 a6 a7 a8 a9 aa ab ac ad ae ffffffffffffffff 0
[cyc  971] [STRIP MRC headers IN 0] 6f 70 71 72 73 74 75 76 77 78 79 7a 7b 7c 7d 7e 7f 80 81 82 83 84 85 86 87 88 89 8a 8b 8c 8d 8e 8f 90 91 92 93 94 95 96 97 98 99 9a 9b 9c 9d 9e 9f a0 a1 a2 a3 a4 a5 a6 a7 a8 a9 aa ab ac ad ae ffffffffffffffff 0
[cyc  971] [STRIP MRC headers OUT 0] 33 34 35 36 37 38 39 3a 3b 3c 3d 3e 3f 40 41 42 43 44 45 46 47 48 49 4a 4b 4c 4d 4e 4f 50 51 52 53 54 55 56 57 58 59 5a 5b 5c 5d 5e 5f 60 61 62 63 64 65 66 67 68 69 6a 6b 6c 6d 6e 6f 70 71 72 ffffffffffffffff 0
[cyc  971] [R SHIFT BY OCTET IN] 33 34 35 36 37 38 39 3a 3b 3c 3d 3e 3f 40 41 42 43 44 45 46 47 48 49 4a 4b 4c 4d 4e 4f 50 51 52 53 54 55 56 57 58 59 5a 5b 5c 5d 5e 5f 60 61 62 63 64 65 66 67 68 69 6a 6b 6c 6d 6e 6f 70 71 72 ffffffffffffffff 0
[cyc  971] [R SHIFT BY OCTET OUT] 03 04 05 06 07 08 09 0a 0b 0c 0d 0e 0f 10 11 12 13 14 15 16 17 18 19 1a 1b 1c 1d 1e 1f 20 21 22 23 24 25 26 27 28 29 2a 2b 2c 2d 2e 2f 30 31 32 33 34 35 36 37 38 39 3a 3b 3c 3d 3e 3f 40 41 42 ffffffffffffffff 0
[cyc  972] [TB] last beat of packet 0 (17 beat(s))
[cyc  972] [R SHIFT BY OCTET IN] e3 e4 e5 e6 e7 e8 e9 ea 00 00 00 00 00 00 00 00 00 00 00 00 00 00 00 00 00 00 00 00 00 00 00 00 00 00 00 00 00 00 00 00 00 00 00 00 00 00 00 00 00 00 00 00 00 00 00 00 00 00 00 00 00 00 00 00 00000000000000ff 1  <- last
[cyc  972] [R SHIFT BY OCTET OUT] af b0 b1 b2 b3 b4 b5 b6 b7 b8 b9 ba bb bc bd be bf c0 c1 c2 c3 c4 c5 c6 c7 c8 c9 ca cb cc cd ce cf d0 d1 d2 d3 d4 d5 d6 d7 d8 d9 da db dc dd de df e0 e1 e2 e3 e4 e5 e6 e7 e8 e9 ea 00 00 00 00 0fffffffffffffff 1  <- last
[cyc  972] [STRIP MRC headers IN 0] af b0 b1 b2 b3 b4 b5 b6 b7 b8 b9 ba bb bc bd be bf c0 c1 c2 c3 c4 c5 c6 c7 c8 c9 ca cb cc cd ce cf d0 d1 d2 d3 d4 d5 d6 d7 d8 d9 da db dc dd de df e0 e1 e2 e3 e4 e5 e6 e7 e8 e9 ea 00 00 00 00 0fffffffffffffff 1  <- last
[cyc  972] [STRIP MRC headers OUT 0] 73 74 75 76 77 78 79 7a 7b 7c 7d 7e 7f 80 81 82 83 84 85 86 87 88 89 8a 8b 8c 8d 8e 8f 90 91 92 93 94 95 96 97 98 99 9a 9b 9c 9d 9e 9f a0 a1 a2 a3 a4 a5 a6 a7 a8 a9 aa ab ac ad ae af b0 b1 b2 ffffffffffffffff 0
[cyc  972] [R SHIFT BY OCTET IN] 73 74 75 76 77 78 79 7a 7b 7c 7d 7e 7f 80 81 82 83 84 85 86 87 88 89 8a 8b 8c 8d 8e 8f 90 91 92 93 94 95 96 97 98 99 9a 9b 9c 9d 9e 9f a0 a1 a2 a3 a4 a5 a6 a7 a8 a9 aa ab ac ad ae af b0 b1 b2 ffffffffffffffff 0
[cyc  972] [R SHIFT BY OCTET OUT] 43 44 45 46 47 48 49 4a 4b 4c 4d 4e 4f 50 51 52 53 54 55 56 57 58 59 5a 5b 5c 5d 5e 5f 60 61 62 63 64 65 66 67 68 69 6a 6b 6c 6d 6e 6f 70 71 72 73 74 75 76 77 78 79 7a 7b 7c 7d 7e 7f 80 81 82 ffffffffffffffff 0
[TB] All packets fed, running 300 more cycles...
[cyc  973] [STRIP MRC headers OUT 0] b3 b4 b5 b6 b7 b8 b9 ba bb bc bd be bf c0 c1 c2 c3 c4 c5 c6 c7 c8 c9 ca cb cc cd ce cf d0 d1 d2 d3 d4 d5 d6 d7 d8 d9 da db dc dd de df e0 e1 e2 e3 e4 e5 e6 e7 e8 e9 ea 00 00 00 00 00 00 00 00 00ffffffffffffff 1  <- last
[cyc  973] [R SHIFT BY OCTET IN] b3 b4 b5 b6 b7 b8 b9 ba bb bc bd be bf c0 c1 c2 c3 c4 c5 c6 c7 c8 c9 ca cb cc cd ce cf d0 d1 d2 d3 d4 d5 d6 d7 d8 d9 da db dc dd de df e0 e1 e2 e3 e4 e5 e6 e7 e8 e9 ea eb ec ed ee ef f0 f1 f2 ffffffffffffffff 0
[cyc  973] [R SHIFT BY OCTET OUT] 83 84 85 86 87 88 89 8a 8b 8c 8d 8e 8f 90 91 92 93 94 95 96 97 98 99 9a 9b 9c 9d 9e 9f a0 a1 a2 a3 a4 a5 a6 a7 a8 a9 aa ab ac ad ae af b0 b1 b2 b3 b4 b5 b6 b7 b8 b9 ba bb bc bd be bf c0 c1 c2 ffffffffffffffff 0
[cyc  974] [R SHIFT BY OCTET IN] f3 f4 f5 f6 f7 f8 f9 fa fb fc fd fe ff 00 01 02 03 04 05 06 07 08 09 0a 0b 0c 0d 0e 0f 10 11 12 13 14 15 16 17 18 19 1a 1b 1c 1d 1e 1f 20 21 22 23 24 25 26 27 28 29 2a 2b 2c 2d 2e 2f 30 31 32 ffffffffffffffff 0
[cyc  974] [R SHIFT BY OCTET OUT] c3 c4 c5 c6 c7 c8 c9 ca cb cc cd ce cf d0 d1 d2 d3 d4 d5 d6 d7 d8 d9 da db dc dd de df e0 e1 e2 e3 e4 e5 e6 e7 e8 e9 ea eb ec ed ee ef f0 f1 f2 f3 f4 f5 f6 f7 f8 f9 fa fb fc fd fe ff 00 01 02 ffffffffffffffff 0
[cyc  975] [R SHIFT BY OCTET IN] 33 34 35 36 37 38 39 3a 3b 3c 3d 3e 3f 40 41 42 43 44 45 46 47 48 49 4a 4b 4c 4d 4e 4f 50 51 52 53 54 55 56 57 58 59 5a 5b 5c 5d 5e 5f 60 61 62 63 64 65 66 67 68 69 6a 6b 6c 6d 6e 6f 70 71 72 ffffffffffffffff 0
[cyc  975] [R SHIFT BY OCTET OUT] 03 04 05 06 07 08 09 0a 0b 0c 0d 0e 0f 10 11 12 13 14 15 16 17 18 19 1a 1b 1c 1d 1e 1f 20 21 22 23 24 25 26 27 28 29 2a 2b 2c 2d 2e 2f 30 31 32 33 34 35 36 37 38 39 3a 3b 3c 3d 3e 3f 40 41 42 ffffffffffffffff 0
[cyc  976] [R SHIFT BY OCTET IN] 73 74 75 76 77 78 79 7a 7b 7c 7d 7e 7f 80 81 82 83 84 85 86 87 88 89 8a 8b 8c 8d 8e 8f 90 91 92 93 94 95 96 97 98 99 9a 9b 9c 9d 9e 9f a0 a1 a2 a3 a4 a5 a6 a7 a8 a9 aa ab ac ad ae af b0 b1 b2 ffffffffffffffff 0
[cyc  976] [R SHIFT BY OCTET OUT] 43 44 45 46 47 48 49 4a 4b 4c 4d 4e 4f 50 51 52 53 54 55 56 57 58 59 5a 5b 5c 5d 5e 5f 60 61 62 63 64 65 66 67 68 69 6a 6b 6c 6d 6e 6f 70 71 72 73 74 75 76 77 78 79 7a 7b 7c 7d 7e 7f 80 81 82 ffffffffffffffff 0
[cyc  977] [R SHIFT BY OCTET IN] b3 b4 b5 b6 b7 b8 b9 ba bb bc bd be bf c0 c1 c2 c3 c4 c5 c6 c7 c8 c9 ca cb cc cd ce cf d0 d1 d2 d3 d4 d5 d6 d7 d8 d9 da db dc dd de df e0 e1 e2 e3 e4 e5 e6 e7 e8 e9 ea 00 00 00 00 00 00 00 00 00ffffffffffffff 1  <- last
[cyc  977] [R SHIFT BY OCTET OUT] 83 84 85 86 87 88 89 8a 8b 8c 8d 8e 8f 90 91 92 93 94 95 96 97 98 99 9a 9b 9c 9d 9e 9f a0 a1 a2 a3 a4 a5 a6 a7 a8 a9 aa ab ac ad ae af b0 b1 b2 b3 b4 b5 b6 b7 b8 b9 ba bb bc bd be bf c0 c1 c2 ffffffffffffffff 0
[cyc  978] [R SHIFT BY OCTET OUT] c3 c4 c5 c6 c7 c8 c9 ca cb cc cd ce cf d0 d1 d2 d3 d4 d5 d6 d7 d8 d9 da db dc dd de df e0 e1 e2 e3 e4 e5 e6 e7 e8 e9 ea 00 00 00 00 00 00 00 00 00 00 00 00 00 00 00 00 00 00 00 00 00 00 00 00 000000ffffffffff 1  <- last

[TB] ---- Outputs (cycle they left the module) ----
[TB] cyc 962 m_axis_mem_write_cmd: op=RC_RDMA_WRITE_ONLY qpn=0x5 addr=0x1000 len=1000 lst=1 host=1
[TB] cyc 979 m_axis_mem_write_data: 1000 B
      0000: 03 04 05 06 07 08 09 0a 0b 0c 0d 0e 0f 10 11 12 
      0010: 13 14 15 16 17 18 19 1a 1b 1c 1d 1e 1f 20 21 22 
      0020: 23 24 25 26 27 28 29 2a 2b 2c 2d 2e 2f 30 31 32 
      0030: 33 34 35 36 37 38 39 3a 3b 3c 3d 3e 3f 40 41 42 
      ... (936 more bytes)
[TB] cyc 967 m_axis_tx_data packet (16 B), meta: dst ip=0xa000002 length=20
      0000: d1 00 ff ff 00 00 00 42 00 0a 0b 0e 1f 00 00 03 

[TB] ---- Checks ----
[TB] Packet 0: TEST 02c: ONLY in order
  [PASS] a memory write command was issued for it
[TB]   memory command at cycle 962
  [PASS] memCmd.op_code = 0xca
  [PASS] memCmd.qpn     = 0x5
  [PASS] memCmd.addr    = 0x1000
  [PASS] memCmd.len     = 1000
  [PASS] memCmd.lst     = 0x1
  [PASS] payload data reached memory
[TB]   payload in memory by cycle 979
  [PASS] bytes written to memory = 1000
  [PASS] memory data is identical to the payload that was sent
  [PASS] a reply (ACK/NAK) was sent for it
[TB]   reply at cycle 967
  [PASS] tx meta: destination IP = 0xa000002
  [PASS] tx meta: UDP length (BTH+AETH+ICRC) = 20
[TB]   parsed reply: MRC_ACK  DestQP=0x42  PSN=0xa0b0e  AETH.syndrome=0x1f (ACK)  AETH.MSN=0x3
  [PASS] reply length in bytes = 16
  [PASS] reply BTH.opcode (MRC_ACK) = 0xd1
  [PASS] reply BTH.DestQP (remote QPN) = 0x42
  [PASS] reply BTH.PSN = 0xa0b0e
  [PASS] reply AETH.syndrome (ACK) = 0x1f
  [PASS] reply AETH.MSN = 0x3
[TB] Whole group
  [PASS] unexpected memory write commands = 0
  [PASS] unexpected memory payloads = 0
  [PASS] no memory data beat left without TLAST
  [PASS] unexpected packets sent back = 0
  [PASS] tx meta entries = tx packets = 1
  [PASS] invalid-PSN drop counter increase over the group = 0
  [PASS] ackMeta to the host (only used for our own requests) = 0
  [PASS] module consumed the whole input
  [PASS] no memory READ command issued

=====================================================================
  GROUP: TEST 02d: ONLY in order
=====================================================================
[TB] Packet 0: TEST 02d: ONLY in order
[TB]   state before: epsn=0xa0b0f last_psn=0xa0b0e
[TB]   RC_RDMA_WRITE_ONLY  DestQP=0x5  PSN=0xa0b0f, 658191  RETH.vaddr=0x1000  RETH.len=1000  payload=1000 B  UDP length=1044  (then drain and check)
      0000: ca 00 ff ff 00 00 00 05 80 0a 0b 0f 00 00 00 03 
      0010: 00 00 00 00 00 00 10 00 00 00 12 34 00 00 03 e8 
      0020: 04 05 06 07 08 09 0a 0b 0c 0d 0e 0f 10 11 12 13 
      0030: 14 15 16 17 18 19 1a 1b 1c 1d 1e 1f 20 21 22 23 
      ... (968 more bytes)

[TB] Feeding 1 packet(s)... (module prints follow)
[cyc 1273] [TB] first beat of packet 0 (TEST 02d: ONLY in order)
[cyc 1273] [RX PROCESS IBH 0]: input psn 0x0a0b0f
[cyc 1273] [RX PROCESS IBH 0]: process IBH opcode: ca
[cyc 1273] [R SHIFT BY OCTET IN] ca 00 ff ff 00 00 00 05 80 0a 0b 0f 00 00 00 03 00 00 00 00 00 00 10 00 00 00 12 34 00 00 03 e8 04 05 06 07 08 09 0a 0b 0c 0d 0e 0f 10 11 12 13 14 15 16 17 18 19 1a 1b 1c 1d 1e 1f 20 21 22 23 ffffffffffffffff 0
[cyc 1274] [R SHIFT BY OCTET IN] 24 25 26 27 28 29 2a 2b 2c 2d 2e 2f 30 31 32 33 34 35 36 37 38 39 3a 3b 3c 3d 3e 3f 40 41 42 43 44 45 46 47 48 49 4a 4b 4c 4d 4e 4f 50 51 52 53 54 55 56 57 58 59 5a 5b 5c 5d 5e 5f 60 61 62 63 ffffffffffffffff 0
[cyc 1274] [R SHIFT BY OCTET OUT] 00 00 00 03 00 00 00 00 00 00 10 00 00 00 12 34 00 00 03 e8 04 05 06 07 08 09 0a 0b 0c 0d 0e 0f 10 11 12 13 14 15 16 17 18 19 1a 1b 1c 1d 1e 1f 20 21 22 23 24 25 26 27 28 29 2a 2b 2c 2d 2e 2f ffffffffffffffff 0
[cyc 1274] [STRIP MRC headers IN 0] 00 00 00 03 00 00 00 00 00 00 10 00 00 00 12 34 00 00 03 e8 04 05 06 07 08 09 0a 0b 0c 0d 0e 0f 10 11 12 13 14 15 16 17 18 19 1a 1b 1c 1d 1e 1f 20 21 22 23 24 25 26 27 28 29 2a 2b 2c 2d 2e 2f ffffffffffffffff 0
[cyc 1275] [R SHIFT BY OCTET IN] 64 65 66 67 68 69 6a 6b 6c 6d 6e 6f 70 71 72 73 74 75 76 77 78 79 7a 7b 7c 7d 7e 7f 80 81 82 83 84 85 86 87 88 89 8a 8b 8c 8d 8e 8f 90 91 92 93 94 95 96 97 98 99 9a 9b 9c 9d 9e 9f a0 a1 a2 a3 ffffffffffffffff 0
[cyc 1275] [R SHIFT BY OCTET OUT] 30 31 32 33 34 35 36 37 38 39 3a 3b 3c 3d 3e 3f 40 41 42 43 44 45 46 47 48 49 4a 4b 4c 4d 4e 4f 50 51 52 53 54 55 56 57 58 59 5a 5b 5c 5d 5e 5f 60 61 62 63 64 65 66 67 68 69 6a 6b 6c 6d 6e 6f ffffffffffffffff 0
[cyc 1275] [STRIP MRC headers IN 0] 30 31 32 33 34 35 36 37 38 39 3a 3b 3c 3d 3e 3f 40 41 42 43 44 45 46 47 48 49 4a 4b 4c 4d 4e 4f 50 51 52 53 54 55 56 57 58 59 5a 5b 5c 5d 5e 5f 60 61 62 63 64 65 66 67 68 69 6a 6b 6c 6d 6e 6f ffffffffffffffff 0
[cyc 1275] [STRIP MRC headers OUT 0] 00 00 00 00 00 00 10 00 00 00 12 34 00 00 03 e8 04 05 06 07 08 09 0a 0b 0c 0d 0e 0f 10 11 12 13 14 15 16 17 18 19 1a 1b 1c 1d 1e 1f 20 21 22 23 24 25 26 27 28 29 2a 2b 2c 2d 2e 2f 30 31 32 33 ffffffffffffffff 0
[cyc 1276] [R SHIFT BY OCTET IN] a4 a5 a6 a7 a8 a9 aa ab ac ad ae af b0 b1 b2 b3 b4 b5 b6 b7 b8 b9 ba bb bc bd be bf c0 c1 c2 c3 c4 c5 c6 c7 c8 c9 ca cb cc cd ce cf d0 d1 d2 d3 d4 d5 d6 d7 d8 d9 da db dc dd de df e0 e1 e2 e3 ffffffffffffffff 0
[cyc 1276] [R SHIFT BY OCTET OUT] 70 71 72 73 74 75 76 77 78 79 7a 7b 7c 7d 7e 7f 80 81 82 83 84 85 86 87 88 89 8a 8b 8c 8d 8e 8f 90 91 92 93 94 95 96 97 98 99 9a 9b 9c 9d 9e 9f a0 a1 a2 a3 a4 a5 a6 a7 a8 a9 aa ab ac ad ae af ffffffffffffffff 0
[cyc 1276] [STRIP MRC headers IN 0] 70 71 72 73 74 75 76 77 78 79 7a 7b 7c 7d 7e 7f 80 81 82 83 84 85 86 87 88 89 8a 8b 8c 8d 8e 8f 90 91 92 93 94 95 96 97 98 99 9a 9b 9c 9d 9e 9f a0 a1 a2 a3 a4 a5 a6 a7 a8 a9 aa ab ac ad ae af ffffffffffffffff 0
[cyc 1276] [STRIP MRC headers OUT 0] 34 35 36 37 38 39 3a 3b 3c 3d 3e 3f 40 41 42 43 44 45 46 47 48 49 4a 4b 4c 4d 4e 4f 50 51 52 53 54 55 56 57 58 59 5a 5b 5c 5d 5e 5f 60 61 62 63 64 65 66 67 68 69 6a 6b 6c 6d 6e 6f 70 71 72 73 ffffffffffffffff 0
[cyc 1276] [RX IBH FSM 0]: epsn: 0x0a0b0f, 658191, packet psn: 0x0a0b0f, 658191, oldest outstanding psn: 0x8a0b0f, 9046799
[cyc 1277] [R SHIFT BY OCTET IN] e4 e5 e6 e7 e8 e9 ea eb ec ed ee ef f0 f1 f2 f3 f4 f5 f6 f7 f8 f9 fa fb fc fd fe ff 00 01 02 03 04 05 06 07 08 09 0a 0b 0c 0d 0e 0f 10 11 12 13 14 15 16 17 18 19 1a 1b 1c 1d 1e 1f 20 21 22 23 ffffffffffffffff 0
[cyc 1277] [R SHIFT BY OCTET OUT] b0 b1 b2 b3 b4 b5 b6 b7 b8 b9 ba bb bc bd be bf c0 c1 c2 c3 c4 c5 c6 c7 c8 c9 ca cb cc cd ce cf d0 d1 d2 d3 d4 d5 d6 d7 d8 d9 da db dc dd de df e0 e1 e2 e3 e4 e5 e6 e7 e8 e9 ea eb ec ed ee ef ffffffffffffffff 0
[cyc 1277] [STRIP MRC headers IN 0] b0 b1 b2 b3 b4 b5 b6 b7 b8 b9 ba bb bc bd be bf c0 c1 c2 c3 c4 c5 c6 c7 c8 c9 ca cb cc cd ce cf d0 d1 d2 d3 d4 d5 d6 d7 d8 d9 da db dc dd de df e0 e1 e2 e3 e4 e5 e6 e7 e8 e9 ea eb ec ed ee ef ffffffffffffffff 0
[cyc 1277] [STRIP MRC headers OUT 0] 74 75 76 77 78 79 7a 7b 7c 7d 7e 7f 80 81 82 83 84 85 86 87 88 89 8a 8b 8c 8d 8e 8f 90 91 92 93 94 95 96 97 98 99 9a 9b 9c 9d 9e 9f a0 a1 a2 a3 a4 a5 a6 a7 a8 a9 aa ab ac ad ae af b0 b1 b2 b3 ffffffffffffffff 0
[cyc 1278] [R SHIFT BY OCTET IN] 24 25 26 27 28 29 2a 2b 2c 2d 2e 2f 30 31 32 33 34 35 36 37 38 39 3a 3b 3c 3d 3e 3f 40 41 42 43 44 45 46 47 48 49 4a 4b 4c 4d 4e 4f 50 51 52 53 54 55 56 57 58 59 5a 5b 5c 5d 5e 5f 60 61 62 63 ffffffffffffffff 0
[cyc 1278] [R SHIFT BY OCTET OUT] f0 f1 f2 f3 f4 f5 f6 f7 f8 f9 fa fb fc fd fe ff 00 01 02 03 04 05 06 07 08 09 0a 0b 0c 0d 0e 0f 10 11 12 13 14 15 16 17 18 19 1a 1b 1c 1d 1e 1f 20 21 22 23 24 25 26 27 28 29 2a 2b 2c 2d 2e 2f ffffffffffffffff 0
[cyc 1278] [STRIP MRC headers IN 0] f0 f1 f2 f3 f4 f5 f6 f7 f8 f9 fa fb fc fd fe ff 00 01 02 03 04 05 06 07 08 09 0a 0b 0c 0d 0e 0f 10 11 12 13 14 15 16 17 18 19 1a 1b 1c 1d 1e 1f 20 21 22 23 24 25 26 27 28 29 2a 2b 2c 2d 2e 2f ffffffffffffffff 0
[cyc 1278] [STRIP MRC headers OUT 0] b4 b5 b6 b7 b8 b9 ba bb bc bd be bf c0 c1 c2 c3 c4 c5 c6 c7 c8 c9 ca cb cc cd ce cf d0 d1 d2 d3 d4 d5 d6 d7 d8 d9 da db dc dd de df e0 e1 e2 e3 e4 e5 e6 e7 e8 e9 ea eb ec ed ee ef f0 f1 f2 f3 ffffffffffffffff 0
[cyc 1278] [META MERGER 0]: reading from ack event with qpn 0x5, psn 0x0a0b0f
[cyc 1279] [R SHIFT BY OCTET IN] 64 65 66 67 68 69 6a 6b 6c 6d 6e 6f 70 71 72 73 74 75 76 77 78 79 7a 7b 7c 7d 7e 7f 80 81 82 83 84 85 86 87 88 89 8a 8b 8c 8d 8e 8f 90 91 92 93 94 95 96 97 98 99 9a 9b 9c 9d 9e 9f a0 a1 a2 a3 ffffffffffffffff 0
[cyc 1279] [R SHIFT BY OCTET OUT] 30 31 32 33 34 35 36 37 38 39 3a 3b 3c 3d 3e 3f 40 41 42 43 44 45 46 47 48 49 4a 4b 4c 4d 4e 4f 50 51 52 53 54 55 56 57 58 59 5a 5b 5c 5d 5e 5f 60 61 62 63 64 65 66 67 68 69 6a 6b 6c 6d 6e 6f ffffffffffffffff 0
[cyc 1279] [STRIP MRC headers IN 0] 30 31 32 33 34 35 36 37 38 39 3a 3b 3c 3d 3e 3f 40 41 42 43 44 45 46 47 48 49 4a 4b 4c 4d 4e 4f 50 51 52 53 54 55 56 57 58 59 5a 5b 5c 5d 5e 5f 60 61 62 63 64 65 66 67 68 69 6a 6b 6c 6d 6e 6f ffffffffffffffff 0
[cyc 1279] [STRIP MRC headers OUT 0] f4 f5 f6 f7 f8 f9 fa fb fc fd fe ff 00 01 02 03 04 05 06 07 08 09 0a 0b 0c 0d 0e 0f 10 11 12 13 14 15 16 17 18 19 1a 1b 1c 1d 1e 1f 20 21 22 23 24 25 26 27 28 29 2a 2b 2c 2d 2e 2f 30 31 32 33 ffffffffffffffff 0
[cyc 1279] [R SHIFT BY OCTET IN] 00 00 00 00 00 00 10 00 00 00 12 34 00 00 03 e8 04 05 06 07 08 09 0a 0b 0c 0d 0e 0f 10 11 12 13 14 15 16 17 18 19 1a 1b 1c 1d 1e 1f 20 21 22 23 24 25 26 27 28 29 2a 2b 2c 2d 2e 2f 30 31 32 33 ffffffffffffffff 0
[cyc 1280] [R SHIFT BY OCTET IN] a4 a5 a6 a7 a8 a9 aa ab ac ad ae af b0 b1 b2 b3 b4 b5 b6 b7 b8 b9 ba bb bc bd be bf c0 c1 c2 c3 c4 c5 c6 c7 c8 c9 ca cb cc cd ce cf d0 d1 d2 d3 d4 d5 d6 d7 d8 d9 da db dc dd de df e0 e1 e2 e3 ffffffffffffffff 0
[cyc 1280] [R SHIFT BY OCTET OUT] 70 71 72 73 74 75 76 77 78 79 7a 7b 7c 7d 7e 7f 80 81 82 83 84 85 86 87 88 89 8a 8b 8c 8d 8e 8f 90 91 92 93 94 95 96 97 98 99 9a 9b 9c 9d 9e 9f a0 a1 a2 a3 a4 a5 a6 a7 a8 a9 aa ab ac ad ae af ffffffffffffffff 0
[cyc 1280] [STRIP MRC headers IN 0] 70 71 72 73 74 75 76 77 78 79 7a 7b 7c 7d 7e 7f 80 81 82 83 84 85 86 87 88 89 8a 8b 8c 8d 8e 8f 90 91 92 93 94 95 96 97 98 99 9a 9b 9c 9d 9e 9f a0 a1 a2 a3 a4 a5 a6 a7 a8 a9 aa ab ac ad ae af ffffffffffffffff 0
[cyc 1280] [STRIP MRC headers OUT 0] 34 35 36 37 38 39 3a 3b 3c 3d 3e 3f 40 41 42 43 44 45 46 47 48 49 4a 4b 4c 4d 4e 4f 50 51 52 53 54 55 56 57 58 59 5a 5b 5c 5d 5e 5f 60 61 62 63 64 65 66 67 68 69 6a 6b 6c 6d 6e 6f 70 71 72 73 ffffffffffffffff 0
[cyc 1280] [R SHIFT BY OCTET IN] 34 35 36 37 38 39 3a 3b 3c 3d 3e 3f 40 41 42 43 44 45 46 47 48 49 4a 4b 4c 4d 4e 4f 50 51 52 53 54 55 56 57 58 59 5a 5b 5c 5d 5e 5f 60 61 62 63 64 65 66 67 68 69 6a 6b 6c 6d 6e 6f 70 71 72 73 ffffffffffffffff 0
[cyc 1280] [R SHIFT BY OCTET OUT] 04 05 06 07 08 09 0a 0b 0c 0d 0e 0f 10 11 12 13 14 15 16 17 18 19 1a 1b 1c 1d 1e 1f 20 21 22 23 24 25 26 27 28 29 2a 2b 2c 2d 2e 2f 30 31 32 33 34 35 36 37 38 39 3a 3b 3c 3d 3e 3f 40 41 42 43 ffffffffffffffff 0
[cyc 1281] [R SHIFT BY OCTET IN] e4 e5 e6 e7 e8 e9 ea eb ec ed ee ef f0 f1 f2 f3 f4 f5 f6 f7 f8 f9 fa fb fc fd fe ff 00 01 02 03 04 05 06 07 08 09 0a 0b 0c 0d 0e 0f 10 11 12 13 14 15 16 17 18 19 1a 1b 1c 1d 1e 1f 20 21 22 23 ffffffffffffffff 0
[cyc 1281] [R SHIFT BY OCTET OUT] b0 b1 b2 b3 b4 b5 b6 b7 b8 b9 ba bb bc bd be bf c0 c1 c2 c3 c4 c5 c6 c7 c8 c9 ca cb cc cd ce cf d0 d1 d2 d3 d4 d5 d6 d7 d8 d9 da db dc dd de df e0 e1 e2 e3 e4 e5 e6 e7 e8 e9 ea eb ec ed ee ef ffffffffffffffff 0
[cyc 1281] [STRIP MRC headers IN 0] b0 b1 b2 b3 b4 b5 b6 b7 b8 b9 ba bb bc bd be bf c0 c1 c2 c3 c4 c5 c6 c7 c8 c9 ca cb cc cd ce cf d0 d1 d2 d3 d4 d5 d6 d7 d8 d9 da db dc dd de df e0 e1 e2 e3 e4 e5 e6 e7 e8 e9 ea eb ec ed ee ef ffffffffffffffff 0
[cyc 1281] [STRIP MRC headers OUT 0] 74 75 76 77 78 79 7a 7b 7c 7d 7e 7f 80 81 82 83 84 85 86 87 88 89 8a 8b 8c 8d 8e 8f 90 91 92 93 94 95 96 97 98 99 9a 9b 9c 9d 9e 9f a0 a1 a2 a3 a4 a5 a6 a7 a8 a9 aa ab ac ad ae af b0 b1 b2 b3 ffffffffffffffff 0
[cyc 1281] [R SHIFT BY OCTET IN] 74 75 76 77 78 79 7a 7b 7c 7d 7e 7f 80 81 82 83 84 85 86 87 88 89 8a 8b 8c 8d 8e 8f 90 91 92 93 94 95 96 97 98 99 9a 9b 9c 9d 9e 9f a0 a1 a2 a3 a4 a5 a6 a7 a8 a9 aa ab ac ad ae af b0 b1 b2 b3 ffffffffffffffff 0
[cyc 1281] [R SHIFT BY OCTET OUT] 44 45 46 47 48 49 4a 4b 4c 4d 4e 4f 50 51 52 53 54 55 56 57 58 59 5a 5b 5c 5d 5e 5f 60 61 62 63 64 65 66 67 68 69 6a 6b 6c 6d 6e 6f 70 71 72 73 74 75 76 77 78 79 7a 7b 7c 7d 7e 7f 80 81 82 83 ffffffffffffffff 0
[cyc 1281] [GENERATE EXH 0]: MRC_ACK with qpn 0x5, psn 0x0a0b0f
[cyc 1281] [GENERATE EXH 0]: MRC_ACK 1f 00 00 04 48 49 4a 4b 00 71 f4 d0 83 e8 5f f6 60 fa 8b 9e 40 5f 00 00 40 be 46 89 fe 7f 00 00 d0 fa 8b 9e 40 5f 00 00 44 5b 81 9e 40 5f 00 00 44 c0 46 89 fe 7f 00 00 87 16 85 9e 40 5f 00 00 000000000000000f 1
[cyc 1281] [APPEND PAYLOAD 0]: moving to state HEADER
[cyc 1281] [TX IP UDP META MERGER 0]: port 0xc000
[cyc 1282] [R SHIFT BY OCTET IN] 24 25 26 27 28 29 2a 2b 2c 2d 2e 2f 30 31 32 33 34 35 36 37 38 39 3a 3b 3c 3d 3e 3f 40 41 42 43 44 45 46 47 48 49 4a 4b 4c 4d 4e 4f 50 51 52 53 54 55 56 57 58 59 5a 5b 5c 5d 5e 5f 60 61 62 63 ffffffffffffffff 0
[cyc 1282] [R SHIFT BY OCTET OUT] f0 f1 f2 f3 f4 f5 f6 f7 f8 f9 fa fb fc fd fe ff 00 01 02 03 04 05 06 07 08 09 0a 0b 0c 0d 0e 0f 10 11 12 13 14 15 16 17 18 19 1a 1b 1c 1d 1e 1f 20 21 22 23 24 25 26 27 28 29 2a 2b 2c 2d 2e 2f ffffffffffffffff 0
[cyc 1282] [STRIP MRC headers IN 0] f0 f1 f2 f3 f4 f5 f6 f7 f8 f9 fa fb fc fd fe ff 00 01 02 03 04 05 06 07 08 09 0a 0b 0c 0d 0e 0f 10 11 12 13 14 15 16 17 18 19 1a 1b 1c 1d 1e 1f 20 21 22 23 24 25 26 27 28 29 2a 2b 2c 2d 2e 2f ffffffffffffffff 0
[cyc 1282] [STRIP MRC headers OUT 0] b4 b5 b6 b7 b8 b9 ba bb bc bd be bf c0 c1 c2 c3 c4 c5 c6 c7 c8 c9 ca cb cc cd ce cf d0 d1 d2 d3 d4 d5 d6 d7 d8 d9 da db dc dd de df e0 e1 e2 e3 e4 e5 e6 e7 e8 e9 ea eb ec ed ee ef f0 f1 f2 f3 ffffffffffffffff 0
[cyc 1282] [R SHIFT BY OCTET IN] b4 b5 b6 b7 b8 b9 ba bb bc bd be bf c0 c1 c2 c3 c4 c5 c6 c7 c8 c9 ca cb cc cd ce cf d0 d1 d2 d3 d4 d5 d6 d7 d8 d9 da db dc dd de df e0 e1 e2 e3 e4 e5 e6 e7 e8 e9 ea eb ec ed ee ef f0 f1 f2 f3 ffffffffffffffff 0
[cyc 1282] [R SHIFT BY OCTET OUT] 84 85 86 87 88 89 8a 8b 8c 8d 8e 8f 90 91 92 93 94 95 96 97 98 99 9a 9b 9c 9d 9e 9f a0 a1 a2 a3 a4 a5 a6 a7 a8 a9 aa ab ac ad ae af b0 b1 b2 b3 b4 b5 b6 b7 b8 b9 ba bb bc bd be bf c0 c1 c2 c3 ffffffffffffffff 0
[cyc 1282] [APPEND PAYLOAD 0]: moving to state INFO
[cyc 1282] [GENERATE IBH 0]: input meta, opcode 0xd1 valid psn 0x0a0b0f
[cyc 1282] [PREPEND IBH HEADER 0]: going to state PARTIAL_HEADER
[cyc 1283] [R SHIFT BY OCTET IN] 64 65 66 67 68 69 6a 6b 6c 6d 6e 6f 70 71 72 73 74 75 76 77 78 79 7a 7b 7c 7d 7e 7f 80 81 82 83 84 85 86 87 88 89 8a 8b 8c 8d 8e 8f 90 91 92 93 94 95 96 97 98 99 9a 9b 9c 9d 9e 9f a0 a1 a2 a3 ffffffffffffffff 0
[cyc 1283] [R SHIFT BY OCTET OUT] 30 31 32 33 34 35 36 37 38 39 3a 3b 3c 3d 3e 3f 40 41 42 43 44 45 46 47 48 49 4a 4b 4c 4d 4e 4f 50 51 52 53 54 55 56 57 58 59 5a 5b 5c 5d 5e 5f 60 61 62 63 64 65 66 67 68 69 6a 6b 6c 6d 6e 6f ffffffffffffffff 0
[cyc 1283] [STRIP MRC headers IN 0] 30 31 32 33 34 35 36 37 38 39 3a 3b 3c 3d 3e 3f 40 41 42 43 44 45 46 47 48 49 4a 4b 4c 4d 4e 4f 50 51 52 53 54 55 56 57 58 59 5a 5b 5c 5d 5e 5f 60 61 62 63 64 65 66 67 68 69 6a 6b 6c 6d 6e 6f ffffffffffffffff 0
[cyc 1283] [STRIP MRC headers OUT 0] f4 f5 f6 f7 f8 f9 fa fb fc fd fe ff 00 01 02 03 04 05 06 07 08 09 0a 0b 0c 0d 0e 0f 10 11 12 13 14 15 16 17 18 19 1a 1b 1c 1d 1e 1f 20 21 22 23 24 25 26 27 28 29 2a 2b 2c 2d 2e 2f 30 31 32 33 ffffffffffffffff 0
[cyc 1283] [R SHIFT BY OCTET IN] f4 f5 f6 f7 f8 f9 fa fb fc fd fe ff 00 01 02 03 04 05 06 07 08 09 0a 0b 0c 0d 0e 0f 10 11 12 13 14 15 16 17 18 19 1a 1b 1c 1d 1e 1f 20 21 22 23 24 25 26 27 28 29 2a 2b 2c 2d 2e 2f 30 31 32 33 ffffffffffffffff 0
[cyc 1283] [R SHIFT BY OCTET OUT] c4 c5 c6 c7 c8 c9 ca cb cc cd ce cf d0 d1 d2 d3 d4 d5 d6 d7 d8 d9 da db dc dd de df e0 e1 e2 e3 e4 e5 e6 e7 e8 e9 ea eb ec ed ee ef f0 f1 f2 f3 f4 f5 f6 f7 f8 f9 fa fb fc fd fe ff 00 01 02 03 ffffffffffffffff 0
[cyc 1283] [PREPEND IBH HEADER 0]: IBH PARTIAL PAYLOAD
[cyc 1283] 00 00 00 00 00 00 00 00 00 00 00 00 1f 00 00 04 48 49 4a 4b 00 71 f4 d0 83 e8 5f f6 60 fa 8b 9e 40 5f 00 00 40 be 46 89 fe 7f 00 00 d0 fa 8b 9e 40 5f 00 00 44 5b 81 9e 40 5f 00 00 44 c0 46 89 000000000000ffff 1
[cyc 1283] [PREPEND IBH HEADER 0]: IBH PARTIAL HEADER
[cyc 1283] d1 00 ff ff 00 00 00 42 00 0a 0b 0f 1f 00 00 04 48 49 4a 4b 00 71 f4 d0 83 e8 5f f6 60 fa 8b 9e 40 5f 00 00 40 be 46 89 fe 7f 00 00 d0 fa 8b 9e 40 5f 00 00 44 5b 81 9e 40 5f 00 00 44 c0 46 89 000000000000ffff 1
[cyc 1284] [R SHIFT BY OCTET IN] a4 a5 a6 a7 a8 a9 aa ab ac ad ae af b0 b1 b2 b3 b4 b5 b6 b7 b8 b9 ba bb bc bd be bf c0 c1 c2 c3 c4 c5 c6 c7 c8 c9 ca cb cc cd ce cf d0 d1 d2 d3 d4 d5 d6 d7 d8 d9 da db dc dd de df e0 e1 e2 e3 ffffffffffffffff 0
[cyc 1284] [R SHIFT BY OCTET OUT] 70 71 72 73 74 75 76 77 78 79 7a 7b 7c 7d 7e 7f 80 81 82 83 84 85 86 87 88 89 8a 8b 8c 8d 8e 8f 90 91 92 93 94 95 96 97 98 99 9a 9b 9c 9d 9e 9f a0 a1 a2 a3 a4 a5 a6 a7 a8 a9 aa ab ac ad ae af ffffffffffffffff 0
[cyc 1284] [STRIP MRC headers IN 0] 70 71 72 73 74 75 76 77 78 79 7a 7b 7c 7d 7e 7f 80 81 82 83 84 85 86 87 88 89 8a 8b 8c 8d 8e 8f 90 91 92 93 94 95 96 97 98 99 9a 9b 9c 9d 9e 9f a0 a1 a2 a3 a4 a5 a6 a7 a8 a9 aa ab ac ad ae af ffffffffffffffff 0
[cyc 1284] [STRIP MRC headers OUT 0] 34 35 36 37 38 39 3a 3b 3c 3d 3e 3f 40 41 42 43 44 45 46 47 48 49 4a 4b 4c 4d 4e 4f 50 51 52 53 54 55 56 57 58 59 5a 5b 5c 5d 5e 5f 60 61 62 63 64 65 66 67 68 69 6a 6b 6c 6d 6e 6f 70 71 72 73 ffffffffffffffff 0
[cyc 1284] [R SHIFT BY OCTET IN] 34 35 36 37 38 39 3a 3b 3c 3d 3e 3f 40 41 42 43 44 45 46 47 48 49 4a 4b 4c 4d 4e 4f 50 51 52 53 54 55 56 57 58 59 5a 5b 5c 5d 5e 5f 60 61 62 63 64 65 66 67 68 69 6a 6b 6c 6d 6e 6f 70 71 72 73 ffffffffffffffff 0
[cyc 1284] [R SHIFT BY OCTET OUT] 04 05 06 07 08 09 0a 0b 0c 0d 0e 0f 10 11 12 13 14 15 16 17 18 19 1a 1b 1c 1d 1e 1f 20 21 22 23 24 25 26 27 28 29 2a 2b 2c 2d 2e 2f 30 31 32 33 34 35 36 37 38 39 3a 3b 3c 3d 3e 3f 40 41 42 43 ffffffffffffffff 0
[cyc 1285] [R SHIFT BY OCTET IN] e4 e5 e6 e7 e8 e9 ea eb ec ed ee ef f0 f1 f2 f3 f4 f5 f6 f7 f8 f9 fa fb fc fd fe ff 00 01 02 03 04 05 06 07 08 09 0a 0b 0c 0d 0e 0f 10 11 12 13 14 15 16 17 18 19 1a 1b 1c 1d 1e 1f 20 21 22 23 ffffffffffffffff 0
[cyc 1285] [R SHIFT BY OCTET OUT] b0 b1 b2 b3 b4 b5 b6 b7 b8 b9 ba bb bc bd be bf c0 c1 c2 c3 c4 c5 c6 c7 c8 c9 ca cb cc cd ce cf d0 d1 d2 d3 d4 d5 d6 d7 d8 d9 da db dc dd de df e0 e1 e2 e3 e4 e5 e6 e7 e8 e9 ea eb ec ed ee ef ffffffffffffffff 0
[cyc 1285] [STRIP MRC headers IN 0] b0 b1 b2 b3 b4 b5 b6 b7 b8 b9 ba bb bc bd be bf c0 c1 c2 c3 c4 c5 c6 c7 c8 c9 ca cb cc cd ce cf d0 d1 d2 d3 d4 d5 d6 d7 d8 d9 da db dc dd de df e0 e1 e2 e3 e4 e5 e6 e7 e8 e9 ea eb ec ed ee ef ffffffffffffffff 0
[cyc 1285] [STRIP MRC headers OUT 0] 74 75 76 77 78 79 7a 7b 7c 7d 7e 7f 80 81 82 83 84 85 86 87 88 89 8a 8b 8c 8d 8e 8f 90 91 92 93 94 95 96 97 98 99 9a 9b 9c 9d 9e 9f a0 a1 a2 a3 a4 a5 a6 a7 a8 a9 aa ab ac ad ae af b0 b1 b2 b3 ffffffffffffffff 0
[cyc 1285] [R SHIFT BY OCTET IN] 74 75 76 77 78 79 7a 7b 7c 7d 7e 7f 80 81 82 83 84 85 86 87 88 89 8a 8b 8c 8d 8e 8f 90 91 92 93 94 95 96 97 98 99 9a 9b 9c 9d 9e 9f a0 a1 a2 a3 a4 a5 a6 a7 a8 a9 aa ab ac ad ae af b0 b1 b2 b3 ffffffffffffffff 0
[cyc 1285] [R SHIFT BY OCTET OUT] 44 45 46 47 48 49 4a 4b 4c 4d 4e 4f 50 51 52 53 54 55 56 57 58 59 5a 5b 5c 5d 5e 5f 60 61 62 63 64 65 66 67 68 69 6a 6b 6c 6d 6e 6f 70 71 72 73 74 75 76 77 78 79 7a 7b 7c 7d 7e 7f 80 81 82 83 ffffffffffffffff 0
[cyc 1286] [R SHIFT BY OCTET IN] 24 25 26 27 28 29 2a 2b 2c 2d 2e 2f 30 31 32 33 34 35 36 37 38 39 3a 3b 3c 3d 3e 3f 40 41 42 43 44 45 46 47 48 49 4a 4b 4c 4d 4e 4f 50 51 52 53 54 55 56 57 58 59 5a 5b 5c 5d 5e 5f 60 61 62 63 ffffffffffffffff 0
[cyc 1286] [R SHIFT BY OCTET OUT] f0 f1 f2 f3 f4 f5 f6 f7 f8 f9 fa fb fc fd fe ff 00 01 02 03 04 05 06 07 08 09 0a 0b 0c 0d 0e 0f 10 11 12 13 14 15 16 17 18 19 1a 1b 1c 1d 1e 1f 20 21 22 23 24 25 26 27 28 29 2a 2b 2c 2d 2e 2f ffffffffffffffff 0
[cyc 1286] [STRIP MRC headers IN 0] f0 f1 f2 f3 f4 f5 f6 f7 f8 f9 fa fb fc fd fe ff 00 01 02 03 04 05 06 07 08 09 0a 0b 0c 0d 0e 0f 10 11 12 13 14 15 16 17 18 19 1a 1b 1c 1d 1e 1f 20 21 22 23 24 25 26 27 28 29 2a 2b 2c 2d 2e 2f ffffffffffffffff 0
[cyc 1286] [STRIP MRC headers OUT 0] b4 b5 b6 b7 b8 b9 ba bb bc bd be bf c0 c1 c2 c3 c4 c5 c6 c7 c8 c9 ca cb cc cd ce cf d0 d1 d2 d3 d4 d5 d6 d7 d8 d9 da db dc dd de df e0 e1 e2 e3 e4 e5 e6 e7 e8 e9 ea eb ec ed ee ef f0 f1 f2 f3 ffffffffffffffff 0
[cyc 1286] [R SHIFT BY OCTET IN] b4 b5 b6 b7 b8 b9 ba bb bc bd be bf c0 c1 c2 c3 c4 c5 c6 c7 c8 c9 ca cb cc cd ce cf d0 d1 d2 d3 d4 d5 d6 d7 d8 d9 da db dc dd de df e0 e1 e2 e3 e4 e5 e6 e7 e8 e9 ea eb ec ed ee ef f0 f1 f2 f3 ffffffffffffffff 0
[cyc 1286] [R SHIFT BY OCTET OUT] 84 85 86 87 88 89 8a 8b 8c 8d 8e 8f 90 91 92 93 94 95 96 97 98 99 9a 9b 9c 9d 9e 9f a0 a1 a2 a3 a4 a5 a6 a7 a8 a9 aa ab ac ad ae af b0 b1 b2 b3 b4 b5 b6 b7 b8 b9 ba bb bc bd be bf c0 c1 c2 c3 ffffffffffffffff 0
[cyc 1287] [R SHIFT BY OCTET IN] 64 65 66 67 68 69 6a 6b 6c 6d 6e 6f 70 71 72 73 74 75 76 77 78 79 7a 7b 7c 7d 7e 7f 80 81 82 83 84 85 86 87 88 89 8a 8b 8c 8d 8e 8f 90 91 92 93 94 95 96 97 98 99 9a 9b 9c 9d 9e 9f a0 a1 a2 a3 ffffffffffffffff 0
[cyc 1287] [R SHIFT BY OCTET OUT] 30 31 32 33 34 35 36 37 38 39 3a 3b 3c 3d 3e 3f 40 41 42 43 44 45 46 47 48 49 4a 4b 4c 4d 4e 4f 50 51 52 53 54 55 56 57 58 59 5a 5b 5c 5d 5e 5f 60 61 62 63 64 65 66 67 68 69 6a 6b 6c 6d 6e 6f ffffffffffffffff 0
[cyc 1287] [STRIP MRC headers IN 0] 30 31 32 33 34 35 36 37 38 39 3a 3b 3c 3d 3e 3f 40 41 42 43 44 45 46 47 48 49 4a 4b 4c 4d 4e 4f 50 51 52 53 54 55 56 57 58 59 5a 5b 5c 5d 5e 5f 60 61 62 63 64 65 66 67 68 69 6a 6b 6c 6d 6e 6f ffffffffffffffff 0
[cyc 1287] [STRIP MRC headers OUT 0] f4 f5 f6 f7 f8 f9 fa fb fc fd fe ff 00 01 02 03 04 05 06 07 08 09 0a 0b 0c 0d 0e 0f 10 11 12 13 14 15 16 17 18 19 1a 1b 1c 1d 1e 1f 20 21 22 23 24 25 26 27 28 29 2a 2b 2c 2d 2e 2f 30 31 32 33 ffffffffffffffff 0
[cyc 1287] [R SHIFT BY OCTET IN] f4 f5 f6 f7 f8 f9 fa fb fc fd fe ff 00 01 02 03 04 05 06 07 08 09 0a 0b 0c 0d 0e 0f 10 11 12 13 14 15 16 17 18 19 1a 1b 1c 1d 1e 1f 20 21 22 23 24 25 26 27 28 29 2a 2b 2c 2d 2e 2f 30 31 32 33 ffffffffffffffff 0
[cyc 1287] [R SHIFT BY OCTET OUT] c4 c5 c6 c7 c8 c9 ca cb cc cd ce cf d0 d1 d2 d3 d4 d5 d6 d7 d8 d9 da db dc dd de df e0 e1 e2 e3 e4 e5 e6 e7 e8 e9 ea eb ec ed ee ef f0 f1 f2 f3 f4 f5 f6 f7 f8 f9 fa fb fc fd fe ff 00 01 02 03 ffffffffffffffff 0
[cyc 1288] [R SHIFT BY OCTET IN] a4 a5 a6 a7 a8 a9 aa ab ac ad ae af b0 b1 b2 b3 b4 b5 b6 b7 b8 b9 ba bb bc bd be bf c0 c1 c2 c3 c4 c5 c6 c7 c8 c9 ca cb cc cd ce cf d0 d1 d2 d3 d4 d5 d6 d7 d8 d9 da db dc dd de df e0 e1 e2 e3 ffffffffffffffff 0
[cyc 1288] [R SHIFT BY OCTET OUT] 70 71 72 73 74 75 76 77 78 79 7a 7b 7c 7d 7e 7f 80 81 82 83 84 85 86 87 88 89 8a 8b 8c 8d 8e 8f 90 91 92 93 94 95 96 97 98 99 9a 9b 9c 9d 9e 9f a0 a1 a2 a3 a4 a5 a6 a7 a8 a9 aa ab ac ad ae af ffffffffffffffff 0
[cyc 1288] [STRIP MRC headers IN 0] 70 71 72 73 74 75 76 77 78 79 7a 7b 7c 7d 7e 7f 80 81 82 83 84 85 86 87 88 89 8a 8b 8c 8d 8e 8f 90 91 92 93 94 95 96 97 98 99 9a 9b 9c 9d 9e 9f a0 a1 a2 a3 a4 a5 a6 a7 a8 a9 aa ab ac ad ae af ffffffffffffffff 0
[cyc 1288] [STRIP MRC headers OUT 0] 34 35 36 37 38 39 3a 3b 3c 3d 3e 3f 40 41 42 43 44 45 46 47 48 49 4a 4b 4c 4d 4e 4f 50 51 52 53 54 55 56 57 58 59 5a 5b 5c 5d 5e 5f 60 61 62 63 64 65 66 67 68 69 6a 6b 6c 6d 6e 6f 70 71 72 73 ffffffffffffffff 0
[cyc 1288] [R SHIFT BY OCTET IN] 34 35 36 37 38 39 3a 3b 3c 3d 3e 3f 40 41 42 43 44 45 46 47 48 49 4a 4b 4c 4d 4e 4f 50 51 52 53 54 55 56 57 58 59 5a 5b 5c 5d 5e 5f 60 61 62 63 64 65 66 67 68 69 6a 6b 6c 6d 6e 6f 70 71 72 73 ffffffffffffffff 0
[cyc 1288] [R SHIFT BY OCTET OUT] 04 05 06 07 08 09 0a 0b 0c 0d 0e 0f 10 11 12 13 14 15 16 17 18 19 1a 1b 1c 1d 1e 1f 20 21 22 23 24 25 26 27 28 29 2a 2b 2c 2d 2e 2f 30 31 32 33 34 35 36 37 38 39 3a 3b 3c 3d 3e 3f 40 41 42 43 ffffffffffffffff 0
[cyc 1289] [TB] last beat of packet 0 (17 beat(s))
[cyc 1289] [R SHIFT BY OCTET IN] e4 e5 e6 e7 e8 e9 ea eb 00 00 00 00 00 00 00 00 00 00 00 00 00 00 00 00 00 00 00 00 00 00 00 00 00 00 00 00 00 00 00 00 00 00 00 00 00 00 00 00 00 00 00 00 00 00 00 00 00 00 00 00 00 00 00 00 00000000000000ff 1  <- last
[cyc 1289] [R SHIFT BY OCTET OUT] b0 b1 b2 b3 b4 b5 b6 b7 b8 b9 ba bb bc bd be bf c0 c1 c2 c3 c4 c5 c6 c7 c8 c9 ca cb cc cd ce cf d0 d1 d2 d3 d4 d5 d6 d7 d8 d9 da db dc dd de df e0 e1 e2 e3 e4 e5 e6 e7 e8 e9 ea eb 00 00 00 00 0fffffffffffffff 1  <- last
[cyc 1289] [STRIP MRC headers IN 0] b0 b1 b2 b3 b4 b5 b6 b7 b8 b9 ba bb bc bd be bf c0 c1 c2 c3 c4 c5 c6 c7 c8 c9 ca cb cc cd ce cf d0 d1 d2 d3 d4 d5 d6 d7 d8 d9 da db dc dd de df e0 e1 e2 e3 e4 e5 e6 e7 e8 e9 ea eb 00 00 00 00 0fffffffffffffff 1  <- last
[cyc 1289] [STRIP MRC headers OUT 0] 74 75 76 77 78 79 7a 7b 7c 7d 7e 7f 80 81 82 83 84 85 86 87 88 89 8a 8b 8c 8d 8e 8f 90 91 92 93 94 95 96 97 98 99 9a 9b 9c 9d 9e 9f a0 a1 a2 a3 a4 a5 a6 a7 a8 a9 aa ab ac ad ae af b0 b1 b2 b3 ffffffffffffffff 0
[cyc 1289] [R SHIFT BY OCTET IN] 74 75 76 77 78 79 7a 7b 7c 7d 7e 7f 80 81 82 83 84 85 86 87 88 89 8a 8b 8c 8d 8e 8f 90 91 92 93 94 95 96 97 98 99 9a 9b 9c 9d 9e 9f a0 a1 a2 a3 a4 a5 a6 a7 a8 a9 aa ab ac ad ae af b0 b1 b2 b3 ffffffffffffffff 0
[cyc 1289] [R SHIFT BY OCTET OUT] 44 45 46 47 48 49 4a 4b 4c 4d 4e 4f 50 51 52 53 54 55 56 57 58 59 5a 5b 5c 5d 5e 5f 60 61 62 63 64 65 66 67 68 69 6a 6b 6c 6d 6e 6f 70 71 72 73 74 75 76 77 78 79 7a 7b 7c 7d 7e 7f 80 81 82 83 ffffffffffffffff 0
[TB] All packets fed, running 300 more cycles...
[cyc 1290] [STRIP MRC headers OUT 0] b4 b5 b6 b7 b8 b9 ba bb bc bd be bf c0 c1 c2 c3 c4 c5 c6 c7 c8 c9 ca cb cc cd ce cf d0 d1 d2 d3 d4 d5 d6 d7 d8 d9 da db dc dd de df e0 e1 e2 e3 e4 e5 e6 e7 e8 e9 ea eb 00 00 00 00 00 00 00 00 00ffffffffffffff 1  <- last
[cyc 1290] [R SHIFT BY OCTET IN] b4 b5 b6 b7 b8 b9 ba bb bc bd be bf c0 c1 c2 c3 c4 c5 c6 c7 c8 c9 ca cb cc cd ce cf d0 d1 d2 d3 d4 d5 d6 d7 d8 d9 da db dc dd de df e0 e1 e2 e3 e4 e5 e6 e7 e8 e9 ea eb ec ed ee ef f0 f1 f2 f3 ffffffffffffffff 0
[cyc 1290] [R SHIFT BY OCTET OUT] 84 85 86 87 88 89 8a 8b 8c 8d 8e 8f 90 91 92 93 94 95 96 97 98 99 9a 9b 9c 9d 9e 9f a0 a1 a2 a3 a4 a5 a6 a7 a8 a9 aa ab ac ad ae af b0 b1 b2 b3 b4 b5 b6 b7 b8 b9 ba bb bc bd be bf c0 c1 c2 c3 ffffffffffffffff 0
[cyc 1291] [R SHIFT BY OCTET IN] f4 f5 f6 f7 f8 f9 fa fb fc fd fe ff 00 01 02 03 04 05 06 07 08 09 0a 0b 0c 0d 0e 0f 10 11 12 13 14 15 16 17 18 19 1a 1b 1c 1d 1e 1f 20 21 22 23 24 25 26 27 28 29 2a 2b 2c 2d 2e 2f 30 31 32 33 ffffffffffffffff 0
[cyc 1291] [R SHIFT BY OCTET OUT] c4 c5 c6 c7 c8 c9 ca cb cc cd ce cf d0 d1 d2 d3 d4 d5 d6 d7 d8 d9 da db dc dd de df e0 e1 e2 e3 e4 e5 e6 e7 e8 e9 ea eb ec ed ee ef f0 f1 f2 f3 f4 f5 f6 f7 f8 f9 fa fb fc fd fe ff 00 01 02 03 ffffffffffffffff 0
[cyc 1292] [R SHIFT BY OCTET IN] 34 35 36 37 38 39 3a 3b 3c 3d 3e 3f 40 41 42 43 44 45 46 47 48 49 4a 4b 4c 4d 4e 4f 50 51 52 53 54 55 56 57 58 59 5a 5b 5c 5d 5e 5f 60 61 62 63 64 65 66 67 68 69 6a 6b 6c 6d 6e 6f 70 71 72 73 ffffffffffffffff 0
[cyc 1292] [R SHIFT BY OCTET OUT] 04 05 06 07 08 09 0a 0b 0c 0d 0e 0f 10 11 12 13 14 15 16 17 18 19 1a 1b 1c 1d 1e 1f 20 21 22 23 24 25 26 27 28 29 2a 2b 2c 2d 2e 2f 30 31 32 33 34 35 36 37 38 39 3a 3b 3c 3d 3e 3f 40 41 42 43 ffffffffffffffff 0
[cyc 1293] [R SHIFT BY OCTET IN] 74 75 76 77 78 79 7a 7b 7c 7d 7e 7f 80 81 82 83 84 85 86 87 88 89 8a 8b 8c 8d 8e 8f 90 91 92 93 94 95 96 97 98 99 9a 9b 9c 9d 9e 9f a0 a1 a2 a3 a4 a5 a6 a7 a8 a9 aa ab ac ad ae af b0 b1 b2 b3 ffffffffffffffff 0
[cyc 1293] [R SHIFT BY OCTET OUT] 44 45 46 47 48 49 4a 4b 4c 4d 4e 4f 50 51 52 53 54 55 56 57 58 59 5a 5b 5c 5d 5e 5f 60 61 62 63 64 65 66 67 68 69 6a 6b 6c 6d 6e 6f 70 71 72 73 74 75 76 77 78 79 7a 7b 7c 7d 7e 7f 80 81 82 83 ffffffffffffffff 0
[cyc 1294] [R SHIFT BY OCTET IN] b4 b5 b6 b7 b8 b9 ba bb bc bd be bf c0 c1 c2 c3 c4 c5 c6 c7 c8 c9 ca cb cc cd ce cf d0 d1 d2 d3 d4 d5 d6 d7 d8 d9 da db dc dd de df e0 e1 e2 e3 e4 e5 e6 e7 e8 e9 ea eb 00 00 00 00 00 00 00 00 00ffffffffffffff 1  <- last
[cyc 1294] [R SHIFT BY OCTET OUT] 84 85 86 87 88 89 8a 8b 8c 8d 8e 8f 90 91 92 93 94 95 96 97 98 99 9a 9b 9c 9d 9e 9f a0 a1 a2 a3 a4 a5 a6 a7 a8 a9 aa ab ac ad ae af b0 b1 b2 b3 b4 b5 b6 b7 b8 b9 ba bb bc bd be bf c0 c1 c2 c3 ffffffffffffffff 0
[cyc 1295] [R SHIFT BY OCTET OUT] c4 c5 c6 c7 c8 c9 ca cb cc cd ce cf d0 d1 d2 d3 d4 d5 d6 d7 d8 d9 da db dc dd de df e0 e1 e2 e3 e4 e5 e6 e7 e8 e9 ea eb 00 00 00 00 00 00 00 00 00 00 00 00 00 00 00 00 00 00 00 00 00 00 00 00 000000ffffffffff 1  <- last

[TB] ---- Outputs (cycle they left the module) ----
[TB] cyc 1279 m_axis_mem_write_cmd: op=RC_RDMA_WRITE_ONLY qpn=0x5 addr=0x1000 len=1000 lst=1 host=1
[TB] cyc 1296 m_axis_mem_write_data: 1000 B
      0000: 04 05 06 07 08 09 0a 0b 0c 0d 0e 0f 10 11 12 13 
      0010: 14 15 16 17 18 19 1a 1b 1c 1d 1e 1f 20 21 22 23 
      0020: 24 25 26 27 28 29 2a 2b 2c 2d 2e 2f 30 31 32 33 
      0030: 34 35 36 37 38 39 3a 3b 3c 3d 3e 3f 40 41 42 43 
      ... (936 more bytes)
[TB] cyc 1284 m_axis_tx_data packet (16 B), meta: dst ip=0xa000002 length=20
      0000: d1 00 ff ff 00 00 00 42 00 0a 0b 0f 1f 00 00 04 

[TB] ---- Checks ----
[TB] Packet 0: TEST 02d: ONLY in order
  [PASS] a memory write command was issued for it
[TB]   memory command at cycle 1279
  [PASS] memCmd.op_code = 0xca
  [PASS] memCmd.qpn     = 0x5
  [PASS] memCmd.addr    = 0x1000
  [PASS] memCmd.len     = 1000
  [PASS] memCmd.lst     = 0x1
  [PASS] payload data reached memory
[TB]   payload in memory by cycle 1296
  [PASS] bytes written to memory = 1000
  [PASS] memory data is identical to the payload that was sent
  [PASS] a reply (ACK/NAK) was sent for it
[TB]   reply at cycle 1284
  [PASS] tx meta: destination IP = 0xa000002
  [PASS] tx meta: UDP length (BTH+AETH+ICRC) = 20
[TB]   parsed reply: MRC_ACK  DestQP=0x42  PSN=0xa0b0f  AETH.syndrome=0x1f (ACK)  AETH.MSN=0x4
  [PASS] reply length in bytes = 16
  [PASS] reply BTH.opcode (MRC_ACK) = 0xd1
  [PASS] reply BTH.DestQP (remote QPN) = 0x42
  [PASS] reply BTH.PSN = 0xa0b0f
  [PASS] reply AETH.syndrome (ACK) = 0x1f
  [PASS] reply AETH.MSN = 0x4
[TB] Whole group
  [PASS] unexpected memory write commands = 0
  [PASS] unexpected memory payloads = 0
  [PASS] no memory data beat left without TLAST
  [PASS] unexpected packets sent back = 0
  [PASS] tx meta entries = tx packets = 1
  [PASS] invalid-PSN drop counter increase over the group = 0
  [PASS] ackMeta to the host (only used for our own requests) = 0
  [PASS] module consumed the whole input
  [PASS] no memory READ command issued

=====================================================================
  GROUP: TEST 02e: ONLY in order
=====================================================================
[TB] Packet 0: TEST 02e: ONLY in order
[TB]   state before: epsn=0xa0b10 last_psn=0xa0b0f
[TB]   RC_RDMA_WRITE_ONLY  DestQP=0x5  PSN=0xa0b10, 658192  RETH.vaddr=0x1000  RETH.len=1000  payload=1000 B  UDP length=1044  (then drain and check)
      0000: ca 00 ff ff 00 00 00 05 80 0a 0b 10 00 00 00 04 
      0010: 00 00 00 00 00 00 10 00 00 00 12 34 00 00 03 e8 
      0020: 05 06 07 08 09 0a 0b 0c 0d 0e 0f 10 11 12 13 14 
      0030: 15 16 17 18 19 1a 1b 1c 1d 1e 1f 20 21 22 23 24 
      ... (968 more bytes)

[TB] Feeding 1 packet(s)... (module prints follow)
[cyc 1590] [TB] first beat of packet 0 (TEST 02e: ONLY in order)
[cyc 1590] [RX PROCESS IBH 0]: input psn 0x0a0b10
[cyc 1590] [RX PROCESS IBH 0]: process IBH opcode: ca
[cyc 1590] [R SHIFT BY OCTET IN] ca 00 ff ff 00 00 00 05 80 0a 0b 10 00 00 00 04 00 00 00 00 00 00 10 00 00 00 12 34 00 00 03 e8 05 06 07 08 09 0a 0b 0c 0d 0e 0f 10 11 12 13 14 15 16 17 18 19 1a 1b 1c 1d 1e 1f 20 21 22 23 24 ffffffffffffffff 0
[cyc 1591] [R SHIFT BY OCTET IN] 25 26 27 28 29 2a 2b 2c 2d 2e 2f 30 31 32 33 34 35 36 37 38 39 3a 3b 3c 3d 3e 3f 40 41 42 43 44 45 46 47 48 49 4a 4b 4c 4d 4e 4f 50 51 52 53 54 55 56 57 58 59 5a 5b 5c 5d 5e 5f 60 61 62 63 64 ffffffffffffffff 0
[cyc 1591] [R SHIFT BY OCTET OUT] 00 00 00 04 00 00 00 00 00 00 10 00 00 00 12 34 00 00 03 e8 05 06 07 08 09 0a 0b 0c 0d 0e 0f 10 11 12 13 14 15 16 17 18 19 1a 1b 1c 1d 1e 1f 20 21 22 23 24 25 26 27 28 29 2a 2b 2c 2d 2e 2f 30 ffffffffffffffff 0
[cyc 1591] [STRIP MRC headers IN 0] 00 00 00 04 00 00 00 00 00 00 10 00 00 00 12 34 00 00 03 e8 05 06 07 08 09 0a 0b 0c 0d 0e 0f 10 11 12 13 14 15 16 17 18 19 1a 1b 1c 1d 1e 1f 20 21 22 23 24 25 26 27 28 29 2a 2b 2c 2d 2e 2f 30 ffffffffffffffff 0
[cyc 1592] [R SHIFT BY OCTET IN] 65 66 67 68 69 6a 6b 6c 6d 6e 6f 70 71 72 73 74 75 76 77 78 79 7a 7b 7c 7d 7e 7f 80 81 82 83 84 85 86 87 88 89 8a 8b 8c 8d 8e 8f 90 91 92 93 94 95 96 97 98 99 9a 9b 9c 9d 9e 9f a0 a1 a2 a3 a4 ffffffffffffffff 0
[cyc 1592] [R SHIFT BY OCTET OUT] 31 32 33 34 35 36 37 38 39 3a 3b 3c 3d 3e 3f 40 41 42 43 44 45 46 47 48 49 4a 4b 4c 4d 4e 4f 50 51 52 53 54 55 56 57 58 59 5a 5b 5c 5d 5e 5f 60 61 62 63 64 65 66 67 68 69 6a 6b 6c 6d 6e 6f 70 ffffffffffffffff 0
[cyc 1592] [STRIP MRC headers IN 0] 31 32 33 34 35 36 37 38 39 3a 3b 3c 3d 3e 3f 40 41 42 43 44 45 46 47 48 49 4a 4b 4c 4d 4e 4f 50 51 52 53 54 55 56 57 58 59 5a 5b 5c 5d 5e 5f 60 61 62 63 64 65 66 67 68 69 6a 6b 6c 6d 6e 6f 70 ffffffffffffffff 0
[cyc 1592] [STRIP MRC headers OUT 0] 00 00 00 00 00 00 10 00 00 00 12 34 00 00 03 e8 05 06 07 08 09 0a 0b 0c 0d 0e 0f 10 11 12 13 14 15 16 17 18 19 1a 1b 1c 1d 1e 1f 20 21 22 23 24 25 26 27 28 29 2a 2b 2c 2d 2e 2f 30 31 32 33 34 ffffffffffffffff 0
[cyc 1593] [R SHIFT BY OCTET IN] a5 a6 a7 a8 a9 aa ab ac ad ae af b0 b1 b2 b3 b4 b5 b6 b7 b8 b9 ba bb bc bd be bf c0 c1 c2 c3 c4 c5 c6 c7 c8 c9 ca cb cc cd ce cf d0 d1 d2 d3 d4 d5 d6 d7 d8 d9 da db dc dd de df e0 e1 e2 e3 e4 ffffffffffffffff 0
[cyc 1593] [R SHIFT BY OCTET OUT] 71 72 73 74 75 76 77 78 79 7a 7b 7c 7d 7e 7f 80 81 82 83 84 85 86 87 88 89 8a 8b 8c 8d 8e 8f 90 91 92 93 94 95 96 97 98 99 9a 9b 9c 9d 9e 9f a0 a1 a2 a3 a4 a5 a6 a7 a8 a9 aa ab ac ad ae af b0 ffffffffffffffff 0
[cyc 1593] [STRIP MRC headers IN 0] 71 72 73 74 75 76 77 78 79 7a 7b 7c 7d 7e 7f 80 81 82 83 84 85 86 87 88 89 8a 8b 8c 8d 8e 8f 90 91 92 93 94 95 96 97 98 99 9a 9b 9c 9d 9e 9f a0 a1 a2 a3 a4 a5 a6 a7 a8 a9 aa ab ac ad ae af b0 ffffffffffffffff 0
[cyc 1593] [STRIP MRC headers OUT 0] 35 36 37 38 39 3a 3b 3c 3d 3e 3f 40 41 42 43 44 45 46 47 48 49 4a 4b 4c 4d 4e 4f 50 51 52 53 54 55 56 57 58 59 5a 5b 5c 5d 5e 5f 60 61 62 63 64 65 66 67 68 69 6a 6b 6c 6d 6e 6f 70 71 72 73 74 ffffffffffffffff 0
[cyc 1593] [RX IBH FSM 0]: epsn: 0x0a0b10, 658192, packet psn: 0x0a0b10, 658192, oldest outstanding psn: 0x8a0b10, 9046800
[cyc 1594] [R SHIFT BY OCTET IN] e5 e6 e7 e8 e9 ea eb ec ed ee ef f0 f1 f2 f3 f4 f5 f6 f7 f8 f9 fa fb fc fd fe ff 00 01 02 03 04 05 06 07 08 09 0a 0b 0c 0d 0e 0f 10 11 12 13 14 15 16 17 18 19 1a 1b 1c 1d 1e 1f 20 21 22 23 24 ffffffffffffffff 0
[cyc 1594] [R SHIFT BY OCTET OUT] b1 b2 b3 b4 b5 b6 b7 b8 b9 ba bb bc bd be bf c0 c1 c2 c3 c4 c5 c6 c7 c8 c9 ca cb cc cd ce cf d0 d1 d2 d3 d4 d5 d6 d7 d8 d9 da db dc dd de df e0 e1 e2 e3 e4 e5 e6 e7 e8 e9 ea eb ec ed ee ef f0 ffffffffffffffff 0
[cyc 1594] [STRIP MRC headers IN 0] b1 b2 b3 b4 b5 b6 b7 b8 b9 ba bb bc bd be bf c0 c1 c2 c3 c4 c5 c6 c7 c8 c9 ca cb cc cd ce cf d0 d1 d2 d3 d4 d5 d6 d7 d8 d9 da db dc dd de df e0 e1 e2 e3 e4 e5 e6 e7 e8 e9 ea eb ec ed ee ef f0 ffffffffffffffff 0
[cyc 1594] [STRIP MRC headers OUT 0] 75 76 77 78 79 7a 7b 7c 7d 7e 7f 80 81 82 83 84 85 86 87 88 89 8a 8b 8c 8d 8e 8f 90 91 92 93 94 95 96 97 98 99 9a 9b 9c 9d 9e 9f a0 a1 a2 a3 a4 a5 a6 a7 a8 a9 aa ab ac ad ae af b0 b1 b2 b3 b4 ffffffffffffffff 0
[cyc 1595] [R SHIFT BY OCTET IN] 25 26 27 28 29 2a 2b 2c 2d 2e 2f 30 31 32 33 34 35 36 37 38 39 3a 3b 3c 3d 3e 3f 40 41 42 43 44 45 46 47 48 49 4a 4b 4c 4d 4e 4f 50 51 52 53 54 55 56 57 58 59 5a 5b 5c 5d 5e 5f 60 61 62 63 64 ffffffffffffffff 0
[cyc 1595] [R SHIFT BY OCTET OUT] f1 f2 f3 f4 f5 f6 f7 f8 f9 fa fb fc fd fe ff 00 01 02 03 04 05 06 07 08 09 0a 0b 0c 0d 0e 0f 10 11 12 13 14 15 16 17 18 19 1a 1b 1c 1d 1e 1f 20 21 22 23 24 25 26 27 28 29 2a 2b 2c 2d 2e 2f 30 ffffffffffffffff 0
[cyc 1595] [STRIP MRC headers IN 0] f1 f2 f3 f4 f5 f6 f7 f8 f9 fa fb fc fd fe ff 00 01 02 03 04 05 06 07 08 09 0a 0b 0c 0d 0e 0f 10 11 12 13 14 15 16 17 18 19 1a 1b 1c 1d 1e 1f 20 21 22 23 24 25 26 27 28 29 2a 2b 2c 2d 2e 2f 30 ffffffffffffffff 0
[cyc 1595] [STRIP MRC headers OUT 0] b5 b6 b7 b8 b9 ba bb bc bd be bf c0 c1 c2 c3 c4 c5 c6 c7 c8 c9 ca cb cc cd ce cf d0 d1 d2 d3 d4 d5 d6 d7 d8 d9 da db dc dd de df e0 e1 e2 e3 e4 e5 e6 e7 e8 e9 ea eb ec ed ee ef f0 f1 f2 f3 f4 ffffffffffffffff 0
[cyc 1595] [META MERGER 0]: reading from ack event with qpn 0x5, psn 0x0a0b10
[cyc 1596] [R SHIFT BY OCTET IN] 65 66 67 68 69 6a 6b 6c 6d 6e 6f 70 71 72 73 74 75 76 77 78 79 7a 7b 7c 7d 7e 7f 80 81 82 83 84 85 86 87 88 89 8a 8b 8c 8d 8e 8f 90 91 92 93 94 95 96 97 98 99 9a 9b 9c 9d 9e 9f a0 a1 a2 a3 a4 ffffffffffffffff 0
[cyc 1596] [R SHIFT BY OCTET OUT] 31 32 33 34 35 36 37 38 39 3a 3b 3c 3d 3e 3f 40 41 42 43 44 45 46 47 48 49 4a 4b 4c 4d 4e 4f 50 51 52 53 54 55 56 57 58 59 5a 5b 5c 5d 5e 5f 60 61 62 63 64 65 66 67 68 69 6a 6b 6c 6d 6e 6f 70 ffffffffffffffff 0
[cyc 1596] [STRIP MRC headers IN 0] 31 32 33 34 35 36 37 38 39 3a 3b 3c 3d 3e 3f 40 41 42 43 44 45 46 47 48 49 4a 4b 4c 4d 4e 4f 50 51 52 53 54 55 56 57 58 59 5a 5b 5c 5d 5e 5f 60 61 62 63 64 65 66 67 68 69 6a 6b 6c 6d 6e 6f 70 ffffffffffffffff 0
[cyc 1596] [STRIP MRC headers OUT 0] f5 f6 f7 f8 f9 fa fb fc fd fe ff 00 01 02 03 04 05 06 07 08 09 0a 0b 0c 0d 0e 0f 10 11 12 13 14 15 16 17 18 19 1a 1b 1c 1d 1e 1f 20 21 22 23 24 25 26 27 28 29 2a 2b 2c 2d 2e 2f 30 31 32 33 34 ffffffffffffffff 0
[cyc 1596] [R SHIFT BY OCTET IN] 00 00 00 00 00 00 10 00 00 00 12 34 00 00 03 e8 05 06 07 08 09 0a 0b 0c 0d 0e 0f 10 11 12 13 14 15 16 17 18 19 1a 1b 1c 1d 1e 1f 20 21 22 23 24 25 26 27 28 29 2a 2b 2c 2d 2e 2f 30 31 32 33 34 ffffffffffffffff 0
[cyc 1597] [R SHIFT BY OCTET IN] a5 a6 a7 a8 a9 aa ab ac ad ae af b0 b1 b2 b3 b4 b5 b6 b7 b8 b9 ba bb bc bd be bf c0 c1 c2 c3 c4 c5 c6 c7 c8 c9 ca cb cc cd ce cf d0 d1 d2 d3 d4 d5 d6 d7 d8 d9 da db dc dd de df e0 e1 e2 e3 e4 ffffffffffffffff 0
[cyc 1597] [R SHIFT BY OCTET OUT] 71 72 73 74 75 76 77 78 79 7a 7b 7c 7d 7e 7f 80 81 82 83 84 85 86 87 88 89 8a 8b 8c 8d 8e 8f 90 91 92 93 94 95 96 97 98 99 9a 9b 9c 9d 9e 9f a0 a1 a2 a3 a4 a5 a6 a7 a8 a9 aa ab ac ad ae af b0 ffffffffffffffff 0
[cyc 1597] [STRIP MRC headers IN 0] 71 72 73 74 75 76 77 78 79 7a 7b 7c 7d 7e 7f 80 81 82 83 84 85 86 87 88 89 8a 8b 8c 8d 8e 8f 90 91 92 93 94 95 96 97 98 99 9a 9b 9c 9d 9e 9f a0 a1 a2 a3 a4 a5 a6 a7 a8 a9 aa ab ac ad ae af b0 ffffffffffffffff 0
[cyc 1597] [STRIP MRC headers OUT 0] 35 36 37 38 39 3a 3b 3c 3d 3e 3f 40 41 42 43 44 45 46 47 48 49 4a 4b 4c 4d 4e 4f 50 51 52 53 54 55 56 57 58 59 5a 5b 5c 5d 5e 5f 60 61 62 63 64 65 66 67 68 69 6a 6b 6c 6d 6e 6f 70 71 72 73 74 ffffffffffffffff 0
[cyc 1597] [R SHIFT BY OCTET IN] 35 36 37 38 39 3a 3b 3c 3d 3e 3f 40 41 42 43 44 45 46 47 48 49 4a 4b 4c 4d 4e 4f 50 51 52 53 54 55 56 57 58 59 5a 5b 5c 5d 5e 5f 60 61 62 63 64 65 66 67 68 69 6a 6b 6c 6d 6e 6f 70 71 72 73 74 ffffffffffffffff 0
[cyc 1597] [R SHIFT BY OCTET OUT] 05 06 07 08 09 0a 0b 0c 0d 0e 0f 10 11 12 13 14 15 16 17 18 19 1a 1b 1c 1d 1e 1f 20 21 22 23 24 25 26 27 28 29 2a 2b 2c 2d 2e 2f 30 31 32 33 34 35 36 37 38 39 3a 3b 3c 3d 3e 3f 40 41 42 43 44 ffffffffffffffff 0
[cyc 1598] [R SHIFT BY OCTET IN] e5 e6 e7 e8 e9 ea eb ec ed ee ef f0 f1 f2 f3 f4 f5 f6 f7 f8 f9 fa fb fc fd fe ff 00 01 02 03 04 05 06 07 08 09 0a 0b 0c 0d 0e 0f 10 11 12 13 14 15 16 17 18 19 1a 1b 1c 1d 1e 1f 20 21 22 23 24 ffffffffffffffff 0
[cyc 1598] [R SHIFT BY OCTET OUT] b1 b2 b3 b4 b5 b6 b7 b8 b9 ba bb bc bd be bf c0 c1 c2 c3 c4 c5 c6 c7 c8 c9 ca cb cc cd ce cf d0 d1 d2 d3 d4 d5 d6 d7 d8 d9 da db dc dd de df e0 e1 e2 e3 e4 e5 e6 e7 e8 e9 ea eb ec ed ee ef f0 ffffffffffffffff 0
[cyc 1598] [STRIP MRC headers IN 0] b1 b2 b3 b4 b5 b6 b7 b8 b9 ba bb bc bd be bf c0 c1 c2 c3 c4 c5 c6 c7 c8 c9 ca cb cc cd ce cf d0 d1 d2 d3 d4 d5 d6 d7 d8 d9 da db dc dd de df e0 e1 e2 e3 e4 e5 e6 e7 e8 e9 ea eb ec ed ee ef f0 ffffffffffffffff 0
[cyc 1598] [STRIP MRC headers OUT 0] 75 76 77 78 79 7a 7b 7c 7d 7e 7f 80 81 82 83 84 85 86 87 88 89 8a 8b 8c 8d 8e 8f 90 91 92 93 94 95 96 97 98 99 9a 9b 9c 9d 9e 9f a0 a1 a2 a3 a4 a5 a6 a7 a8 a9 aa ab ac ad ae af b0 b1 b2 b3 b4 ffffffffffffffff 0
[cyc 1598] [R SHIFT BY OCTET IN] 75 76 77 78 79 7a 7b 7c 7d 7e 7f 80 81 82 83 84 85 86 87 88 89 8a 8b 8c 8d 8e 8f 90 91 92 93 94 95 96 97 98 99 9a 9b 9c 9d 9e 9f a0 a1 a2 a3 a4 a5 a6 a7 a8 a9 aa ab ac ad ae af b0 b1 b2 b3 b4 ffffffffffffffff 0
[cyc 1598] [R SHIFT BY OCTET OUT] 45 46 47 48 49 4a 4b 4c 4d 4e 4f 50 51 52 53 54 55 56 57 58 59 5a 5b 5c 5d 5e 5f 60 61 62 63 64 65 66 67 68 69 6a 6b 6c 6d 6e 6f 70 71 72 73 74 75 76 77 78 79 7a 7b 7c 7d 7e 7f 80 81 82 83 84 ffffffffffffffff 0
[cyc 1598] [GENERATE EXH 0]: MRC_ACK with qpn 0x5, psn 0x0a0b10
[cyc 1598] [GENERATE EXH 0]: MRC_ACK 1f 00 00 05 49 4a 4b 4c 00 71 f4 d0 83 e8 5f f6 60 fa 8b 9e 40 5f 00 00 40 be 46 89 fe 7f 00 00 d0 fa 8b 9e 40 5f 00 00 44 5b 81 9e 40 5f 00 00 44 c0 46 89 fe 7f 00 00 87 16 85 9e 40 5f 00 00 000000000000000f 1
[cyc 1598] [APPEND PAYLOAD 0]: moving to state HEADER
[cyc 1598] [TX IP UDP META MERGER 0]: port 0xc000
[cyc 1599] [R SHIFT BY OCTET IN] 25 26 27 28 29 2a 2b 2c 2d 2e 2f 30 31 32 33 34 35 36 37 38 39 3a 3b 3c 3d 3e 3f 40 41 42 43 44 45 46 47 48 49 4a 4b 4c 4d 4e 4f 50 51 52 53 54 55 56 57 58 59 5a 5b 5c 5d 5e 5f 60 61 62 63 64 ffffffffffffffff 0
[cyc 1599] [R SHIFT BY OCTET OUT] f1 f2 f3 f4 f5 f6 f7 f8 f9 fa fb fc fd fe ff 00 01 02 03 04 05 06 07 08 09 0a 0b 0c 0d 0e 0f 10 11 12 13 14 15 16 17 18 19 1a 1b 1c 1d 1e 1f 20 21 22 23 24 25 26 27 28 29 2a 2b 2c 2d 2e 2f 30 ffffffffffffffff 0
[cyc 1599] [STRIP MRC headers IN 0] f1 f2 f3 f4 f5 f6 f7 f8 f9 fa fb fc fd fe ff 00 01 02 03 04 05 06 07 08 09 0a 0b 0c 0d 0e 0f 10 11 12 13 14 15 16 17 18 19 1a 1b 1c 1d 1e 1f 20 21 22 23 24 25 26 27 28 29 2a 2b 2c 2d 2e 2f 30 ffffffffffffffff 0
[cyc 1599] [STRIP MRC headers OUT 0] b5 b6 b7 b8 b9 ba bb bc bd be bf c0 c1 c2 c3 c4 c5 c6 c7 c8 c9 ca cb cc cd ce cf d0 d1 d2 d3 d4 d5 d6 d7 d8 d9 da db dc dd de df e0 e1 e2 e3 e4 e5 e6 e7 e8 e9 ea eb ec ed ee ef f0 f1 f2 f3 f4 ffffffffffffffff 0
[cyc 1599] [R SHIFT BY OCTET IN] b5 b6 b7 b8 b9 ba bb bc bd be bf c0 c1 c2 c3 c4 c5 c6 c7 c8 c9 ca cb cc cd ce cf d0 d1 d2 d3 d4 d5 d6 d7 d8 d9 da db dc dd de df e0 e1 e2 e3 e4 e5 e6 e7 e8 e9 ea eb ec ed ee ef f0 f1 f2 f3 f4 ffffffffffffffff 0
[cyc 1599] [R SHIFT BY OCTET OUT] 85 86 87 88 89 8a 8b 8c 8d 8e 8f 90 91 92 93 94 95 96 97 98 99 9a 9b 9c 9d 9e 9f a0 a1 a2 a3 a4 a5 a6 a7 a8 a9 aa ab ac ad ae af b0 b1 b2 b3 b4 b5 b6 b7 b8 b9 ba bb bc bd be bf c0 c1 c2 c3 c4 ffffffffffffffff 0
[cyc 1599] [APPEND PAYLOAD 0]: moving to state INFO
[cyc 1599] [GENERATE IBH 0]: input meta, opcode 0xd1 valid psn 0x0a0b10
[cyc 1599] [PREPEND IBH HEADER 0]: going to state PARTIAL_HEADER
[cyc 1600] [R SHIFT BY OCTET IN] 65 66 67 68 69 6a 6b 6c 6d 6e 6f 70 71 72 73 74 75 76 77 78 79 7a 7b 7c 7d 7e 7f 80 81 82 83 84 85 86 87 88 89 8a 8b 8c 8d 8e 8f 90 91 92 93 94 95 96 97 98 99 9a 9b 9c 9d 9e 9f a0 a1 a2 a3 a4 ffffffffffffffff 0
[cyc 1600] [R SHIFT BY OCTET OUT] 31 32 33 34 35 36 37 38 39 3a 3b 3c 3d 3e 3f 40 41 42 43 44 45 46 47 48 49 4a 4b 4c 4d 4e 4f 50 51 52 53 54 55 56 57 58 59 5a 5b 5c 5d 5e 5f 60 61 62 63 64 65 66 67 68 69 6a 6b 6c 6d 6e 6f 70 ffffffffffffffff 0
[cyc 1600] [STRIP MRC headers IN 0] 31 32 33 34 35 36 37 38 39 3a 3b 3c 3d 3e 3f 40 41 42 43 44 45 46 47 48 49 4a 4b 4c 4d 4e 4f 50 51 52 53 54 55 56 57 58 59 5a 5b 5c 5d 5e 5f 60 61 62 63 64 65 66 67 68 69 6a 6b 6c 6d 6e 6f 70 ffffffffffffffff 0
[cyc 1600] [STRIP MRC headers OUT 0] f5 f6 f7 f8 f9 fa fb fc fd fe ff 00 01 02 03 04 05 06 07 08 09 0a 0b 0c 0d 0e 0f 10 11 12 13 14 15 16 17 18 19 1a 1b 1c 1d 1e 1f 20 21 22 23 24 25 26 27 28 29 2a 2b 2c 2d 2e 2f 30 31 32 33 34 ffffffffffffffff 0
[cyc 1600] [R SHIFT BY OCTET IN] f5 f6 f7 f8 f9 fa fb fc fd fe ff 00 01 02 03 04 05 06 07 08 09 0a 0b 0c 0d 0e 0f 10 11 12 13 14 15 16 17 18 19 1a 1b 1c 1d 1e 1f 20 21 22 23 24 25 26 27 28 29 2a 2b 2c 2d 2e 2f 30 31 32 33 34 ffffffffffffffff 0
[cyc 1600] [R SHIFT BY OCTET OUT] c5 c6 c7 c8 c9 ca cb cc cd ce cf d0 d1 d2 d3 d4 d5 d6 d7 d8 d9 da db dc dd de df e0 e1 e2 e3 e4 e5 e6 e7 e8 e9 ea eb ec ed ee ef f0 f1 f2 f3 f4 f5 f6 f7 f8 f9 fa fb fc fd fe ff 00 01 02 03 04 ffffffffffffffff 0
[cyc 1600] [PREPEND IBH HEADER 0]: IBH PARTIAL PAYLOAD
[cyc 1600] 00 00 00 00 00 00 00 00 00 00 00 00 1f 00 00 05 49 4a 4b 4c 00 71 f4 d0 83 e8 5f f6 60 fa 8b 9e 40 5f 00 00 40 be 46 89 fe 7f 00 00 d0 fa 8b 9e 40 5f 00 00 44 5b 81 9e 40 5f 00 00 44 c0 46 89 000000000000ffff 1
[cyc 1600] [PREPEND IBH HEADER 0]: IBH PARTIAL HEADER
[cyc 1600] d1 00 ff ff 00 00 00 42 00 0a 0b 10 1f 00 00 05 49 4a 4b 4c 00 71 f4 d0 83 e8 5f f6 60 fa 8b 9e 40 5f 00 00 40 be 46 89 fe 7f 00 00 d0 fa 8b 9e 40 5f 00 00 44 5b 81 9e 40 5f 00 00 44 c0 46 89 000000000000ffff 1
[cyc 1601] [R SHIFT BY OCTET IN] a5 a6 a7 a8 a9 aa ab ac ad ae af b0 b1 b2 b3 b4 b5 b6 b7 b8 b9 ba bb bc bd be bf c0 c1 c2 c3 c4 c5 c6 c7 c8 c9 ca cb cc cd ce cf d0 d1 d2 d3 d4 d5 d6 d7 d8 d9 da db dc dd de df e0 e1 e2 e3 e4 ffffffffffffffff 0
[cyc 1601] [R SHIFT BY OCTET OUT] 71 72 73 74 75 76 77 78 79 7a 7b 7c 7d 7e 7f 80 81 82 83 84 85 86 87 88 89 8a 8b 8c 8d 8e 8f 90 91 92 93 94 95 96 97 98 99 9a 9b 9c 9d 9e 9f a0 a1 a2 a3 a4 a5 a6 a7 a8 a9 aa ab ac ad ae af b0 ffffffffffffffff 0
[cyc 1601] [STRIP MRC headers IN 0] 71 72 73 74 75 76 77 78 79 7a 7b 7c 7d 7e 7f 80 81 82 83 84 85 86 87 88 89 8a 8b 8c 8d 8e 8f 90 91 92 93 94 95 96 97 98 99 9a 9b 9c 9d 9e 9f a0 a1 a2 a3 a4 a5 a6 a7 a8 a9 aa ab ac ad ae af b0 ffffffffffffffff 0
[cyc 1601] [STRIP MRC headers OUT 0] 35 36 37 38 39 3a 3b 3c 3d 3e 3f 40 41 42 43 44 45 46 47 48 49 4a 4b 4c 4d 4e 4f 50 51 52 53 54 55 56 57 58 59 5a 5b 5c 5d 5e 5f 60 61 62 63 64 65 66 67 68 69 6a 6b 6c 6d 6e 6f 70 71 72 73 74 ffffffffffffffff 0
[cyc 1601] [R SHIFT BY OCTET IN] 35 36 37 38 39 3a 3b 3c 3d 3e 3f 40 41 42 43 44 45 46 47 48 49 4a 4b 4c 4d 4e 4f 50 51 52 53 54 55 56 57 58 59 5a 5b 5c 5d 5e 5f 60 61 62 63 64 65 66 67 68 69 6a 6b 6c 6d 6e 6f 70 71 72 73 74 ffffffffffffffff 0
[cyc 1601] [R SHIFT BY OCTET OUT] 05 06 07 08 09 0a 0b 0c 0d 0e 0f 10 11 12 13 14 15 16 17 18 19 1a 1b 1c 1d 1e 1f 20 21 22 23 24 25 26 27 28 29 2a 2b 2c 2d 2e 2f 30 31 32 33 34 35 36 37 38 39 3a 3b 3c 3d 3e 3f 40 41 42 43 44 ffffffffffffffff 0
[cyc 1602] [R SHIFT BY OCTET IN] e5 e6 e7 e8 e9 ea eb ec ed ee ef f0 f1 f2 f3 f4 f5 f6 f7 f8 f9 fa fb fc fd fe ff 00 01 02 03 04 05 06 07 08 09 0a 0b 0c 0d 0e 0f 10 11 12 13 14 15 16 17 18 19 1a 1b 1c 1d 1e 1f 20 21 22 23 24 ffffffffffffffff 0
[cyc 1602] [R SHIFT BY OCTET OUT] b1 b2 b3 b4 b5 b6 b7 b8 b9 ba bb bc bd be bf c0 c1 c2 c3 c4 c5 c6 c7 c8 c9 ca cb cc cd ce cf d0 d1 d2 d3 d4 d5 d6 d7 d8 d9 da db dc dd de df e0 e1 e2 e3 e4 e5 e6 e7 e8 e9 ea eb ec ed ee ef f0 ffffffffffffffff 0
[cyc 1602] [STRIP MRC headers IN 0] b1 b2 b3 b4 b5 b6 b7 b8 b9 ba bb bc bd be bf c0 c1 c2 c3 c4 c5 c6 c7 c8 c9 ca cb cc cd ce cf d0 d1 d2 d3 d4 d5 d6 d7 d8 d9 da db dc dd de df e0 e1 e2 e3 e4 e5 e6 e7 e8 e9 ea eb ec ed ee ef f0 ffffffffffffffff 0
[cyc 1602] [STRIP MRC headers OUT 0] 75 76 77 78 79 7a 7b 7c 7d 7e 7f 80 81 82 83 84 85 86 87 88 89 8a 8b 8c 8d 8e 8f 90 91 92 93 94 95 96 97 98 99 9a 9b 9c 9d 9e 9f a0 a1 a2 a3 a4 a5 a6 a7 a8 a9 aa ab ac ad ae af b0 b1 b2 b3 b4 ffffffffffffffff 0
[cyc 1602] [R SHIFT BY OCTET IN] 75 76 77 78 79 7a 7b 7c 7d 7e 7f 80 81 82 83 84 85 86 87 88 89 8a 8b 8c 8d 8e 8f 90 91 92 93 94 95 96 97 98 99 9a 9b 9c 9d 9e 9f a0 a1 a2 a3 a4 a5 a6 a7 a8 a9 aa ab ac ad ae af b0 b1 b2 b3 b4 ffffffffffffffff 0
[cyc 1602] [R SHIFT BY OCTET OUT] 45 46 47 48 49 4a 4b 4c 4d 4e 4f 50 51 52 53 54 55 56 57 58 59 5a 5b 5c 5d 5e 5f 60 61 62 63 64 65 66 67 68 69 6a 6b 6c 6d 6e 6f 70 71 72 73 74 75 76 77 78 79 7a 7b 7c 7d 7e 7f 80 81 82 83 84 ffffffffffffffff 0
[cyc 1603] [R SHIFT BY OCTET IN] 25 26 27 28 29 2a 2b 2c 2d 2e 2f 30 31 32 33 34 35 36 37 38 39 3a 3b 3c 3d 3e 3f 40 41 42 43 44 45 46 47 48 49 4a 4b 4c 4d 4e 4f 50 51 52 53 54 55 56 57 58 59 5a 5b 5c 5d 5e 5f 60 61 62 63 64 ffffffffffffffff 0
[cyc 1603] [R SHIFT BY OCTET OUT] f1 f2 f3 f4 f5 f6 f7 f8 f9 fa fb fc fd fe ff 00 01 02 03 04 05 06 07 08 09 0a 0b 0c 0d 0e 0f 10 11 12 13 14 15 16 17 18 19 1a 1b 1c 1d 1e 1f 20 21 22 23 24 25 26 27 28 29 2a 2b 2c 2d 2e 2f 30 ffffffffffffffff 0
[cyc 1603] [STRIP MRC headers IN 0] f1 f2 f3 f4 f5 f6 f7 f8 f9 fa fb fc fd fe ff 00 01 02 03 04 05 06 07 08 09 0a 0b 0c 0d 0e 0f 10 11 12 13 14 15 16 17 18 19 1a 1b 1c 1d 1e 1f 20 21 22 23 24 25 26 27 28 29 2a 2b 2c 2d 2e 2f 30 ffffffffffffffff 0
[cyc 1603] [STRIP MRC headers OUT 0] b5 b6 b7 b8 b9 ba bb bc bd be bf c0 c1 c2 c3 c4 c5 c6 c7 c8 c9 ca cb cc cd ce cf d0 d1 d2 d3 d4 d5 d6 d7 d8 d9 da db dc dd de df e0 e1 e2 e3 e4 e5 e6 e7 e8 e9 ea eb ec ed ee ef f0 f1 f2 f3 f4 ffffffffffffffff 0
[cyc 1603] [R SHIFT BY OCTET IN] b5 b6 b7 b8 b9 ba bb bc bd be bf c0 c1 c2 c3 c4 c5 c6 c7 c8 c9 ca cb cc cd ce cf d0 d1 d2 d3 d4 d5 d6 d7 d8 d9 da db dc dd de df e0 e1 e2 e3 e4 e5 e6 e7 e8 e9 ea eb ec ed ee ef f0 f1 f2 f3 f4 ffffffffffffffff 0
[cyc 1603] [R SHIFT BY OCTET OUT] 85 86 87 88 89 8a 8b 8c 8d 8e 8f 90 91 92 93 94 95 96 97 98 99 9a 9b 9c 9d 9e 9f a0 a1 a2 a3 a4 a5 a6 a7 a8 a9 aa ab ac ad ae af b0 b1 b2 b3 b4 b5 b6 b7 b8 b9 ba bb bc bd be bf c0 c1 c2 c3 c4 ffffffffffffffff 0
[cyc 1604] [R SHIFT BY OCTET IN] 65 66 67 68 69 6a 6b 6c 6d 6e 6f 70 71 72 73 74 75 76 77 78 79 7a 7b 7c 7d 7e 7f 80 81 82 83 84 85 86 87 88 89 8a 8b 8c 8d 8e 8f 90 91 92 93 94 95 96 97 98 99 9a 9b 9c 9d 9e 9f a0 a1 a2 a3 a4 ffffffffffffffff 0
[cyc 1604] [R SHIFT BY OCTET OUT] 31 32 33 34 35 36 37 38 39 3a 3b 3c 3d 3e 3f 40 41 42 43 44 45 46 47 48 49 4a 4b 4c 4d 4e 4f 50 51 52 53 54 55 56 57 58 59 5a 5b 5c 5d 5e 5f 60 61 62 63 64 65 66 67 68 69 6a 6b 6c 6d 6e 6f 70 ffffffffffffffff 0
[cyc 1604] [STRIP MRC headers IN 0] 31 32 33 34 35 36 37 38 39 3a 3b 3c 3d 3e 3f 40 41 42 43 44 45 46 47 48 49 4a 4b 4c 4d 4e 4f 50 51 52 53 54 55 56 57 58 59 5a 5b 5c 5d 5e 5f 60 61 62 63 64 65 66 67 68 69 6a 6b 6c 6d 6e 6f 70 ffffffffffffffff 0
[cyc 1604] [STRIP MRC headers OUT 0] f5 f6 f7 f8 f9 fa fb fc fd fe ff 00 01 02 03 04 05 06 07 08 09 0a 0b 0c 0d 0e 0f 10 11 12 13 14 15 16 17 18 19 1a 1b 1c 1d 1e 1f 20 21 22 23 24 25 26 27 28 29 2a 2b 2c 2d 2e 2f 30 31 32 33 34 ffffffffffffffff 0
[cyc 1604] [R SHIFT BY OCTET IN] f5 f6 f7 f8 f9 fa fb fc fd fe ff 00 01 02 03 04 05 06 07 08 09 0a 0b 0c 0d 0e 0f 10 11 12 13 14 15 16 17 18 19 1a 1b 1c 1d 1e 1f 20 21 22 23 24 25 26 27 28 29 2a 2b 2c 2d 2e 2f 30 31 32 33 34 ffffffffffffffff 0
[cyc 1604] [R SHIFT BY OCTET OUT] c5 c6 c7 c8 c9 ca cb cc cd ce cf d0 d1 d2 d3 d4 d5 d6 d7 d8 d9 da db dc dd de df e0 e1 e2 e3 e4 e5 e6 e7 e8 e9 ea eb ec ed ee ef f0 f1 f2 f3 f4 f5 f6 f7 f8 f9 fa fb fc fd fe ff 00 01 02 03 04 ffffffffffffffff 0
[cyc 1605] [R SHIFT BY OCTET IN] a5 a6 a7 a8 a9 aa ab ac ad ae af b0 b1 b2 b3 b4 b5 b6 b7 b8 b9 ba bb bc bd be bf c0 c1 c2 c3 c4 c5 c6 c7 c8 c9 ca cb cc cd ce cf d0 d1 d2 d3 d4 d5 d6 d7 d8 d9 da db dc dd de df e0 e1 e2 e3 e4 ffffffffffffffff 0
[cyc 1605] [R SHIFT BY OCTET OUT] 71 72 73 74 75 76 77 78 79 7a 7b 7c 7d 7e 7f 80 81 82 83 84 85 86 87 88 89 8a 8b 8c 8d 8e 8f 90 91 92 93 94 95 96 97 98 99 9a 9b 9c 9d 9e 9f a0 a1 a2 a3 a4 a5 a6 a7 a8 a9 aa ab ac ad ae af b0 ffffffffffffffff 0
[cyc 1605] [STRIP MRC headers IN 0] 71 72 73 74 75 76 77 78 79 7a 7b 7c 7d 7e 7f 80 81 82 83 84 85 86 87 88 89 8a 8b 8c 8d 8e 8f 90 91 92 93 94 95 96 97 98 99 9a 9b 9c 9d 9e 9f a0 a1 a2 a3 a4 a5 a6 a7 a8 a9 aa ab ac ad ae af b0 ffffffffffffffff 0
[cyc 1605] [STRIP MRC headers OUT 0] 35 36 37 38 39 3a 3b 3c 3d 3e 3f 40 41 42 43 44 45 46 47 48 49 4a 4b 4c 4d 4e 4f 50 51 52 53 54 55 56 57 58 59 5a 5b 5c 5d 5e 5f 60 61 62 63 64 65 66 67 68 69 6a 6b 6c 6d 6e 6f 70 71 72 73 74 ffffffffffffffff 0
[cyc 1605] [R SHIFT BY OCTET IN] 35 36 37 38 39 3a 3b 3c 3d 3e 3f 40 41 42 43 44 45 46 47 48 49 4a 4b 4c 4d 4e 4f 50 51 52 53 54 55 56 57 58 59 5a 5b 5c 5d 5e 5f 60 61 62 63 64 65 66 67 68 69 6a 6b 6c 6d 6e 6f 70 71 72 73 74 ffffffffffffffff 0
[cyc 1605] [R SHIFT BY OCTET OUT] 05 06 07 08 09 0a 0b 0c 0d 0e 0f 10 11 12 13 14 15 16 17 18 19 1a 1b 1c 1d 1e 1f 20 21 22 23 24 25 26 27 28 29 2a 2b 2c 2d 2e 2f 30 31 32 33 34 35 36 37 38 39 3a 3b 3c 3d 3e 3f 40 41 42 43 44 ffffffffffffffff 0
[cyc 1606] [TB] last beat of packet 0 (17 beat(s))
[cyc 1606] [R SHIFT BY OCTET IN] e5 e6 e7 e8 e9 ea eb ec 00 00 00 00 00 00 00 00 00 00 00 00 00 00 00 00 00 00 00 00 00 00 00 00 00 00 00 00 00 00 00 00 00 00 00 00 00 00 00 00 00 00 00 00 00 00 00 00 00 00 00 00 00 00 00 00 00000000000000ff 1  <- last
[cyc 1606] [R SHIFT BY OCTET OUT] b1 b2 b3 b4 b5 b6 b7 b8 b9 ba bb bc bd be bf c0 c1 c2 c3 c4 c5 c6 c7 c8 c9 ca cb cc cd ce cf d0 d1 d2 d3 d4 d5 d6 d7 d8 d9 da db dc dd de df e0 e1 e2 e3 e4 e5 e6 e7 e8 e9 ea eb ec 00 00 00 00 0fffffffffffffff 1  <- last
[cyc 1606] [STRIP MRC headers IN 0] b1 b2 b3 b4 b5 b6 b7 b8 b9 ba bb bc bd be bf c0 c1 c2 c3 c4 c5 c6 c7 c8 c9 ca cb cc cd ce cf d0 d1 d2 d3 d4 d5 d6 d7 d8 d9 da db dc dd de df e0 e1 e2 e3 e4 e5 e6 e7 e8 e9 ea eb ec 00 00 00 00 0fffffffffffffff 1  <- last
[cyc 1606] [STRIP MRC headers OUT 0] 75 76 77 78 79 7a 7b 7c 7d 7e 7f 80 81 82 83 84 85 86 87 88 89 8a 8b 8c 8d 8e 8f 90 91 92 93 94 95 96 97 98 99 9a 9b 9c 9d 9e 9f a0 a1 a2 a3 a4 a5 a6 a7 a8 a9 aa ab ac ad ae af b0 b1 b2 b3 b4 ffffffffffffffff 0
[cyc 1606] [R SHIFT BY OCTET IN] 75 76 77 78 79 7a 7b 7c 7d 7e 7f 80 81 82 83 84 85 86 87 88 89 8a 8b 8c 8d 8e 8f 90 91 92 93 94 95 96 97 98 99 9a 9b 9c 9d 9e 9f a0 a1 a2 a3 a4 a5 a6 a7 a8 a9 aa ab ac ad ae af b0 b1 b2 b3 b4 ffffffffffffffff 0
[cyc 1606] [R SHIFT BY OCTET OUT] 45 46 47 48 49 4a 4b 4c 4d 4e 4f 50 51 52 53 54 55 56 57 58 59 5a 5b 5c 5d 5e 5f 60 61 62 63 64 65 66 67 68 69 6a 6b 6c 6d 6e 6f 70 71 72 73 74 75 76 77 78 79 7a 7b 7c 7d 7e 7f 80 81 82 83 84 ffffffffffffffff 0
[TB] All packets fed, running 300 more cycles...
[cyc 1607] [STRIP MRC headers OUT 0] b5 b6 b7 b8 b9 ba bb bc bd be bf c0 c1 c2 c3 c4 c5 c6 c7 c8 c9 ca cb cc cd ce cf d0 d1 d2 d3 d4 d5 d6 d7 d8 d9 da db dc dd de df e0 e1 e2 e3 e4 e5 e6 e7 e8 e9 ea eb ec 00 00 00 00 00 00 00 00 00ffffffffffffff 1  <- last
[cyc 1607] [R SHIFT BY OCTET IN] b5 b6 b7 b8 b9 ba bb bc bd be bf c0 c1 c2 c3 c4 c5 c6 c7 c8 c9 ca cb cc cd ce cf d0 d1 d2 d3 d4 d5 d6 d7 d8 d9 da db dc dd de df e0 e1 e2 e3 e4 e5 e6 e7 e8 e9 ea eb ec ed ee ef f0 f1 f2 f3 f4 ffffffffffffffff 0
[cyc 1607] [R SHIFT BY OCTET OUT] 85 86 87 88 89 8a 8b 8c 8d 8e 8f 90 91 92 93 94 95 96 97 98 99 9a 9b 9c 9d 9e 9f a0 a1 a2 a3 a4 a5 a6 a7 a8 a9 aa ab ac ad ae af b0 b1 b2 b3 b4 b5 b6 b7 b8 b9 ba bb bc bd be bf c0 c1 c2 c3 c4 ffffffffffffffff 0
[cyc 1608] [R SHIFT BY OCTET IN] f5 f6 f7 f8 f9 fa fb fc fd fe ff 00 01 02 03 04 05 06 07 08 09 0a 0b 0c 0d 0e 0f 10 11 12 13 14 15 16 17 18 19 1a 1b 1c 1d 1e 1f 20 21 22 23 24 25 26 27 28 29 2a 2b 2c 2d 2e 2f 30 31 32 33 34 ffffffffffffffff 0
[cyc 1608] [R SHIFT BY OCTET OUT] c5 c6 c7 c8 c9 ca cb cc cd ce cf d0 d1 d2 d3 d4 d5 d6 d7 d8 d9 da db dc dd de df e0 e1 e2 e3 e4 e5 e6 e7 e8 e9 ea eb ec ed ee ef f0 f1 f2 f3 f4 f5 f6 f7 f8 f9 fa fb fc fd fe ff 00 01 02 03 04 ffffffffffffffff 0
[cyc 1609] [R SHIFT BY OCTET IN] 35 36 37 38 39 3a 3b 3c 3d 3e 3f 40 41 42 43 44 45 46 47 48 49 4a 4b 4c 4d 4e 4f 50 51 52 53 54 55 56 57 58 59 5a 5b 5c 5d 5e 5f 60 61 62 63 64 65 66 67 68 69 6a 6b 6c 6d 6e 6f 70 71 72 73 74 ffffffffffffffff 0
[cyc 1609] [R SHIFT BY OCTET OUT] 05 06 07 08 09 0a 0b 0c 0d 0e 0f 10 11 12 13 14 15 16 17 18 19 1a 1b 1c 1d 1e 1f 20 21 22 23 24 25 26 27 28 29 2a 2b 2c 2d 2e 2f 30 31 32 33 34 35 36 37 38 39 3a 3b 3c 3d 3e 3f 40 41 42 43 44 ffffffffffffffff 0
[cyc 1610] [R SHIFT BY OCTET IN] 75 76 77 78 79 7a 7b 7c 7d 7e 7f 80 81 82 83 84 85 86 87 88 89 8a 8b 8c 8d 8e 8f 90 91 92 93 94 95 96 97 98 99 9a 9b 9c 9d 9e 9f a0 a1 a2 a3 a4 a5 a6 a7 a8 a9 aa ab ac ad ae af b0 b1 b2 b3 b4 ffffffffffffffff 0
[cyc 1610] [R SHIFT BY OCTET OUT] 45 46 47 48 49 4a 4b 4c 4d 4e 4f 50 51 52 53 54 55 56 57 58 59 5a 5b 5c 5d 5e 5f 60 61 62 63 64 65 66 67 68 69 6a 6b 6c 6d 6e 6f 70 71 72 73 74 75 76 77 78 79 7a 7b 7c 7d 7e 7f 80 81 82 83 84 ffffffffffffffff 0
[cyc 1611] [R SHIFT BY OCTET IN] b5 b6 b7 b8 b9 ba bb bc bd be bf c0 c1 c2 c3 c4 c5 c6 c7 c8 c9 ca cb cc cd ce cf d0 d1 d2 d3 d4 d5 d6 d7 d8 d9 da db dc dd de df e0 e1 e2 e3 e4 e5 e6 e7 e8 e9 ea eb ec 00 00 00 00 00 00 00 00 00ffffffffffffff 1  <- last
[cyc 1611] [R SHIFT BY OCTET OUT] 85 86 87 88 89 8a 8b 8c 8d 8e 8f 90 91 92 93 94 95 96 97 98 99 9a 9b 9c 9d 9e 9f a0 a1 a2 a3 a4 a5 a6 a7 a8 a9 aa ab ac ad ae af b0 b1 b2 b3 b4 b5 b6 b7 b8 b9 ba bb bc bd be bf c0 c1 c2 c3 c4 ffffffffffffffff 0
[cyc 1612] [R SHIFT BY OCTET OUT] c5 c6 c7 c8 c9 ca cb cc cd ce cf d0 d1 d2 d3 d4 d5 d6 d7 d8 d9 da db dc dd de df e0 e1 e2 e3 e4 e5 e6 e7 e8 e9 ea eb ec 00 00 00 00 00 00 00 00 00 00 00 00 00 00 00 00 00 00 00 00 00 00 00 00 000000ffffffffff 1  <- last

[TB] ---- Outputs (cycle they left the module) ----
[TB] cyc 1596 m_axis_mem_write_cmd: op=RC_RDMA_WRITE_ONLY qpn=0x5 addr=0x1000 len=1000 lst=1 host=1
[TB] cyc 1613 m_axis_mem_write_data: 1000 B
      0000: 05 06 07 08 09 0a 0b 0c 0d 0e 0f 10 11 12 13 14 
      0010: 15 16 17 18 19 1a 1b 1c 1d 1e 1f 20 21 22 23 24 
      0020: 25 26 27 28 29 2a 2b 2c 2d 2e 2f 30 31 32 33 34 
      0030: 35 36 37 38 39 3a 3b 3c 3d 3e 3f 40 41 42 43 44 
      ... (936 more bytes)
[TB] cyc 1601 m_axis_tx_data packet (16 B), meta: dst ip=0xa000002 length=20
      0000: d1 00 ff ff 00 00 00 42 00 0a 0b 10 1f 00 00 05 

[TB] ---- Checks ----
[TB] Packet 0: TEST 02e: ONLY in order
  [PASS] a memory write command was issued for it
[TB]   memory command at cycle 1596
  [PASS] memCmd.op_code = 0xca
  [PASS] memCmd.qpn     = 0x5
  [PASS] memCmd.addr    = 0x1000
  [PASS] memCmd.len     = 1000
  [PASS] memCmd.lst     = 0x1
  [PASS] payload data reached memory
[TB]   payload in memory by cycle 1613
  [PASS] bytes written to memory = 1000
  [PASS] memory data is identical to the payload that was sent
  [PASS] a reply (ACK/NAK) was sent for it
[TB]   reply at cycle 1601
  [PASS] tx meta: destination IP = 0xa000002
  [PASS] tx meta: UDP length (BTH+AETH+ICRC) = 20
[TB]   parsed reply: MRC_ACK  DestQP=0x42  PSN=0xa0b10  AETH.syndrome=0x1f (ACK)  AETH.MSN=0x5
  [PASS] reply length in bytes = 16
  [PASS] reply BTH.opcode (MRC_ACK) = 0xd1
  [PASS] reply BTH.DestQP (remote QPN) = 0x42
  [PASS] reply BTH.PSN = 0xa0b10
  [PASS] reply AETH.syndrome (ACK) = 0x1f
  [PASS] reply AETH.MSN = 0x5
[TB] Whole group
  [PASS] unexpected memory write commands = 0
  [PASS] unexpected memory payloads = 0
  [PASS] no memory data beat left without TLAST
  [PASS] unexpected packets sent back = 0
  [PASS] tx meta entries = tx packets = 1
  [PASS] invalid-PSN drop counter increase over the group = 0
  [PASS] ackMeta to the host (only used for our own requests) = 0
  [PASS] module consumed the whole input
  [PASS] no memory READ command issued

=====================================================================
  GROUP: TEST 02f: ONLY in order
=====================================================================
[TB] Packet 0: TEST 02f: ONLY in order
[TB]   state before: epsn=0xa0b11 last_psn=0xa0b10
[TB]   RC_RDMA_WRITE_ONLY  DestQP=0x5  PSN=0xa0b11, 658193  RETH.vaddr=0x1000  RETH.len=1000  payload=1000 B  UDP length=1044  (then drain and check)
      0000: ca 00 ff ff 00 00 00 05 80 0a 0b 11 00 00 00 05 
      0010: 00 00 00 00 00 00 10 00 00 00 12 34 00 00 03 e8 
      0020: 06 07 08 09 0a 0b 0c 0d 0e 0f 10 11 12 13 14 15 
      0030: 16 17 18 19 1a 1b 1c 1d 1e 1f 20 21 22 23 24 25 
      ... (968 more bytes)

[TB] Feeding 1 packet(s)... (module prints follow)
[cyc 1907] [TB] first beat of packet 0 (TEST 02f: ONLY in order)
[cyc 1907] [RX PROCESS IBH 0]: input psn 0x0a0b11
[cyc 1907] [RX PROCESS IBH 0]: process IBH opcode: ca
[cyc 1907] [R SHIFT BY OCTET IN] ca 00 ff ff 00 00 00 05 80 0a 0b 11 00 00 00 05 00 00 00 00 00 00 10 00 00 00 12 34 00 00 03 e8 06 07 08 09 0a 0b 0c 0d 0e 0f 10 11 12 13 14 15 16 17 18 19 1a 1b 1c 1d 1e 1f 20 21 22 23 24 25 ffffffffffffffff 0
[cyc 1908] [R SHIFT BY OCTET IN] 26 27 28 29 2a 2b 2c 2d 2e 2f 30 31 32 33 34 35 36 37 38 39 3a 3b 3c 3d 3e 3f 40 41 42 43 44 45 46 47 48 49 4a 4b 4c 4d 4e 4f 50 51 52 53 54 55 56 57 58 59 5a 5b 5c 5d 5e 5f 60 61 62 63 64 65 ffffffffffffffff 0
[cyc 1908] [R SHIFT BY OCTET OUT] 00 00 00 05 00 00 00 00 00 00 10 00 00 00 12 34 00 00 03 e8 06 07 08 09 0a 0b 0c 0d 0e 0f 10 11 12 13 14 15 16 17 18 19 1a 1b 1c 1d 1e 1f 20 21 22 23 24 25 26 27 28 29 2a 2b 2c 2d 2e 2f 30 31 ffffffffffffffff 0
[cyc 1908] [STRIP MRC headers IN 0] 00 00 00 05 00 00 00 00 00 00 10 00 00 00 12 34 00 00 03 e8 06 07 08 09 0a 0b 0c 0d 0e 0f 10 11 12 13 14 15 16 17 18 19 1a 1b 1c 1d 1e 1f 20 21 22 23 24 25 26 27 28 29 2a 2b 2c 2d 2e 2f 30 31 ffffffffffffffff 0
[cyc 1909] [R SHIFT BY OCTET IN] 66 67 68 69 6a 6b 6c 6d 6e 6f 70 71 72 73 74 75 76 77 78 79 7a 7b 7c 7d 7e 7f 80 81 82 83 84 85 86 87 88 89 8a 8b 8c 8d 8e 8f 90 91 92 93 94 95 96 97 98 99 9a 9b 9c 9d 9e 9f a0 a1 a2 a3 a4 a5 ffffffffffffffff 0
[cyc 1909] [R SHIFT BY OCTET OUT] 32 33 34 35 36 37 38 39 3a 3b 3c 3d 3e 3f 40 41 42 43 44 45 46 47 48 49 4a 4b 4c 4d 4e 4f 50 51 52 53 54 55 56 57 58 59 5a 5b 5c 5d 5e 5f 60 61 62 63 64 65 66 67 68 69 6a 6b 6c 6d 6e 6f 70 71 ffffffffffffffff 0
[cyc 1909] [STRIP MRC headers IN 0] 32 33 34 35 36 37 38 39 3a 3b 3c 3d 3e 3f 40 41 42 43 44 45 46 47 48 49 4a 4b 4c 4d 4e 4f 50 51 52 53 54 55 56 57 58 59 5a 5b 5c 5d 5e 5f 60 61 62 63 64 65 66 67 68 69 6a 6b 6c 6d 6e 6f 70 71 ffffffffffffffff 0
[cyc 1909] [STRIP MRC headers OUT 0] 00 00 00 00 00 00 10 00 00 00 12 34 00 00 03 e8 06 07 08 09 0a 0b 0c 0d 0e 0f 10 11 12 13 14 15 16 17 18 19 1a 1b 1c 1d 1e 1f 20 21 22 23 24 25 26 27 28 29 2a 2b 2c 2d 2e 2f 30 31 32 33 34 35 ffffffffffffffff 0
[cyc 1910] [R SHIFT BY OCTET IN] a6 a7 a8 a9 aa ab ac ad ae af b0 b1 b2 b3 b4 b5 b6 b7 b8 b9 ba bb bc bd be bf c0 c1 c2 c3 c4 c5 c6 c7 c8 c9 ca cb cc cd ce cf d0 d1 d2 d3 d4 d5 d6 d7 d8 d9 da db dc dd de df e0 e1 e2 e3 e4 e5 ffffffffffffffff 0
[cyc 1910] [R SHIFT BY OCTET OUT] 72 73 74 75 76 77 78 79 7a 7b 7c 7d 7e 7f 80 81 82 83 84 85 86 87 88 89 8a 8b 8c 8d 8e 8f 90 91 92 93 94 95 96 97 98 99 9a 9b 9c 9d 9e 9f a0 a1 a2 a3 a4 a5 a6 a7 a8 a9 aa ab ac ad ae af b0 b1 ffffffffffffffff 0
[cyc 1910] [STRIP MRC headers IN 0] 72 73 74 75 76 77 78 79 7a 7b 7c 7d 7e 7f 80 81 82 83 84 85 86 87 88 89 8a 8b 8c 8d 8e 8f 90 91 92 93 94 95 96 97 98 99 9a 9b 9c 9d 9e 9f a0 a1 a2 a3 a4 a5 a6 a7 a8 a9 aa ab ac ad ae af b0 b1 ffffffffffffffff 0
[cyc 1910] [STRIP MRC headers OUT 0] 36 37 38 39 3a 3b 3c 3d 3e 3f 40 41 42 43 44 45 46 47 48 49 4a 4b 4c 4d 4e 4f 50 51 52 53 54 55 56 57 58 59 5a 5b 5c 5d 5e 5f 60 61 62 63 64 65 66 67 68 69 6a 6b 6c 6d 6e 6f 70 71 72 73 74 75 ffffffffffffffff 0
[cyc 1910] [RX IBH FSM 0]: epsn: 0x0a0b11, 658193, packet psn: 0x0a0b11, 658193, oldest outstanding psn: 0x8a0b11, 9046801
[cyc 1911] [R SHIFT BY OCTET IN] e6 e7 e8 e9 ea eb ec ed ee ef f0 f1 f2 f3 f4 f5 f6 f7 f8 f9 fa fb fc fd fe ff 00 01 02 03 04 05 06 07 08 09 0a 0b 0c 0d 0e 0f 10 11 12 13 14 15 16 17 18 19 1a 1b 1c 1d 1e 1f 20 21 22 23 24 25 ffffffffffffffff 0
[cyc 1911] [R SHIFT BY OCTET OUT] b2 b3 b4 b5 b6 b7 b8 b9 ba bb bc bd be bf c0 c1 c2 c3 c4 c5 c6 c7 c8 c9 ca cb cc cd ce cf d0 d1 d2 d3 d4 d5 d6 d7 d8 d9 da db dc dd de df e0 e1 e2 e3 e4 e5 e6 e7 e8 e9 ea eb ec ed ee ef f0 f1 ffffffffffffffff 0
[cyc 1911] [STRIP MRC headers IN 0] b2 b3 b4 b5 b6 b7 b8 b9 ba bb bc bd be bf c0 c1 c2 c3 c4 c5 c6 c7 c8 c9 ca cb cc cd ce cf d0 d1 d2 d3 d4 d5 d6 d7 d8 d9 da db dc dd de df e0 e1 e2 e3 e4 e5 e6 e7 e8 e9 ea eb ec ed ee ef f0 f1 ffffffffffffffff 0
[cyc 1911] [STRIP MRC headers OUT 0] 76 77 78 79 7a 7b 7c 7d 7e 7f 80 81 82 83 84 85 86 87 88 89 8a 8b 8c 8d 8e 8f 90 91 92 93 94 95 96 97 98 99 9a 9b 9c 9d 9e 9f a0 a1 a2 a3 a4 a5 a6 a7 a8 a9 aa ab ac ad ae af b0 b1 b2 b3 b4 b5 ffffffffffffffff 0
[cyc 1912] [R SHIFT BY OCTET IN] 26 27 28 29 2a 2b 2c 2d 2e 2f 30 31 32 33 34 35 36 37 38 39 3a 3b 3c 3d 3e 3f 40 41 42 43 44 45 46 47 48 49 4a 4b 4c 4d 4e 4f 50 51 52 53 54 55 56 57 58 59 5a 5b 5c 5d 5e 5f 60 61 62 63 64 65 ffffffffffffffff 0
[cyc 1912] [R SHIFT BY OCTET OUT] f2 f3 f4 f5 f6 f7 f8 f9 fa fb fc fd fe ff 00 01 02 03 04 05 06 07 08 09 0a 0b 0c 0d 0e 0f 10 11 12 13 14 15 16 17 18 19 1a 1b 1c 1d 1e 1f 20 21 22 23 24 25 26 27 28 29 2a 2b 2c 2d 2e 2f 30 31 ffffffffffffffff 0
[cyc 1912] [STRIP MRC headers IN 0] f2 f3 f4 f5 f6 f7 f8 f9 fa fb fc fd fe ff 00 01 02 03 04 05 06 07 08 09 0a 0b 0c 0d 0e 0f 10 11 12 13 14 15 16 17 18 19 1a 1b 1c 1d 1e 1f 20 21 22 23 24 25 26 27 28 29 2a 2b 2c 2d 2e 2f 30 31 ffffffffffffffff 0
[cyc 1912] [STRIP MRC headers OUT 0] b6 b7 b8 b9 ba bb bc bd be bf c0 c1 c2 c3 c4 c5 c6 c7 c8 c9 ca cb cc cd ce cf d0 d1 d2 d3 d4 d5 d6 d7 d8 d9 da db dc dd de df e0 e1 e2 e3 e4 e5 e6 e7 e8 e9 ea eb ec ed ee ef f0 f1 f2 f3 f4 f5 ffffffffffffffff 0
[cyc 1912] [META MERGER 0]: reading from ack event with qpn 0x5, psn 0x0a0b11
[cyc 1913] [R SHIFT BY OCTET IN] 66 67 68 69 6a 6b 6c 6d 6e 6f 70 71 72 73 74 75 76 77 78 79 7a 7b 7c 7d 7e 7f 80 81 82 83 84 85 86 87 88 89 8a 8b 8c 8d 8e 8f 90 91 92 93 94 95 96 97 98 99 9a 9b 9c 9d 9e 9f a0 a1 a2 a3 a4 a5 ffffffffffffffff 0
[cyc 1913] [R SHIFT BY OCTET OUT] 32 33 34 35 36 37 38 39 3a 3b 3c 3d 3e 3f 40 41 42 43 44 45 46 47 48 49 4a 4b 4c 4d 4e 4f 50 51 52 53 54 55 56 57 58 59 5a 5b 5c 5d 5e 5f 60 61 62 63 64 65 66 67 68 69 6a 6b 6c 6d 6e 6f 70 71 ffffffffffffffff 0
[cyc 1913] [STRIP MRC headers IN 0] 32 33 34 35 36 37 38 39 3a 3b 3c 3d 3e 3f 40 41 42 43 44 45 46 47 48 49 4a 4b 4c 4d 4e 4f 50 51 52 53 54 55 56 57 58 59 5a 5b 5c 5d 5e 5f 60 61 62 63 64 65 66 67 68 69 6a 6b 6c 6d 6e 6f 70 71 ffffffffffffffff 0
[cyc 1913] [STRIP MRC headers OUT 0] f6 f7 f8 f9 fa fb fc fd fe ff 00 01 02 03 04 05 06 07 08 09 0a 0b 0c 0d 0e 0f 10 11 12 13 14 15 16 17 18 19 1a 1b 1c 1d 1e 1f 20 21 22 23 24 25 26 27 28 29 2a 2b 2c 2d 2e 2f 30 31 32 33 34 35 ffffffffffffffff 0
[cyc 1913] [R SHIFT BY OCTET IN] 00 00 00 00 00 00 10 00 00 00 12 34 00 00 03 e8 06 07 08 09 0a 0b 0c 0d 0e 0f 10 11 12 13 14 15 16 17 18 19 1a 1b 1c 1d 1e 1f 20 21 22 23 24 25 26 27 28 29 2a 2b 2c 2d 2e 2f 30 31 32 33 34 35 ffffffffffffffff 0
[cyc 1914] [R SHIFT BY OCTET IN] a6 a7 a8 a9 aa ab ac ad ae af b0 b1 b2 b3 b4 b5 b6 b7 b8 b9 ba bb bc bd be bf c0 c1 c2 c3 c4 c5 c6 c7 c8 c9 ca cb cc cd ce cf d0 d1 d2 d3 d4 d5 d6 d7 d8 d9 da db dc dd de df e0 e1 e2 e3 e4 e5 ffffffffffffffff 0
[cyc 1914] [R SHIFT BY OCTET OUT] 72 73 74 75 76 77 78 79 7a 7b 7c 7d 7e 7f 80 81 82 83 84 85 86 87 88 89 8a 8b 8c 8d 8e 8f 90 91 92 93 94 95 96 97 98 99 9a 9b 9c 9d 9e 9f a0 a1 a2 a3 a4 a5 a6 a7 a8 a9 aa ab ac ad ae af b0 b1 ffffffffffffffff 0
[cyc 1914] [STRIP MRC headers IN 0] 72 73 74 75 76 77 78 79 7a 7b 7c 7d 7e 7f 80 81 82 83 84 85 86 87 88 89 8a 8b 8c 8d 8e 8f 90 91 92 93 94 95 96 97 98 99 9a 9b 9c 9d 9e 9f a0 a1 a2 a3 a4 a5 a6 a7 a8 a9 aa ab ac ad ae af b0 b1 ffffffffffffffff 0
[cyc 1914] [STRIP MRC headers OUT 0] 36 37 38 39 3a 3b 3c 3d 3e 3f 40 41 42 43 44 45 46 47 48 49 4a 4b 4c 4d 4e 4f 50 51 52 53 54 55 56 57 58 59 5a 5b 5c 5d 5e 5f 60 61 62 63 64 65 66 67 68 69 6a 6b 6c 6d 6e 6f 70 71 72 73 74 75 ffffffffffffffff 0
[cyc 1914] [R SHIFT BY OCTET IN] 36 37 38 39 3a 3b 3c 3d 3e 3f 40 41 42 43 44 45 46 47 48 49 4a 4b 4c 4d 4e 4f 50 51 52 53 54 55 56 57 58 59 5a 5b 5c 5d 5e 5f 60 61 62 63 64 65 66 67 68 69 6a 6b 6c 6d 6e 6f 70 71 72 73 74 75 ffffffffffffffff 0
[cyc 1914] [R SHIFT BY OCTET OUT] 06 07 08 09 0a 0b 0c 0d 0e 0f 10 11 12 13 14 15 16 17 18 19 1a 1b 1c 1d 1e 1f 20 21 22 23 24 25 26 27 28 29 2a 2b 2c 2d 2e 2f 30 31 32 33 34 35 36 37 38 39 3a 3b 3c 3d 3e 3f 40 41 42 43 44 45 ffffffffffffffff 0
[cyc 1915] [R SHIFT BY OCTET IN] e6 e7 e8 e9 ea eb ec ed ee ef f0 f1 f2 f3 f4 f5 f6 f7 f8 f9 fa fb fc fd fe ff 00 01 02 03 04 05 06 07 08 09 0a 0b 0c 0d 0e 0f 10 11 12 13 14 15 16 17 18 19 1a 1b 1c 1d 1e 1f 20 21 22 23 24 25 ffffffffffffffff 0
[cyc 1915] [R SHIFT BY OCTET OUT] b2 b3 b4 b5 b6 b7 b8 b9 ba bb bc bd be bf c0 c1 c2 c3 c4 c5 c6 c7 c8 c9 ca cb cc cd ce cf d0 d1 d2 d3 d4 d5 d6 d7 d8 d9 da db dc dd de df e0 e1 e2 e3 e4 e5 e6 e7 e8 e9 ea eb ec ed ee ef f0 f1 ffffffffffffffff 0
[cyc 1915] [STRIP MRC headers IN 0] b2 b3 b4 b5 b6 b7 b8 b9 ba bb bc bd be bf c0 c1 c2 c3 c4 c5 c6 c7 c8 c9 ca cb cc cd ce cf d0 d1 d2 d3 d4 d5 d6 d7 d8 d9 da db dc dd de df e0 e1 e2 e3 e4 e5 e6 e7 e8 e9 ea eb ec ed ee ef f0 f1 ffffffffffffffff 0
[cyc 1915] [STRIP MRC headers OUT 0] 76 77 78 79 7a 7b 7c 7d 7e 7f 80 81 82 83 84 85 86 87 88 89 8a 8b 8c 8d 8e 8f 90 91 92 93 94 95 96 97 98 99 9a 9b 9c 9d 9e 9f a0 a1 a2 a3 a4 a5 a6 a7 a8 a9 aa ab ac ad ae af b0 b1 b2 b3 b4 b5 ffffffffffffffff 0
[cyc 1915] [R SHIFT BY OCTET IN] 76 77 78 79 7a 7b 7c 7d 7e 7f 80 81 82 83 84 85 86 87 88 89 8a 8b 8c 8d 8e 8f 90 91 92 93 94 95 96 97 98 99 9a 9b 9c 9d 9e 9f a0 a1 a2 a3 a4 a5 a6 a7 a8 a9 aa ab ac ad ae af b0 b1 b2 b3 b4 b5 ffffffffffffffff 0
[cyc 1915] [R SHIFT BY OCTET OUT] 46 47 48 49 4a 4b 4c 4d 4e 4f 50 51 52 53 54 55 56 57 58 59 5a 5b 5c 5d 5e 5f 60 61 62 63 64 65 66 67 68 69 6a 6b 6c 6d 6e 6f 70 71 72 73 74 75 76 77 78 79 7a 7b 7c 7d 7e 7f 80 81 82 83 84 85 ffffffffffffffff 0
[cyc 1915] [GENERATE EXH 0]: MRC_ACK with qpn 0x5, psn 0x0a0b11
[cyc 1915] [GENERATE EXH 0]: MRC_ACK 1f 00 00 06 4a 4b 4c 4d 00 71 f4 d0 83 e8 5f f6 60 fa 8b 9e 40 5f 00 00 40 be 46 89 fe 7f 00 00 d0 fa 8b 9e 40 5f 00 00 44 5b 81 9e 40 5f 00 00 44 c0 46 89 fe 7f 00 00 87 16 85 9e 40 5f 00 00 000000000000000f 1
[cyc 1915] [APPEND PAYLOAD 0]: moving to state HEADER
[cyc 1915] [TX IP UDP META MERGER 0]: port 0xc000
[cyc 1916] [R SHIFT BY OCTET IN] 26 27 28 29 2a 2b 2c 2d 2e 2f 30 31 32 33 34 35 36 37 38 39 3a 3b 3c 3d 3e 3f 40 41 42 43 44 45 46 47 48 49 4a 4b 4c 4d 4e 4f 50 51 52 53 54 55 56 57 58 59 5a 5b 5c 5d 5e 5f 60 61 62 63 64 65 ffffffffffffffff 0
[cyc 1916] [R SHIFT BY OCTET OUT] f2 f3 f4 f5 f6 f7 f8 f9 fa fb fc fd fe ff 00 01 02 03 04 05 06 07 08 09 0a 0b 0c 0d 0e 0f 10 11 12 13 14 15 16 17 18 19 1a 1b 1c 1d 1e 1f 20 21 22 23 24 25 26 27 28 29 2a 2b 2c 2d 2e 2f 30 31 ffffffffffffffff 0
[cyc 1916] [STRIP MRC headers IN 0] f2 f3 f4 f5 f6 f7 f8 f9 fa fb fc fd fe ff 00 01 02 03 04 05 06 07 08 09 0a 0b 0c 0d 0e 0f 10 11 12 13 14 15 16 17 18 19 1a 1b 1c 1d 1e 1f 20 21 22 23 24 25 26 27 28 29 2a 2b 2c 2d 2e 2f 30 31 ffffffffffffffff 0
[cyc 1916] [STRIP MRC headers OUT 0] b6 b7 b8 b9 ba bb bc bd be bf c0 c1 c2 c3 c4 c5 c6 c7 c8 c9 ca cb cc cd ce cf d0 d1 d2 d3 d4 d5 d6 d7 d8 d9 da db dc dd de df e0 e1 e2 e3 e4 e5 e6 e7 e8 e9 ea eb ec ed ee ef f0 f1 f2 f3 f4 f5 ffffffffffffffff 0
[cyc 1916] [R SHIFT BY OCTET IN] b6 b7 b8 b9 ba bb bc bd be bf c0 c1 c2 c3 c4 c5 c6 c7 c8 c9 ca cb cc cd ce cf d0 d1 d2 d3 d4 d5 d6 d7 d8 d9 da db dc dd de df e0 e1 e2 e3 e4 e5 e6 e7 e8 e9 ea eb ec ed ee ef f0 f1 f2 f3 f4 f5 ffffffffffffffff 0
[cyc 1916] [R SHIFT BY OCTET OUT] 86 87 88 89 8a 8b 8c 8d 8e 8f 90 91 92 93 94 95 96 97 98 99 9a 9b 9c 9d 9e 9f a0 a1 a2 a3 a4 a5 a6 a7 a8 a9 aa ab ac ad ae af b0 b1 b2 b3 b4 b5 b6 b7 b8 b9 ba bb bc bd be bf c0 c1 c2 c3 c4 c5 ffffffffffffffff 0
[cyc 1916] [APPEND PAYLOAD 0]: moving to state INFO
[cyc 1916] [GENERATE IBH 0]: input meta, opcode 0xd1 valid psn 0x0a0b11
[cyc 1916] [PREPEND IBH HEADER 0]: going to state PARTIAL_HEADER
[cyc 1917] [R SHIFT BY OCTET IN] 66 67 68 69 6a 6b 6c 6d 6e 6f 70 71 72 73 74 75 76 77 78 79 7a 7b 7c 7d 7e 7f 80 81 82 83 84 85 86 87 88 89 8a 8b 8c 8d 8e 8f 90 91 92 93 94 95 96 97 98 99 9a 9b 9c 9d 9e 9f a0 a1 a2 a3 a4 a5 ffffffffffffffff 0
[cyc 1917] [R SHIFT BY OCTET OUT] 32 33 34 35 36 37 38 39 3a 3b 3c 3d 3e 3f 40 41 42 43 44 45 46 47 48 49 4a 4b 4c 4d 4e 4f 50 51 52 53 54 55 56 57 58 59 5a 5b 5c 5d 5e 5f 60 61 62 63 64 65 66 67 68 69 6a 6b 6c 6d 6e 6f 70 71 ffffffffffffffff 0
[cyc 1917] [STRIP MRC headers IN 0] 32 33 34 35 36 37 38 39 3a 3b 3c 3d 3e 3f 40 41 42 43 44 45 46 47 48 49 4a 4b 4c 4d 4e 4f 50 51 52 53 54 55 56 57 58 59 5a 5b 5c 5d 5e 5f 60 61 62 63 64 65 66 67 68 69 6a 6b 6c 6d 6e 6f 70 71 ffffffffffffffff 0
[cyc 1917] [STRIP MRC headers OUT 0] f6 f7 f8 f9 fa fb fc fd fe ff 00 01 02 03 04 05 06 07 08 09 0a 0b 0c 0d 0e 0f 10 11 12 13 14 15 16 17 18 19 1a 1b 1c 1d 1e 1f 20 21 22 23 24 25 26 27 28 29 2a 2b 2c 2d 2e 2f 30 31 32 33 34 35 ffffffffffffffff 0
[cyc 1917] [R SHIFT BY OCTET IN] f6 f7 f8 f9 fa fb fc fd fe ff 00 01 02 03 04 05 06 07 08 09 0a 0b 0c 0d 0e 0f 10 11 12 13 14 15 16 17 18 19 1a 1b 1c 1d 1e 1f 20 21 22 23 24 25 26 27 28 29 2a 2b 2c 2d 2e 2f 30 31 32 33 34 35 ffffffffffffffff 0
[cyc 1917] [R SHIFT BY OCTET OUT] c6 c7 c8 c9 ca cb cc cd ce cf d0 d1 d2 d3 d4 d5 d6 d7 d8 d9 da db dc dd de df e0 e1 e2 e3 e4 e5 e6 e7 e8 e9 ea eb ec ed ee ef f0 f1 f2 f3 f4 f5 f6 f7 f8 f9 fa fb fc fd fe ff 00 01 02 03 04 05 ffffffffffffffff 0
[cyc 1917] [PREPEND IBH HEADER 0]: IBH PARTIAL PAYLOAD
[cyc 1917] 00 00 00 00 00 00 00 00 00 00 00 00 1f 00 00 06 4a 4b 4c 4d 00 71 f4 d0 83 e8 5f f6 60 fa 8b 9e 40 5f 00 00 40 be 46 89 fe 7f 00 00 d0 fa 8b 9e 40 5f 00 00 44 5b 81 9e 40 5f 00 00 44 c0 46 89 000000000000ffff 1
[cyc 1917] [PREPEND IBH HEADER 0]: IBH PARTIAL HEADER
[cyc 1917] d1 00 ff ff 00 00 00 42 00 0a 0b 11 1f 00 00 06 4a 4b 4c 4d 00 71 f4 d0 83 e8 5f f6 60 fa 8b 9e 40 5f 00 00 40 be 46 89 fe 7f 00 00 d0 fa 8b 9e 40 5f 00 00 44 5b 81 9e 40 5f 00 00 44 c0 46 89 000000000000ffff 1
[cyc 1918] [R SHIFT BY OCTET IN] a6 a7 a8 a9 aa ab ac ad ae af b0 b1 b2 b3 b4 b5 b6 b7 b8 b9 ba bb bc bd be bf c0 c1 c2 c3 c4 c5 c6 c7 c8 c9 ca cb cc cd ce cf d0 d1 d2 d3 d4 d5 d6 d7 d8 d9 da db dc dd de df e0 e1 e2 e3 e4 e5 ffffffffffffffff 0
[cyc 1918] [R SHIFT BY OCTET OUT] 72 73 74 75 76 77 78 79 7a 7b 7c 7d 7e 7f 80 81 82 83 84 85 86 87 88 89 8a 8b 8c 8d 8e 8f 90 91 92 93 94 95 96 97 98 99 9a 9b 9c 9d 9e 9f a0 a1 a2 a3 a4 a5 a6 a7 a8 a9 aa ab ac ad ae af b0 b1 ffffffffffffffff 0
[cyc 1918] [STRIP MRC headers IN 0] 72 73 74 75 76 77 78 79 7a 7b 7c 7d 7e 7f 80 81 82 83 84 85 86 87 88 89 8a 8b 8c 8d 8e 8f 90 91 92 93 94 95 96 97 98 99 9a 9b 9c 9d 9e 9f a0 a1 a2 a3 a4 a5 a6 a7 a8 a9 aa ab ac ad ae af b0 b1 ffffffffffffffff 0
[cyc 1918] [STRIP MRC headers OUT 0] 36 37 38 39 3a 3b 3c 3d 3e 3f 40 41 42 43 44 45 46 47 48 49 4a 4b 4c 4d 4e 4f 50 51 52 53 54 55 56 57 58 59 5a 5b 5c 5d 5e 5f 60 61 62 63 64 65 66 67 68 69 6a 6b 6c 6d 6e 6f 70 71 72 73 74 75 ffffffffffffffff 0
[cyc 1918] [R SHIFT BY OCTET IN] 36 37 38 39 3a 3b 3c 3d 3e 3f 40 41 42 43 44 45 46 47 48 49 4a 4b 4c 4d 4e 4f 50 51 52 53 54 55 56 57 58 59 5a 5b 5c 5d 5e 5f 60 61 62 63 64 65 66 67 68 69 6a 6b 6c 6d 6e 6f 70 71 72 73 74 75 ffffffffffffffff 0
[cyc 1918] [R SHIFT BY OCTET OUT] 06 07 08 09 0a 0b 0c 0d 0e 0f 10 11 12 13 14 15 16 17 18 19 1a 1b 1c 1d 1e 1f 20 21 22 23 24 25 26 27 28 29 2a 2b 2c 2d 2e 2f 30 31 32 33 34 35 36 37 38 39 3a 3b 3c 3d 3e 3f 40 41 42 43 44 45 ffffffffffffffff 0
[cyc 1919] [R SHIFT BY OCTET IN] e6 e7 e8 e9 ea eb ec ed ee ef f0 f1 f2 f3 f4 f5 f6 f7 f8 f9 fa fb fc fd fe ff 00 01 02 03 04 05 06 07 08 09 0a 0b 0c 0d 0e 0f 10 11 12 13 14 15 16 17 18 19 1a 1b 1c 1d 1e 1f 20 21 22 23 24 25 ffffffffffffffff 0
[cyc 1919] [R SHIFT BY OCTET OUT] b2 b3 b4 b5 b6 b7 b8 b9 ba bb bc bd be bf c0 c1 c2 c3 c4 c5 c6 c7 c8 c9 ca cb cc cd ce cf d0 d1 d2 d3 d4 d5 d6 d7 d8 d9 da db dc dd de df e0 e1 e2 e3 e4 e5 e6 e7 e8 e9 ea eb ec ed ee ef f0 f1 ffffffffffffffff 0
[cyc 1919] [STRIP MRC headers IN 0] b2 b3 b4 b5 b6 b7 b8 b9 ba bb bc bd be bf c0 c1 c2 c3 c4 c5 c6 c7 c8 c9 ca cb cc cd ce cf d0 d1 d2 d3 d4 d5 d6 d7 d8 d9 da db dc dd de df e0 e1 e2 e3 e4 e5 e6 e7 e8 e9 ea eb ec ed ee ef f0 f1 ffffffffffffffff 0
[cyc 1919] [STRIP MRC headers OUT 0] 76 77 78 79 7a 7b 7c 7d 7e 7f 80 81 82 83 84 85 86 87 88 89 8a 8b 8c 8d 8e 8f 90 91 92 93 94 95 96 97 98 99 9a 9b 9c 9d 9e 9f a0 a1 a2 a3 a4 a5 a6 a7 a8 a9 aa ab ac ad ae af b0 b1 b2 b3 b4 b5 ffffffffffffffff 0
[cyc 1919] [R SHIFT BY OCTET IN] 76 77 78 79 7a 7b 7c 7d 7e 7f 80 81 82 83 84 85 86 87 88 89 8a 8b 8c 8d 8e 8f 90 91 92 93 94 95 96 97 98 99 9a 9b 9c 9d 9e 9f a0 a1 a2 a3 a4 a5 a6 a7 a8 a9 aa ab ac ad ae af b0 b1 b2 b3 b4 b5 ffffffffffffffff 0
[cyc 1919] [R SHIFT BY OCTET OUT] 46 47 48 49 4a 4b 4c 4d 4e 4f 50 51 52 53 54 55 56 57 58 59 5a 5b 5c 5d 5e 5f 60 61 62 63 64 65 66 67 68 69 6a 6b 6c 6d 6e 6f 70 71 72 73 74 75 76 77 78 79 7a 7b 7c 7d 7e 7f 80 81 82 83 84 85 ffffffffffffffff 0
[cyc 1920] [R SHIFT BY OCTET IN] 26 27 28 29 2a 2b 2c 2d 2e 2f 30 31 32 33 34 35 36 37 38 39 3a 3b 3c 3d 3e 3f 40 41 42 43 44 45 46 47 48 49 4a 4b 4c 4d 4e 4f 50 51 52 53 54 55 56 57 58 59 5a 5b 5c 5d 5e 5f 60 61 62 63 64 65 ffffffffffffffff 0
[cyc 1920] [R SHIFT BY OCTET OUT] f2 f3 f4 f5 f6 f7 f8 f9 fa fb fc fd fe ff 00 01 02 03 04 05 06 07 08 09 0a 0b 0c 0d 0e 0f 10 11 12 13 14 15 16 17 18 19 1a 1b 1c 1d 1e 1f 20 21 22 23 24 25 26 27 28 29 2a 2b 2c 2d 2e 2f 30 31 ffffffffffffffff 0
[cyc 1920] [STRIP MRC headers IN 0] f2 f3 f4 f5 f6 f7 f8 f9 fa fb fc fd fe ff 00 01 02 03 04 05 06 07 08 09 0a 0b 0c 0d 0e 0f 10 11 12 13 14 15 16 17 18 19 1a 1b 1c 1d 1e 1f 20 21 22 23 24 25 26 27 28 29 2a 2b 2c 2d 2e 2f 30 31 ffffffffffffffff 0
[cyc 1920] [STRIP MRC headers OUT 0] b6 b7 b8 b9 ba bb bc bd be bf c0 c1 c2 c3 c4 c5 c6 c7 c8 c9 ca cb cc cd ce cf d0 d1 d2 d3 d4 d5 d6 d7 d8 d9 da db dc dd de df e0 e1 e2 e3 e4 e5 e6 e7 e8 e9 ea eb ec ed ee ef f0 f1 f2 f3 f4 f5 ffffffffffffffff 0
[cyc 1920] [R SHIFT BY OCTET IN] b6 b7 b8 b9 ba bb bc bd be bf c0 c1 c2 c3 c4 c5 c6 c7 c8 c9 ca cb cc cd ce cf d0 d1 d2 d3 d4 d5 d6 d7 d8 d9 da db dc dd de df e0 e1 e2 e3 e4 e5 e6 e7 e8 e9 ea eb ec ed ee ef f0 f1 f2 f3 f4 f5 ffffffffffffffff 0
[cyc 1920] [R SHIFT BY OCTET OUT] 86 87 88 89 8a 8b 8c 8d 8e 8f 90 91 92 93 94 95 96 97 98 99 9a 9b 9c 9d 9e 9f a0 a1 a2 a3 a4 a5 a6 a7 a8 a9 aa ab ac ad ae af b0 b1 b2 b3 b4 b5 b6 b7 b8 b9 ba bb bc bd be bf c0 c1 c2 c3 c4 c5 ffffffffffffffff 0
[cyc 1921] [R SHIFT BY OCTET IN] 66 67 68 69 6a 6b 6c 6d 6e 6f 70 71 72 73 74 75 76 77 78 79 7a 7b 7c 7d 7e 7f 80 81 82 83 84 85 86 87 88 89 8a 8b 8c 8d 8e 8f 90 91 92 93 94 95 96 97 98 99 9a 9b 9c 9d 9e 9f a0 a1 a2 a3 a4 a5 ffffffffffffffff 0
[cyc 1921] [R SHIFT BY OCTET OUT] 32 33 34 35 36 37 38 39 3a 3b 3c 3d 3e 3f 40 41 42 43 44 45 46 47 48 49 4a 4b 4c 4d 4e 4f 50 51 52 53 54 55 56 57 58 59 5a 5b 5c 5d 5e 5f 60 61 62 63 64 65 66 67 68 69 6a 6b 6c 6d 6e 6f 70 71 ffffffffffffffff 0
[cyc 1921] [STRIP MRC headers IN 0] 32 33 34 35 36 37 38 39 3a 3b 3c 3d 3e 3f 40 41 42 43 44 45 46 47 48 49 4a 4b 4c 4d 4e 4f 50 51 52 53 54 55 56 57 58 59 5a 5b 5c 5d 5e 5f 60 61 62 63 64 65 66 67 68 69 6a 6b 6c 6d 6e 6f 70 71 ffffffffffffffff 0
[cyc 1921] [STRIP MRC headers OUT 0] f6 f7 f8 f9 fa fb fc fd fe ff 00 01 02 03 04 05 06 07 08 09 0a 0b 0c 0d 0e 0f 10 11 12 13 14 15 16 17 18 19 1a 1b 1c 1d 1e 1f 20 21 22 23 24 25 26 27 28 29 2a 2b 2c 2d 2e 2f 30 31 32 33 34 35 ffffffffffffffff 0
[cyc 1921] [R SHIFT BY OCTET IN] f6 f7 f8 f9 fa fb fc fd fe ff 00 01 02 03 04 05 06 07 08 09 0a 0b 0c 0d 0e 0f 10 11 12 13 14 15 16 17 18 19 1a 1b 1c 1d 1e 1f 20 21 22 23 24 25 26 27 28 29 2a 2b 2c 2d 2e 2f 30 31 32 33 34 35 ffffffffffffffff 0
[cyc 1921] [R SHIFT BY OCTET OUT] c6 c7 c8 c9 ca cb cc cd ce cf d0 d1 d2 d3 d4 d5 d6 d7 d8 d9 da db dc dd de df e0 e1 e2 e3 e4 e5 e6 e7 e8 e9 ea eb ec ed ee ef f0 f1 f2 f3 f4 f5 f6 f7 f8 f9 fa fb fc fd fe ff 00 01 02 03 04 05 ffffffffffffffff 0
[cyc 1922] [R SHIFT BY OCTET IN] a6 a7 a8 a9 aa ab ac ad ae af b0 b1 b2 b3 b4 b5 b6 b7 b8 b9 ba bb bc bd be bf c0 c1 c2 c3 c4 c5 c6 c7 c8 c9 ca cb cc cd ce cf d0 d1 d2 d3 d4 d5 d6 d7 d8 d9 da db dc dd de df e0 e1 e2 e3 e4 e5 ffffffffffffffff 0
[cyc 1922] [R SHIFT BY OCTET OUT] 72 73 74 75 76 77 78 79 7a 7b 7c 7d 7e 7f 80 81 82 83 84 85 86 87 88 89 8a 8b 8c 8d 8e 8f 90 91 92 93 94 95 96 97 98 99 9a 9b 9c 9d 9e 9f a0 a1 a2 a3 a4 a5 a6 a7 a8 a9 aa ab ac ad ae af b0 b1 ffffffffffffffff 0
[cyc 1922] [STRIP MRC headers IN 0] 72 73 74 75 76 77 78 79 7a 7b 7c 7d 7e 7f 80 81 82 83 84 85 86 87 88 89 8a 8b 8c 8d 8e 8f 90 91 92 93 94 95 96 97 98 99 9a 9b 9c 9d 9e 9f a0 a1 a2 a3 a4 a5 a6 a7 a8 a9 aa ab ac ad ae af b0 b1 ffffffffffffffff 0
[cyc 1922] [STRIP MRC headers OUT 0] 36 37 38 39 3a 3b 3c 3d 3e 3f 40 41 42 43 44 45 46 47 48 49 4a 4b 4c 4d 4e 4f 50 51 52 53 54 55 56 57 58 59 5a 5b 5c 5d 5e 5f 60 61 62 63 64 65 66 67 68 69 6a 6b 6c 6d 6e 6f 70 71 72 73 74 75 ffffffffffffffff 0
[cyc 1922] [R SHIFT BY OCTET IN] 36 37 38 39 3a 3b 3c 3d 3e 3f 40 41 42 43 44 45 46 47 48 49 4a 4b 4c 4d 4e 4f 50 51 52 53 54 55 56 57 58 59 5a 5b 5c 5d 5e 5f 60 61 62 63 64 65 66 67 68 69 6a 6b 6c 6d 6e 6f 70 71 72 73 74 75 ffffffffffffffff 0
[cyc 1922] [R SHIFT BY OCTET OUT] 06 07 08 09 0a 0b 0c 0d 0e 0f 10 11 12 13 14 15 16 17 18 19 1a 1b 1c 1d 1e 1f 20 21 22 23 24 25 26 27 28 29 2a 2b 2c 2d 2e 2f 30 31 32 33 34 35 36 37 38 39 3a 3b 3c 3d 3e 3f 40 41 42 43 44 45 ffffffffffffffff 0
[cyc 1923] [TB] last beat of packet 0 (17 beat(s))
[cyc 1923] [R SHIFT BY OCTET IN] e6 e7 e8 e9 ea eb ec ed 00 00 00 00 00 00 00 00 00 00 00 00 00 00 00 00 00 00 00 00 00 00 00 00 00 00 00 00 00 00 00 00 00 00 00 00 00 00 00 00 00 00 00 00 00 00 00 00 00 00 00 00 00 00 00 00 00000000000000ff 1  <- last
[cyc 1923] [R SHIFT BY OCTET OUT] b2 b3 b4 b5 b6 b7 b8 b9 ba bb bc bd be bf c0 c1 c2 c3 c4 c5 c6 c7 c8 c9 ca cb cc cd ce cf d0 d1 d2 d3 d4 d5 d6 d7 d8 d9 da db dc dd de df e0 e1 e2 e3 e4 e5 e6 e7 e8 e9 ea eb ec ed 00 00 00 00 0fffffffffffffff 1  <- last
[cyc 1923] [STRIP MRC headers IN 0] b2 b3 b4 b5 b6 b7 b8 b9 ba bb bc bd be bf c0 c1 c2 c3 c4 c5 c6 c7 c8 c9 ca cb cc cd ce cf d0 d1 d2 d3 d4 d5 d6 d7 d8 d9 da db dc dd de df e0 e1 e2 e3 e4 e5 e6 e7 e8 e9 ea eb ec ed 00 00 00 00 0fffffffffffffff 1  <- last
[cyc 1923] [STRIP MRC headers OUT 0] 76 77 78 79 7a 7b 7c 7d 7e 7f 80 81 82 83 84 85 86 87 88 89 8a 8b 8c 8d 8e 8f 90 91 92 93 94 95 96 97 98 99 9a 9b 9c 9d 9e 9f a0 a1 a2 a3 a4 a5 a6 a7 a8 a9 aa ab ac ad ae af b0 b1 b2 b3 b4 b5 ffffffffffffffff 0
[cyc 1923] [R SHIFT BY OCTET IN] 76 77 78 79 7a 7b 7c 7d 7e 7f 80 81 82 83 84 85 86 87 88 89 8a 8b 8c 8d 8e 8f 90 91 92 93 94 95 96 97 98 99 9a 9b 9c 9d 9e 9f a0 a1 a2 a3 a4 a5 a6 a7 a8 a9 aa ab ac ad ae af b0 b1 b2 b3 b4 b5 ffffffffffffffff 0
[cyc 1923] [R SHIFT BY OCTET OUT] 46 47 48 49 4a 4b 4c 4d 4e 4f 50 51 52 53 54 55 56 57 58 59 5a 5b 5c 5d 5e 5f 60 61 62 63 64 65 66 67 68 69 6a 6b 6c 6d 6e 6f 70 71 72 73 74 75 76 77 78 79 7a 7b 7c 7d 7e 7f 80 81 82 83 84 85 ffffffffffffffff 0
[TB] All packets fed, running 300 more cycles...
[cyc 1924] [STRIP MRC headers OUT 0] b6 b7 b8 b9 ba bb bc bd be bf c0 c1 c2 c3 c4 c5 c6 c7 c8 c9 ca cb cc cd ce cf d0 d1 d2 d3 d4 d5 d6 d7 d8 d9 da db dc dd de df e0 e1 e2 e3 e4 e5 e6 e7 e8 e9 ea eb ec ed 00 00 00 00 00 00 00 00 00ffffffffffffff 1  <- last
[cyc 1924] [R SHIFT BY OCTET IN] b6 b7 b8 b9 ba bb bc bd be bf c0 c1 c2 c3 c4 c5 c6 c7 c8 c9 ca cb cc cd ce cf d0 d1 d2 d3 d4 d5 d6 d7 d8 d9 da db dc dd de df e0 e1 e2 e3 e4 e5 e6 e7 e8 e9 ea eb ec ed ee ef f0 f1 f2 f3 f4 f5 ffffffffffffffff 0
[cyc 1924] [R SHIFT BY OCTET OUT] 86 87 88 89 8a 8b 8c 8d 8e 8f 90 91 92 93 94 95 96 97 98 99 9a 9b 9c 9d 9e 9f a0 a1 a2 a3 a4 a5 a6 a7 a8 a9 aa ab ac ad ae af b0 b1 b2 b3 b4 b5 b6 b7 b8 b9 ba bb bc bd be bf c0 c1 c2 c3 c4 c5 ffffffffffffffff 0
[cyc 1925] [R SHIFT BY OCTET IN] f6 f7 f8 f9 fa fb fc fd fe ff 00 01 02 03 04 05 06 07 08 09 0a 0b 0c 0d 0e 0f 10 11 12 13 14 15 16 17 18 19 1a 1b 1c 1d 1e 1f 20 21 22 23 24 25 26 27 28 29 2a 2b 2c 2d 2e 2f 30 31 32 33 34 35 ffffffffffffffff 0
[cyc 1925] [R SHIFT BY OCTET OUT] c6 c7 c8 c9 ca cb cc cd ce cf d0 d1 d2 d3 d4 d5 d6 d7 d8 d9 da db dc dd de df e0 e1 e2 e3 e4 e5 e6 e7 e8 e9 ea eb ec ed ee ef f0 f1 f2 f3 f4 f5 f6 f7 f8 f9 fa fb fc fd fe ff 00 01 02 03 04 05 ffffffffffffffff 0
[cyc 1926] [R SHIFT BY OCTET IN] 36 37 38 39 3a 3b 3c 3d 3e 3f 40 41 42 43 44 45 46 47 48 49 4a 4b 4c 4d 4e 4f 50 51 52 53 54 55 56 57 58 59 5a 5b 5c 5d 5e 5f 60 61 62 63 64 65 66 67 68 69 6a 6b 6c 6d 6e 6f 70 71 72 73 74 75 ffffffffffffffff 0
[cyc 1926] [R SHIFT BY OCTET OUT] 06 07 08 09 0a 0b 0c 0d 0e 0f 10 11 12 13 14 15 16 17 18 19 1a 1b 1c 1d 1e 1f 20 21 22 23 24 25 26 27 28 29 2a 2b 2c 2d 2e 2f 30 31 32 33 34 35 36 37 38 39 3a 3b 3c 3d 3e 3f 40 41 42 43 44 45 ffffffffffffffff 0
[cyc 1927] [R SHIFT BY OCTET IN] 76 77 78 79 7a 7b 7c 7d 7e 7f 80 81 82 83 84 85 86 87 88 89 8a 8b 8c 8d 8e 8f 90 91 92 93 94 95 96 97 98 99 9a 9b 9c 9d 9e 9f a0 a1 a2 a3 a4 a5 a6 a7 a8 a9 aa ab ac ad ae af b0 b1 b2 b3 b4 b5 ffffffffffffffff 0
[cyc 1927] [R SHIFT BY OCTET OUT] 46 47 48 49 4a 4b 4c 4d 4e 4f 50 51 52 53 54 55 56 57 58 59 5a 5b 5c 5d 5e 5f 60 61 62 63 64 65 66 67 68 69 6a 6b 6c 6d 6e 6f 70 71 72 73 74 75 76 77 78 79 7a 7b 7c 7d 7e 7f 80 81 82 83 84 85 ffffffffffffffff 0
[cyc 1928] [R SHIFT BY OCTET IN] b6 b7 b8 b9 ba bb bc bd be bf c0 c1 c2 c3 c4 c5 c6 c7 c8 c9 ca cb cc cd ce cf d0 d1 d2 d3 d4 d5 d6 d7 d8 d9 da db dc dd de df e0 e1 e2 e3 e4 e5 e6 e7 e8 e9 ea eb ec ed 00 00 00 00 00 00 00 00 00ffffffffffffff 1  <- last
[cyc 1928] [R SHIFT BY OCTET OUT] 86 87 88 89 8a 8b 8c 8d 8e 8f 90 91 92 93 94 95 96 97 98 99 9a 9b 9c 9d 9e 9f a0 a1 a2 a3 a4 a5 a6 a7 a8 a9 aa ab ac ad ae af b0 b1 b2 b3 b4 b5 b6 b7 b8 b9 ba bb bc bd be bf c0 c1 c2 c3 c4 c5 ffffffffffffffff 0
[cyc 1929] [R SHIFT BY OCTET OUT] c6 c7 c8 c9 ca cb cc cd ce cf d0 d1 d2 d3 d4 d5 d6 d7 d8 d9 da db dc dd de df e0 e1 e2 e3 e4 e5 e6 e7 e8 e9 ea eb ec ed 00 00 00 00 00 00 00 00 00 00 00 00 00 00 00 00 00 00 00 00 00 00 00 00 000000ffffffffff 1  <- last

[TB] ---- Outputs (cycle they left the module) ----
[TB] cyc 1913 m_axis_mem_write_cmd: op=RC_RDMA_WRITE_ONLY qpn=0x5 addr=0x1000 len=1000 lst=1 host=1
[TB] cyc 1930 m_axis_mem_write_data: 1000 B
      0000: 06 07 08 09 0a 0b 0c 0d 0e 0f 10 11 12 13 14 15 
      0010: 16 17 18 19 1a 1b 1c 1d 1e 1f 20 21 22 23 24 25 
      0020: 26 27 28 29 2a 2b 2c 2d 2e 2f 30 31 32 33 34 35 
      0030: 36 37 38 39 3a 3b 3c 3d 3e 3f 40 41 42 43 44 45 
      ... (936 more bytes)
[TB] cyc 1918 m_axis_tx_data packet (16 B), meta: dst ip=0xa000002 length=20
      0000: d1 00 ff ff 00 00 00 42 00 0a 0b 11 1f 00 00 06 

[TB] ---- Checks ----
[TB] Packet 0: TEST 02f: ONLY in order
  [PASS] a memory write command was issued for it
[TB]   memory command at cycle 1913
  [PASS] memCmd.op_code = 0xca
  [PASS] memCmd.qpn     = 0x5
  [PASS] memCmd.addr    = 0x1000
  [PASS] memCmd.len     = 1000
  [PASS] memCmd.lst     = 0x1
  [PASS] payload data reached memory
[TB]   payload in memory by cycle 1930
  [PASS] bytes written to memory = 1000
  [PASS] memory data is identical to the payload that was sent
  [PASS] a reply (ACK/NAK) was sent for it
[TB]   reply at cycle 1918
  [PASS] tx meta: destination IP = 0xa000002
  [PASS] tx meta: UDP length (BTH+AETH+ICRC) = 20
[TB]   parsed reply: MRC_ACK  DestQP=0x42  PSN=0xa0b11  AETH.syndrome=0x1f (ACK)  AETH.MSN=0x6
  [PASS] reply length in bytes = 16
  [PASS] reply BTH.opcode (MRC_ACK) = 0xd1
  [PASS] reply BTH.DestQP (remote QPN) = 0x42
  [PASS] reply BTH.PSN = 0xa0b11
  [PASS] reply AETH.syndrome (ACK) = 0x1f
  [PASS] reply AETH.MSN = 0x6
[TB] Whole group
  [PASS] unexpected memory write commands = 0
  [PASS] unexpected memory payloads = 0
  [PASS] no memory data beat left without TLAST
  [PASS] unexpected packets sent back = 0
  [PASS] tx meta entries = tx packets = 1
  [PASS] invalid-PSN drop counter increase over the group = 0
  [PASS] ackMeta to the host (only used for our own requests) = 0
  [PASS] module consumed the whole input
  [PASS] no memory READ command issued

=====================================================================
  GROUP: TEST 02g: ONLY in order
=====================================================================
[TB] Packet 0: TEST 02g: ONLY in order
[TB]   state before: epsn=0xa0b12 last_psn=0xa0b11
[TB]   RC_RDMA_WRITE_ONLY  DestQP=0x5  PSN=0xa0b12, 658194  RETH.vaddr=0x1000  RETH.len=1000  payload=1000 B  UDP length=1044  (then drain and check)
      0000: ca 00 ff ff 00 00 00 05 80 0a 0b 12 00 00 00 06 
      0010: 00 00 00 00 00 00 10 00 00 00 12 34 00 00 03 e8 
      0020: 07 08 09 0a 0b 0c 0d 0e 0f 10 11 12 13 14 15 16 
      0030: 17 18 19 1a 1b 1c 1d 1e 1f 20 21 22 23 24 25 26 
      ... (968 more bytes)

[TB] Feeding 1 packet(s)... (module prints follow)
[cyc 2224] [TB] first beat of packet 0 (TEST 02g: ONLY in order)
[cyc 2224] [RX PROCESS IBH 0]: input psn 0x0a0b12
[cyc 2224] [RX PROCESS IBH 0]: process IBH opcode: ca
[cyc 2224] [R SHIFT BY OCTET IN] ca 00 ff ff 00 00 00 05 80 0a 0b 12 00 00 00 06 00 00 00 00 00 00 10 00 00 00 12 34 00 00 03 e8 07 08 09 0a 0b 0c 0d 0e 0f 10 11 12 13 14 15 16 17 18 19 1a 1b 1c 1d 1e 1f 20 21 22 23 24 25 26 ffffffffffffffff 0
[cyc 2225] [R SHIFT BY OCTET IN] 27 28 29 2a 2b 2c 2d 2e 2f 30 31 32 33 34 35 36 37 38 39 3a 3b 3c 3d 3e 3f 40 41 42 43 44 45 46 47 48 49 4a 4b 4c 4d 4e 4f 50 51 52 53 54 55 56 57 58 59 5a 5b 5c 5d 5e 5f 60 61 62 63 64 65 66 ffffffffffffffff 0
[cyc 2225] [R SHIFT BY OCTET OUT] 00 00 00 06 00 00 00 00 00 00 10 00 00 00 12 34 00 00 03 e8 07 08 09 0a 0b 0c 0d 0e 0f 10 11 12 13 14 15 16 17 18 19 1a 1b 1c 1d 1e 1f 20 21 22 23 24 25 26 27 28 29 2a 2b 2c 2d 2e 2f 30 31 32 ffffffffffffffff 0
[cyc 2225] [STRIP MRC headers IN 0] 00 00 00 06 00 00 00 00 00 00 10 00 00 00 12 34 00 00 03 e8 07 08 09 0a 0b 0c 0d 0e 0f 10 11 12 13 14 15 16 17 18 19 1a 1b 1c 1d 1e 1f 20 21 22 23 24 25 26 27 28 29 2a 2b 2c 2d 2e 2f 30 31 32 ffffffffffffffff 0
[cyc 2226] [R SHIFT BY OCTET IN] 67 68 69 6a 6b 6c 6d 6e 6f 70 71 72 73 74 75 76 77 78 79 7a 7b 7c 7d 7e 7f 80 81 82 83 84 85 86 87 88 89 8a 8b 8c 8d 8e 8f 90 91 92 93 94 95 96 97 98 99 9a 9b 9c 9d 9e 9f a0 a1 a2 a3 a4 a5 a6 ffffffffffffffff 0
[cyc 2226] [R SHIFT BY OCTET OUT] 33 34 35 36 37 38 39 3a 3b 3c 3d 3e 3f 40 41 42 43 44 45 46 47 48 49 4a 4b 4c 4d 4e 4f 50 51 52 53 54 55 56 57 58 59 5a 5b 5c 5d 5e 5f 60 61 62 63 64 65 66 67 68 69 6a 6b 6c 6d 6e 6f 70 71 72 ffffffffffffffff 0
[cyc 2226] [STRIP MRC headers IN 0] 33 34 35 36 37 38 39 3a 3b 3c 3d 3e 3f 40 41 42 43 44 45 46 47 48 49 4a 4b 4c 4d 4e 4f 50 51 52 53 54 55 56 57 58 59 5a 5b 5c 5d 5e 5f 60 61 62 63 64 65 66 67 68 69 6a 6b 6c 6d 6e 6f 70 71 72 ffffffffffffffff 0
[cyc 2226] [STRIP MRC headers OUT 0] 00 00 00 00 00 00 10 00 00 00 12 34 00 00 03 e8 07 08 09 0a 0b 0c 0d 0e 0f 10 11 12 13 14 15 16 17 18 19 1a 1b 1c 1d 1e 1f 20 21 22 23 24 25 26 27 28 29 2a 2b 2c 2d 2e 2f 30 31 32 33 34 35 36 ffffffffffffffff 0
[cyc 2227] [R SHIFT BY OCTET IN] a7 a8 a9 aa ab ac ad ae af b0 b1 b2 b3 b4 b5 b6 b7 b8 b9 ba bb bc bd be bf c0 c1 c2 c3 c4 c5 c6 c7 c8 c9 ca cb cc cd ce cf d0 d1 d2 d3 d4 d5 d6 d7 d8 d9 da db dc dd de df e0 e1 e2 e3 e4 e5 e6 ffffffffffffffff 0
[cyc 2227] [R SHIFT BY OCTET OUT] 73 74 75 76 77 78 79 7a 7b 7c 7d 7e 7f 80 81 82 83 84 85 86 87 88 89 8a 8b 8c 8d 8e 8f 90 91 92 93 94 95 96 97 98 99 9a 9b 9c 9d 9e 9f a0 a1 a2 a3 a4 a5 a6 a7 a8 a9 aa ab ac ad ae af b0 b1 b2 ffffffffffffffff 0
[cyc 2227] [STRIP MRC headers IN 0] 73 74 75 76 77 78 79 7a 7b 7c 7d 7e 7f 80 81 82 83 84 85 86 87 88 89 8a 8b 8c 8d 8e 8f 90 91 92 93 94 95 96 97 98 99 9a 9b 9c 9d 9e 9f a0 a1 a2 a3 a4 a5 a6 a7 a8 a9 aa ab ac ad ae af b0 b1 b2 ffffffffffffffff 0
[cyc 2227] [STRIP MRC headers OUT 0] 37 38 39 3a 3b 3c 3d 3e 3f 40 41 42 43 44 45 46 47 48 49 4a 4b 4c 4d 4e 4f 50 51 52 53 54 55 56 57 58 59 5a 5b 5c 5d 5e 5f 60 61 62 63 64 65 66 67 68 69 6a 6b 6c 6d 6e 6f 70 71 72 73 74 75 76 ffffffffffffffff 0
[cyc 2227] [RX IBH FSM 0]: epsn: 0x0a0b12, 658194, packet psn: 0x0a0b12, 658194, oldest outstanding psn: 0x8a0b12, 9046802
[cyc 2228] [R SHIFT BY OCTET IN] e7 e8 e9 ea eb ec ed ee ef f0 f1 f2 f3 f4 f5 f6 f7 f8 f9 fa fb fc fd fe ff 00 01 02 03 04 05 06 07 08 09 0a 0b 0c 0d 0e 0f 10 11 12 13 14 15 16 17 18 19 1a 1b 1c 1d 1e 1f 20 21 22 23 24 25 26 ffffffffffffffff 0
[cyc 2228] [R SHIFT BY OCTET OUT] b3 b4 b5 b6 b7 b8 b9 ba bb bc bd be bf c0 c1 c2 c3 c4 c5 c6 c7 c8 c9 ca cb cc cd ce cf d0 d1 d2 d3 d4 d5 d6 d7 d8 d9 da db dc dd de df e0 e1 e2 e3 e4 e5 e6 e7 e8 e9 ea eb ec ed ee ef f0 f1 f2 ffffffffffffffff 0
[cyc 2228] [STRIP MRC headers IN 0] b3 b4 b5 b6 b7 b8 b9 ba bb bc bd be bf c0 c1 c2 c3 c4 c5 c6 c7 c8 c9 ca cb cc cd ce cf d0 d1 d2 d3 d4 d5 d6 d7 d8 d9 da db dc dd de df e0 e1 e2 e3 e4 e5 e6 e7 e8 e9 ea eb ec ed ee ef f0 f1 f2 ffffffffffffffff 0
[cyc 2228] [STRIP MRC headers OUT 0] 77 78 79 7a 7b 7c 7d 7e 7f 80 81 82 83 84 85 86 87 88 89 8a 8b 8c 8d 8e 8f 90 91 92 93 94 95 96 97 98 99 9a 9b 9c 9d 9e 9f a0 a1 a2 a3 a4 a5 a6 a7 a8 a9 aa ab ac ad ae af b0 b1 b2 b3 b4 b5 b6 ffffffffffffffff 0
[cyc 2229] [R SHIFT BY OCTET IN] 27 28 29 2a 2b 2c 2d 2e 2f 30 31 32 33 34 35 36 37 38 39 3a 3b 3c 3d 3e 3f 40 41 42 43 44 45 46 47 48 49 4a 4b 4c 4d 4e 4f 50 51 52 53 54 55 56 57 58 59 5a 5b 5c 5d 5e 5f 60 61 62 63 64 65 66 ffffffffffffffff 0
[cyc 2229] [R SHIFT BY OCTET OUT] f3 f4 f5 f6 f7 f8 f9 fa fb fc fd fe ff 00 01 02 03 04 05 06 07 08 09 0a 0b 0c 0d 0e 0f 10 11 12 13 14 15 16 17 18 19 1a 1b 1c 1d 1e 1f 20 21 22 23 24 25 26 27 28 29 2a 2b 2c 2d 2e 2f 30 31 32 ffffffffffffffff 0
[cyc 2229] [STRIP MRC headers IN 0] f3 f4 f5 f6 f7 f8 f9 fa fb fc fd fe ff 00 01 02 03 04 05 06 07 08 09 0a 0b 0c 0d 0e 0f 10 11 12 13 14 15 16 17 18 19 1a 1b 1c 1d 1e 1f 20 21 22 23 24 25 26 27 28 29 2a 2b 2c 2d 2e 2f 30 31 32 ffffffffffffffff 0
[cyc 2229] [STRIP MRC headers OUT 0] b7 b8 b9 ba bb bc bd be bf c0 c1 c2 c3 c4 c5 c6 c7 c8 c9 ca cb cc cd ce cf d0 d1 d2 d3 d4 d5 d6 d7 d8 d9 da db dc dd de df e0 e1 e2 e3 e4 e5 e6 e7 e8 e9 ea eb ec ed ee ef f0 f1 f2 f3 f4 f5 f6 ffffffffffffffff 0
[cyc 2229] [META MERGER 0]: reading from ack event with qpn 0x5, psn 0x0a0b12
[cyc 2230] [R SHIFT BY OCTET IN] 67 68 69 6a 6b 6c 6d 6e 6f 70 71 72 73 74 75 76 77 78 79 7a 7b 7c 7d 7e 7f 80 81 82 83 84 85 86 87 88 89 8a 8b 8c 8d 8e 8f 90 91 92 93 94 95 96 97 98 99 9a 9b 9c 9d 9e 9f a0 a1 a2 a3 a4 a5 a6 ffffffffffffffff 0
[cyc 2230] [R SHIFT BY OCTET OUT] 33 34 35 36 37 38 39 3a 3b 3c 3d 3e 3f 40 41 42 43 44 45 46 47 48 49 4a 4b 4c 4d 4e 4f 50 51 52 53 54 55 56 57 58 59 5a 5b 5c 5d 5e 5f 60 61 62 63 64 65 66 67 68 69 6a 6b 6c 6d 6e 6f 70 71 72 ffffffffffffffff 0
[cyc 2230] [STRIP MRC headers IN 0] 33 34 35 36 37 38 39 3a 3b 3c 3d 3e 3f 40 41 42 43 44 45 46 47 48 49 4a 4b 4c 4d 4e 4f 50 51 52 53 54 55 56 57 58 59 5a 5b 5c 5d 5e 5f 60 61 62 63 64 65 66 67 68 69 6a 6b 6c 6d 6e 6f 70 71 72 ffffffffffffffff 0
[cyc 2230] [STRIP MRC headers OUT 0] f7 f8 f9 fa fb fc fd fe ff 00 01 02 03 04 05 06 07 08 09 0a 0b 0c 0d 0e 0f 10 11 12 13 14 15 16 17 18 19 1a 1b 1c 1d 1e 1f 20 21 22 23 24 25 26 27 28 29 2a 2b 2c 2d 2e 2f 30 31 32 33 34 35 36 ffffffffffffffff 0
[cyc 2230] [R SHIFT BY OCTET IN] 00 00 00 00 00 00 10 00 00 00 12 34 00 00 03 e8 07 08 09 0a 0b 0c 0d 0e 0f 10 11 12 13 14 15 16 17 18 19 1a 1b 1c 1d 1e 1f 20 21 22 23 24 25 26 27 28 29 2a 2b 2c 2d 2e 2f 30 31 32 33 34 35 36 ffffffffffffffff 0
[cyc 2231] [R SHIFT BY OCTET IN] a7 a8 a9 aa ab ac ad ae af b0 b1 b2 b3 b4 b5 b6 b7 b8 b9 ba bb bc bd be bf c0 c1 c2 c3 c4 c5 c6 c7 c8 c9 ca cb cc cd ce cf d0 d1 d2 d3 d4 d5 d6 d7 d8 d9 da db dc dd de df e0 e1 e2 e3 e4 e5 e6 ffffffffffffffff 0
[cyc 2231] [R SHIFT BY OCTET OUT] 73 74 75 76 77 78 79 7a 7b 7c 7d 7e 7f 80 81 82 83 84 85 86 87 88 89 8a 8b 8c 8d 8e 8f 90 91 92 93 94 95 96 97 98 99 9a 9b 9c 9d 9e 9f a0 a1 a2 a3 a4 a5 a6 a7 a8 a9 aa ab ac ad ae af b0 b1 b2 ffffffffffffffff 0
[cyc 2231] [STRIP MRC headers IN 0] 73 74 75 76 77 78 79 7a 7b 7c 7d 7e 7f 80 81 82 83 84 85 86 87 88 89 8a 8b 8c 8d 8e 8f 90 91 92 93 94 95 96 97 98 99 9a 9b 9c 9d 9e 9f a0 a1 a2 a3 a4 a5 a6 a7 a8 a9 aa ab ac ad ae af b0 b1 b2 ffffffffffffffff 0
[cyc 2231] [STRIP MRC headers OUT 0] 37 38 39 3a 3b 3c 3d 3e 3f 40 41 42 43 44 45 46 47 48 49 4a 4b 4c 4d 4e 4f 50 51 52 53 54 55 56 57 58 59 5a 5b 5c 5d 5e 5f 60 61 62 63 64 65 66 67 68 69 6a 6b 6c 6d 6e 6f 70 71 72 73 74 75 76 ffffffffffffffff 0
[cyc 2231] [R SHIFT BY OCTET IN] 37 38 39 3a 3b 3c 3d 3e 3f 40 41 42 43 44 45 46 47 48 49 4a 4b 4c 4d 4e 4f 50 51 52 53 54 55 56 57 58 59 5a 5b 5c 5d 5e 5f 60 61 62 63 64 65 66 67 68 69 6a 6b 6c 6d 6e 6f 70 71 72 73 74 75 76 ffffffffffffffff 0
[cyc 2231] [R SHIFT BY OCTET OUT] 07 08 09 0a 0b 0c 0d 0e 0f 10 11 12 13 14 15 16 17 18 19 1a 1b 1c 1d 1e 1f 20 21 22 23 24 25 26 27 28 29 2a 2b 2c 2d 2e 2f 30 31 32 33 34 35 36 37 38 39 3a 3b 3c 3d 3e 3f 40 41 42 43 44 45 46 ffffffffffffffff 0
[cyc 2232] [R SHIFT BY OCTET IN] e7 e8 e9 ea eb ec ed ee ef f0 f1 f2 f3 f4 f5 f6 f7 f8 f9 fa fb fc fd fe ff 00 01 02 03 04 05 06 07 08 09 0a 0b 0c 0d 0e 0f 10 11 12 13 14 15 16 17 18 19 1a 1b 1c 1d 1e 1f 20 21 22 23 24 25 26 ffffffffffffffff 0
[cyc 2232] [R SHIFT BY OCTET OUT] b3 b4 b5 b6 b7 b8 b9 ba bb bc bd be bf c0 c1 c2 c3 c4 c5 c6 c7 c8 c9 ca cb cc cd ce cf d0 d1 d2 d3 d4 d5 d6 d7 d8 d9 da db dc dd de df e0 e1 e2 e3 e4 e5 e6 e7 e8 e9 ea eb ec ed ee ef f0 f1 f2 ffffffffffffffff 0
[cyc 2232] [STRIP MRC headers IN 0] b3 b4 b5 b6 b7 b8 b9 ba bb bc bd be bf c0 c1 c2 c3 c4 c5 c6 c7 c8 c9 ca cb cc cd ce cf d0 d1 d2 d3 d4 d5 d6 d7 d8 d9 da db dc dd de df e0 e1 e2 e3 e4 e5 e6 e7 e8 e9 ea eb ec ed ee ef f0 f1 f2 ffffffffffffffff 0
[cyc 2232] [STRIP MRC headers OUT 0] 77 78 79 7a 7b 7c 7d 7e 7f 80 81 82 83 84 85 86 87 88 89 8a 8b 8c 8d 8e 8f 90 91 92 93 94 95 96 97 98 99 9a 9b 9c 9d 9e 9f a0 a1 a2 a3 a4 a5 a6 a7 a8 a9 aa ab ac ad ae af b0 b1 b2 b3 b4 b5 b6 ffffffffffffffff 0
[cyc 2232] [R SHIFT BY OCTET IN] 77 78 79 7a 7b 7c 7d 7e 7f 80 81 82 83 84 85 86 87 88 89 8a 8b 8c 8d 8e 8f 90 91 92 93 94 95 96 97 98 99 9a 9b 9c 9d 9e 9f a0 a1 a2 a3 a4 a5 a6 a7 a8 a9 aa ab ac ad ae af b0 b1 b2 b3 b4 b5 b6 ffffffffffffffff 0
[cyc 2232] [R SHIFT BY OCTET OUT] 47 48 49 4a 4b 4c 4d 4e 4f 50 51 52 53 54 55 56 57 58 59 5a 5b 5c 5d 5e 5f 60 61 62 63 64 65 66 67 68 69 6a 6b 6c 6d 6e 6f 70 71 72 73 74 75 76 77 78 79 7a 7b 7c 7d 7e 7f 80 81 82 83 84 85 86 ffffffffffffffff 0
[cyc 2232] [GENERATE EXH 0]: MRC_ACK with qpn 0x5, psn 0x0a0b12
[cyc 2232] [GENERATE EXH 0]: MRC_ACK 1f 00 00 07 4b 4c 4d 4e 00 71 f4 d0 83 e8 5f f6 60 fa 8b 9e 40 5f 00 00 40 be 46 89 fe 7f 00 00 d0 fa 8b 9e 40 5f 00 00 44 5b 81 9e 40 5f 00 00 44 c0 46 89 fe 7f 00 00 87 16 85 9e 40 5f 00 00 000000000000000f 1
[cyc 2232] [APPEND PAYLOAD 0]: moving to state HEADER
[cyc 2232] [TX IP UDP META MERGER 0]: port 0xc000
[cyc 2233] [R SHIFT BY OCTET IN] 27 28 29 2a 2b 2c 2d 2e 2f 30 31 32 33 34 35 36 37 38 39 3a 3b 3c 3d 3e 3f 40 41 42 43 44 45 46 47 48 49 4a 4b 4c 4d 4e 4f 50 51 52 53 54 55 56 57 58 59 5a 5b 5c 5d 5e 5f 60 61 62 63 64 65 66 ffffffffffffffff 0
[cyc 2233] [R SHIFT BY OCTET OUT] f3 f4 f5 f6 f7 f8 f9 fa fb fc fd fe ff 00 01 02 03 04 05 06 07 08 09 0a 0b 0c 0d 0e 0f 10 11 12 13 14 15 16 17 18 19 1a 1b 1c 1d 1e 1f 20 21 22 23 24 25 26 27 28 29 2a 2b 2c 2d 2e 2f 30 31 32 ffffffffffffffff 0
[cyc 2233] [STRIP MRC headers IN 0] f3 f4 f5 f6 f7 f8 f9 fa fb fc fd fe ff 00 01 02 03 04 05 06 07 08 09 0a 0b 0c 0d 0e 0f 10 11 12 13 14 15 16 17 18 19 1a 1b 1c 1d 1e 1f 20 21 22 23 24 25 26 27 28 29 2a 2b 2c 2d 2e 2f 30 31 32 ffffffffffffffff 0
[cyc 2233] [STRIP MRC headers OUT 0] b7 b8 b9 ba bb bc bd be bf c0 c1 c2 c3 c4 c5 c6 c7 c8 c9 ca cb cc cd ce cf d0 d1 d2 d3 d4 d5 d6 d7 d8 d9 da db dc dd de df e0 e1 e2 e3 e4 e5 e6 e7 e8 e9 ea eb ec ed ee ef f0 f1 f2 f3 f4 f5 f6 ffffffffffffffff 0
[cyc 2233] [R SHIFT BY OCTET IN] b7 b8 b9 ba bb bc bd be bf c0 c1 c2 c3 c4 c5 c6 c7 c8 c9 ca cb cc cd ce cf d0 d1 d2 d3 d4 d5 d6 d7 d8 d9 da db dc dd de df e0 e1 e2 e3 e4 e5 e6 e7 e8 e9 ea eb ec ed ee ef f0 f1 f2 f3 f4 f5 f6 ffffffffffffffff 0
[cyc 2233] [R SHIFT BY OCTET OUT] 87 88 89 8a 8b 8c 8d 8e 8f 90 91 92 93 94 95 96 97 98 99 9a 9b 9c 9d 9e 9f a0 a1 a2 a3 a4 a5 a6 a7 a8 a9 aa ab ac ad ae af b0 b1 b2 b3 b4 b5 b6 b7 b8 b9 ba bb bc bd be bf c0 c1 c2 c3 c4 c5 c6 ffffffffffffffff 0
[cyc 2233] [APPEND PAYLOAD 0]: moving to state INFO
[cyc 2233] [GENERATE IBH 0]: input meta, opcode 0xd1 valid psn 0x0a0b12
[cyc 2233] [PREPEND IBH HEADER 0]: going to state PARTIAL_HEADER
[cyc 2234] [R SHIFT BY OCTET IN] 67 68 69 6a 6b 6c 6d 6e 6f 70 71 72 73 74 75 76 77 78 79 7a 7b 7c 7d 7e 7f 80 81 82 83 84 85 86 87 88 89 8a 8b 8c 8d 8e 8f 90 91 92 93 94 95 96 97 98 99 9a 9b 9c 9d 9e 9f a0 a1 a2 a3 a4 a5 a6 ffffffffffffffff 0
[cyc 2234] [R SHIFT BY OCTET OUT] 33 34 35 36 37 38 39 3a 3b 3c 3d 3e 3f 40 41 42 43 44 45 46 47 48 49 4a 4b 4c 4d 4e 4f 50 51 52 53 54 55 56 57 58 59 5a 5b 5c 5d 5e 5f 60 61 62 63 64 65 66 67 68 69 6a 6b 6c 6d 6e 6f 70 71 72 ffffffffffffffff 0
[cyc 2234] [STRIP MRC headers IN 0] 33 34 35 36 37 38 39 3a 3b 3c 3d 3e 3f 40 41 42 43 44 45 46 47 48 49 4a 4b 4c 4d 4e 4f 50 51 52 53 54 55 56 57 58 59 5a 5b 5c 5d 5e 5f 60 61 62 63 64 65 66 67 68 69 6a 6b 6c 6d 6e 6f 70 71 72 ffffffffffffffff 0
[cyc 2234] [STRIP MRC headers OUT 0] f7 f8 f9 fa fb fc fd fe ff 00 01 02 03 04 05 06 07 08 09 0a 0b 0c 0d 0e 0f 10 11 12 13 14 15 16 17 18 19 1a 1b 1c 1d 1e 1f 20 21 22 23 24 25 26 27 28 29 2a 2b 2c 2d 2e 2f 30 31 32 33 34 35 36 ffffffffffffffff 0
[cyc 2234] [R SHIFT BY OCTET IN] f7 f8 f9 fa fb fc fd fe ff 00 01 02 03 04 05 06 07 08 09 0a 0b 0c 0d 0e 0f 10 11 12 13 14 15 16 17 18 19 1a 1b 1c 1d 1e 1f 20 21 22 23 24 25 26 27 28 29 2a 2b 2c 2d 2e 2f 30 31 32 33 34 35 36 ffffffffffffffff 0
[cyc 2234] [R SHIFT BY OCTET OUT] c7 c8 c9 ca cb cc cd ce cf d0 d1 d2 d3 d4 d5 d6 d7 d8 d9 da db dc dd de df e0 e1 e2 e3 e4 e5 e6 e7 e8 e9 ea eb ec ed ee ef f0 f1 f2 f3 f4 f5 f6 f7 f8 f9 fa fb fc fd fe ff 00 01 02 03 04 05 06 ffffffffffffffff 0
[cyc 2234] [PREPEND IBH HEADER 0]: IBH PARTIAL PAYLOAD
[cyc 2234] 00 00 00 00 00 00 00 00 00 00 00 00 1f 00 00 07 4b 4c 4d 4e 00 71 f4 d0 83 e8 5f f6 60 fa 8b 9e 40 5f 00 00 40 be 46 89 fe 7f 00 00 d0 fa 8b 9e 40 5f 00 00 44 5b 81 9e 40 5f 00 00 44 c0 46 89 000000000000ffff 1
[cyc 2234] [PREPEND IBH HEADER 0]: IBH PARTIAL HEADER
[cyc 2234] d1 00 ff ff 00 00 00 42 00 0a 0b 12 1f 00 00 07 4b 4c 4d 4e 00 71 f4 d0 83 e8 5f f6 60 fa 8b 9e 40 5f 00 00 40 be 46 89 fe 7f 00 00 d0 fa 8b 9e 40 5f 00 00 44 5b 81 9e 40 5f 00 00 44 c0 46 89 000000000000ffff 1
[cyc 2235] [R SHIFT BY OCTET IN] a7 a8 a9 aa ab ac ad ae af b0 b1 b2 b3 b4 b5 b6 b7 b8 b9 ba bb bc bd be bf c0 c1 c2 c3 c4 c5 c6 c7 c8 c9 ca cb cc cd ce cf d0 d1 d2 d3 d4 d5 d6 d7 d8 d9 da db dc dd de df e0 e1 e2 e3 e4 e5 e6 ffffffffffffffff 0
[cyc 2235] [R SHIFT BY OCTET OUT] 73 74 75 76 77 78 79 7a 7b 7c 7d 7e 7f 80 81 82 83 84 85 86 87 88 89 8a 8b 8c 8d 8e 8f 90 91 92 93 94 95 96 97 98 99 9a 9b 9c 9d 9e 9f a0 a1 a2 a3 a4 a5 a6 a7 a8 a9 aa ab ac ad ae af b0 b1 b2 ffffffffffffffff 0
[cyc 2235] [STRIP MRC headers IN 0] 73 74 75 76 77 78 79 7a 7b 7c 7d 7e 7f 80 81 82 83 84 85 86 87 88 89 8a 8b 8c 8d 8e 8f 90 91 92 93 94 95 96 97 98 99 9a 9b 9c 9d 9e 9f a0 a1 a2 a3 a4 a5 a6 a7 a8 a9 aa ab ac ad ae af b0 b1 b2 ffffffffffffffff 0
[cyc 2235] [STRIP MRC headers OUT 0] 37 38 39 3a 3b 3c 3d 3e 3f 40 41 42 43 44 45 46 47 48 49 4a 4b 4c 4d 4e 4f 50 51 52 53 54 55 56 57 58 59 5a 5b 5c 5d 5e 5f 60 61 62 63 64 65 66 67 68 69 6a 6b 6c 6d 6e 6f 70 71 72 73 74 75 76 ffffffffffffffff 0
[cyc 2235] [R SHIFT BY OCTET IN] 37 38 39 3a 3b 3c 3d 3e 3f 40 41 42 43 44 45 46 47 48 49 4a 4b 4c 4d 4e 4f 50 51 52 53 54 55 56 57 58 59 5a 5b 5c 5d 5e 5f 60 61 62 63 64 65 66 67 68 69 6a 6b 6c 6d 6e 6f 70 71 72 73 74 75 76 ffffffffffffffff 0
[cyc 2235] [R SHIFT BY OCTET OUT] 07 08 09 0a 0b 0c 0d 0e 0f 10 11 12 13 14 15 16 17 18 19 1a 1b 1c 1d 1e 1f 20 21 22 23 24 25 26 27 28 29 2a 2b 2c 2d 2e 2f 30 31 32 33 34 35 36 37 38 39 3a 3b 3c 3d 3e 3f 40 41 42 43 44 45 46 ffffffffffffffff 0
[cyc 2236] [R SHIFT BY OCTET IN] e7 e8 e9 ea eb ec ed ee ef f0 f1 f2 f3 f4 f5 f6 f7 f8 f9 fa fb fc fd fe ff 00 01 02 03 04 05 06 07 08 09 0a 0b 0c 0d 0e 0f 10 11 12 13 14 15 16 17 18 19 1a 1b 1c 1d 1e 1f 20 21 22 23 24 25 26 ffffffffffffffff 0
[cyc 2236] [R SHIFT BY OCTET OUT] b3 b4 b5 b6 b7 b8 b9 ba bb bc bd be bf c0 c1 c2 c3 c4 c5 c6 c7 c8 c9 ca cb cc cd ce cf d0 d1 d2 d3 d4 d5 d6 d7 d8 d9 da db dc dd de df e0 e1 e2 e3 e4 e5 e6 e7 e8 e9 ea eb ec ed ee ef f0 f1 f2 ffffffffffffffff 0
[cyc 2236] [STRIP MRC headers IN 0] b3 b4 b5 b6 b7 b8 b9 ba bb bc bd be bf c0 c1 c2 c3 c4 c5 c6 c7 c8 c9 ca cb cc cd ce cf d0 d1 d2 d3 d4 d5 d6 d7 d8 d9 da db dc dd de df e0 e1 e2 e3 e4 e5 e6 e7 e8 e9 ea eb ec ed ee ef f0 f1 f2 ffffffffffffffff 0
[cyc 2236] [STRIP MRC headers OUT 0] 77 78 79 7a 7b 7c 7d 7e 7f 80 81 82 83 84 85 86 87 88 89 8a 8b 8c 8d 8e 8f 90 91 92 93 94 95 96 97 98 99 9a 9b 9c 9d 9e 9f a0 a1 a2 a3 a4 a5 a6 a7 a8 a9 aa ab ac ad ae af b0 b1 b2 b3 b4 b5 b6 ffffffffffffffff 0
[cyc 2236] [R SHIFT BY OCTET IN] 77 78 79 7a 7b 7c 7d 7e 7f 80 81 82 83 84 85 86 87 88 89 8a 8b 8c 8d 8e 8f 90 91 92 93 94 95 96 97 98 99 9a 9b 9c 9d 9e 9f a0 a1 a2 a3 a4 a5 a6 a7 a8 a9 aa ab ac ad ae af b0 b1 b2 b3 b4 b5 b6 ffffffffffffffff 0
[cyc 2236] [R SHIFT BY OCTET OUT] 47 48 49 4a 4b 4c 4d 4e 4f 50 51 52 53 54 55 56 57 58 59 5a 5b 5c 5d 5e 5f 60 61 62 63 64 65 66 67 68 69 6a 6b 6c 6d 6e 6f 70 71 72 73 74 75 76 77 78 79 7a 7b 7c 7d 7e 7f 80 81 82 83 84 85 86 ffffffffffffffff 0
[cyc 2237] [R SHIFT BY OCTET IN] 27 28 29 2a 2b 2c 2d 2e 2f 30 31 32 33 34 35 36 37 38 39 3a 3b 3c 3d 3e 3f 40 41 42 43 44 45 46 47 48 49 4a 4b 4c 4d 4e 4f 50 51 52 53 54 55 56 57 58 59 5a 5b 5c 5d 5e 5f 60 61 62 63 64 65 66 ffffffffffffffff 0
[cyc 2237] [R SHIFT BY OCTET OUT] f3 f4 f5 f6 f7 f8 f9 fa fb fc fd fe ff 00 01 02 03 04 05 06 07 08 09 0a 0b 0c 0d 0e 0f 10 11 12 13 14 15 16 17 18 19 1a 1b 1c 1d 1e 1f 20 21 22 23 24 25 26 27 28 29 2a 2b 2c 2d 2e 2f 30 31 32 ffffffffffffffff 0
[cyc 2237] [STRIP MRC headers IN 0] f3 f4 f5 f6 f7 f8 f9 fa fb fc fd fe ff 00 01 02 03 04 05 06 07 08 09 0a 0b 0c 0d 0e 0f 10 11 12 13 14 15 16 17 18 19 1a 1b 1c 1d 1e 1f 20 21 22 23 24 25 26 27 28 29 2a 2b 2c 2d 2e 2f 30 31 32 ffffffffffffffff 0
[cyc 2237] [STRIP MRC headers OUT 0] b7 b8 b9 ba bb bc bd be bf c0 c1 c2 c3 c4 c5 c6 c7 c8 c9 ca cb cc cd ce cf d0 d1 d2 d3 d4 d5 d6 d7 d8 d9 da db dc dd de df e0 e1 e2 e3 e4 e5 e6 e7 e8 e9 ea eb ec ed ee ef f0 f1 f2 f3 f4 f5 f6 ffffffffffffffff 0
[cyc 2237] [R SHIFT BY OCTET IN] b7 b8 b9 ba bb bc bd be bf c0 c1 c2 c3 c4 c5 c6 c7 c8 c9 ca cb cc cd ce cf d0 d1 d2 d3 d4 d5 d6 d7 d8 d9 da db dc dd de df e0 e1 e2 e3 e4 e5 e6 e7 e8 e9 ea eb ec ed ee ef f0 f1 f2 f3 f4 f5 f6 ffffffffffffffff 0
[cyc 2237] [R SHIFT BY OCTET OUT] 87 88 89 8a 8b 8c 8d 8e 8f 90 91 92 93 94 95 96 97 98 99 9a 9b 9c 9d 9e 9f a0 a1 a2 a3 a4 a5 a6 a7 a8 a9 aa ab ac ad ae af b0 b1 b2 b3 b4 b5 b6 b7 b8 b9 ba bb bc bd be bf c0 c1 c2 c3 c4 c5 c6 ffffffffffffffff 0
[cyc 2238] [R SHIFT BY OCTET IN] 67 68 69 6a 6b 6c 6d 6e 6f 70 71 72 73 74 75 76 77 78 79 7a 7b 7c 7d 7e 7f 80 81 82 83 84 85 86 87 88 89 8a 8b 8c 8d 8e 8f 90 91 92 93 94 95 96 97 98 99 9a 9b 9c 9d 9e 9f a0 a1 a2 a3 a4 a5 a6 ffffffffffffffff 0
[cyc 2238] [R SHIFT BY OCTET OUT] 33 34 35 36 37 38 39 3a 3b 3c 3d 3e 3f 40 41 42 43 44 45 46 47 48 49 4a 4b 4c 4d 4e 4f 50 51 52 53 54 55 56 57 58 59 5a 5b 5c 5d 5e 5f 60 61 62 63 64 65 66 67 68 69 6a 6b 6c 6d 6e 6f 70 71 72 ffffffffffffffff 0
[cyc 2238] [STRIP MRC headers IN 0] 33 34 35 36 37 38 39 3a 3b 3c 3d 3e 3f 40 41 42 43 44 45 46 47 48 49 4a 4b 4c 4d 4e 4f 50 51 52 53 54 55 56 57 58 59 5a 5b 5c 5d 5e 5f 60 61 62 63 64 65 66 67 68 69 6a 6b 6c 6d 6e 6f 70 71 72 ffffffffffffffff 0
[cyc 2238] [STRIP MRC headers OUT 0] f7 f8 f9 fa fb fc fd fe ff 00 01 02 03 04 05 06 07 08 09 0a 0b 0c 0d 0e 0f 10 11 12 13 14 15 16 17 18 19 1a 1b 1c 1d 1e 1f 20 21 22 23 24 25 26 27 28 29 2a 2b 2c 2d 2e 2f 30 31 32 33 34 35 36 ffffffffffffffff 0
[cyc 2238] [R SHIFT BY OCTET IN] f7 f8 f9 fa fb fc fd fe ff 00 01 02 03 04 05 06 07 08 09 0a 0b 0c 0d 0e 0f 10 11 12 13 14 15 16 17 18 19 1a 1b 1c 1d 1e 1f 20 21 22 23 24 25 26 27 28 29 2a 2b 2c 2d 2e 2f 30 31 32 33 34 35 36 ffffffffffffffff 0
[cyc 2238] [R SHIFT BY OCTET OUT] c7 c8 c9 ca cb cc cd ce cf d0 d1 d2 d3 d4 d5 d6 d7 d8 d9 da db dc dd de df e0 e1 e2 e3 e4 e5 e6 e7 e8 e9 ea eb ec ed ee ef f0 f1 f2 f3 f4 f5 f6 f7 f8 f9 fa fb fc fd fe ff 00 01 02 03 04 05 06 ffffffffffffffff 0
[cyc 2239] [R SHIFT BY OCTET IN] a7 a8 a9 aa ab ac ad ae af b0 b1 b2 b3 b4 b5 b6 b7 b8 b9 ba bb bc bd be bf c0 c1 c2 c3 c4 c5 c6 c7 c8 c9 ca cb cc cd ce cf d0 d1 d2 d3 d4 d5 d6 d7 d8 d9 da db dc dd de df e0 e1 e2 e3 e4 e5 e6 ffffffffffffffff 0
[cyc 2239] [R SHIFT BY OCTET OUT] 73 74 75 76 77 78 79 7a 7b 7c 7d 7e 7f 80 81 82 83 84 85 86 87 88 89 8a 8b 8c 8d 8e 8f 90 91 92 93 94 95 96 97 98 99 9a 9b 9c 9d 9e 9f a0 a1 a2 a3 a4 a5 a6 a7 a8 a9 aa ab ac ad ae af b0 b1 b2 ffffffffffffffff 0
[cyc 2239] [STRIP MRC headers IN 0] 73 74 75 76 77 78 79 7a 7b 7c 7d 7e 7f 80 81 82 83 84 85 86 87 88 89 8a 8b 8c 8d 8e 8f 90 91 92 93 94 95 96 97 98 99 9a 9b 9c 9d 9e 9f a0 a1 a2 a3 a4 a5 a6 a7 a8 a9 aa ab ac ad ae af b0 b1 b2 ffffffffffffffff 0
[cyc 2239] [STRIP MRC headers OUT 0] 37 38 39 3a 3b 3c 3d 3e 3f 40 41 42 43 44 45 46 47 48 49 4a 4b 4c 4d 4e 4f 50 51 52 53 54 55 56 57 58 59 5a 5b 5c 5d 5e 5f 60 61 62 63 64 65 66 67 68 69 6a 6b 6c 6d 6e 6f 70 71 72 73 74 75 76 ffffffffffffffff 0
[cyc 2239] [R SHIFT BY OCTET IN] 37 38 39 3a 3b 3c 3d 3e 3f 40 41 42 43 44 45 46 47 48 49 4a 4b 4c 4d 4e 4f 50 51 52 53 54 55 56 57 58 59 5a 5b 5c 5d 5e 5f 60 61 62 63 64 65 66 67 68 69 6a 6b 6c 6d 6e 6f 70 71 72 73 74 75 76 ffffffffffffffff 0
[cyc 2239] [R SHIFT BY OCTET OUT] 07 08 09 0a 0b 0c 0d 0e 0f 10 11 12 13 14 15 16 17 18 19 1a 1b 1c 1d 1e 1f 20 21 22 23 24 25 26 27 28 29 2a 2b 2c 2d 2e 2f 30 31 32 33 34 35 36 37 38 39 3a 3b 3c 3d 3e 3f 40 41 42 43 44 45 46 ffffffffffffffff 0
[cyc 2240] [TB] last beat of packet 0 (17 beat(s))
[cyc 2240] [R SHIFT BY OCTET IN] e7 e8 e9 ea eb ec ed ee 00 00 00 00 00 00 00 00 00 00 00 00 00 00 00 00 00 00 00 00 00 00 00 00 00 00 00 00 00 00 00 00 00 00 00 00 00 00 00 00 00 00 00 00 00 00 00 00 00 00 00 00 00 00 00 00 00000000000000ff 1  <- last
[cyc 2240] [R SHIFT BY OCTET OUT] b3 b4 b5 b6 b7 b8 b9 ba bb bc bd be bf c0 c1 c2 c3 c4 c5 c6 c7 c8 c9 ca cb cc cd ce cf d0 d1 d2 d3 d4 d5 d6 d7 d8 d9 da db dc dd de df e0 e1 e2 e3 e4 e5 e6 e7 e8 e9 ea eb ec ed ee 00 00 00 00 0fffffffffffffff 1  <- last
[cyc 2240] [STRIP MRC headers IN 0] b3 b4 b5 b6 b7 b8 b9 ba bb bc bd be bf c0 c1 c2 c3 c4 c5 c6 c7 c8 c9 ca cb cc cd ce cf d0 d1 d2 d3 d4 d5 d6 d7 d8 d9 da db dc dd de df e0 e1 e2 e3 e4 e5 e6 e7 e8 e9 ea eb ec ed ee 00 00 00 00 0fffffffffffffff 1  <- last
[cyc 2240] [STRIP MRC headers OUT 0] 77 78 79 7a 7b 7c 7d 7e 7f 80 81 82 83 84 85 86 87 88 89 8a 8b 8c 8d 8e 8f 90 91 92 93 94 95 96 97 98 99 9a 9b 9c 9d 9e 9f a0 a1 a2 a3 a4 a5 a6 a7 a8 a9 aa ab ac ad ae af b0 b1 b2 b3 b4 b5 b6 ffffffffffffffff 0
[cyc 2240] [R SHIFT BY OCTET IN] 77 78 79 7a 7b 7c 7d 7e 7f 80 81 82 83 84 85 86 87 88 89 8a 8b 8c 8d 8e 8f 90 91 92 93 94 95 96 97 98 99 9a 9b 9c 9d 9e 9f a0 a1 a2 a3 a4 a5 a6 a7 a8 a9 aa ab ac ad ae af b0 b1 b2 b3 b4 b5 b6 ffffffffffffffff 0
[cyc 2240] [R SHIFT BY OCTET OUT] 47 48 49 4a 4b 4c 4d 4e 4f 50 51 52 53 54 55 56 57 58 59 5a 5b 5c 5d 5e 5f 60 61 62 63 64 65 66 67 68 69 6a 6b 6c 6d 6e 6f 70 71 72 73 74 75 76 77 78 79 7a 7b 7c 7d 7e 7f 80 81 82 83 84 85 86 ffffffffffffffff 0
[TB] All packets fed, running 300 more cycles...
[cyc 2241] [STRIP MRC headers OUT 0] b7 b8 b9 ba bb bc bd be bf c0 c1 c2 c3 c4 c5 c6 c7 c8 c9 ca cb cc cd ce cf d0 d1 d2 d3 d4 d5 d6 d7 d8 d9 da db dc dd de df e0 e1 e2 e3 e4 e5 e6 e7 e8 e9 ea eb ec ed ee 00 00 00 00 00 00 00 00 00ffffffffffffff 1  <- last
[cyc 2241] [R SHIFT BY OCTET IN] b7 b8 b9 ba bb bc bd be bf c0 c1 c2 c3 c4 c5 c6 c7 c8 c9 ca cb cc cd ce cf d0 d1 d2 d3 d4 d5 d6 d7 d8 d9 da db dc dd de df e0 e1 e2 e3 e4 e5 e6 e7 e8 e9 ea eb ec ed ee ef f0 f1 f2 f3 f4 f5 f6 ffffffffffffffff 0
[cyc 2241] [R SHIFT BY OCTET OUT] 87 88 89 8a 8b 8c 8d 8e 8f 90 91 92 93 94 95 96 97 98 99 9a 9b 9c 9d 9e 9f a0 a1 a2 a3 a4 a5 a6 a7 a8 a9 aa ab ac ad ae af b0 b1 b2 b3 b4 b5 b6 b7 b8 b9 ba bb bc bd be bf c0 c1 c2 c3 c4 c5 c6 ffffffffffffffff 0
[cyc 2242] [R SHIFT BY OCTET IN] f7 f8 f9 fa fb fc fd fe ff 00 01 02 03 04 05 06 07 08 09 0a 0b 0c 0d 0e 0f 10 11 12 13 14 15 16 17 18 19 1a 1b 1c 1d 1e 1f 20 21 22 23 24 25 26 27 28 29 2a 2b 2c 2d 2e 2f 30 31 32 33 34 35 36 ffffffffffffffff 0
[cyc 2242] [R SHIFT BY OCTET OUT] c7 c8 c9 ca cb cc cd ce cf d0 d1 d2 d3 d4 d5 d6 d7 d8 d9 da db dc dd de df e0 e1 e2 e3 e4 e5 e6 e7 e8 e9 ea eb ec ed ee ef f0 f1 f2 f3 f4 f5 f6 f7 f8 f9 fa fb fc fd fe ff 00 01 02 03 04 05 06 ffffffffffffffff 0
[cyc 2243] [R SHIFT BY OCTET IN] 37 38 39 3a 3b 3c 3d 3e 3f 40 41 42 43 44 45 46 47 48 49 4a 4b 4c 4d 4e 4f 50 51 52 53 54 55 56 57 58 59 5a 5b 5c 5d 5e 5f 60 61 62 63 64 65 66 67 68 69 6a 6b 6c 6d 6e 6f 70 71 72 73 74 75 76 ffffffffffffffff 0
[cyc 2243] [R SHIFT BY OCTET OUT] 07 08 09 0a 0b 0c 0d 0e 0f 10 11 12 13 14 15 16 17 18 19 1a 1b 1c 1d 1e 1f 20 21 22 23 24 25 26 27 28 29 2a 2b 2c 2d 2e 2f 30 31 32 33 34 35 36 37 38 39 3a 3b 3c 3d 3e 3f 40 41 42 43 44 45 46 ffffffffffffffff 0
[cyc 2244] [R SHIFT BY OCTET IN] 77 78 79 7a 7b 7c 7d 7e 7f 80 81 82 83 84 85 86 87 88 89 8a 8b 8c 8d 8e 8f 90 91 92 93 94 95 96 97 98 99 9a 9b 9c 9d 9e 9f a0 a1 a2 a3 a4 a5 a6 a7 a8 a9 aa ab ac ad ae af b0 b1 b2 b3 b4 b5 b6 ffffffffffffffff 0
[cyc 2244] [R SHIFT BY OCTET OUT] 47 48 49 4a 4b 4c 4d 4e 4f 50 51 52 53 54 55 56 57 58 59 5a 5b 5c 5d 5e 5f 60 61 62 63 64 65 66 67 68 69 6a 6b 6c 6d 6e 6f 70 71 72 73 74 75 76 77 78 79 7a 7b 7c 7d 7e 7f 80 81 82 83 84 85 86 ffffffffffffffff 0
[cyc 2245] [R SHIFT BY OCTET IN] b7 b8 b9 ba bb bc bd be bf c0 c1 c2 c3 c4 c5 c6 c7 c8 c9 ca cb cc cd ce cf d0 d1 d2 d3 d4 d5 d6 d7 d8 d9 da db dc dd de df e0 e1 e2 e3 e4 e5 e6 e7 e8 e9 ea eb ec ed ee 00 00 00 00 00 00 00 00 00ffffffffffffff 1  <- last
[cyc 2245] [R SHIFT BY OCTET OUT] 87 88 89 8a 8b 8c 8d 8e 8f 90 91 92 93 94 95 96 97 98 99 9a 9b 9c 9d 9e 9f a0 a1 a2 a3 a4 a5 a6 a7 a8 a9 aa ab ac ad ae af b0 b1 b2 b3 b4 b5 b6 b7 b8 b9 ba bb bc bd be bf c0 c1 c2 c3 c4 c5 c6 ffffffffffffffff 0
[cyc 2246] [R SHIFT BY OCTET OUT] c7 c8 c9 ca cb cc cd ce cf d0 d1 d2 d3 d4 d5 d6 d7 d8 d9 da db dc dd de df e0 e1 e2 e3 e4 e5 e6 e7 e8 e9 ea eb ec ed ee 00 00 00 00 00 00 00 00 00 00 00 00 00 00 00 00 00 00 00 00 00 00 00 00 000000ffffffffff 1  <- last

[TB] ---- Outputs (cycle they left the module) ----
[TB] cyc 2230 m_axis_mem_write_cmd: op=RC_RDMA_WRITE_ONLY qpn=0x5 addr=0x1000 len=1000 lst=1 host=1
[TB] cyc 2247 m_axis_mem_write_data: 1000 B
      0000: 07 08 09 0a 0b 0c 0d 0e 0f 10 11 12 13 14 15 16 
      0010: 17 18 19 1a 1b 1c 1d 1e 1f 20 21 22 23 24 25 26 
      0020: 27 28 29 2a 2b 2c 2d 2e 2f 30 31 32 33 34 35 36 
      0030: 37 38 39 3a 3b 3c 3d 3e 3f 40 41 42 43 44 45 46 
      ... (936 more bytes)
[TB] cyc 2235 m_axis_tx_data packet (16 B), meta: dst ip=0xa000002 length=20
      0000: d1 00 ff ff 00 00 00 42 00 0a 0b 12 1f 00 00 07 

[TB] ---- Checks ----
[TB] Packet 0: TEST 02g: ONLY in order
  [PASS] a memory write command was issued for it
[TB]   memory command at cycle 2230
  [PASS] memCmd.op_code = 0xca
  [PASS] memCmd.qpn     = 0x5
  [PASS] memCmd.addr    = 0x1000
  [PASS] memCmd.len     = 1000
  [PASS] memCmd.lst     = 0x1
  [PASS] payload data reached memory
[TB]   payload in memory by cycle 2247
  [PASS] bytes written to memory = 1000
  [PASS] memory data is identical to the payload that was sent
  [PASS] a reply (ACK/NAK) was sent for it
[TB]   reply at cycle 2235
  [PASS] tx meta: destination IP = 0xa000002
  [PASS] tx meta: UDP length (BTH+AETH+ICRC) = 20
[TB]   parsed reply: MRC_ACK  DestQP=0x42  PSN=0xa0b12  AETH.syndrome=0x1f (ACK)  AETH.MSN=0x7
  [PASS] reply length in bytes = 16
  [PASS] reply BTH.opcode (MRC_ACK) = 0xd1
  [PASS] reply BTH.DestQP (remote QPN) = 0x42
  [PASS] reply BTH.PSN = 0xa0b12
  [PASS] reply AETH.syndrome (ACK) = 0x1f
  [PASS] reply AETH.MSN = 0x7
[TB] Whole group
  [PASS] unexpected memory write commands = 0
  [PASS] unexpected memory payloads = 0
  [PASS] no memory data beat left without TLAST
  [PASS] unexpected packets sent back = 0
  [PASS] tx meta entries = tx packets = 1
  [PASS] invalid-PSN drop counter increase over the group = 0
  [PASS] ackMeta to the host (only used for our own requests) = 0
  [PASS] module consumed the whole input
  [PASS] no memory READ command issued

=====================================================================
  GROUP: TEST 02h: ONLY in order
=====================================================================
[TB] Packet 0: TEST 02h: ONLY in order
[TB]   state before: epsn=0xa0b13 last_psn=0xa0b12
[TB]   RC_RDMA_WRITE_ONLY  DestQP=0x5  PSN=0xa0b13, 658195  RETH.vaddr=0x1000  RETH.len=1000  payload=1000 B  UDP length=1044  (then drain and check)
      0000: ca 00 ff ff 00 00 00 05 80 0a 0b 13 00 00 00 07 
      0010: 00 00 00 00 00 00 10 00 00 00 12 34 00 00 03 e8 
      0020: 08 09 0a 0b 0c 0d 0e 0f 10 11 12 13 14 15 16 17 
      0030: 18 19 1a 1b 1c 1d 1e 1f 20 21 22 23 24 25 26 27 
      ... (968 more bytes)

[TB] Feeding 1 packet(s)... (module prints follow)
[cyc 2541] [TB] first beat of packet 0 (TEST 02h: ONLY in order)
[cyc 2541] [RX PROCESS IBH 0]: input psn 0x0a0b13
[cyc 2541] [RX PROCESS IBH 0]: process IBH opcode: ca
[cyc 2541] [R SHIFT BY OCTET IN] ca 00 ff ff 00 00 00 05 80 0a 0b 13 00 00 00 07 00 00 00 00 00 00 10 00 00 00 12 34 00 00 03 e8 08 09 0a 0b 0c 0d 0e 0f 10 11 12 13 14 15 16 17 18 19 1a 1b 1c 1d 1e 1f 20 21 22 23 24 25 26 27 ffffffffffffffff 0
[cyc 2542] [R SHIFT BY OCTET IN] 28 29 2a 2b 2c 2d 2e 2f 30 31 32 33 34 35 36 37 38 39 3a 3b 3c 3d 3e 3f 40 41 42 43 44 45 46 47 48 49 4a 4b 4c 4d 4e 4f 50 51 52 53 54 55 56 57 58 59 5a 5b 5c 5d 5e 5f 60 61 62 63 64 65 66 67 ffffffffffffffff 0
[cyc 2542] [R SHIFT BY OCTET OUT] 00 00 00 07 00 00 00 00 00 00 10 00 00 00 12 34 00 00 03 e8 08 09 0a 0b 0c 0d 0e 0f 10 11 12 13 14 15 16 17 18 19 1a 1b 1c 1d 1e 1f 20 21 22 23 24 25 26 27 28 29 2a 2b 2c 2d 2e 2f 30 31 32 33 ffffffffffffffff 0
[cyc 2542] [STRIP MRC headers IN 0] 00 00 00 07 00 00 00 00 00 00 10 00 00 00 12 34 00 00 03 e8 08 09 0a 0b 0c 0d 0e 0f 10 11 12 13 14 15 16 17 18 19 1a 1b 1c 1d 1e 1f 20 21 22 23 24 25 26 27 28 29 2a 2b 2c 2d 2e 2f 30 31 32 33 ffffffffffffffff 0
[cyc 2543] [R SHIFT BY OCTET IN] 68 69 6a 6b 6c 6d 6e 6f 70 71 72 73 74 75 76 77 78 79 7a 7b 7c 7d 7e 7f 80 81 82 83 84 85 86 87 88 89 8a 8b 8c 8d 8e 8f 90 91 92 93 94 95 96 97 98 99 9a 9b 9c 9d 9e 9f a0 a1 a2 a3 a4 a5 a6 a7 ffffffffffffffff 0
[cyc 2543] [R SHIFT BY OCTET OUT] 34 35 36 37 38 39 3a 3b 3c 3d 3e 3f 40 41 42 43 44 45 46 47 48 49 4a 4b 4c 4d 4e 4f 50 51 52 53 54 55 56 57 58 59 5a 5b 5c 5d 5e 5f 60 61 62 63 64 65 66 67 68 69 6a 6b 6c 6d 6e 6f 70 71 72 73 ffffffffffffffff 0
[cyc 2543] [STRIP MRC headers IN 0] 34 35 36 37 38 39 3a 3b 3c 3d 3e 3f 40 41 42 43 44 45 46 47 48 49 4a 4b 4c 4d 4e 4f 50 51 52 53 54 55 56 57 58 59 5a 5b 5c 5d 5e 5f 60 61 62 63 64 65 66 67 68 69 6a 6b 6c 6d 6e 6f 70 71 72 73 ffffffffffffffff 0
[cyc 2543] [STRIP MRC headers OUT 0] 00 00 00 00 00 00 10 00 00 00 12 34 00 00 03 e8 08 09 0a 0b 0c 0d 0e 0f 10 11 12 13 14 15 16 17 18 19 1a 1b 1c 1d 1e 1f 20 21 22 23 24 25 26 27 28 29 2a 2b 2c 2d 2e 2f 30 31 32 33 34 35 36 37 ffffffffffffffff 0
[cyc 2544] [R SHIFT BY OCTET IN] a8 a9 aa ab ac ad ae af b0 b1 b2 b3 b4 b5 b6 b7 b8 b9 ba bb bc bd be bf c0 c1 c2 c3 c4 c5 c6 c7 c8 c9 ca cb cc cd ce cf d0 d1 d2 d3 d4 d5 d6 d7 d8 d9 da db dc dd de df e0 e1 e2 e3 e4 e5 e6 e7 ffffffffffffffff 0
[cyc 2544] [R SHIFT BY OCTET OUT] 74 75 76 77 78 79 7a 7b 7c 7d 7e 7f 80 81 82 83 84 85 86 87 88 89 8a 8b 8c 8d 8e 8f 90 91 92 93 94 95 96 97 98 99 9a 9b 9c 9d 9e 9f a0 a1 a2 a3 a4 a5 a6 a7 a8 a9 aa ab ac ad ae af b0 b1 b2 b3 ffffffffffffffff 0
[cyc 2544] [STRIP MRC headers IN 0] 74 75 76 77 78 79 7a 7b 7c 7d 7e 7f 80 81 82 83 84 85 86 87 88 89 8a 8b 8c 8d 8e 8f 90 91 92 93 94 95 96 97 98 99 9a 9b 9c 9d 9e 9f a0 a1 a2 a3 a4 a5 a6 a7 a8 a9 aa ab ac ad ae af b0 b1 b2 b3 ffffffffffffffff 0
[cyc 2544] [STRIP MRC headers OUT 0] 38 39 3a 3b 3c 3d 3e 3f 40 41 42 43 44 45 46 47 48 49 4a 4b 4c 4d 4e 4f 50 51 52 53 54 55 56 57 58 59 5a 5b 5c 5d 5e 5f 60 61 62 63 64 65 66 67 68 69 6a 6b 6c 6d 6e 6f 70 71 72 73 74 75 76 77 ffffffffffffffff 0
[cyc 2544] [RX IBH FSM 0]: epsn: 0x0a0b13, 658195, packet psn: 0x0a0b13, 658195, oldest outstanding psn: 0x8a0b13, 9046803
[cyc 2545] [R SHIFT BY OCTET IN] e8 e9 ea eb ec ed ee ef f0 f1 f2 f3 f4 f5 f6 f7 f8 f9 fa fb fc fd fe ff 00 01 02 03 04 05 06 07 08 09 0a 0b 0c 0d 0e 0f 10 11 12 13 14 15 16 17 18 19 1a 1b 1c 1d 1e 1f 20 21 22 23 24 25 26 27 ffffffffffffffff 0
[cyc 2545] [R SHIFT BY OCTET OUT] b4 b5 b6 b7 b8 b9 ba bb bc bd be bf c0 c1 c2 c3 c4 c5 c6 c7 c8 c9 ca cb cc cd ce cf d0 d1 d2 d3 d4 d5 d6 d7 d8 d9 da db dc dd de df e0 e1 e2 e3 e4 e5 e6 e7 e8 e9 ea eb ec ed ee ef f0 f1 f2 f3 ffffffffffffffff 0
[cyc 2545] [STRIP MRC headers IN 0] b4 b5 b6 b7 b8 b9 ba bb bc bd be bf c0 c1 c2 c3 c4 c5 c6 c7 c8 c9 ca cb cc cd ce cf d0 d1 d2 d3 d4 d5 d6 d7 d8 d9 da db dc dd de df e0 e1 e2 e3 e4 e5 e6 e7 e8 e9 ea eb ec ed ee ef f0 f1 f2 f3 ffffffffffffffff 0
[cyc 2545] [STRIP MRC headers OUT 0] 78 79 7a 7b 7c 7d 7e 7f 80 81 82 83 84 85 86 87 88 89 8a 8b 8c 8d 8e 8f 90 91 92 93 94 95 96 97 98 99 9a 9b 9c 9d 9e 9f a0 a1 a2 a3 a4 a5 a6 a7 a8 a9 aa ab ac ad ae af b0 b1 b2 b3 b4 b5 b6 b7 ffffffffffffffff 0
[cyc 2546] [R SHIFT BY OCTET IN] 28 29 2a 2b 2c 2d 2e 2f 30 31 32 33 34 35 36 37 38 39 3a 3b 3c 3d 3e 3f 40 41 42 43 44 45 46 47 48 49 4a 4b 4c 4d 4e 4f 50 51 52 53 54 55 56 57 58 59 5a 5b 5c 5d 5e 5f 60 61 62 63 64 65 66 67 ffffffffffffffff 0
[cyc 2546] [R SHIFT BY OCTET OUT] f4 f5 f6 f7 f8 f9 fa fb fc fd fe ff 00 01 02 03 04 05 06 07 08 09 0a 0b 0c 0d 0e 0f 10 11 12 13 14 15 16 17 18 19 1a 1b 1c 1d 1e 1f 20 21 22 23 24 25 26 27 28 29 2a 2b 2c 2d 2e 2f 30 31 32 33 ffffffffffffffff 0
[cyc 2546] [STRIP MRC headers IN 0] f4 f5 f6 f7 f8 f9 fa fb fc fd fe ff 00 01 02 03 04 05 06 07 08 09 0a 0b 0c 0d 0e 0f 10 11 12 13 14 15 16 17 18 19 1a 1b 1c 1d 1e 1f 20 21 22 23 24 25 26 27 28 29 2a 2b 2c 2d 2e 2f 30 31 32 33 ffffffffffffffff 0
[cyc 2546] [STRIP MRC headers OUT 0] b8 b9 ba bb bc bd be bf c0 c1 c2 c3 c4 c5 c6 c7 c8 c9 ca cb cc cd ce cf d0 d1 d2 d3 d4 d5 d6 d7 d8 d9 da db dc dd de df e0 e1 e2 e3 e4 e5 e6 e7 e8 e9 ea eb ec ed ee ef f0 f1 f2 f3 f4 f5 f6 f7 ffffffffffffffff 0
[cyc 2546] [META MERGER 0]: reading from ack event with qpn 0x5, psn 0x0a0b13
[cyc 2547] [R SHIFT BY OCTET IN] 68 69 6a 6b 6c 6d 6e 6f 70 71 72 73 74 75 76 77 78 79 7a 7b 7c 7d 7e 7f 80 81 82 83 84 85 86 87 88 89 8a 8b 8c 8d 8e 8f 90 91 92 93 94 95 96 97 98 99 9a 9b 9c 9d 9e 9f a0 a1 a2 a3 a4 a5 a6 a7 ffffffffffffffff 0
[cyc 2547] [R SHIFT BY OCTET OUT] 34 35 36 37 38 39 3a 3b 3c 3d 3e 3f 40 41 42 43 44 45 46 47 48 49 4a 4b 4c 4d 4e 4f 50 51 52 53 54 55 56 57 58 59 5a 5b 5c 5d 5e 5f 60 61 62 63 64 65 66 67 68 69 6a 6b 6c 6d 6e 6f 70 71 72 73 ffffffffffffffff 0
[cyc 2547] [STRIP MRC headers IN 0] 34 35 36 37 38 39 3a 3b 3c 3d 3e 3f 40 41 42 43 44 45 46 47 48 49 4a 4b 4c 4d 4e 4f 50 51 52 53 54 55 56 57 58 59 5a 5b 5c 5d 5e 5f 60 61 62 63 64 65 66 67 68 69 6a 6b 6c 6d 6e 6f 70 71 72 73 ffffffffffffffff 0
[cyc 2547] [STRIP MRC headers OUT 0] f8 f9 fa fb fc fd fe ff 00 01 02 03 04 05 06 07 08 09 0a 0b 0c 0d 0e 0f 10 11 12 13 14 15 16 17 18 19 1a 1b 1c 1d 1e 1f 20 21 22 23 24 25 26 27 28 29 2a 2b 2c 2d 2e 2f 30 31 32 33 34 35 36 37 ffffffffffffffff 0
[cyc 2547] [R SHIFT BY OCTET IN] 00 00 00 00 00 00 10 00 00 00 12 34 00 00 03 e8 08 09 0a 0b 0c 0d 0e 0f 10 11 12 13 14 15 16 17 18 19 1a 1b 1c 1d 1e 1f 20 21 22 23 24 25 26 27 28 29 2a 2b 2c 2d 2e 2f 30 31 32 33 34 35 36 37 ffffffffffffffff 0
[cyc 2548] [R SHIFT BY OCTET IN] a8 a9 aa ab ac ad ae af b0 b1 b2 b3 b4 b5 b6 b7 b8 b9 ba bb bc bd be bf c0 c1 c2 c3 c4 c5 c6 c7 c8 c9 ca cb cc cd ce cf d0 d1 d2 d3 d4 d5 d6 d7 d8 d9 da db dc dd de df e0 e1 e2 e3 e4 e5 e6 e7 ffffffffffffffff 0
[cyc 2548] [R SHIFT BY OCTET OUT] 74 75 76 77 78 79 7a 7b 7c 7d 7e 7f 80 81 82 83 84 85 86 87 88 89 8a 8b 8c 8d 8e 8f 90 91 92 93 94 95 96 97 98 99 9a 9b 9c 9d 9e 9f a0 a1 a2 a3 a4 a5 a6 a7 a8 a9 aa ab ac ad ae af b0 b1 b2 b3 ffffffffffffffff 0
[cyc 2548] [STRIP MRC headers IN 0] 74 75 76 77 78 79 7a 7b 7c 7d 7e 7f 80 81 82 83 84 85 86 87 88 89 8a 8b 8c 8d 8e 8f 90 91 92 93 94 95 96 97 98 99 9a 9b 9c 9d 9e 9f a0 a1 a2 a3 a4 a5 a6 a7 a8 a9 aa ab ac ad ae af b0 b1 b2 b3 ffffffffffffffff 0
[cyc 2548] [STRIP MRC headers OUT 0] 38 39 3a 3b 3c 3d 3e 3f 40 41 42 43 44 45 46 47 48 49 4a 4b 4c 4d 4e 4f 50 51 52 53 54 55 56 57 58 59 5a 5b 5c 5d 5e 5f 60 61 62 63 64 65 66 67 68 69 6a 6b 6c 6d 6e 6f 70 71 72 73 74 75 76 77 ffffffffffffffff 0
[cyc 2548] [R SHIFT BY OCTET IN] 38 39 3a 3b 3c 3d 3e 3f 40 41 42 43 44 45 46 47 48 49 4a 4b 4c 4d 4e 4f 50 51 52 53 54 55 56 57 58 59 5a 5b 5c 5d 5e 5f 60 61 62 63 64 65 66 67 68 69 6a 6b 6c 6d 6e 6f 70 71 72 73 74 75 76 77 ffffffffffffffff 0
[cyc 2548] [R SHIFT BY OCTET OUT] 08 09 0a 0b 0c 0d 0e 0f 10 11 12 13 14 15 16 17 18 19 1a 1b 1c 1d 1e 1f 20 21 22 23 24 25 26 27 28 29 2a 2b 2c 2d 2e 2f 30 31 32 33 34 35 36 37 38 39 3a 3b 3c 3d 3e 3f 40 41 42 43 44 45 46 47 ffffffffffffffff 0
[cyc 2549] [R SHIFT BY OCTET IN] e8 e9 ea eb ec ed ee ef f0 f1 f2 f3 f4 f5 f6 f7 f8 f9 fa fb fc fd fe ff 00 01 02 03 04 05 06 07 08 09 0a 0b 0c 0d 0e 0f 10 11 12 13 14 15 16 17 18 19 1a 1b 1c 1d 1e 1f 20 21 22 23 24 25 26 27 ffffffffffffffff 0
[cyc 2549] [R SHIFT BY OCTET OUT] b4 b5 b6 b7 b8 b9 ba bb bc bd be bf c0 c1 c2 c3 c4 c5 c6 c7 c8 c9 ca cb cc cd ce cf d0 d1 d2 d3 d4 d5 d6 d7 d8 d9 da db dc dd de df e0 e1 e2 e3 e4 e5 e6 e7 e8 e9 ea eb ec ed ee ef f0 f1 f2 f3 ffffffffffffffff 0
[cyc 2549] [STRIP MRC headers IN 0] b4 b5 b6 b7 b8 b9 ba bb bc bd be bf c0 c1 c2 c3 c4 c5 c6 c7 c8 c9 ca cb cc cd ce cf d0 d1 d2 d3 d4 d5 d6 d7 d8 d9 da db dc dd de df e0 e1 e2 e3 e4 e5 e6 e7 e8 e9 ea eb ec ed ee ef f0 f1 f2 f3 ffffffffffffffff 0
[cyc 2549] [STRIP MRC headers OUT 0] 78 79 7a 7b 7c 7d 7e 7f 80 81 82 83 84 85 86 87 88 89 8a 8b 8c 8d 8e 8f 90 91 92 93 94 95 96 97 98 99 9a 9b 9c 9d 9e 9f a0 a1 a2 a3 a4 a5 a6 a7 a8 a9 aa ab ac ad ae af b0 b1 b2 b3 b4 b5 b6 b7 ffffffffffffffff 0
[cyc 2549] [R SHIFT BY OCTET IN] 78 79 7a 7b 7c 7d 7e 7f 80 81 82 83 84 85 86 87 88 89 8a 8b 8c 8d 8e 8f 90 91 92 93 94 95 96 97 98 99 9a 9b 9c 9d 9e 9f a0 a1 a2 a3 a4 a5 a6 a7 a8 a9 aa ab ac ad ae af b0 b1 b2 b3 b4 b5 b6 b7 ffffffffffffffff 0
[cyc 2549] [R SHIFT BY OCTET OUT] 48 49 4a 4b 4c 4d 4e 4f 50 51 52 53 54 55 56 57 58 59 5a 5b 5c 5d 5e 5f 60 61 62 63 64 65 66 67 68 69 6a 6b 6c 6d 6e 6f 70 71 72 73 74 75 76 77 78 79 7a 7b 7c 7d 7e 7f 80 81 82 83 84 85 86 87 ffffffffffffffff 0
[cyc 2549] [GENERATE EXH 0]: MRC_ACK with qpn 0x5, psn 0x0a0b13
[cyc 2549] [GENERATE EXH 0]: MRC_ACK 1f 00 00 08 4c 4d 4e 4f 00 71 f4 d0 83 e8 5f f6 60 fa 8b 9e 40 5f 00 00 40 be 46 89 fe 7f 00 00 d0 fa 8b 9e 40 5f 00 00 44 5b 81 9e 40 5f 00 00 44 c0 46 89 fe 7f 00 00 87 16 85 9e 40 5f 00 00 000000000000000f 1
[cyc 2549] [APPEND PAYLOAD 0]: moving to state HEADER
[cyc 2549] [TX IP UDP META MERGER 0]: port 0xc000
[cyc 2550] [R SHIFT BY OCTET IN] 28 29 2a 2b 2c 2d 2e 2f 30 31 32 33 34 35 36 37 38 39 3a 3b 3c 3d 3e 3f 40 41 42 43 44 45 46 47 48 49 4a 4b 4c 4d 4e 4f 50 51 52 53 54 55 56 57 58 59 5a 5b 5c 5d 5e 5f 60 61 62 63 64 65 66 67 ffffffffffffffff 0
[cyc 2550] [R SHIFT BY OCTET OUT] f4 f5 f6 f7 f8 f9 fa fb fc fd fe ff 00 01 02 03 04 05 06 07 08 09 0a 0b 0c 0d 0e 0f 10 11 12 13 14 15 16 17 18 19 1a 1b 1c 1d 1e 1f 20 21 22 23 24 25 26 27 28 29 2a 2b 2c 2d 2e 2f 30 31 32 33 ffffffffffffffff 0
[cyc 2550] [STRIP MRC headers IN 0] f4 f5 f6 f7 f8 f9 fa fb fc fd fe ff 00 01 02 03 04 05 06 07 08 09 0a 0b 0c 0d 0e 0f 10 11 12 13 14 15 16 17 18 19 1a 1b 1c 1d 1e 1f 20 21 22 23 24 25 26 27 28 29 2a 2b 2c 2d 2e 2f 30 31 32 33 ffffffffffffffff 0
[cyc 2550] [STRIP MRC headers OUT 0] b8 b9 ba bb bc bd be bf c0 c1 c2 c3 c4 c5 c6 c7 c8 c9 ca cb cc cd ce cf d0 d1 d2 d3 d4 d5 d6 d7 d8 d9 da db dc dd de df e0 e1 e2 e3 e4 e5 e6 e7 e8 e9 ea eb ec ed ee ef f0 f1 f2 f3 f4 f5 f6 f7 ffffffffffffffff 0
[cyc 2550] [R SHIFT BY OCTET IN] b8 b9 ba bb bc bd be bf c0 c1 c2 c3 c4 c5 c6 c7 c8 c9 ca cb cc cd ce cf d0 d1 d2 d3 d4 d5 d6 d7 d8 d9 da db dc dd de df e0 e1 e2 e3 e4 e5 e6 e7 e8 e9 ea eb ec ed ee ef f0 f1 f2 f3 f4 f5 f6 f7 ffffffffffffffff 0
[cyc 2550] [R SHIFT BY OCTET OUT] 88 89 8a 8b 8c 8d 8e 8f 90 91 92 93 94 95 96 97 98 99 9a 9b 9c 9d 9e 9f a0 a1 a2 a3 a4 a5 a6 a7 a8 a9 aa ab ac ad ae af b0 b1 b2 b3 b4 b5 b6 b7 b8 b9 ba bb bc bd be bf c0 c1 c2 c3 c4 c5 c6 c7 ffffffffffffffff 0
[cyc 2550] [APPEND PAYLOAD 0]: moving to state INFO
[cyc 2550] [GENERATE IBH 0]: input meta, opcode 0xd1 valid psn 0x0a0b13
[cyc 2550] [PREPEND IBH HEADER 0]: going to state PARTIAL_HEADER
[cyc 2551] [R SHIFT BY OCTET IN] 68 69 6a 6b 6c 6d 6e 6f 70 71 72 73 74 75 76 77 78 79 7a 7b 7c 7d 7e 7f 80 81 82 83 84 85 86 87 88 89 8a 8b 8c 8d 8e 8f 90 91 92 93 94 95 96 97 98 99 9a 9b 9c 9d 9e 9f a0 a1 a2 a3 a4 a5 a6 a7 ffffffffffffffff 0
[cyc 2551] [R SHIFT BY OCTET OUT] 34 35 36 37 38 39 3a 3b 3c 3d 3e 3f 40 41 42 43 44 45 46 47 48 49 4a 4b 4c 4d 4e 4f 50 51 52 53 54 55 56 57 58 59 5a 5b 5c 5d 5e 5f 60 61 62 63 64 65 66 67 68 69 6a 6b 6c 6d 6e 6f 70 71 72 73 ffffffffffffffff 0
[cyc 2551] [STRIP MRC headers IN 0] 34 35 36 37 38 39 3a 3b 3c 3d 3e 3f 40 41 42 43 44 45 46 47 48 49 4a 4b 4c 4d 4e 4f 50 51 52 53 54 55 56 57 58 59 5a 5b 5c 5d 5e 5f 60 61 62 63 64 65 66 67 68 69 6a 6b 6c 6d 6e 6f 70 71 72 73 ffffffffffffffff 0
[cyc 2551] [STRIP MRC headers OUT 0] f8 f9 fa fb fc fd fe ff 00 01 02 03 04 05 06 07 08 09 0a 0b 0c 0d 0e 0f 10 11 12 13 14 15 16 17 18 19 1a 1b 1c 1d 1e 1f 20 21 22 23 24 25 26 27 28 29 2a 2b 2c 2d 2e 2f 30 31 32 33 34 35 36 37 ffffffffffffffff 0
[cyc 2551] [R SHIFT BY OCTET IN] f8 f9 fa fb fc fd fe ff 00 01 02 03 04 05 06 07 08 09 0a 0b 0c 0d 0e 0f 10 11 12 13 14 15 16 17 18 19 1a 1b 1c 1d 1e 1f 20 21 22 23 24 25 26 27 28 29 2a 2b 2c 2d 2e 2f 30 31 32 33 34 35 36 37 ffffffffffffffff 0
[cyc 2551] [R SHIFT BY OCTET OUT] c8 c9 ca cb cc cd ce cf d0 d1 d2 d3 d4 d5 d6 d7 d8 d9 da db dc dd de df e0 e1 e2 e3 e4 e5 e6 e7 e8 e9 ea eb ec ed ee ef f0 f1 f2 f3 f4 f5 f6 f7 f8 f9 fa fb fc fd fe ff 00 01 02 03 04 05 06 07 ffffffffffffffff 0
[cyc 2551] [PREPEND IBH HEADER 0]: IBH PARTIAL PAYLOAD
[cyc 2551] 00 00 00 00 00 00 00 00 00 00 00 00 1f 00 00 08 4c 4d 4e 4f 00 71 f4 d0 83 e8 5f f6 60 fa 8b 9e 40 5f 00 00 40 be 46 89 fe 7f 00 00 d0 fa 8b 9e 40 5f 00 00 44 5b 81 9e 40 5f 00 00 44 c0 46 89 000000000000ffff 1
[cyc 2551] [PREPEND IBH HEADER 0]: IBH PARTIAL HEADER
[cyc 2551] d1 00 ff ff 00 00 00 42 00 0a 0b 13 1f 00 00 08 4c 4d 4e 4f 00 71 f4 d0 83 e8 5f f6 60 fa 8b 9e 40 5f 00 00 40 be 46 89 fe 7f 00 00 d0 fa 8b 9e 40 5f 00 00 44 5b 81 9e 40 5f 00 00 44 c0 46 89 000000000000ffff 1
[cyc 2552] [R SHIFT BY OCTET IN] a8 a9 aa ab ac ad ae af b0 b1 b2 b3 b4 b5 b6 b7 b8 b9 ba bb bc bd be bf c0 c1 c2 c3 c4 c5 c6 c7 c8 c9 ca cb cc cd ce cf d0 d1 d2 d3 d4 d5 d6 d7 d8 d9 da db dc dd de df e0 e1 e2 e3 e4 e5 e6 e7 ffffffffffffffff 0
[cyc 2552] [R SHIFT BY OCTET OUT] 74 75 76 77 78 79 7a 7b 7c 7d 7e 7f 80 81 82 83 84 85 86 87 88 89 8a 8b 8c 8d 8e 8f 90 91 92 93 94 95 96 97 98 99 9a 9b 9c 9d 9e 9f a0 a1 a2 a3 a4 a5 a6 a7 a8 a9 aa ab ac ad ae af b0 b1 b2 b3 ffffffffffffffff 0
[cyc 2552] [STRIP MRC headers IN 0] 74 75 76 77 78 79 7a 7b 7c 7d 7e 7f 80 81 82 83 84 85 86 87 88 89 8a 8b 8c 8d 8e 8f 90 91 92 93 94 95 96 97 98 99 9a 9b 9c 9d 9e 9f a0 a1 a2 a3 a4 a5 a6 a7 a8 a9 aa ab ac ad ae af b0 b1 b2 b3 ffffffffffffffff 0
[cyc 2552] [STRIP MRC headers OUT 0] 38 39 3a 3b 3c 3d 3e 3f 40 41 42 43 44 45 46 47 48 49 4a 4b 4c 4d 4e 4f 50 51 52 53 54 55 56 57 58 59 5a 5b 5c 5d 5e 5f 60 61 62 63 64 65 66 67 68 69 6a 6b 6c 6d 6e 6f 70 71 72 73 74 75 76 77 ffffffffffffffff 0
[cyc 2552] [R SHIFT BY OCTET IN] 38 39 3a 3b 3c 3d 3e 3f 40 41 42 43 44 45 46 47 48 49 4a 4b 4c 4d 4e 4f 50 51 52 53 54 55 56 57 58 59 5a 5b 5c 5d 5e 5f 60 61 62 63 64 65 66 67 68 69 6a 6b 6c 6d 6e 6f 70 71 72 73 74 75 76 77 ffffffffffffffff 0
[cyc 2552] [R SHIFT BY OCTET OUT] 08 09 0a 0b 0c 0d 0e 0f 10 11 12 13 14 15 16 17 18 19 1a 1b 1c 1d 1e 1f 20 21 22 23 24 25 26 27 28 29 2a 2b 2c 2d 2e 2f 30 31 32 33 34 35 36 37 38 39 3a 3b 3c 3d 3e 3f 40 41 42 43 44 45 46 47 ffffffffffffffff 0
[cyc 2553] [R SHIFT BY OCTET IN] e8 e9 ea eb ec ed ee ef f0 f1 f2 f3 f4 f5 f6 f7 f8 f9 fa fb fc fd fe ff 00 01 02 03 04 05 06 07 08 09 0a 0b 0c 0d 0e 0f 10 11 12 13 14 15 16 17 18 19 1a 1b 1c 1d 1e 1f 20 21 22 23 24 25 26 27 ffffffffffffffff 0
[cyc 2553] [R SHIFT BY OCTET OUT] b4 b5 b6 b7 b8 b9 ba bb bc bd be bf c0 c1 c2 c3 c4 c5 c6 c7 c8 c9 ca cb cc cd ce cf d0 d1 d2 d3 d4 d5 d6 d7 d8 d9 da db dc dd de df e0 e1 e2 e3 e4 e5 e6 e7 e8 e9 ea eb ec ed ee ef f0 f1 f2 f3 ffffffffffffffff 0
[cyc 2553] [STRIP MRC headers IN 0] b4 b5 b6 b7 b8 b9 ba bb bc bd be bf c0 c1 c2 c3 c4 c5 c6 c7 c8 c9 ca cb cc cd ce cf d0 d1 d2 d3 d4 d5 d6 d7 d8 d9 da db dc dd de df e0 e1 e2 e3 e4 e5 e6 e7 e8 e9 ea eb ec ed ee ef f0 f1 f2 f3 ffffffffffffffff 0
[cyc 2553] [STRIP MRC headers OUT 0] 78 79 7a 7b 7c 7d 7e 7f 80 81 82 83 84 85 86 87 88 89 8a 8b 8c 8d 8e 8f 90 91 92 93 94 95 96 97 98 99 9a 9b 9c 9d 9e 9f a0 a1 a2 a3 a4 a5 a6 a7 a8 a9 aa ab ac ad ae af b0 b1 b2 b3 b4 b5 b6 b7 ffffffffffffffff 0
[cyc 2553] [R SHIFT BY OCTET IN] 78 79 7a 7b 7c 7d 7e 7f 80 81 82 83 84 85 86 87 88 89 8a 8b 8c 8d 8e 8f 90 91 92 93 94 95 96 97 98 99 9a 9b 9c 9d 9e 9f a0 a1 a2 a3 a4 a5 a6 a7 a8 a9 aa ab ac ad ae af b0 b1 b2 b3 b4 b5 b6 b7 ffffffffffffffff 0
[cyc 2553] [R SHIFT BY OCTET OUT] 48 49 4a 4b 4c 4d 4e 4f 50 51 52 53 54 55 56 57 58 59 5a 5b 5c 5d 5e 5f 60 61 62 63 64 65 66 67 68 69 6a 6b 6c 6d 6e 6f 70 71 72 73 74 75 76 77 78 79 7a 7b 7c 7d 7e 7f 80 81 82 83 84 85 86 87 ffffffffffffffff 0
[cyc 2554] [R SHIFT BY OCTET IN] 28 29 2a 2b 2c 2d 2e 2f 30 31 32 33 34 35 36 37 38 39 3a 3b 3c 3d 3e 3f 40 41 42 43 44 45 46 47 48 49 4a 4b 4c 4d 4e 4f 50 51 52 53 54 55 56 57 58 59 5a 5b 5c 5d 5e 5f 60 61 62 63 64 65 66 67 ffffffffffffffff 0
[cyc 2554] [R SHIFT BY OCTET OUT] f4 f5 f6 f7 f8 f9 fa fb fc fd fe ff 00 01 02 03 04 05 06 07 08 09 0a 0b 0c 0d 0e 0f 10 11 12 13 14 15 16 17 18 19 1a 1b 1c 1d 1e 1f 20 21 22 23 24 25 26 27 28 29 2a 2b 2c 2d 2e 2f 30 31 32 33 ffffffffffffffff 0
[cyc 2554] [STRIP MRC headers IN 0] f4 f5 f6 f7 f8 f9 fa fb fc fd fe ff 00 01 02 03 04 05 06 07 08 09 0a 0b 0c 0d 0e 0f 10 11 12 13 14 15 16 17 18 19 1a 1b 1c 1d 1e 1f 20 21 22 23 24 25 26 27 28 29 2a 2b 2c 2d 2e 2f 30 31 32 33 ffffffffffffffff 0
[cyc 2554] [STRIP MRC headers OUT 0] b8 b9 ba bb bc bd be bf c0 c1 c2 c3 c4 c5 c6 c7 c8 c9 ca cb cc cd ce cf d0 d1 d2 d3 d4 d5 d6 d7 d8 d9 da db dc dd de df e0 e1 e2 e3 e4 e5 e6 e7 e8 e9 ea eb ec ed ee ef f0 f1 f2 f3 f4 f5 f6 f7 ffffffffffffffff 0
[cyc 2554] [R SHIFT BY OCTET IN] b8 b9 ba bb bc bd be bf c0 c1 c2 c3 c4 c5 c6 c7 c8 c9 ca cb cc cd ce cf d0 d1 d2 d3 d4 d5 d6 d7 d8 d9 da db dc dd de df e0 e1 e2 e3 e4 e5 e6 e7 e8 e9 ea eb ec ed ee ef f0 f1 f2 f3 f4 f5 f6 f7 ffffffffffffffff 0
[cyc 2554] [R SHIFT BY OCTET OUT] 88 89 8a 8b 8c 8d 8e 8f 90 91 92 93 94 95 96 97 98 99 9a 9b 9c 9d 9e 9f a0 a1 a2 a3 a4 a5 a6 a7 a8 a9 aa ab ac ad ae af b0 b1 b2 b3 b4 b5 b6 b7 b8 b9 ba bb bc bd be bf c0 c1 c2 c3 c4 c5 c6 c7 ffffffffffffffff 0
[cyc 2555] [R SHIFT BY OCTET IN] 68 69 6a 6b 6c 6d 6e 6f 70 71 72 73 74 75 76 77 78 79 7a 7b 7c 7d 7e 7f 80 81 82 83 84 85 86 87 88 89 8a 8b 8c 8d 8e 8f 90 91 92 93 94 95 96 97 98 99 9a 9b 9c 9d 9e 9f a0 a1 a2 a3 a4 a5 a6 a7 ffffffffffffffff 0
[cyc 2555] [R SHIFT BY OCTET OUT] 34 35 36 37 38 39 3a 3b 3c 3d 3e 3f 40 41 42 43 44 45 46 47 48 49 4a 4b 4c 4d 4e 4f 50 51 52 53 54 55 56 57 58 59 5a 5b 5c 5d 5e 5f 60 61 62 63 64 65 66 67 68 69 6a 6b 6c 6d 6e 6f 70 71 72 73 ffffffffffffffff 0
[cyc 2555] [STRIP MRC headers IN 0] 34 35 36 37 38 39 3a 3b 3c 3d 3e 3f 40 41 42 43 44 45 46 47 48 49 4a 4b 4c 4d 4e 4f 50 51 52 53 54 55 56 57 58 59 5a 5b 5c 5d 5e 5f 60 61 62 63 64 65 66 67 68 69 6a 6b 6c 6d 6e 6f 70 71 72 73 ffffffffffffffff 0
[cyc 2555] [STRIP MRC headers OUT 0] f8 f9 fa fb fc fd fe ff 00 01 02 03 04 05 06 07 08 09 0a 0b 0c 0d 0e 0f 10 11 12 13 14 15 16 17 18 19 1a 1b 1c 1d 1e 1f 20 21 22 23 24 25 26 27 28 29 2a 2b 2c 2d 2e 2f 30 31 32 33 34 35 36 37 ffffffffffffffff 0
[cyc 2555] [R SHIFT BY OCTET IN] f8 f9 fa fb fc fd fe ff 00 01 02 03 04 05 06 07 08 09 0a 0b 0c 0d 0e 0f 10 11 12 13 14 15 16 17 18 19 1a 1b 1c 1d 1e 1f 20 21 22 23 24 25 26 27 28 29 2a 2b 2c 2d 2e 2f 30 31 32 33 34 35 36 37 ffffffffffffffff 0
[cyc 2555] [R SHIFT BY OCTET OUT] c8 c9 ca cb cc cd ce cf d0 d1 d2 d3 d4 d5 d6 d7 d8 d9 da db dc dd de df e0 e1 e2 e3 e4 e5 e6 e7 e8 e9 ea eb ec ed ee ef f0 f1 f2 f3 f4 f5 f6 f7 f8 f9 fa fb fc fd fe ff 00 01 02 03 04 05 06 07 ffffffffffffffff 0
[cyc 2556] [R SHIFT BY OCTET IN] a8 a9 aa ab ac ad ae af b0 b1 b2 b3 b4 b5 b6 b7 b8 b9 ba bb bc bd be bf c0 c1 c2 c3 c4 c5 c6 c7 c8 c9 ca cb cc cd ce cf d0 d1 d2 d3 d4 d5 d6 d7 d8 d9 da db dc dd de df e0 e1 e2 e3 e4 e5 e6 e7 ffffffffffffffff 0
[cyc 2556] [R SHIFT BY OCTET OUT] 74 75 76 77 78 79 7a 7b 7c 7d 7e 7f 80 81 82 83 84 85 86 87 88 89 8a 8b 8c 8d 8e 8f 90 91 92 93 94 95 96 97 98 99 9a 9b 9c 9d 9e 9f a0 a1 a2 a3 a4 a5 a6 a7 a8 a9 aa ab ac ad ae af b0 b1 b2 b3 ffffffffffffffff 0
[cyc 2556] [STRIP MRC headers IN 0] 74 75 76 77 78 79 7a 7b 7c 7d 7e 7f 80 81 82 83 84 85 86 87 88 89 8a 8b 8c 8d 8e 8f 90 91 92 93 94 95 96 97 98 99 9a 9b 9c 9d 9e 9f a0 a1 a2 a3 a4 a5 a6 a7 a8 a9 aa ab ac ad ae af b0 b1 b2 b3 ffffffffffffffff 0
[cyc 2556] [STRIP MRC headers OUT 0] 38 39 3a 3b 3c 3d 3e 3f 40 41 42 43 44 45 46 47 48 49 4a 4b 4c 4d 4e 4f 50 51 52 53 54 55 56 57 58 59 5a 5b 5c 5d 5e 5f 60 61 62 63 64 65 66 67 68 69 6a 6b 6c 6d 6e 6f 70 71 72 73 74 75 76 77 ffffffffffffffff 0
[cyc 2556] [R SHIFT BY OCTET IN] 38 39 3a 3b 3c 3d 3e 3f 40 41 42 43 44 45 46 47 48 49 4a 4b 4c 4d 4e 4f 50 51 52 53 54 55 56 57 58 59 5a 5b 5c 5d 5e 5f 60 61 62 63 64 65 66 67 68 69 6a 6b 6c 6d 6e 6f 70 71 72 73 74 75 76 77 ffffffffffffffff 0
[cyc 2556] [R SHIFT BY OCTET OUT] 08 09 0a 0b 0c 0d 0e 0f 10 11 12 13 14 15 16 17 18 19 1a 1b 1c 1d 1e 1f 20 21 22 23 24 25 26 27 28 29 2a 2b 2c 2d 2e 2f 30 31 32 33 34 35 36 37 38 39 3a 3b 3c 3d 3e 3f 40 41 42 43 44 45 46 47 ffffffffffffffff 0
[cyc 2557] [TB] last beat of packet 0 (17 beat(s))
[cyc 2557] [R SHIFT BY OCTET IN] e8 e9 ea eb ec ed ee ef 00 00 00 00 00 00 00 00 00 00 00 00 00 00 00 00 00 00 00 00 00 00 00 00 00 00 00 00 00 00 00 00 00 00 00 00 00 00 00 00 00 00 00 00 00 00 00 00 00 00 00 00 00 00 00 00 00000000000000ff 1  <- last
[cyc 2557] [R SHIFT BY OCTET OUT] b4 b5 b6 b7 b8 b9 ba bb bc bd be bf c0 c1 c2 c3 c4 c5 c6 c7 c8 c9 ca cb cc cd ce cf d0 d1 d2 d3 d4 d5 d6 d7 d8 d9 da db dc dd de df e0 e1 e2 e3 e4 e5 e6 e7 e8 e9 ea eb ec ed ee ef 00 00 00 00 0fffffffffffffff 1  <- last
[cyc 2557] [STRIP MRC headers IN 0] b4 b5 b6 b7 b8 b9 ba bb bc bd be bf c0 c1 c2 c3 c4 c5 c6 c7 c8 c9 ca cb cc cd ce cf d0 d1 d2 d3 d4 d5 d6 d7 d8 d9 da db dc dd de df e0 e1 e2 e3 e4 e5 e6 e7 e8 e9 ea eb ec ed ee ef 00 00 00 00 0fffffffffffffff 1  <- last
[cyc 2557] [STRIP MRC headers OUT 0] 78 79 7a 7b 7c 7d 7e 7f 80 81 82 83 84 85 86 87 88 89 8a 8b 8c 8d 8e 8f 90 91 92 93 94 95 96 97 98 99 9a 9b 9c 9d 9e 9f a0 a1 a2 a3 a4 a5 a6 a7 a8 a9 aa ab ac ad ae af b0 b1 b2 b3 b4 b5 b6 b7 ffffffffffffffff 0
[cyc 2557] [R SHIFT BY OCTET IN] 78 79 7a 7b 7c 7d 7e 7f 80 81 82 83 84 85 86 87 88 89 8a 8b 8c 8d 8e 8f 90 91 92 93 94 95 96 97 98 99 9a 9b 9c 9d 9e 9f a0 a1 a2 a3 a4 a5 a6 a7 a8 a9 aa ab ac ad ae af b0 b1 b2 b3 b4 b5 b6 b7 ffffffffffffffff 0
[cyc 2557] [R SHIFT BY OCTET OUT] 48 49 4a 4b 4c 4d 4e 4f 50 51 52 53 54 55 56 57 58 59 5a 5b 5c 5d 5e 5f 60 61 62 63 64 65 66 67 68 69 6a 6b 6c 6d 6e 6f 70 71 72 73 74 75 76 77 78 79 7a 7b 7c 7d 7e 7f 80 81 82 83 84 85 86 87 ffffffffffffffff 0
[TB] All packets fed, running 300 more cycles...
[cyc 2558] [STRIP MRC headers OUT 0] b8 b9 ba bb bc bd be bf c0 c1 c2 c3 c4 c5 c6 c7 c8 c9 ca cb cc cd ce cf d0 d1 d2 d3 d4 d5 d6 d7 d8 d9 da db dc dd de df e0 e1 e2 e3 e4 e5 e6 e7 e8 e9 ea eb ec ed ee ef 00 00 00 00 00 00 00 00 00ffffffffffffff 1  <- last
[cyc 2558] [R SHIFT BY OCTET IN] b8 b9 ba bb bc bd be bf c0 c1 c2 c3 c4 c5 c6 c7 c8 c9 ca cb cc cd ce cf d0 d1 d2 d3 d4 d5 d6 d7 d8 d9 da db dc dd de df e0 e1 e2 e3 e4 e5 e6 e7 e8 e9 ea eb ec ed ee ef f0 f1 f2 f3 f4 f5 f6 f7 ffffffffffffffff 0
[cyc 2558] [R SHIFT BY OCTET OUT] 88 89 8a 8b 8c 8d 8e 8f 90 91 92 93 94 95 96 97 98 99 9a 9b 9c 9d 9e 9f a0 a1 a2 a3 a4 a5 a6 a7 a8 a9 aa ab ac ad ae af b0 b1 b2 b3 b4 b5 b6 b7 b8 b9 ba bb bc bd be bf c0 c1 c2 c3 c4 c5 c6 c7 ffffffffffffffff 0
[cyc 2559] [R SHIFT BY OCTET IN] f8 f9 fa fb fc fd fe ff 00 01 02 03 04 05 06 07 08 09 0a 0b 0c 0d 0e 0f 10 11 12 13 14 15 16 17 18 19 1a 1b 1c 1d 1e 1f 20 21 22 23 24 25 26 27 28 29 2a 2b 2c 2d 2e 2f 30 31 32 33 34 35 36 37 ffffffffffffffff 0
[cyc 2559] [R SHIFT BY OCTET OUT] c8 c9 ca cb cc cd ce cf d0 d1 d2 d3 d4 d5 d6 d7 d8 d9 da db dc dd de df e0 e1 e2 e3 e4 e5 e6 e7 e8 e9 ea eb ec ed ee ef f0 f1 f2 f3 f4 f5 f6 f7 f8 f9 fa fb fc fd fe ff 00 01 02 03 04 05 06 07 ffffffffffffffff 0
[cyc 2560] [R SHIFT BY OCTET IN] 38 39 3a 3b 3c 3d 3e 3f 40 41 42 43 44 45 46 47 48 49 4a 4b 4c 4d 4e 4f 50 51 52 53 54 55 56 57 58 59 5a 5b 5c 5d 5e 5f 60 61 62 63 64 65 66 67 68 69 6a 6b 6c 6d 6e 6f 70 71 72 73 74 75 76 77 ffffffffffffffff 0
[cyc 2560] [R SHIFT BY OCTET OUT] 08 09 0a 0b 0c 0d 0e 0f 10 11 12 13 14 15 16 17 18 19 1a 1b 1c 1d 1e 1f 20 21 22 23 24 25 26 27 28 29 2a 2b 2c 2d 2e 2f 30 31 32 33 34 35 36 37 38 39 3a 3b 3c 3d 3e 3f 40 41 42 43 44 45 46 47 ffffffffffffffff 0
[cyc 2561] [R SHIFT BY OCTET IN] 78 79 7a 7b 7c 7d 7e 7f 80 81 82 83 84 85 86 87 88 89 8a 8b 8c 8d 8e 8f 90 91 92 93 94 95 96 97 98 99 9a 9b 9c 9d 9e 9f a0 a1 a2 a3 a4 a5 a6 a7 a8 a9 aa ab ac ad ae af b0 b1 b2 b3 b4 b5 b6 b7 ffffffffffffffff 0
[cyc 2561] [R SHIFT BY OCTET OUT] 48 49 4a 4b 4c 4d 4e 4f 50 51 52 53 54 55 56 57 58 59 5a 5b 5c 5d 5e 5f 60 61 62 63 64 65 66 67 68 69 6a 6b 6c 6d 6e 6f 70 71 72 73 74 75 76 77 78 79 7a 7b 7c 7d 7e 7f 80 81 82 83 84 85 86 87 ffffffffffffffff 0
[cyc 2562] [R SHIFT BY OCTET IN] b8 b9 ba bb bc bd be bf c0 c1 c2 c3 c4 c5 c6 c7 c8 c9 ca cb cc cd ce cf d0 d1 d2 d3 d4 d5 d6 d7 d8 d9 da db dc dd de df e0 e1 e2 e3 e4 e5 e6 e7 e8 e9 ea eb ec ed ee ef 00 00 00 00 00 00 00 00 00ffffffffffffff 1  <- last
[cyc 2562] [R SHIFT BY OCTET OUT] 88 89 8a 8b 8c 8d 8e 8f 90 91 92 93 94 95 96 97 98 99 9a 9b 9c 9d 9e 9f a0 a1 a2 a3 a4 a5 a6 a7 a8 a9 aa ab ac ad ae af b0 b1 b2 b3 b4 b5 b6 b7 b8 b9 ba bb bc bd be bf c0 c1 c2 c3 c4 c5 c6 c7 ffffffffffffffff 0
[cyc 2563] [R SHIFT BY OCTET OUT] c8 c9 ca cb cc cd ce cf d0 d1 d2 d3 d4 d5 d6 d7 d8 d9 da db dc dd de df e0 e1 e2 e3 e4 e5 e6 e7 e8 e9 ea eb ec ed ee ef 00 00 00 00 00 00 00 00 00 00 00 00 00 00 00 00 00 00 00 00 00 00 00 00 000000ffffffffff 1  <- last

[TB] ---- Outputs (cycle they left the module) ----
[TB] cyc 2547 m_axis_mem_write_cmd: op=RC_RDMA_WRITE_ONLY qpn=0x5 addr=0x1000 len=1000 lst=1 host=1
[TB] cyc 2564 m_axis_mem_write_data: 1000 B
      0000: 08 09 0a 0b 0c 0d 0e 0f 10 11 12 13 14 15 16 17 
      0010: 18 19 1a 1b 1c 1d 1e 1f 20 21 22 23 24 25 26 27 
      0020: 28 29 2a 2b 2c 2d 2e 2f 30 31 32 33 34 35 36 37 
      0030: 38 39 3a 3b 3c 3d 3e 3f 40 41 42 43 44 45 46 47 
      ... (936 more bytes)
[TB] cyc 2552 m_axis_tx_data packet (16 B), meta: dst ip=0xa000002 length=20
      0000: d1 00 ff ff 00 00 00 42 00 0a 0b 13 1f 00 00 08 

[TB] ---- Checks ----
[TB] Packet 0: TEST 02h: ONLY in order
  [PASS] a memory write command was issued for it
[TB]   memory command at cycle 2547
  [PASS] memCmd.op_code = 0xca
  [PASS] memCmd.qpn     = 0x5
  [PASS] memCmd.addr    = 0x1000
  [PASS] memCmd.len     = 1000
  [PASS] memCmd.lst     = 0x1
  [PASS] payload data reached memory
[TB]   payload in memory by cycle 2564
  [PASS] bytes written to memory = 1000
  [PASS] memory data is identical to the payload that was sent
  [PASS] a reply (ACK/NAK) was sent for it
[TB]   reply at cycle 2552
  [PASS] tx meta: destination IP = 0xa000002
  [PASS] tx meta: UDP length (BTH+AETH+ICRC) = 20
[TB]   parsed reply: MRC_ACK  DestQP=0x42  PSN=0xa0b13  AETH.syndrome=0x1f (ACK)  AETH.MSN=0x8
  [PASS] reply length in bytes = 16
  [PASS] reply BTH.opcode (MRC_ACK) = 0xd1
  [PASS] reply BTH.DestQP (remote QPN) = 0x42
  [PASS] reply BTH.PSN = 0xa0b13
  [PASS] reply AETH.syndrome (ACK) = 0x1f
  [PASS] reply AETH.MSN = 0x8
[TB] Whole group
  [PASS] unexpected memory write commands = 0
  [PASS] unexpected memory payloads = 0
  [PASS] no memory data beat left without TLAST
  [PASS] unexpected packets sent back = 0
  [PASS] tx meta entries = tx packets = 1
  [PASS] invalid-PSN drop counter increase over the group = 0
  [PASS] ackMeta to the host (only used for our own requests) = 0
  [PASS] module consumed the whole input
  [PASS] no memory READ command issued

=====================================================================
  GROUP: TEST 03a: ONLY in order
=====================================================================
[TB] Packet 0: TEST 03a: ONLY in order
[TB]   state before: epsn=0xa0b14 last_psn=0xa0b13
[TB]   RC_RDMA_WRITE_ONLY  DestQP=0x5  PSN=0xa0b14, 658196  RETH.vaddr=0x4000  RETH.len=1000  payload=1000 B  UDP length=1044  (then drain and check)
      0000: ca 00 ff ff 00 00 00 05 80 0a 0b 14 00 00 00 08 
      0010: 00 00 00 00 00 00 40 00 00 00 12 34 00 00 03 e8 
      0020: 09 0a 0b 0c 0d 0e 0f 10 11 12 13 14 15 16 17 18 
      0030: 19 1a 1b 1c 1d 1e 1f 20 21 22 23 24 25 26 27 28 
      ... (968 more bytes)

[TB] Feeding 1 packet(s)... (module prints follow)
[cyc 2858] [TB] first beat of packet 0 (TEST 03a: ONLY in order)
[cyc 2858] [RX PROCESS IBH 0]: input psn 0x0a0b14
[cyc 2858] [RX PROCESS IBH 0]: process IBH opcode: ca
[cyc 2858] [R SHIFT BY OCTET IN] ca 00 ff ff 00 00 00 05 80 0a 0b 14 00 00 00 08 00 00 00 00 00 00 40 00 00 00 12 34 00 00 03 e8 09 0a 0b 0c 0d 0e 0f 10 11 12 13 14 15 16 17 18 19 1a 1b 1c 1d 1e 1f 20 21 22 23 24 25 26 27 28 ffffffffffffffff 0
[cyc 2859] [R SHIFT BY OCTET IN] 29 2a 2b 2c 2d 2e 2f 30 31 32 33 34 35 36 37 38 39 3a 3b 3c 3d 3e 3f 40 41 42 43 44 45 46 47 48 49 4a 4b 4c 4d 4e 4f 50 51 52 53 54 55 56 57 58 59 5a 5b 5c 5d 5e 5f 60 61 62 63 64 65 66 67 68 ffffffffffffffff 0
[cyc 2859] [R SHIFT BY OCTET OUT] 00 00 00 08 00 00 00 00 00 00 40 00 00 00 12 34 00 00 03 e8 09 0a 0b 0c 0d 0e 0f 10 11 12 13 14 15 16 17 18 19 1a 1b 1c 1d 1e 1f 20 21 22 23 24 25 26 27 28 29 2a 2b 2c 2d 2e 2f 30 31 32 33 34 ffffffffffffffff 0
[cyc 2859] [STRIP MRC headers IN 0] 00 00 00 08 00 00 00 00 00 00 40 00 00 00 12 34 00 00 03 e8 09 0a 0b 0c 0d 0e 0f 10 11 12 13 14 15 16 17 18 19 1a 1b 1c 1d 1e 1f 20 21 22 23 24 25 26 27 28 29 2a 2b 2c 2d 2e 2f 30 31 32 33 34 ffffffffffffffff 0
[cyc 2860] [R SHIFT BY OCTET IN] 69 6a 6b 6c 6d 6e 6f 70 71 72 73 74 75 76 77 78 79 7a 7b 7c 7d 7e 7f 80 81 82 83 84 85 86 87 88 89 8a 8b 8c 8d 8e 8f 90 91 92 93 94 95 96 97 98 99 9a 9b 9c 9d 9e 9f a0 a1 a2 a3 a4 a5 a6 a7 a8 ffffffffffffffff 0
[cyc 2860] [R SHIFT BY OCTET OUT] 35 36 37 38 39 3a 3b 3c 3d 3e 3f 40 41 42 43 44 45 46 47 48 49 4a 4b 4c 4d 4e 4f 50 51 52 53 54 55 56 57 58 59 5a 5b 5c 5d 5e 5f 60 61 62 63 64 65 66 67 68 69 6a 6b 6c 6d 6e 6f 70 71 72 73 74 ffffffffffffffff 0
[cyc 2860] [STRIP MRC headers IN 0] 35 36 37 38 39 3a 3b 3c 3d 3e 3f 40 41 42 43 44 45 46 47 48 49 4a 4b 4c 4d 4e 4f 50 51 52 53 54 55 56 57 58 59 5a 5b 5c 5d 5e 5f 60 61 62 63 64 65 66 67 68 69 6a 6b 6c 6d 6e 6f 70 71 72 73 74 ffffffffffffffff 0
[cyc 2860] [STRIP MRC headers OUT 0] 00 00 00 00 00 00 40 00 00 00 12 34 00 00 03 e8 09 0a 0b 0c 0d 0e 0f 10 11 12 13 14 15 16 17 18 19 1a 1b 1c 1d 1e 1f 20 21 22 23 24 25 26 27 28 29 2a 2b 2c 2d 2e 2f 30 31 32 33 34 35 36 37 38 ffffffffffffffff 0
[cyc 2861] [R SHIFT BY OCTET IN] a9 aa ab ac ad ae af b0 b1 b2 b3 b4 b5 b6 b7 b8 b9 ba bb bc bd be bf c0 c1 c2 c3 c4 c5 c6 c7 c8 c9 ca cb cc cd ce cf d0 d1 d2 d3 d4 d5 d6 d7 d8 d9 da db dc dd de df e0 e1 e2 e3 e4 e5 e6 e7 e8 ffffffffffffffff 0
[cyc 2861] [R SHIFT BY OCTET OUT] 75 76 77 78 79 7a 7b 7c 7d 7e 7f 80 81 82 83 84 85 86 87 88 89 8a 8b 8c 8d 8e 8f 90 91 92 93 94 95 96 97 98 99 9a 9b 9c 9d 9e 9f a0 a1 a2 a3 a4 a5 a6 a7 a8 a9 aa ab ac ad ae af b0 b1 b2 b3 b4 ffffffffffffffff 0
[cyc 2861] [STRIP MRC headers IN 0] 75 76 77 78 79 7a 7b 7c 7d 7e 7f 80 81 82 83 84 85 86 87 88 89 8a 8b 8c 8d 8e 8f 90 91 92 93 94 95 96 97 98 99 9a 9b 9c 9d 9e 9f a0 a1 a2 a3 a4 a5 a6 a7 a8 a9 aa ab ac ad ae af b0 b1 b2 b3 b4 ffffffffffffffff 0
[cyc 2861] [STRIP MRC headers OUT 0] 39 3a 3b 3c 3d 3e 3f 40 41 42 43 44 45 46 47 48 49 4a 4b 4c 4d 4e 4f 50 51 52 53 54 55 56 57 58 59 5a 5b 5c 5d 5e 5f 60 61 62 63 64 65 66 67 68 69 6a 6b 6c 6d 6e 6f 70 71 72 73 74 75 76 77 78 ffffffffffffffff 0
[cyc 2861] [RX IBH FSM 0]: epsn: 0x0a0b14, 658196, packet psn: 0x0a0b14, 658196, oldest outstanding psn: 0x8a0b14, 9046804
[cyc 2862] [R SHIFT BY OCTET IN] e9 ea eb ec ed ee ef f0 f1 f2 f3 f4 f5 f6 f7 f8 f9 fa fb fc fd fe ff 00 01 02 03 04 05 06 07 08 09 0a 0b 0c 0d 0e 0f 10 11 12 13 14 15 16 17 18 19 1a 1b 1c 1d 1e 1f 20 21 22 23 24 25 26 27 28 ffffffffffffffff 0
[cyc 2862] [R SHIFT BY OCTET OUT] b5 b6 b7 b8 b9 ba bb bc bd be bf c0 c1 c2 c3 c4 c5 c6 c7 c8 c9 ca cb cc cd ce cf d0 d1 d2 d3 d4 d5 d6 d7 d8 d9 da db dc dd de df e0 e1 e2 e3 e4 e5 e6 e7 e8 e9 ea eb ec ed ee ef f0 f1 f2 f3 f4 ffffffffffffffff 0
[cyc 2862] [STRIP MRC headers IN 0] b5 b6 b7 b8 b9 ba bb bc bd be bf c0 c1 c2 c3 c4 c5 c6 c7 c8 c9 ca cb cc cd ce cf d0 d1 d2 d3 d4 d5 d6 d7 d8 d9 da db dc dd de df e0 e1 e2 e3 e4 e5 e6 e7 e8 e9 ea eb ec ed ee ef f0 f1 f2 f3 f4 ffffffffffffffff 0
[cyc 2862] [STRIP MRC headers OUT 0] 79 7a 7b 7c 7d 7e 7f 80 81 82 83 84 85 86 87 88 89 8a 8b 8c 8d 8e 8f 90 91 92 93 94 95 96 97 98 99 9a 9b 9c 9d 9e 9f a0 a1 a2 a3 a4 a5 a6 a7 a8 a9 aa ab ac ad ae af b0 b1 b2 b3 b4 b5 b6 b7 b8 ffffffffffffffff 0
[cyc 2863] [R SHIFT BY OCTET IN] 29 2a 2b 2c 2d 2e 2f 30 31 32 33 34 35 36 37 38 39 3a 3b 3c 3d 3e 3f 40 41 42 43 44 45 46 47 48 49 4a 4b 4c 4d 4e 4f 50 51 52 53 54 55 56 57 58 59 5a 5b 5c 5d 5e 5f 60 61 62 63 64 65 66 67 68 ffffffffffffffff 0
[cyc 2863] [R SHIFT BY OCTET OUT] f5 f6 f7 f8 f9 fa fb fc fd fe ff 00 01 02 03 04 05 06 07 08 09 0a 0b 0c 0d 0e 0f 10 11 12 13 14 15 16 17 18 19 1a 1b 1c 1d 1e 1f 20 21 22 23 24 25 26 27 28 29 2a 2b 2c 2d 2e 2f 30 31 32 33 34 ffffffffffffffff 0
[cyc 2863] [STRIP MRC headers IN 0] f5 f6 f7 f8 f9 fa fb fc fd fe ff 00 01 02 03 04 05 06 07 08 09 0a 0b 0c 0d 0e 0f 10 11 12 13 14 15 16 17 18 19 1a 1b 1c 1d 1e 1f 20 21 22 23 24 25 26 27 28 29 2a 2b 2c 2d 2e 2f 30 31 32 33 34 ffffffffffffffff 0
[cyc 2863] [STRIP MRC headers OUT 0] b9 ba bb bc bd be bf c0 c1 c2 c3 c4 c5 c6 c7 c8 c9 ca cb cc cd ce cf d0 d1 d2 d3 d4 d5 d6 d7 d8 d9 da db dc dd de df e0 e1 e2 e3 e4 e5 e6 e7 e8 e9 ea eb ec ed ee ef f0 f1 f2 f3 f4 f5 f6 f7 f8 ffffffffffffffff 0
[cyc 2863] [META MERGER 0]: reading from ack event with qpn 0x5, psn 0x0a0b14
[cyc 2864] [R SHIFT BY OCTET IN] 69 6a 6b 6c 6d 6e 6f 70 71 72 73 74 75 76 77 78 79 7a 7b 7c 7d 7e 7f 80 81 82 83 84 85 86 87 88 89 8a 8b 8c 8d 8e 8f 90 91 92 93 94 95 96 97 98 99 9a 9b 9c 9d 9e 9f a0 a1 a2 a3 a4 a5 a6 a7 a8 ffffffffffffffff 0
[cyc 2864] [R SHIFT BY OCTET OUT] 35 36 37 38 39 3a 3b 3c 3d 3e 3f 40 41 42 43 44 45 46 47 48 49 4a 4b 4c 4d 4e 4f 50 51 52 53 54 55 56 57 58 59 5a 5b 5c 5d 5e 5f 60 61 62 63 64 65 66 67 68 69 6a 6b 6c 6d 6e 6f 70 71 72 73 74 ffffffffffffffff 0
[cyc 2864] [STRIP MRC headers IN 0] 35 36 37 38 39 3a 3b 3c 3d 3e 3f 40 41 42 43 44 45 46 47 48 49 4a 4b 4c 4d 4e 4f 50 51 52 53 54 55 56 57 58 59 5a 5b 5c 5d 5e 5f 60 61 62 63 64 65 66 67 68 69 6a 6b 6c 6d 6e 6f 70 71 72 73 74 ffffffffffffffff 0
[cyc 2864] [STRIP MRC headers OUT 0] f9 fa fb fc fd fe ff 00 01 02 03 04 05 06 07 08 09 0a 0b 0c 0d 0e 0f 10 11 12 13 14 15 16 17 18 19 1a 1b 1c 1d 1e 1f 20 21 22 23 24 25 26 27 28 29 2a 2b 2c 2d 2e 2f 30 31 32 33 34 35 36 37 38 ffffffffffffffff 0
[cyc 2864] [R SHIFT BY OCTET IN] 00 00 00 00 00 00 40 00 00 00 12 34 00 00 03 e8 09 0a 0b 0c 0d 0e 0f 10 11 12 13 14 15 16 17 18 19 1a 1b 1c 1d 1e 1f 20 21 22 23 24 25 26 27 28 29 2a 2b 2c 2d 2e 2f 30 31 32 33 34 35 36 37 38 ffffffffffffffff 0
[cyc 2865] [R SHIFT BY OCTET IN] a9 aa ab ac ad ae af b0 b1 b2 b3 b4 b5 b6 b7 b8 b9 ba bb bc bd be bf c0 c1 c2 c3 c4 c5 c6 c7 c8 c9 ca cb cc cd ce cf d0 d1 d2 d3 d4 d5 d6 d7 d8 d9 da db dc dd de df e0 e1 e2 e3 e4 e5 e6 e7 e8 ffffffffffffffff 0
[cyc 2865] [R SHIFT BY OCTET OUT] 75 76 77 78 79 7a 7b 7c 7d 7e 7f 80 81 82 83 84 85 86 87 88 89 8a 8b 8c 8d 8e 8f 90 91 92 93 94 95 96 97 98 99 9a 9b 9c 9d 9e 9f a0 a1 a2 a3 a4 a5 a6 a7 a8 a9 aa ab ac ad ae af b0 b1 b2 b3 b4 ffffffffffffffff 0
[cyc 2865] [STRIP MRC headers IN 0] 75 76 77 78 79 7a 7b 7c 7d 7e 7f 80 81 82 83 84 85 86 87 88 89 8a 8b 8c 8d 8e 8f 90 91 92 93 94 95 96 97 98 99 9a 9b 9c 9d 9e 9f a0 a1 a2 a3 a4 a5 a6 a7 a8 a9 aa ab ac ad ae af b0 b1 b2 b3 b4 ffffffffffffffff 0
[cyc 2865] [STRIP MRC headers OUT 0] 39 3a 3b 3c 3d 3e 3f 40 41 42 43 44 45 46 47 48 49 4a 4b 4c 4d 4e 4f 50 51 52 53 54 55 56 57 58 59 5a 5b 5c 5d 5e 5f 60 61 62 63 64 65 66 67 68 69 6a 6b 6c 6d 6e 6f 70 71 72 73 74 75 76 77 78 ffffffffffffffff 0
[cyc 2865] [R SHIFT BY OCTET IN] 39 3a 3b 3c 3d 3e 3f 40 41 42 43 44 45 46 47 48 49 4a 4b 4c 4d 4e 4f 50 51 52 53 54 55 56 57 58 59 5a 5b 5c 5d 5e 5f 60 61 62 63 64 65 66 67 68 69 6a 6b 6c 6d 6e 6f 70 71 72 73 74 75 76 77 78 ffffffffffffffff 0
[cyc 2865] [R SHIFT BY OCTET OUT] 09 0a 0b 0c 0d 0e 0f 10 11 12 13 14 15 16 17 18 19 1a 1b 1c 1d 1e 1f 20 21 22 23 24 25 26 27 28 29 2a 2b 2c 2d 2e 2f 30 31 32 33 34 35 36 37 38 39 3a 3b 3c 3d 3e 3f 40 41 42 43 44 45 46 47 48 ffffffffffffffff 0
[cyc 2866] [R SHIFT BY OCTET IN] e9 ea eb ec ed ee ef f0 f1 f2 f3 f4 f5 f6 f7 f8 f9 fa fb fc fd fe ff 00 01 02 03 04 05 06 07 08 09 0a 0b 0c 0d 0e 0f 10 11 12 13 14 15 16 17 18 19 1a 1b 1c 1d 1e 1f 20 21 22 23 24 25 26 27 28 ffffffffffffffff 0
[cyc 2866] [R SHIFT BY OCTET OUT] b5 b6 b7 b8 b9 ba bb bc bd be bf c0 c1 c2 c3 c4 c5 c6 c7 c8 c9 ca cb cc cd ce cf d0 d1 d2 d3 d4 d5 d6 d7 d8 d9 da db dc dd de df e0 e1 e2 e3 e4 e5 e6 e7 e8 e9 ea eb ec ed ee ef f0 f1 f2 f3 f4 ffffffffffffffff 0
[cyc 2866] [STRIP MRC headers IN 0] b5 b6 b7 b8 b9 ba bb bc bd be bf c0 c1 c2 c3 c4 c5 c6 c7 c8 c9 ca cb cc cd ce cf d0 d1 d2 d3 d4 d5 d6 d7 d8 d9 da db dc dd de df e0 e1 e2 e3 e4 e5 e6 e7 e8 e9 ea eb ec ed ee ef f0 f1 f2 f3 f4 ffffffffffffffff 0
[cyc 2866] [STRIP MRC headers OUT 0] 79 7a 7b 7c 7d 7e 7f 80 81 82 83 84 85 86 87 88 89 8a 8b 8c 8d 8e 8f 90 91 92 93 94 95 96 97 98 99 9a 9b 9c 9d 9e 9f a0 a1 a2 a3 a4 a5 a6 a7 a8 a9 aa ab ac ad ae af b0 b1 b2 b3 b4 b5 b6 b7 b8 ffffffffffffffff 0
[cyc 2866] [R SHIFT BY OCTET IN] 79 7a 7b 7c 7d 7e 7f 80 81 82 83 84 85 86 87 88 89 8a 8b 8c 8d 8e 8f 90 91 92 93 94 95 96 97 98 99 9a 9b 9c 9d 9e 9f a0 a1 a2 a3 a4 a5 a6 a7 a8 a9 aa ab ac ad ae af b0 b1 b2 b3 b4 b5 b6 b7 b8 ffffffffffffffff 0
[cyc 2866] [R SHIFT BY OCTET OUT] 49 4a 4b 4c 4d 4e 4f 50 51 52 53 54 55 56 57 58 59 5a 5b 5c 5d 5e 5f 60 61 62 63 64 65 66 67 68 69 6a 6b 6c 6d 6e 6f 70 71 72 73 74 75 76 77 78 79 7a 7b 7c 7d 7e 7f 80 81 82 83 84 85 86 87 88 ffffffffffffffff 0
[cyc 2866] [GENERATE EXH 0]: MRC_ACK with qpn 0x5, psn 0x0a0b14
[cyc 2866] [GENERATE EXH 0]: MRC_ACK 1f 00 00 09 4d 4e 4f 50 00 71 f4 d0 83 e8 5f f6 60 fa 8b 9e 40 5f 00 00 40 be 46 89 fe 7f 00 00 d0 fa 8b 9e 40 5f 00 00 44 5b 81 9e 40 5f 00 00 44 c0 46 89 fe 7f 00 00 87 16 85 9e 40 5f 00 00 000000000000000f 1
[cyc 2866] [APPEND PAYLOAD 0]: moving to state HEADER
[cyc 2866] [TX IP UDP META MERGER 0]: port 0xc000
[cyc 2867] [R SHIFT BY OCTET IN] 29 2a 2b 2c 2d 2e 2f 30 31 32 33 34 35 36 37 38 39 3a 3b 3c 3d 3e 3f 40 41 42 43 44 45 46 47 48 49 4a 4b 4c 4d 4e 4f 50 51 52 53 54 55 56 57 58 59 5a 5b 5c 5d 5e 5f 60 61 62 63 64 65 66 67 68 ffffffffffffffff 0
[cyc 2867] [R SHIFT BY OCTET OUT] f5 f6 f7 f8 f9 fa fb fc fd fe ff 00 01 02 03 04 05 06 07 08 09 0a 0b 0c 0d 0e 0f 10 11 12 13 14 15 16 17 18 19 1a 1b 1c 1d 1e 1f 20 21 22 23 24 25 26 27 28 29 2a 2b 2c 2d 2e 2f 30 31 32 33 34 ffffffffffffffff 0
[cyc 2867] [STRIP MRC headers IN 0] f5 f6 f7 f8 f9 fa fb fc fd fe ff 00 01 02 03 04 05 06 07 08 09 0a 0b 0c 0d 0e 0f 10 11 12 13 14 15 16 17 18 19 1a 1b 1c 1d 1e 1f 20 21 22 23 24 25 26 27 28 29 2a 2b 2c 2d 2e 2f 30 31 32 33 34 ffffffffffffffff 0
[cyc 2867] [STRIP MRC headers OUT 0] b9 ba bb bc bd be bf c0 c1 c2 c3 c4 c5 c6 c7 c8 c9 ca cb cc cd ce cf d0 d1 d2 d3 d4 d5 d6 d7 d8 d9 da db dc dd de df e0 e1 e2 e3 e4 e5 e6 e7 e8 e9 ea eb ec ed ee ef f0 f1 f2 f3 f4 f5 f6 f7 f8 ffffffffffffffff 0
[cyc 2867] [R SHIFT BY OCTET IN] b9 ba bb bc bd be bf c0 c1 c2 c3 c4 c5 c6 c7 c8 c9 ca cb cc cd ce cf d0 d1 d2 d3 d4 d5 d6 d7 d8 d9 da db dc dd de df e0 e1 e2 e3 e4 e5 e6 e7 e8 e9 ea eb ec ed ee ef f0 f1 f2 f3 f4 f5 f6 f7 f8 ffffffffffffffff 0
[cyc 2867] [R SHIFT BY OCTET OUT] 89 8a 8b 8c 8d 8e 8f 90 91 92 93 94 95 96 97 98 99 9a 9b 9c 9d 9e 9f a0 a1 a2 a3 a4 a5 a6 a7 a8 a9 aa ab ac ad ae af b0 b1 b2 b3 b4 b5 b6 b7 b8 b9 ba bb bc bd be bf c0 c1 c2 c3 c4 c5 c6 c7 c8 ffffffffffffffff 0
[cyc 2867] [APPEND PAYLOAD 0]: moving to state INFO
[cyc 2867] [GENERATE IBH 0]: input meta, opcode 0xd1 valid psn 0x0a0b14
[cyc 2867] [PREPEND IBH HEADER 0]: going to state PARTIAL_HEADER
[cyc 2868] [R SHIFT BY OCTET IN] 69 6a 6b 6c 6d 6e 6f 70 71 72 73 74 75 76 77 78 79 7a 7b 7c 7d 7e 7f 80 81 82 83 84 85 86 87 88 89 8a 8b 8c 8d 8e 8f 90 91 92 93 94 95 96 97 98 99 9a 9b 9c 9d 9e 9f a0 a1 a2 a3 a4 a5 a6 a7 a8 ffffffffffffffff 0
[cyc 2868] [R SHIFT BY OCTET OUT] 35 36 37 38 39 3a 3b 3c 3d 3e 3f 40 41 42 43 44 45 46 47 48 49 4a 4b 4c 4d 4e 4f 50 51 52 53 54 55 56 57 58 59 5a 5b 5c 5d 5e 5f 60 61 62 63 64 65 66 67 68 69 6a 6b 6c 6d 6e 6f 70 71 72 73 74 ffffffffffffffff 0
[cyc 2868] [STRIP MRC headers IN 0] 35 36 37 38 39 3a 3b 3c 3d 3e 3f 40 41 42 43 44 45 46 47 48 49 4a 4b 4c 4d 4e 4f 50 51 52 53 54 55 56 57 58 59 5a 5b 5c 5d 5e 5f 60 61 62 63 64 65 66 67 68 69 6a 6b 6c 6d 6e 6f 70 71 72 73 74 ffffffffffffffff 0
[cyc 2868] [STRIP MRC headers OUT 0] f9 fa fb fc fd fe ff 00 01 02 03 04 05 06 07 08 09 0a 0b 0c 0d 0e 0f 10 11 12 13 14 15 16 17 18 19 1a 1b 1c 1d 1e 1f 20 21 22 23 24 25 26 27 28 29 2a 2b 2c 2d 2e 2f 30 31 32 33 34 35 36 37 38 ffffffffffffffff 0
[cyc 2868] [R SHIFT BY OCTET IN] f9 fa fb fc fd fe ff 00 01 02 03 04 05 06 07 08 09 0a 0b 0c 0d 0e 0f 10 11 12 13 14 15 16 17 18 19 1a 1b 1c 1d 1e 1f 20 21 22 23 24 25 26 27 28 29 2a 2b 2c 2d 2e 2f 30 31 32 33 34 35 36 37 38 ffffffffffffffff 0
[cyc 2868] [R SHIFT BY OCTET OUT] c9 ca cb cc cd ce cf d0 d1 d2 d3 d4 d5 d6 d7 d8 d9 da db dc dd de df e0 e1 e2 e3 e4 e5 e6 e7 e8 e9 ea eb ec ed ee ef f0 f1 f2 f3 f4 f5 f6 f7 f8 f9 fa fb fc fd fe ff 00 01 02 03 04 05 06 07 08 ffffffffffffffff 0
[cyc 2868] [PREPEND IBH HEADER 0]: IBH PARTIAL PAYLOAD
[cyc 2868] 00 00 00 00 00 00 00 00 00 00 00 00 1f 00 00 09 4d 4e 4f 50 00 71 f4 d0 83 e8 5f f6 60 fa 8b 9e 40 5f 00 00 40 be 46 89 fe 7f 00 00 d0 fa 8b 9e 40 5f 00 00 44 5b 81 9e 40 5f 00 00 44 c0 46 89 000000000000ffff 1
[cyc 2868] [PREPEND IBH HEADER 0]: IBH PARTIAL HEADER
[cyc 2868] d1 00 ff ff 00 00 00 42 00 0a 0b 14 1f 00 00 09 4d 4e 4f 50 00 71 f4 d0 83 e8 5f f6 60 fa 8b 9e 40 5f 00 00 40 be 46 89 fe 7f 00 00 d0 fa 8b 9e 40 5f 00 00 44 5b 81 9e 40 5f 00 00 44 c0 46 89 000000000000ffff 1
[cyc 2869] [R SHIFT BY OCTET IN] a9 aa ab ac ad ae af b0 b1 b2 b3 b4 b5 b6 b7 b8 b9 ba bb bc bd be bf c0 c1 c2 c3 c4 c5 c6 c7 c8 c9 ca cb cc cd ce cf d0 d1 d2 d3 d4 d5 d6 d7 d8 d9 da db dc dd de df e0 e1 e2 e3 e4 e5 e6 e7 e8 ffffffffffffffff 0
[cyc 2869] [R SHIFT BY OCTET OUT] 75 76 77 78 79 7a 7b 7c 7d 7e 7f 80 81 82 83 84 85 86 87 88 89 8a 8b 8c 8d 8e 8f 90 91 92 93 94 95 96 97 98 99 9a 9b 9c 9d 9e 9f a0 a1 a2 a3 a4 a5 a6 a7 a8 a9 aa ab ac ad ae af b0 b1 b2 b3 b4 ffffffffffffffff 0
[cyc 2869] [STRIP MRC headers IN 0] 75 76 77 78 79 7a 7b 7c 7d 7e 7f 80 81 82 83 84 85 86 87 88 89 8a 8b 8c 8d 8e 8f 90 91 92 93 94 95 96 97 98 99 9a 9b 9c 9d 9e 9f a0 a1 a2 a3 a4 a5 a6 a7 a8 a9 aa ab ac ad ae af b0 b1 b2 b3 b4 ffffffffffffffff 0
[cyc 2869] [STRIP MRC headers OUT 0] 39 3a 3b 3c 3d 3e 3f 40 41 42 43 44 45 46 47 48 49 4a 4b 4c 4d 4e 4f 50 51 52 53 54 55 56 57 58 59 5a 5b 5c 5d 5e 5f 60 61 62 63 64 65 66 67 68 69 6a 6b 6c 6d 6e 6f 70 71 72 73 74 75 76 77 78 ffffffffffffffff 0
[cyc 2869] [R SHIFT BY OCTET IN] 39 3a 3b 3c 3d 3e 3f 40 41 42 43 44 45 46 47 48 49 4a 4b 4c 4d 4e 4f 50 51 52 53 54 55 56 57 58 59 5a 5b 5c 5d 5e 5f 60 61 62 63 64 65 66 67 68 69 6a 6b 6c 6d 6e 6f 70 71 72 73 74 75 76 77 78 ffffffffffffffff 0
[cyc 2869] [R SHIFT BY OCTET OUT] 09 0a 0b 0c 0d 0e 0f 10 11 12 13 14 15 16 17 18 19 1a 1b 1c 1d 1e 1f 20 21 22 23 24 25 26 27 28 29 2a 2b 2c 2d 2e 2f 30 31 32 33 34 35 36 37 38 39 3a 3b 3c 3d 3e 3f 40 41 42 43 44 45 46 47 48 ffffffffffffffff 0
[cyc 2870] [R SHIFT BY OCTET IN] e9 ea eb ec ed ee ef f0 f1 f2 f3 f4 f5 f6 f7 f8 f9 fa fb fc fd fe ff 00 01 02 03 04 05 06 07 08 09 0a 0b 0c 0d 0e 0f 10 11 12 13 14 15 16 17 18 19 1a 1b 1c 1d 1e 1f 20 21 22 23 24 25 26 27 28 ffffffffffffffff 0
[cyc 2870] [R SHIFT BY OCTET OUT] b5 b6 b7 b8 b9 ba bb bc bd be bf c0 c1 c2 c3 c4 c5 c6 c7 c8 c9 ca cb cc cd ce cf d0 d1 d2 d3 d4 d5 d6 d7 d8 d9 da db dc dd de df e0 e1 e2 e3 e4 e5 e6 e7 e8 e9 ea eb ec ed ee ef f0 f1 f2 f3 f4 ffffffffffffffff 0
[cyc 2870] [STRIP MRC headers IN 0] b5 b6 b7 b8 b9 ba bb bc bd be bf c0 c1 c2 c3 c4 c5 c6 c7 c8 c9 ca cb cc cd ce cf d0 d1 d2 d3 d4 d5 d6 d7 d8 d9 da db dc dd de df e0 e1 e2 e3 e4 e5 e6 e7 e8 e9 ea eb ec ed ee ef f0 f1 f2 f3 f4 ffffffffffffffff 0
[cyc 2870] [STRIP MRC headers OUT 0] 79 7a 7b 7c 7d 7e 7f 80 81 82 83 84 85 86 87 88 89 8a 8b 8c 8d 8e 8f 90 91 92 93 94 95 96 97 98 99 9a 9b 9c 9d 9e 9f a0 a1 a2 a3 a4 a5 a6 a7 a8 a9 aa ab ac ad ae af b0 b1 b2 b3 b4 b5 b6 b7 b8 ffffffffffffffff 0
[cyc 2870] [R SHIFT BY OCTET IN] 79 7a 7b 7c 7d 7e 7f 80 81 82 83 84 85 86 87 88 89 8a 8b 8c 8d 8e 8f 90 91 92 93 94 95 96 97 98 99 9a 9b 9c 9d 9e 9f a0 a1 a2 a3 a4 a5 a6 a7 a8 a9 aa ab ac ad ae af b0 b1 b2 b3 b4 b5 b6 b7 b8 ffffffffffffffff 0
[cyc 2870] [R SHIFT BY OCTET OUT] 49 4a 4b 4c 4d 4e 4f 50 51 52 53 54 55 56 57 58 59 5a 5b 5c 5d 5e 5f 60 61 62 63 64 65 66 67 68 69 6a 6b 6c 6d 6e 6f 70 71 72 73 74 75 76 77 78 79 7a 7b 7c 7d 7e 7f 80 81 82 83 84 85 86 87 88 ffffffffffffffff 0
[cyc 2871] [R SHIFT BY OCTET IN] 29 2a 2b 2c 2d 2e 2f 30 31 32 33 34 35 36 37 38 39 3a 3b 3c 3d 3e 3f 40 41 42 43 44 45 46 47 48 49 4a 4b 4c 4d 4e 4f 50 51 52 53 54 55 56 57 58 59 5a 5b 5c 5d 5e 5f 60 61 62 63 64 65 66 67 68 ffffffffffffffff 0
[cyc 2871] [R SHIFT BY OCTET OUT] f5 f6 f7 f8 f9 fa fb fc fd fe ff 00 01 02 03 04 05 06 07 08 09 0a 0b 0c 0d 0e 0f 10 11 12 13 14 15 16 17 18 19 1a 1b 1c 1d 1e 1f 20 21 22 23 24 25 26 27 28 29 2a 2b 2c 2d 2e 2f 30 31 32 33 34 ffffffffffffffff 0
[cyc 2871] [STRIP MRC headers IN 0] f5 f6 f7 f8 f9 fa fb fc fd fe ff 00 01 02 03 04 05 06 07 08 09 0a 0b 0c 0d 0e 0f 10 11 12 13 14 15 16 17 18 19 1a 1b 1c 1d 1e 1f 20 21 22 23 24 25 26 27 28 29 2a 2b 2c 2d 2e 2f 30 31 32 33 34 ffffffffffffffff 0
[cyc 2871] [STRIP MRC headers OUT 0] b9 ba bb bc bd be bf c0 c1 c2 c3 c4 c5 c6 c7 c8 c9 ca cb cc cd ce cf d0 d1 d2 d3 d4 d5 d6 d7 d8 d9 da db dc dd de df e0 e1 e2 e3 e4 e5 e6 e7 e8 e9 ea eb ec ed ee ef f0 f1 f2 f3 f4 f5 f6 f7 f8 ffffffffffffffff 0
[cyc 2871] [R SHIFT BY OCTET IN] b9 ba bb bc bd be bf c0 c1 c2 c3 c4 c5 c6 c7 c8 c9 ca cb cc cd ce cf d0 d1 d2 d3 d4 d5 d6 d7 d8 d9 da db dc dd de df e0 e1 e2 e3 e4 e5 e6 e7 e8 e9 ea eb ec ed ee ef f0 f1 f2 f3 f4 f5 f6 f7 f8 ffffffffffffffff 0
[cyc 2871] [R SHIFT BY OCTET OUT] 89 8a 8b 8c 8d 8e 8f 90 91 92 93 94 95 96 97 98 99 9a 9b 9c 9d 9e 9f a0 a1 a2 a3 a4 a5 a6 a7 a8 a9 aa ab ac ad ae af b0 b1 b2 b3 b4 b5 b6 b7 b8 b9 ba bb bc bd be bf c0 c1 c2 c3 c4 c5 c6 c7 c8 ffffffffffffffff 0
[cyc 2872] [R SHIFT BY OCTET IN] 69 6a 6b 6c 6d 6e 6f 70 71 72 73 74 75 76 77 78 79 7a 7b 7c 7d 7e 7f 80 81 82 83 84 85 86 87 88 89 8a 8b 8c 8d 8e 8f 90 91 92 93 94 95 96 97 98 99 9a 9b 9c 9d 9e 9f a0 a1 a2 a3 a4 a5 a6 a7 a8 ffffffffffffffff 0
[cyc 2872] [R SHIFT BY OCTET OUT] 35 36 37 38 39 3a 3b 3c 3d 3e 3f 40 41 42 43 44 45 46 47 48 49 4a 4b 4c 4d 4e 4f 50 51 52 53 54 55 56 57 58 59 5a 5b 5c 5d 5e 5f 60 61 62 63 64 65 66 67 68 69 6a 6b 6c 6d 6e 6f 70 71 72 73 74 ffffffffffffffff 0
[cyc 2872] [STRIP MRC headers IN 0] 35 36 37 38 39 3a 3b 3c 3d 3e 3f 40 41 42 43 44 45 46 47 48 49 4a 4b 4c 4d 4e 4f 50 51 52 53 54 55 56 57 58 59 5a 5b 5c 5d 5e 5f 60 61 62 63 64 65 66 67 68 69 6a 6b 6c 6d 6e 6f 70 71 72 73 74 ffffffffffffffff 0
[cyc 2872] [STRIP MRC headers OUT 0] f9 fa fb fc fd fe ff 00 01 02 03 04 05 06 07 08 09 0a 0b 0c 0d 0e 0f 10 11 12 13 14 15 16 17 18 19 1a 1b 1c 1d 1e 1f 20 21 22 23 24 25 26 27 28 29 2a 2b 2c 2d 2e 2f 30 31 32 33 34 35 36 37 38 ffffffffffffffff 0
[cyc 2872] [R SHIFT BY OCTET IN] f9 fa fb fc fd fe ff 00 01 02 03 04 05 06 07 08 09 0a 0b 0c 0d 0e 0f 10 11 12 13 14 15 16 17 18 19 1a 1b 1c 1d 1e 1f 20 21 22 23 24 25 26 27 28 29 2a 2b 2c 2d 2e 2f 30 31 32 33 34 35 36 37 38 ffffffffffffffff 0
[cyc 2872] [R SHIFT BY OCTET OUT] c9 ca cb cc cd ce cf d0 d1 d2 d3 d4 d5 d6 d7 d8 d9 da db dc dd de df e0 e1 e2 e3 e4 e5 e6 e7 e8 e9 ea eb ec ed ee ef f0 f1 f2 f3 f4 f5 f6 f7 f8 f9 fa fb fc fd fe ff 00 01 02 03 04 05 06 07 08 ffffffffffffffff 0
[cyc 2873] [R SHIFT BY OCTET IN] a9 aa ab ac ad ae af b0 b1 b2 b3 b4 b5 b6 b7 b8 b9 ba bb bc bd be bf c0 c1 c2 c3 c4 c5 c6 c7 c8 c9 ca cb cc cd ce cf d0 d1 d2 d3 d4 d5 d6 d7 d8 d9 da db dc dd de df e0 e1 e2 e3 e4 e5 e6 e7 e8 ffffffffffffffff 0
[cyc 2873] [R SHIFT BY OCTET OUT] 75 76 77 78 79 7a 7b 7c 7d 7e 7f 80 81 82 83 84 85 86 87 88 89 8a 8b 8c 8d 8e 8f 90 91 92 93 94 95 96 97 98 99 9a 9b 9c 9d 9e 9f a0 a1 a2 a3 a4 a5 a6 a7 a8 a9 aa ab ac ad ae af b0 b1 b2 b3 b4 ffffffffffffffff 0
[cyc 2873] [STRIP MRC headers IN 0] 75 76 77 78 79 7a 7b 7c 7d 7e 7f 80 81 82 83 84 85 86 87 88 89 8a 8b 8c 8d 8e 8f 90 91 92 93 94 95 96 97 98 99 9a 9b 9c 9d 9e 9f a0 a1 a2 a3 a4 a5 a6 a7 a8 a9 aa ab ac ad ae af b0 b1 b2 b3 b4 ffffffffffffffff 0
[cyc 2873] [STRIP MRC headers OUT 0] 39 3a 3b 3c 3d 3e 3f 40 41 42 43 44 45 46 47 48 49 4a 4b 4c 4d 4e 4f 50 51 52 53 54 55 56 57 58 59 5a 5b 5c 5d 5e 5f 60 61 62 63 64 65 66 67 68 69 6a 6b 6c 6d 6e 6f 70 71 72 73 74 75 76 77 78 ffffffffffffffff 0
[cyc 2873] [R SHIFT BY OCTET IN] 39 3a 3b 3c 3d 3e 3f 40 41 42 43 44 45 46 47 48 49 4a 4b 4c 4d 4e 4f 50 51 52 53 54 55 56 57 58 59 5a 5b 5c 5d 5e 5f 60 61 62 63 64 65 66 67 68 69 6a 6b 6c 6d 6e 6f 70 71 72 73 74 75 76 77 78 ffffffffffffffff 0
[cyc 2873] [R SHIFT BY OCTET OUT] 09 0a 0b 0c 0d 0e 0f 10 11 12 13 14 15 16 17 18 19 1a 1b 1c 1d 1e 1f 20 21 22 23 24 25 26 27 28 29 2a 2b 2c 2d 2e 2f 30 31 32 33 34 35 36 37 38 39 3a 3b 3c 3d 3e 3f 40 41 42 43 44 45 46 47 48 ffffffffffffffff 0
[cyc 2874] [TB] last beat of packet 0 (17 beat(s))
[cyc 2874] [R SHIFT BY OCTET IN] e9 ea eb ec ed ee ef f0 00 00 00 00 00 00 00 00 00 00 00 00 00 00 00 00 00 00 00 00 00 00 00 00 00 00 00 00 00 00 00 00 00 00 00 00 00 00 00 00 00 00 00 00 00 00 00 00 00 00 00 00 00 00 00 00 00000000000000ff 1  <- last
[cyc 2874] [R SHIFT BY OCTET OUT] b5 b6 b7 b8 b9 ba bb bc bd be bf c0 c1 c2 c3 c4 c5 c6 c7 c8 c9 ca cb cc cd ce cf d0 d1 d2 d3 d4 d5 d6 d7 d8 d9 da db dc dd de df e0 e1 e2 e3 e4 e5 e6 e7 e8 e9 ea eb ec ed ee ef f0 00 00 00 00 0fffffffffffffff 1  <- last
[cyc 2874] [STRIP MRC headers IN 0] b5 b6 b7 b8 b9 ba bb bc bd be bf c0 c1 c2 c3 c4 c5 c6 c7 c8 c9 ca cb cc cd ce cf d0 d1 d2 d3 d4 d5 d6 d7 d8 d9 da db dc dd de df e0 e1 e2 e3 e4 e5 e6 e7 e8 e9 ea eb ec ed ee ef f0 00 00 00 00 0fffffffffffffff 1  <- last
[cyc 2874] [STRIP MRC headers OUT 0] 79 7a 7b 7c 7d 7e 7f 80 81 82 83 84 85 86 87 88 89 8a 8b 8c 8d 8e 8f 90 91 92 93 94 95 96 97 98 99 9a 9b 9c 9d 9e 9f a0 a1 a2 a3 a4 a5 a6 a7 a8 a9 aa ab ac ad ae af b0 b1 b2 b3 b4 b5 b6 b7 b8 ffffffffffffffff 0
[cyc 2874] [R SHIFT BY OCTET IN] 79 7a 7b 7c 7d 7e 7f 80 81 82 83 84 85 86 87 88 89 8a 8b 8c 8d 8e 8f 90 91 92 93 94 95 96 97 98 99 9a 9b 9c 9d 9e 9f a0 a1 a2 a3 a4 a5 a6 a7 a8 a9 aa ab ac ad ae af b0 b1 b2 b3 b4 b5 b6 b7 b8 ffffffffffffffff 0
[cyc 2874] [R SHIFT BY OCTET OUT] 49 4a 4b 4c 4d 4e 4f 50 51 52 53 54 55 56 57 58 59 5a 5b 5c 5d 5e 5f 60 61 62 63 64 65 66 67 68 69 6a 6b 6c 6d 6e 6f 70 71 72 73 74 75 76 77 78 79 7a 7b 7c 7d 7e 7f 80 81 82 83 84 85 86 87 88 ffffffffffffffff 0
[TB] All packets fed, running 300 more cycles...
[cyc 2875] [STRIP MRC headers OUT 0] b9 ba bb bc bd be bf c0 c1 c2 c3 c4 c5 c6 c7 c8 c9 ca cb cc cd ce cf d0 d1 d2 d3 d4 d5 d6 d7 d8 d9 da db dc dd de df e0 e1 e2 e3 e4 e5 e6 e7 e8 e9 ea eb ec ed ee ef f0 00 00 00 00 00 00 00 00 00ffffffffffffff 1  <- last
[cyc 2875] [R SHIFT BY OCTET IN] b9 ba bb bc bd be bf c0 c1 c2 c3 c4 c5 c6 c7 c8 c9 ca cb cc cd ce cf d0 d1 d2 d3 d4 d5 d6 d7 d8 d9 da db dc dd de df e0 e1 e2 e3 e4 e5 e6 e7 e8 e9 ea eb ec ed ee ef f0 f1 f2 f3 f4 f5 f6 f7 f8 ffffffffffffffff 0
[cyc 2875] [R SHIFT BY OCTET OUT] 89 8a 8b 8c 8d 8e 8f 90 91 92 93 94 95 96 97 98 99 9a 9b 9c 9d 9e 9f a0 a1 a2 a3 a4 a5 a6 a7 a8 a9 aa ab ac ad ae af b0 b1 b2 b3 b4 b5 b6 b7 b8 b9 ba bb bc bd be bf c0 c1 c2 c3 c4 c5 c6 c7 c8 ffffffffffffffff 0
[cyc 2876] [R SHIFT BY OCTET IN] f9 fa fb fc fd fe ff 00 01 02 03 04 05 06 07 08 09 0a 0b 0c 0d 0e 0f 10 11 12 13 14 15 16 17 18 19 1a 1b 1c 1d 1e 1f 20 21 22 23 24 25 26 27 28 29 2a 2b 2c 2d 2e 2f 30 31 32 33 34 35 36 37 38 ffffffffffffffff 0
[cyc 2876] [R SHIFT BY OCTET OUT] c9 ca cb cc cd ce cf d0 d1 d2 d3 d4 d5 d6 d7 d8 d9 da db dc dd de df e0 e1 e2 e3 e4 e5 e6 e7 e8 e9 ea eb ec ed ee ef f0 f1 f2 f3 f4 f5 f6 f7 f8 f9 fa fb fc fd fe ff 00 01 02 03 04 05 06 07 08 ffffffffffffffff 0
[cyc 2877] [R SHIFT BY OCTET IN] 39 3a 3b 3c 3d 3e 3f 40 41 42 43 44 45 46 47 48 49 4a 4b 4c 4d 4e 4f 50 51 52 53 54 55 56 57 58 59 5a 5b 5c 5d 5e 5f 60 61 62 63 64 65 66 67 68 69 6a 6b 6c 6d 6e 6f 70 71 72 73 74 75 76 77 78 ffffffffffffffff 0
[cyc 2877] [R SHIFT BY OCTET OUT] 09 0a 0b 0c 0d 0e 0f 10 11 12 13 14 15 16 17 18 19 1a 1b 1c 1d 1e 1f 20 21 22 23 24 25 26 27 28 29 2a 2b 2c 2d 2e 2f 30 31 32 33 34 35 36 37 38 39 3a 3b 3c 3d 3e 3f 40 41 42 43 44 45 46 47 48 ffffffffffffffff 0
[cyc 2878] [R SHIFT BY OCTET IN] 79 7a 7b 7c 7d 7e 7f 80 81 82 83 84 85 86 87 88 89 8a 8b 8c 8d 8e 8f 90 91 92 93 94 95 96 97 98 99 9a 9b 9c 9d 9e 9f a0 a1 a2 a3 a4 a5 a6 a7 a8 a9 aa ab ac ad ae af b0 b1 b2 b3 b4 b5 b6 b7 b8 ffffffffffffffff 0
[cyc 2878] [R SHIFT BY OCTET OUT] 49 4a 4b 4c 4d 4e 4f 50 51 52 53 54 55 56 57 58 59 5a 5b 5c 5d 5e 5f 60 61 62 63 64 65 66 67 68 69 6a 6b 6c 6d 6e 6f 70 71 72 73 74 75 76 77 78 79 7a 7b 7c 7d 7e 7f 80 81 82 83 84 85 86 87 88 ffffffffffffffff 0
[cyc 2879] [R SHIFT BY OCTET IN] b9 ba bb bc bd be bf c0 c1 c2 c3 c4 c5 c6 c7 c8 c9 ca cb cc cd ce cf d0 d1 d2 d3 d4 d5 d6 d7 d8 d9 da db dc dd de df e0 e1 e2 e3 e4 e5 e6 e7 e8 e9 ea eb ec ed ee ef f0 00 00 00 00 00 00 00 00 00ffffffffffffff 1  <- last
[cyc 2879] [R SHIFT BY OCTET OUT] 89 8a 8b 8c 8d 8e 8f 90 91 92 93 94 95 96 97 98 99 9a 9b 9c 9d 9e 9f a0 a1 a2 a3 a4 a5 a6 a7 a8 a9 aa ab ac ad ae af b0 b1 b2 b3 b4 b5 b6 b7 b8 b9 ba bb bc bd be bf c0 c1 c2 c3 c4 c5 c6 c7 c8 ffffffffffffffff 0
[cyc 2880] [R SHIFT BY OCTET OUT] c9 ca cb cc cd ce cf d0 d1 d2 d3 d4 d5 d6 d7 d8 d9 da db dc dd de df e0 e1 e2 e3 e4 e5 e6 e7 e8 e9 ea eb ec ed ee ef f0 00 00 00 00 00 00 00 00 00 00 00 00 00 00 00 00 00 00 00 00 00 00 00 00 000000ffffffffff 1  <- last

[TB] ---- Outputs (cycle they left the module) ----
[TB] cyc 2864 m_axis_mem_write_cmd: op=RC_RDMA_WRITE_ONLY qpn=0x5 addr=0x4000 len=1000 lst=1 host=1
[TB] cyc 2881 m_axis_mem_write_data: 1000 B
      0000: 09 0a 0b 0c 0d 0e 0f 10 11 12 13 14 15 16 17 18 
      0010: 19 1a 1b 1c 1d 1e 1f 20 21 22 23 24 25 26 27 28 
      0020: 29 2a 2b 2c 2d 2e 2f 30 31 32 33 34 35 36 37 38 
      0030: 39 3a 3b 3c 3d 3e 3f 40 41 42 43 44 45 46 47 48 
      ... (936 more bytes)
[TB] cyc 2869 m_axis_tx_data packet (16 B), meta: dst ip=0xa000002 length=20
      0000: d1 00 ff ff 00 00 00 42 00 0a 0b 14 1f 00 00 09 

[TB] ---- Checks ----
[TB] Packet 0: TEST 03a: ONLY in order
  [PASS] a memory write command was issued for it
[TB]   memory command at cycle 2864
  [PASS] memCmd.op_code = 0xca
  [PASS] memCmd.qpn     = 0x5
  [PASS] memCmd.addr    = 0x4000
  [PASS] memCmd.len     = 1000
  [PASS] memCmd.lst     = 0x1
  [PASS] payload data reached memory
[TB]   payload in memory by cycle 2881
  [PASS] bytes written to memory = 1000
  [PASS] memory data is identical to the payload that was sent
  [PASS] a reply (ACK/NAK) was sent for it
[TB]   reply at cycle 2869
  [PASS] tx meta: destination IP = 0xa000002
  [PASS] tx meta: UDP length (BTH+AETH+ICRC) = 20
[TB]   parsed reply: MRC_ACK  DestQP=0x42  PSN=0xa0b14  AETH.syndrome=0x1f (ACK)  AETH.MSN=0x9
  [PASS] reply length in bytes = 16
  [PASS] reply BTH.opcode (MRC_ACK) = 0xd1
  [PASS] reply BTH.DestQP (remote QPN) = 0x42
  [PASS] reply BTH.PSN = 0xa0b14
  [PASS] reply AETH.syndrome (ACK) = 0x1f
  [PASS] reply AETH.MSN = 0x9
[TB] Whole group
  [PASS] unexpected memory write commands = 0
  [PASS] unexpected memory payloads = 0
  [PASS] no memory data beat left without TLAST
  [PASS] unexpected packets sent back = 0
  [PASS] tx meta entries = tx packets = 1
  [PASS] invalid-PSN drop counter increase over the group = 0
  [PASS] ackMeta to the host (only used for our own requests) = 0
  [PASS] module consumed the whole input
  [PASS] no memory READ command issued

=====================================================================
  GROUP: TEST 03b: ONLY duplicate of 03a
=====================================================================
[TB] Packet 0: TEST 03b: ONLY duplicate of 03a
[TB]   state before: epsn=0xa0b15 last_psn=0xa0b14
[TB]   RC_RDMA_WRITE_ONLY  DestQP=0x5  PSN=0xa0b14, 658196  RETH.vaddr=0x4000  RETH.len=1000  payload=1000 B  UDP length=1044  (then drain and check)
      0000: ca 00 ff ff 00 00 00 05 80 0a 0b 14 00 00 00 08 
      0010: 00 00 00 00 00 00 40 00 00 00 12 34 00 00 03 e8 
      0020: 09 0a 0b 0c 0d 0e 0f 10 11 12 13 14 15 16 17 18 
      0030: 19 1a 1b 1c 1d 1e 1f 20 21 22 23 24 25 26 27 28 
      ... (968 more bytes)

[TB] Feeding 1 packet(s)... (module prints follow)
[cyc 3175] [TB] first beat of packet 0 (TEST 03b: ONLY duplicate of 03a)
[cyc 3175] [RX PROCESS IBH 0]: input psn 0x0a0b14
[cyc 3175] [RX PROCESS IBH 0]: process IBH opcode: ca
[cyc 3175] [R SHIFT BY OCTET IN] ca 00 ff ff 00 00 00 05 80 0a 0b 14 00 00 00 08 00 00 00 00 00 00 40 00 00 00 12 34 00 00 03 e8 09 0a 0b 0c 0d 0e 0f 10 11 12 13 14 15 16 17 18 19 1a 1b 1c 1d 1e 1f 20 21 22 23 24 25 26 27 28 ffffffffffffffff 0
[cyc 3176] [R SHIFT BY OCTET IN] 29 2a 2b 2c 2d 2e 2f 30 31 32 33 34 35 36 37 38 39 3a 3b 3c 3d 3e 3f 40 41 42 43 44 45 46 47 48 49 4a 4b 4c 4d 4e 4f 50 51 52 53 54 55 56 57 58 59 5a 5b 5c 5d 5e 5f 60 61 62 63 64 65 66 67 68 ffffffffffffffff 0
[cyc 3176] [R SHIFT BY OCTET OUT] 00 00 00 08 00 00 00 00 00 00 40 00 00 00 12 34 00 00 03 e8 09 0a 0b 0c 0d 0e 0f 10 11 12 13 14 15 16 17 18 19 1a 1b 1c 1d 1e 1f 20 21 22 23 24 25 26 27 28 29 2a 2b 2c 2d 2e 2f 30 31 32 33 34 ffffffffffffffff 0
[cyc 3176] [STRIP MRC headers IN 0] 00 00 00 08 00 00 00 00 00 00 40 00 00 00 12 34 00 00 03 e8 09 0a 0b 0c 0d 0e 0f 10 11 12 13 14 15 16 17 18 19 1a 1b 1c 1d 1e 1f 20 21 22 23 24 25 26 27 28 29 2a 2b 2c 2d 2e 2f 30 31 32 33 34 ffffffffffffffff 0
[cyc 3177] [R SHIFT BY OCTET IN] 69 6a 6b 6c 6d 6e 6f 70 71 72 73 74 75 76 77 78 79 7a 7b 7c 7d 7e 7f 80 81 82 83 84 85 86 87 88 89 8a 8b 8c 8d 8e 8f 90 91 92 93 94 95 96 97 98 99 9a 9b 9c 9d 9e 9f a0 a1 a2 a3 a4 a5 a6 a7 a8 ffffffffffffffff 0
[cyc 3177] [R SHIFT BY OCTET OUT] 35 36 37 38 39 3a 3b 3c 3d 3e 3f 40 41 42 43 44 45 46 47 48 49 4a 4b 4c 4d 4e 4f 50 51 52 53 54 55 56 57 58 59 5a 5b 5c 5d 5e 5f 60 61 62 63 64 65 66 67 68 69 6a 6b 6c 6d 6e 6f 70 71 72 73 74 ffffffffffffffff 0
[cyc 3177] [STRIP MRC headers IN 0] 35 36 37 38 39 3a 3b 3c 3d 3e 3f 40 41 42 43 44 45 46 47 48 49 4a 4b 4c 4d 4e 4f 50 51 52 53 54 55 56 57 58 59 5a 5b 5c 5d 5e 5f 60 61 62 63 64 65 66 67 68 69 6a 6b 6c 6d 6e 6f 70 71 72 73 74 ffffffffffffffff 0
[cyc 3177] [STRIP MRC headers OUT 0] 00 00 00 00 00 00 40 00 00 00 12 34 00 00 03 e8 09 0a 0b 0c 0d 0e 0f 10 11 12 13 14 15 16 17 18 19 1a 1b 1c 1d 1e 1f 20 21 22 23 24 25 26 27 28 29 2a 2b 2c 2d 2e 2f 30 31 32 33 34 35 36 37 38 ffffffffffffffff 0
[cyc 3178] [R SHIFT BY OCTET IN] a9 aa ab ac ad ae af b0 b1 b2 b3 b4 b5 b6 b7 b8 b9 ba bb bc bd be bf c0 c1 c2 c3 c4 c5 c6 c7 c8 c9 ca cb cc cd ce cf d0 d1 d2 d3 d4 d5 d6 d7 d8 d9 da db dc dd de df e0 e1 e2 e3 e4 e5 e6 e7 e8 ffffffffffffffff 0
[cyc 3178] [R SHIFT BY OCTET OUT] 75 76 77 78 79 7a 7b 7c 7d 7e 7f 80 81 82 83 84 85 86 87 88 89 8a 8b 8c 8d 8e 8f 90 91 92 93 94 95 96 97 98 99 9a 9b 9c 9d 9e 9f a0 a1 a2 a3 a4 a5 a6 a7 a8 a9 aa ab ac ad ae af b0 b1 b2 b3 b4 ffffffffffffffff 0
[cyc 3178] [STRIP MRC headers IN 0] 75 76 77 78 79 7a 7b 7c 7d 7e 7f 80 81 82 83 84 85 86 87 88 89 8a 8b 8c 8d 8e 8f 90 91 92 93 94 95 96 97 98 99 9a 9b 9c 9d 9e 9f a0 a1 a2 a3 a4 a5 a6 a7 a8 a9 aa ab ac ad ae af b0 b1 b2 b3 b4 ffffffffffffffff 0
[cyc 3178] [STRIP MRC headers OUT 0] 39 3a 3b 3c 3d 3e 3f 40 41 42 43 44 45 46 47 48 49 4a 4b 4c 4d 4e 4f 50 51 52 53 54 55 56 57 58 59 5a 5b 5c 5d 5e 5f 60 61 62 63 64 65 66 67 68 69 6a 6b 6c 6d 6e 6f 70 71 72 73 74 75 76 77 78 ffffffffffffffff 0
[cyc 3178] [RX IBH FSM 0]: epsn: 0x0a0b15, 658197, packet psn: 0x0a0b14, 658196, oldest outstanding psn: 0x8a0b15, 9046805
[cyc 3178] [RX IBH FSM 0]: dropping duplicate psn 0x0a0b14
[cyc 3178] [META MERGER 0]: reading from ack event with qpn 0x5, psn 0x0a0b14
[cyc 3179] [R SHIFT BY OCTET IN] e9 ea eb ec ed ee ef f0 f1 f2 f3 f4 f5 f6 f7 f8 f9 fa fb fc fd fe ff 00 01 02 03 04 05 06 07 08 09 0a 0b 0c 0d 0e 0f 10 11 12 13 14 15 16 17 18 19 1a 1b 1c 1d 1e 1f 20 21 22 23 24 25 26 27 28 ffffffffffffffff 0
[cyc 3179] [R SHIFT BY OCTET OUT] b5 b6 b7 b8 b9 ba bb bc bd be bf c0 c1 c2 c3 c4 c5 c6 c7 c8 c9 ca cb cc cd ce cf d0 d1 d2 d3 d4 d5 d6 d7 d8 d9 da db dc dd de df e0 e1 e2 e3 e4 e5 e6 e7 e8 e9 ea eb ec ed ee ef f0 f1 f2 f3 f4 ffffffffffffffff 0
[cyc 3179] [STRIP MRC headers IN 0] b5 b6 b7 b8 b9 ba bb bc bd be bf c0 c1 c2 c3 c4 c5 c6 c7 c8 c9 ca cb cc cd ce cf d0 d1 d2 d3 d4 d5 d6 d7 d8 d9 da db dc dd de df e0 e1 e2 e3 e4 e5 e6 e7 e8 e9 ea eb ec ed ee ef f0 f1 f2 f3 f4 ffffffffffffffff 0
[cyc 3179] [STRIP MRC headers OUT 0] 79 7a 7b 7c 7d 7e 7f 80 81 82 83 84 85 86 87 88 89 8a 8b 8c 8d 8e 8f 90 91 92 93 94 95 96 97 98 99 9a 9b 9c 9d 9e 9f a0 a1 a2 a3 a4 a5 a6 a7 a8 a9 aa ab ac ad ae af b0 b1 b2 b3 b4 b5 b6 b7 b8 ffffffffffffffff 0
[cyc 3180] [R SHIFT BY OCTET IN] 29 2a 2b 2c 2d 2e 2f 30 31 32 33 34 35 36 37 38 39 3a 3b 3c 3d 3e 3f 40 41 42 43 44 45 46 47 48 49 4a 4b 4c 4d 4e 4f 50 51 52 53 54 55 56 57 58 59 5a 5b 5c 5d 5e 5f 60 61 62 63 64 65 66 67 68 ffffffffffffffff 0
[cyc 3180] [R SHIFT BY OCTET OUT] f5 f6 f7 f8 f9 fa fb fc fd fe ff 00 01 02 03 04 05 06 07 08 09 0a 0b 0c 0d 0e 0f 10 11 12 13 14 15 16 17 18 19 1a 1b 1c 1d 1e 1f 20 21 22 23 24 25 26 27 28 29 2a 2b 2c 2d 2e 2f 30 31 32 33 34 ffffffffffffffff 0
[cyc 3180] [STRIP MRC headers IN 0] f5 f6 f7 f8 f9 fa fb fc fd fe ff 00 01 02 03 04 05 06 07 08 09 0a 0b 0c 0d 0e 0f 10 11 12 13 14 15 16 17 18 19 1a 1b 1c 1d 1e 1f 20 21 22 23 24 25 26 27 28 29 2a 2b 2c 2d 2e 2f 30 31 32 33 34 ffffffffffffffff 0
[cyc 3180] [STRIP MRC headers OUT 0] b9 ba bb bc bd be bf c0 c1 c2 c3 c4 c5 c6 c7 c8 c9 ca cb cc cd ce cf d0 d1 d2 d3 d4 d5 d6 d7 d8 d9 da db dc dd de df e0 e1 e2 e3 e4 e5 e6 e7 e8 e9 ea eb ec ed ee ef f0 f1 f2 f3 f4 f5 f6 f7 f8 ffffffffffffffff 0
[cyc 3180] [GENERATE EXH 0]: MRC_ACK with qpn 0x5, psn 0x0a0b14
[cyc 3180] [GENERATE EXH 0]: MRC_ACK 1f 00 00 09 40 5f 00 00 00 71 f4 d0 83 e8 5f f6 60 fa 8b 9e 40 5f 00 00 40 be 46 89 fe 7f 00 00 d0 fa 8b 9e 40 5f 00 00 44 5b 81 9e 40 5f 00 00 44 c0 46 89 fe 7f 00 00 87 16 85 9e 40 5f 00 00 000000000000000f 1
[cyc 3180] [APPEND PAYLOAD 0]: moving to state HEADER
[cyc 3180] [TX IP UDP META MERGER 0]: port 0xc000
[cyc 3181] [R SHIFT BY OCTET IN] 69 6a 6b 6c 6d 6e 6f 70 71 72 73 74 75 76 77 78 79 7a 7b 7c 7d 7e 7f 80 81 82 83 84 85 86 87 88 89 8a 8b 8c 8d 8e 8f 90 91 92 93 94 95 96 97 98 99 9a 9b 9c 9d 9e 9f a0 a1 a2 a3 a4 a5 a6 a7 a8 ffffffffffffffff 0
[cyc 3181] [R SHIFT BY OCTET OUT] 35 36 37 38 39 3a 3b 3c 3d 3e 3f 40 41 42 43 44 45 46 47 48 49 4a 4b 4c 4d 4e 4f 50 51 52 53 54 55 56 57 58 59 5a 5b 5c 5d 5e 5f 60 61 62 63 64 65 66 67 68 69 6a 6b 6c 6d 6e 6f 70 71 72 73 74 ffffffffffffffff 0
[cyc 3181] [STRIP MRC headers IN 0] 35 36 37 38 39 3a 3b 3c 3d 3e 3f 40 41 42 43 44 45 46 47 48 49 4a 4b 4c 4d 4e 4f 50 51 52 53 54 55 56 57 58 59 5a 5b 5c 5d 5e 5f 60 61 62 63 64 65 66 67 68 69 6a 6b 6c 6d 6e 6f 70 71 72 73 74 ffffffffffffffff 0
[cyc 3181] [STRIP MRC headers OUT 0] f9 fa fb fc fd fe ff 00 01 02 03 04 05 06 07 08 09 0a 0b 0c 0d 0e 0f 10 11 12 13 14 15 16 17 18 19 1a 1b 1c 1d 1e 1f 20 21 22 23 24 25 26 27 28 29 2a 2b 2c 2d 2e 2f 30 31 32 33 34 35 36 37 38 ffffffffffffffff 0
[cyc 3181] [APPEND PAYLOAD 0]: moving to state INFO
[cyc 3181] [GENERATE IBH 0]: input meta, opcode 0xd1 valid psn 0x0a0b14
[cyc 3181] [PREPEND IBH HEADER 0]: going to state PARTIAL_HEADER
[cyc 3182] [R SHIFT BY OCTET IN] a9 aa ab ac ad ae af b0 b1 b2 b3 b4 b5 b6 b7 b8 b9 ba bb bc bd be bf c0 c1 c2 c3 c4 c5 c6 c7 c8 c9 ca cb cc cd ce cf d0 d1 d2 d3 d4 d5 d6 d7 d8 d9 da db dc dd de df e0 e1 e2 e3 e4 e5 e6 e7 e8 ffffffffffffffff 0
[cyc 3182] [R SHIFT BY OCTET OUT] 75 76 77 78 79 7a 7b 7c 7d 7e 7f 80 81 82 83 84 85 86 87 88 89 8a 8b 8c 8d 8e 8f 90 91 92 93 94 95 96 97 98 99 9a 9b 9c 9d 9e 9f a0 a1 a2 a3 a4 a5 a6 a7 a8 a9 aa ab ac ad ae af b0 b1 b2 b3 b4 ffffffffffffffff 0
[cyc 3182] [STRIP MRC headers IN 0] 75 76 77 78 79 7a 7b 7c 7d 7e 7f 80 81 82 83 84 85 86 87 88 89 8a 8b 8c 8d 8e 8f 90 91 92 93 94 95 96 97 98 99 9a 9b 9c 9d 9e 9f a0 a1 a2 a3 a4 a5 a6 a7 a8 a9 aa ab ac ad ae af b0 b1 b2 b3 b4 ffffffffffffffff 0
[cyc 3182] [STRIP MRC headers OUT 0] 39 3a 3b 3c 3d 3e 3f 40 41 42 43 44 45 46 47 48 49 4a 4b 4c 4d 4e 4f 50 51 52 53 54 55 56 57 58 59 5a 5b 5c 5d 5e 5f 60 61 62 63 64 65 66 67 68 69 6a 6b 6c 6d 6e 6f 70 71 72 73 74 75 76 77 78 ffffffffffffffff 0
[cyc 3182] [PREPEND IBH HEADER 0]: IBH PARTIAL PAYLOAD
[cyc 3182] 00 00 00 00 00 00 00 00 00 00 00 00 1f 00 00 09 40 5f 00 00 00 71 f4 d0 83 e8 5f f6 60 fa 8b 9e 40 5f 00 00 40 be 46 89 fe 7f 00 00 d0 fa 8b 9e 40 5f 00 00 44 5b 81 9e 40 5f 00 00 44 c0 46 89 000000000000ffff 1
[cyc 3182] [PREPEND IBH HEADER 0]: IBH PARTIAL HEADER
[cyc 3182] d1 00 ff ff 00 00 00 42 00 0a 0b 14 1f 00 00 09 40 5f 00 00 00 71 f4 d0 83 e8 5f f6 60 fa 8b 9e 40 5f 00 00 40 be 46 89 fe 7f 00 00 d0 fa 8b 9e 40 5f 00 00 44 5b 81 9e 40 5f 00 00 44 c0 46 89 000000000000ffff 1
[cyc 3183] [R SHIFT BY OCTET IN] e9 ea eb ec ed ee ef f0 f1 f2 f3 f4 f5 f6 f7 f8 f9 fa fb fc fd fe ff 00 01 02 03 04 05 06 07 08 09 0a 0b 0c 0d 0e 0f 10 11 12 13 14 15 16 17 18 19 1a 1b 1c 1d 1e 1f 20 21 22 23 24 25 26 27 28 ffffffffffffffff 0
[cyc 3183] [R SHIFT BY OCTET OUT] b5 b6 b7 b8 b9 ba bb bc bd be bf c0 c1 c2 c3 c4 c5 c6 c7 c8 c9 ca cb cc cd ce cf d0 d1 d2 d3 d4 d5 d6 d7 d8 d9 da db dc dd de df e0 e1 e2 e3 e4 e5 e6 e7 e8 e9 ea eb ec ed ee ef f0 f1 f2 f3 f4 ffffffffffffffff 0
[cyc 3183] [STRIP MRC headers IN 0] b5 b6 b7 b8 b9 ba bb bc bd be bf c0 c1 c2 c3 c4 c5 c6 c7 c8 c9 ca cb cc cd ce cf d0 d1 d2 d3 d4 d5 d6 d7 d8 d9 da db dc dd de df e0 e1 e2 e3 e4 e5 e6 e7 e8 e9 ea eb ec ed ee ef f0 f1 f2 f3 f4 ffffffffffffffff 0
[cyc 3183] [STRIP MRC headers OUT 0] 79 7a 7b 7c 7d 7e 7f 80 81 82 83 84 85 86 87 88 89 8a 8b 8c 8d 8e 8f 90 91 92 93 94 95 96 97 98 99 9a 9b 9c 9d 9e 9f a0 a1 a2 a3 a4 a5 a6 a7 a8 a9 aa ab ac ad ae af b0 b1 b2 b3 b4 b5 b6 b7 b8 ffffffffffffffff 0
[cyc 3184] [R SHIFT BY OCTET IN] 29 2a 2b 2c 2d 2e 2f 30 31 32 33 34 35 36 37 38 39 3a 3b 3c 3d 3e 3f 40 41 42 43 44 45 46 47 48 49 4a 4b 4c 4d 4e 4f 50 51 52 53 54 55 56 57 58 59 5a 5b 5c 5d 5e 5f 60 61 62 63 64 65 66 67 68 ffffffffffffffff 0
[cyc 3184] [R SHIFT BY OCTET OUT] f5 f6 f7 f8 f9 fa fb fc fd fe ff 00 01 02 03 04 05 06 07 08 09 0a 0b 0c 0d 0e 0f 10 11 12 13 14 15 16 17 18 19 1a 1b 1c 1d 1e 1f 20 21 22 23 24 25 26 27 28 29 2a 2b 2c 2d 2e 2f 30 31 32 33 34 ffffffffffffffff 0
[cyc 3184] [STRIP MRC headers IN 0] f5 f6 f7 f8 f9 fa fb fc fd fe ff 00 01 02 03 04 05 06 07 08 09 0a 0b 0c 0d 0e 0f 10 11 12 13 14 15 16 17 18 19 1a 1b 1c 1d 1e 1f 20 21 22 23 24 25 26 27 28 29 2a 2b 2c 2d 2e 2f 30 31 32 33 34 ffffffffffffffff 0
[cyc 3184] [STRIP MRC headers OUT 0] b9 ba bb bc bd be bf c0 c1 c2 c3 c4 c5 c6 c7 c8 c9 ca cb cc cd ce cf d0 d1 d2 d3 d4 d5 d6 d7 d8 d9 da db dc dd de df e0 e1 e2 e3 e4 e5 e6 e7 e8 e9 ea eb ec ed ee ef f0 f1 f2 f3 f4 f5 f6 f7 f8 ffffffffffffffff 0
[cyc 3185] [R SHIFT BY OCTET IN] 69 6a 6b 6c 6d 6e 6f 70 71 72 73 74 75 76 77 78 79 7a 7b 7c 7d 7e 7f 80 81 82 83 84 85 86 87 88 89 8a 8b 8c 8d 8e 8f 90 91 92 93 94 95 96 97 98 99 9a 9b 9c 9d 9e 9f a0 a1 a2 a3 a4 a5 a6 a7 a8 ffffffffffffffff 0
[cyc 3185] [R SHIFT BY OCTET OUT] 35 36 37 38 39 3a 3b 3c 3d 3e 3f 40 41 42 43 44 45 46 47 48 49 4a 4b 4c 4d 4e 4f 50 51 52 53 54 55 56 57 58 59 5a 5b 5c 5d 5e 5f 60 61 62 63 64 65 66 67 68 69 6a 6b 6c 6d 6e 6f 70 71 72 73 74 ffffffffffffffff 0
[cyc 3185] [STRIP MRC headers IN 0] 35 36 37 38 39 3a 3b 3c 3d 3e 3f 40 41 42 43 44 45 46 47 48 49 4a 4b 4c 4d 4e 4f 50 51 52 53 54 55 56 57 58 59 5a 5b 5c 5d 5e 5f 60 61 62 63 64 65 66 67 68 69 6a 6b 6c 6d 6e 6f 70 71 72 73 74 ffffffffffffffff 0
[cyc 3185] [STRIP MRC headers OUT 0] f9 fa fb fc fd fe ff 00 01 02 03 04 05 06 07 08 09 0a 0b 0c 0d 0e 0f 10 11 12 13 14 15 16 17 18 19 1a 1b 1c 1d 1e 1f 20 21 22 23 24 25 26 27 28 29 2a 2b 2c 2d 2e 2f 30 31 32 33 34 35 36 37 38 ffffffffffffffff 0
[cyc 3186] [R SHIFT BY OCTET IN] a9 aa ab ac ad ae af b0 b1 b2 b3 b4 b5 b6 b7 b8 b9 ba bb bc bd be bf c0 c1 c2 c3 c4 c5 c6 c7 c8 c9 ca cb cc cd ce cf d0 d1 d2 d3 d4 d5 d6 d7 d8 d9 da db dc dd de df e0 e1 e2 e3 e4 e5 e6 e7 e8 ffffffffffffffff 0
[cyc 3186] [R SHIFT BY OCTET OUT] 75 76 77 78 79 7a 7b 7c 7d 7e 7f 80 81 82 83 84 85 86 87 88 89 8a 8b 8c 8d 8e 8f 90 91 92 93 94 95 96 97 98 99 9a 9b 9c 9d 9e 9f a0 a1 a2 a3 a4 a5 a6 a7 a8 a9 aa ab ac ad ae af b0 b1 b2 b3 b4 ffffffffffffffff 0
[cyc 3186] [STRIP MRC headers IN 0] 75 76 77 78 79 7a 7b 7c 7d 7e 7f 80 81 82 83 84 85 86 87 88 89 8a 8b 8c 8d 8e 8f 90 91 92 93 94 95 96 97 98 99 9a 9b 9c 9d 9e 9f a0 a1 a2 a3 a4 a5 a6 a7 a8 a9 aa ab ac ad ae af b0 b1 b2 b3 b4 ffffffffffffffff 0
[cyc 3186] [STRIP MRC headers OUT 0] 39 3a 3b 3c 3d 3e 3f 40 41 42 43 44 45 46 47 48 49 4a 4b 4c 4d 4e 4f 50 51 52 53 54 55 56 57 58 59 5a 5b 5c 5d 5e 5f 60 61 62 63 64 65 66 67 68 69 6a 6b 6c 6d 6e 6f 70 71 72 73 74 75 76 77 78 ffffffffffffffff 0
[cyc 3187] [R SHIFT BY OCTET IN] e9 ea eb ec ed ee ef f0 f1 f2 f3 f4 f5 f6 f7 f8 f9 fa fb fc fd fe ff 00 01 02 03 04 05 06 07 08 09 0a 0b 0c 0d 0e 0f 10 11 12 13 14 15 16 17 18 19 1a 1b 1c 1d 1e 1f 20 21 22 23 24 25 26 27 28 ffffffffffffffff 0
[cyc 3187] [R SHIFT BY OCTET OUT] b5 b6 b7 b8 b9 ba bb bc bd be bf c0 c1 c2 c3 c4 c5 c6 c7 c8 c9 ca cb cc cd ce cf d0 d1 d2 d3 d4 d5 d6 d7 d8 d9 da db dc dd de df e0 e1 e2 e3 e4 e5 e6 e7 e8 e9 ea eb ec ed ee ef f0 f1 f2 f3 f4 ffffffffffffffff 0
[cyc 3187] [STRIP MRC headers IN 0] b5 b6 b7 b8 b9 ba bb bc bd be bf c0 c1 c2 c3 c4 c5 c6 c7 c8 c9 ca cb cc cd ce cf d0 d1 d2 d3 d4 d5 d6 d7 d8 d9 da db dc dd de df e0 e1 e2 e3 e4 e5 e6 e7 e8 e9 ea eb ec ed ee ef f0 f1 f2 f3 f4 ffffffffffffffff 0
[cyc 3187] [STRIP MRC headers OUT 0] 79 7a 7b 7c 7d 7e 7f 80 81 82 83 84 85 86 87 88 89 8a 8b 8c 8d 8e 8f 90 91 92 93 94 95 96 97 98 99 9a 9b 9c 9d 9e 9f a0 a1 a2 a3 a4 a5 a6 a7 a8 a9 aa ab ac ad ae af b0 b1 b2 b3 b4 b5 b6 b7 b8 ffffffffffffffff 0
[cyc 3188] [R SHIFT BY OCTET IN] 29 2a 2b 2c 2d 2e 2f 30 31 32 33 34 35 36 37 38 39 3a 3b 3c 3d 3e 3f 40 41 42 43 44 45 46 47 48 49 4a 4b 4c 4d 4e 4f 50 51 52 53 54 55 56 57 58 59 5a 5b 5c 5d 5e 5f 60 61 62 63 64 65 66 67 68 ffffffffffffffff 0
[cyc 3188] [R SHIFT BY OCTET OUT] f5 f6 f7 f8 f9 fa fb fc fd fe ff 00 01 02 03 04 05 06 07 08 09 0a 0b 0c 0d 0e 0f 10 11 12 13 14 15 16 17 18 19 1a 1b 1c 1d 1e 1f 20 21 22 23 24 25 26 27 28 29 2a 2b 2c 2d 2e 2f 30 31 32 33 34 ffffffffffffffff 0
[cyc 3188] [STRIP MRC headers IN 0] f5 f6 f7 f8 f9 fa fb fc fd fe ff 00 01 02 03 04 05 06 07 08 09 0a 0b 0c 0d 0e 0f 10 11 12 13 14 15 16 17 18 19 1a 1b 1c 1d 1e 1f 20 21 22 23 24 25 26 27 28 29 2a 2b 2c 2d 2e 2f 30 31 32 33 34 ffffffffffffffff 0
[cyc 3188] [STRIP MRC headers OUT 0] b9 ba bb bc bd be bf c0 c1 c2 c3 c4 c5 c6 c7 c8 c9 ca cb cc cd ce cf d0 d1 d2 d3 d4 d5 d6 d7 d8 d9 da db dc dd de df e0 e1 e2 e3 e4 e5 e6 e7 e8 e9 ea eb ec ed ee ef f0 f1 f2 f3 f4 f5 f6 f7 f8 ffffffffffffffff 0
[cyc 3189] [R SHIFT BY OCTET IN] 69 6a 6b 6c 6d 6e 6f 70 71 72 73 74 75 76 77 78 79 7a 7b 7c 7d 7e 7f 80 81 82 83 84 85 86 87 88 89 8a 8b 8c 8d 8e 8f 90 91 92 93 94 95 96 97 98 99 9a 9b 9c 9d 9e 9f a0 a1 a2 a3 a4 a5 a6 a7 a8 ffffffffffffffff 0
[cyc 3189] [R SHIFT BY OCTET OUT] 35 36 37 38 39 3a 3b 3c 3d 3e 3f 40 41 42 43 44 45 46 47 48 49 4a 4b 4c 4d 4e 4f 50 51 52 53 54 55 56 57 58 59 5a 5b 5c 5d 5e 5f 60 61 62 63 64 65 66 67 68 69 6a 6b 6c 6d 6e 6f 70 71 72 73 74 ffffffffffffffff 0
[cyc 3189] [STRIP MRC headers IN 0] 35 36 37 38 39 3a 3b 3c 3d 3e 3f 40 41 42 43 44 45 46 47 48 49 4a 4b 4c 4d 4e 4f 50 51 52 53 54 55 56 57 58 59 5a 5b 5c 5d 5e 5f 60 61 62 63 64 65 66 67 68 69 6a 6b 6c 6d 6e 6f 70 71 72 73 74 ffffffffffffffff 0
[cyc 3189] [STRIP MRC headers OUT 0] f9 fa fb fc fd fe ff 00 01 02 03 04 05 06 07 08 09 0a 0b 0c 0d 0e 0f 10 11 12 13 14 15 16 17 18 19 1a 1b 1c 1d 1e 1f 20 21 22 23 24 25 26 27 28 29 2a 2b 2c 2d 2e 2f 30 31 32 33 34 35 36 37 38 ffffffffffffffff 0
[cyc 3190] [R SHIFT BY OCTET IN] a9 aa ab ac ad ae af b0 b1 b2 b3 b4 b5 b6 b7 b8 b9 ba bb bc bd be bf c0 c1 c2 c3 c4 c5 c6 c7 c8 c9 ca cb cc cd ce cf d0 d1 d2 d3 d4 d5 d6 d7 d8 d9 da db dc dd de df e0 e1 e2 e3 e4 e5 e6 e7 e8 ffffffffffffffff 0
[cyc 3190] [R SHIFT BY OCTET OUT] 75 76 77 78 79 7a 7b 7c 7d 7e 7f 80 81 82 83 84 85 86 87 88 89 8a 8b 8c 8d 8e 8f 90 91 92 93 94 95 96 97 98 99 9a 9b 9c 9d 9e 9f a0 a1 a2 a3 a4 a5 a6 a7 a8 a9 aa ab ac ad ae af b0 b1 b2 b3 b4 ffffffffffffffff 0
[cyc 3190] [STRIP MRC headers IN 0] 75 76 77 78 79 7a 7b 7c 7d 7e 7f 80 81 82 83 84 85 86 87 88 89 8a 8b 8c 8d 8e 8f 90 91 92 93 94 95 96 97 98 99 9a 9b 9c 9d 9e 9f a0 a1 a2 a3 a4 a5 a6 a7 a8 a9 aa ab ac ad ae af b0 b1 b2 b3 b4 ffffffffffffffff 0
[cyc 3190] [STRIP MRC headers OUT 0] 39 3a 3b 3c 3d 3e 3f 40 41 42 43 44 45 46 47 48 49 4a 4b 4c 4d 4e 4f 50 51 52 53 54 55 56 57 58 59 5a 5b 5c 5d 5e 5f 60 61 62 63 64 65 66 67 68 69 6a 6b 6c 6d 6e 6f 70 71 72 73 74 75 76 77 78 ffffffffffffffff 0
[cyc 3191] [TB] last beat of packet 0 (17 beat(s))
[cyc 3191] [R SHIFT BY OCTET IN] e9 ea eb ec ed ee ef f0 00 00 00 00 00 00 00 00 00 00 00 00 00 00 00 00 00 00 00 00 00 00 00 00 00 00 00 00 00 00 00 00 00 00 00 00 00 00 00 00 00 00 00 00 00 00 00 00 00 00 00 00 00 00 00 00 00000000000000ff 1  <- last
[cyc 3191] [R SHIFT BY OCTET OUT] b5 b6 b7 b8 b9 ba bb bc bd be bf c0 c1 c2 c3 c4 c5 c6 c7 c8 c9 ca cb cc cd ce cf d0 d1 d2 d3 d4 d5 d6 d7 d8 d9 da db dc dd de df e0 e1 e2 e3 e4 e5 e6 e7 e8 e9 ea eb ec ed ee ef f0 00 00 00 00 0fffffffffffffff 1  <- last
[cyc 3191] [STRIP MRC headers IN 0] b5 b6 b7 b8 b9 ba bb bc bd be bf c0 c1 c2 c3 c4 c5 c6 c7 c8 c9 ca cb cc cd ce cf d0 d1 d2 d3 d4 d5 d6 d7 d8 d9 da db dc dd de df e0 e1 e2 e3 e4 e5 e6 e7 e8 e9 ea eb ec ed ee ef f0 00 00 00 00 0fffffffffffffff 1  <- last
[cyc 3191] [STRIP MRC headers OUT 0] 79 7a 7b 7c 7d 7e 7f 80 81 82 83 84 85 86 87 88 89 8a 8b 8c 8d 8e 8f 90 91 92 93 94 95 96 97 98 99 9a 9b 9c 9d 9e 9f a0 a1 a2 a3 a4 a5 a6 a7 a8 a9 aa ab ac ad ae af b0 b1 b2 b3 b4 b5 b6 b7 b8 ffffffffffffffff 0
[TB] All packets fed, running 300 more cycles...
[cyc 3192] [STRIP MRC headers OUT 0] b9 ba bb bc bd be bf c0 c1 c2 c3 c4 c5 c6 c7 c8 c9 ca cb cc cd ce cf d0 d1 d2 d3 d4 d5 d6 d7 d8 d9 da db dc dd de df e0 e1 e2 e3 e4 e5 e6 e7 e8 e9 ea eb ec ed ee ef f0 00 00 00 00 00 00 00 00 00ffffffffffffff 1  <- last

[TB] ---- Outputs (cycle they left the module) ----
[TB] cyc 3183 m_axis_tx_data packet (16 B), meta: dst ip=0xa000002 length=20
      0000: d1 00 ff ff 00 00 00 42 00 0a 0b 14 1f 00 00 09 

[TB] ---- Checks ----
[TB] Packet 0: TEST 03b: ONLY duplicate of 03a
[TB]   no memory write expected
  [PASS] a reply (ACK/NAK) was sent for it
[TB]   reply at cycle 3183
  [PASS] tx meta: destination IP = 0xa000002
  [PASS] tx meta: UDP length (BTH+AETH+ICRC) = 20
[TB]   parsed reply: MRC_ACK  DestQP=0x42  PSN=0xa0b14  AETH.syndrome=0x1f (ACK)  AETH.MSN=0x9
  [PASS] reply length in bytes = 16
  [PASS] reply BTH.opcode (MRC_ACK) = 0xd1
  [PASS] reply BTH.DestQP (remote QPN) = 0x42
  [PASS] reply BTH.PSN = 0xa0b14
  [PASS] reply AETH.syndrome (ACK) = 0x1f
  [PASS] reply AETH.MSN = 0x9
[TB] Whole group
  [PASS] unexpected memory write commands = 0
  [PASS] unexpected memory payloads = 0
  [PASS] no memory data beat left without TLAST
  [PASS] unexpected packets sent back = 0
  [PASS] tx meta entries = tx packets = 1
  [PASS] invalid-PSN drop counter increase over the group = 1
  [PASS] ackMeta to the host (only used for our own requests) = 0
  [PASS] module consumed the whole input
  [PASS] no memory READ command issued

=====================================================================
  GROUP: TEST 04a: ONLY behind epsn
=====================================================================
[TB] Packet 0: TEST 04a: ONLY behind epsn
[TB]   state before: epsn=0xa0b15 last_psn=0xa0b14
[TB]   RC_RDMA_WRITE_ONLY  DestQP=0x5  PSN=0xa0b10, 658192  RETH.vaddr=0x5000  RETH.len=1024  payload=1024 B  UDP length=1068  (then drain and check)
      0000: ca 00 ff ff 00 00 00 05 80 0a 0b 10 00 00 00 00 
      0010: 00 00 00 00 00 00 50 00 00 00 12 34 00 00 04 00 
      0020: ee ef f0 f1 f2 f3 f4 f5 f6 f7 f8 f9 fa fb fc fd 
      0030: fe ff 00 01 02 03 04 05 06 07 08 09 0a 0b 0c 0d 
      ... (992 more bytes)

[TB] Feeding 1 packet(s)... (module prints follow)
[cyc 3492] [TB] first beat of packet 0 (TEST 04a: ONLY behind epsn)
[cyc 3492] [RX PROCESS IBH 0]: input psn 0x0a0b10
[cyc 3492] [RX PROCESS IBH 0]: process IBH opcode: ca
[cyc 3492] [R SHIFT BY OCTET IN] ca 00 ff ff 00 00 00 05 80 0a 0b 10 00 00 00 00 00 00 00 00 00 00 50 00 00 00 12 34 00 00 04 00 ee ef f0 f1 f2 f3 f4 f5 f6 f7 f8 f9 fa fb fc fd fe ff 00 01 02 03 04 05 06 07 08 09 0a 0b 0c 0d ffffffffffffffff 0
[cyc 3493] [R SHIFT BY OCTET IN] 0e 0f 10 11 12 13 14 15 16 17 18 19 1a 1b 1c 1d 1e 1f 20 21 22 23 24 25 26 27 28 29 2a 2b 2c 2d 2e 2f 30 31 32 33 34 35 36 37 38 39 3a 3b 3c 3d 3e 3f 40 41 42 43 44 45 46 47 48 49 4a 4b 4c 4d ffffffffffffffff 0
[cyc 3493] [R SHIFT BY OCTET OUT] 00 00 00 00 00 00 00 00 00 00 50 00 00 00 12 34 00 00 04 00 ee ef f0 f1 f2 f3 f4 f5 f6 f7 f8 f9 fa fb fc fd fe ff 00 01 02 03 04 05 06 07 08 09 0a 0b 0c 0d 0e 0f 10 11 12 13 14 15 16 17 18 19 ffffffffffffffff 0
[cyc 3493] [STRIP MRC headers IN 0] 00 00 00 00 00 00 00 00 00 00 50 00 00 00 12 34 00 00 04 00 ee ef f0 f1 f2 f3 f4 f5 f6 f7 f8 f9 fa fb fc fd fe ff 00 01 02 03 04 05 06 07 08 09 0a 0b 0c 0d 0e 0f 10 11 12 13 14 15 16 17 18 19 ffffffffffffffff 0
[cyc 3494] [R SHIFT BY OCTET IN] 4e 4f 50 51 52 53 54 55 56 57 58 59 5a 5b 5c 5d 5e 5f 60 61 62 63 64 65 66 67 68 69 6a 6b 6c 6d 6e 6f 70 71 72 73 74 75 76 77 78 79 7a 7b 7c 7d 7e 7f 80 81 82 83 84 85 86 87 88 89 8a 8b 8c 8d ffffffffffffffff 0
[cyc 3494] [R SHIFT BY OCTET OUT] 1a 1b 1c 1d 1e 1f 20 21 22 23 24 25 26 27 28 29 2a 2b 2c 2d 2e 2f 30 31 32 33 34 35 36 37 38 39 3a 3b 3c 3d 3e 3f 40 41 42 43 44 45 46 47 48 49 4a 4b 4c 4d 4e 4f 50 51 52 53 54 55 56 57 58 59 ffffffffffffffff 0
[cyc 3494] [STRIP MRC headers IN 0] 1a 1b 1c 1d 1e 1f 20 21 22 23 24 25 26 27 28 29 2a 2b 2c 2d 2e 2f 30 31 32 33 34 35 36 37 38 39 3a 3b 3c 3d 3e 3f 40 41 42 43 44 45 46 47 48 49 4a 4b 4c 4d 4e 4f 50 51 52 53 54 55 56 57 58 59 ffffffffffffffff 0
[cyc 3494] [STRIP MRC headers OUT 0] 00 00 00 00 00 00 50 00 00 00 12 34 00 00 04 00 ee ef f0 f1 f2 f3 f4 f5 f6 f7 f8 f9 fa fb fc fd fe ff 00 01 02 03 04 05 06 07 08 09 0a 0b 0c 0d 0e 0f 10 11 12 13 14 15 16 17 18 19 1a 1b 1c 1d ffffffffffffffff 0
[cyc 3495] [R SHIFT BY OCTET IN] 8e 8f 90 91 92 93 94 95 96 97 98 99 9a 9b 9c 9d 9e 9f a0 a1 a2 a3 a4 a5 a6 a7 a8 a9 aa ab ac ad ae af b0 b1 b2 b3 b4 b5 b6 b7 b8 b9 ba bb bc bd be bf c0 c1 c2 c3 c4 c5 c6 c7 c8 c9 ca cb cc cd ffffffffffffffff 0
[cyc 3495] [R SHIFT BY OCTET OUT] 5a 5b 5c 5d 5e 5f 60 61 62 63 64 65 66 67 68 69 6a 6b 6c 6d 6e 6f 70 71 72 73 74 75 76 77 78 79 7a 7b 7c 7d 7e 7f 80 81 82 83 84 85 86 87 88 89 8a 8b 8c 8d 8e 8f 90 91 92 93 94 95 96 97 98 99 ffffffffffffffff 0
[cyc 3495] [STRIP MRC headers IN 0] 5a 5b 5c 5d 5e 5f 60 61 62 63 64 65 66 67 68 69 6a 6b 6c 6d 6e 6f 70 71 72 73 74 75 76 77 78 79 7a 7b 7c 7d 7e 7f 80 81 82 83 84 85 86 87 88 89 8a 8b 8c 8d 8e 8f 90 91 92 93 94 95 96 97 98 99 ffffffffffffffff 0
[cyc 3495] [STRIP MRC headers OUT 0] 1e 1f 20 21 22 23 24 25 26 27 28 29 2a 2b 2c 2d 2e 2f 30 31 32 33 34 35 36 37 38 39 3a 3b 3c 3d 3e 3f 40 41 42 43 44 45 46 47 48 49 4a 4b 4c 4d 4e 4f 50 51 52 53 54 55 56 57 58 59 5a 5b 5c 5d ffffffffffffffff 0
[cyc 3495] [RX IBH FSM 0]: epsn: 0x0a0b15, 658197, packet psn: 0x0a0b10, 658192, oldest outstanding psn: 0x8a0b15, 9046805
[cyc 3495] [RX IBH FSM 0]: dropping duplicate psn 0x0a0b10
[cyc 3495] [META MERGER 0]: reading from ack event with qpn 0x5, psn 0x0a0b10
[cyc 3496] [R SHIFT BY OCTET IN] ce cf d0 d1 d2 d3 d4 d5 d6 d7 d8 d9 da db dc dd de df e0 e1 e2 e3 e4 e5 e6 e7 e8 e9 ea eb ec ed ee ef f0 f1 f2 f3 f4 f5 f6 f7 f8 f9 fa fb fc fd fe ff 00 01 02 03 04 05 06 07 08 09 0a 0b 0c 0d ffffffffffffffff 0
[cyc 3496] [R SHIFT BY OCTET OUT] 9a 9b 9c 9d 9e 9f a0 a1 a2 a3 a4 a5 a6 a7 a8 a9 aa ab ac ad ae af b0 b1 b2 b3 b4 b5 b6 b7 b8 b9 ba bb bc bd be bf c0 c1 c2 c3 c4 c5 c6 c7 c8 c9 ca cb cc cd ce cf d0 d1 d2 d3 d4 d5 d6 d7 d8 d9 ffffffffffffffff 0
[cyc 3496] [STRIP MRC headers IN 0] 9a 9b 9c 9d 9e 9f a0 a1 a2 a3 a4 a5 a6 a7 a8 a9 aa ab ac ad ae af b0 b1 b2 b3 b4 b5 b6 b7 b8 b9 ba bb bc bd be bf c0 c1 c2 c3 c4 c5 c6 c7 c8 c9 ca cb cc cd ce cf d0 d1 d2 d3 d4 d5 d6 d7 d8 d9 ffffffffffffffff 0
[cyc 3496] [STRIP MRC headers OUT 0] 5e 5f 60 61 62 63 64 65 66 67 68 69 6a 6b 6c 6d 6e 6f 70 71 72 73 74 75 76 77 78 79 7a 7b 7c 7d 7e 7f 80 81 82 83 84 85 86 87 88 89 8a 8b 8c 8d 8e 8f 90 91 92 93 94 95 96 97 98 99 9a 9b 9c 9d ffffffffffffffff 0
[cyc 3497] [R SHIFT BY OCTET IN] 0e 0f 10 11 12 13 14 15 16 17 18 19 1a 1b 1c 1d 1e 1f 20 21 22 23 24 25 26 27 28 29 2a 2b 2c 2d 2e 2f 30 31 32 33 34 35 36 37 38 39 3a 3b 3c 3d 3e 3f 40 41 42 43 44 45 46 47 48 49 4a 4b 4c 4d ffffffffffffffff 0
[cyc 3497] [R SHIFT BY OCTET OUT] da db dc dd de df e0 e1 e2 e3 e4 e5 e6 e7 e8 e9 ea eb ec ed ee ef f0 f1 f2 f3 f4 f5 f6 f7 f8 f9 fa fb fc fd fe ff 00 01 02 03 04 05 06 07 08 09 0a 0b 0c 0d 0e 0f 10 11 12 13 14 15 16 17 18 19 ffffffffffffffff 0
[cyc 3497] [STRIP MRC headers IN 0] da db dc dd de df e0 e1 e2 e3 e4 e5 e6 e7 e8 e9 ea eb ec ed ee ef f0 f1 f2 f3 f4 f5 f6 f7 f8 f9 fa fb fc fd fe ff 00 01 02 03 04 05 06 07 08 09 0a 0b 0c 0d 0e 0f 10 11 12 13 14 15 16 17 18 19 ffffffffffffffff 0
[cyc 3497] [STRIP MRC headers OUT 0] 9e 9f a0 a1 a2 a3 a4 a5 a6 a7 a8 a9 aa ab ac ad ae af b0 b1 b2 b3 b4 b5 b6 b7 b8 b9 ba bb bc bd be bf c0 c1 c2 c3 c4 c5 c6 c7 c8 c9 ca cb cc cd ce cf d0 d1 d2 d3 d4 d5 d6 d7 d8 d9 da db dc dd ffffffffffffffff 0
[cyc 3497] [GENERATE EXH 0]: MRC_ACK with qpn 0x5, psn 0x0a0b10
[cyc 3497] [GENERATE EXH 0]: MRC_ACK 1f 00 00 09 40 5f 00 00 00 71 f4 d0 83 e8 5f f6 60 fa 8b 9e 40 5f 00 00 40 be 46 89 fe 7f 00 00 d0 fa 8b 9e 40 5f 00 00 44 5b 81 9e 40 5f 00 00 44 c0 46 89 fe 7f 00 00 87 16 85 9e 40 5f 00 00 000000000000000f 1
[cyc 3497] [APPEND PAYLOAD 0]: moving to state HEADER
[cyc 3497] [TX IP UDP META MERGER 0]: port 0xc000
[cyc 3498] [R SHIFT BY OCTET IN] 4e 4f 50 51 52 53 54 55 56 57 58 59 5a 5b 5c 5d 5e 5f 60 61 62 63 64 65 66 67 68 69 6a 6b 6c 6d 6e 6f 70 71 72 73 74 75 76 77 78 79 7a 7b 7c 7d 7e 7f 80 81 82 83 84 85 86 87 88 89 8a 8b 8c 8d ffffffffffffffff 0
[cyc 3498] [R SHIFT BY OCTET OUT] 1a 1b 1c 1d 1e 1f 20 21 22 23 24 25 26 27 28 29 2a 2b 2c 2d 2e 2f 30 31 32 33 34 35 36 37 38 39 3a 3b 3c 3d 3e 3f 40 41 42 43 44 45 46 47 48 49 4a 4b 4c 4d 4e 4f 50 51 52 53 54 55 56 57 58 59 ffffffffffffffff 0
[cyc 3498] [STRIP MRC headers IN 0] 1a 1b 1c 1d 1e 1f 20 21 22 23 24 25 26 27 28 29 2a 2b 2c 2d 2e 2f 30 31 32 33 34 35 36 37 38 39 3a 3b 3c 3d 3e 3f 40 41 42 43 44 45 46 47 48 49 4a 4b 4c 4d 4e 4f 50 51 52 53 54 55 56 57 58 59 ffffffffffffffff 0
[cyc 3498] [STRIP MRC headers OUT 0] de df e0 e1 e2 e3 e4 e5 e6 e7 e8 e9 ea eb ec ed ee ef f0 f1 f2 f3 f4 f5 f6 f7 f8 f9 fa fb fc fd fe ff 00 01 02 03 04 05 06 07 08 09 0a 0b 0c 0d 0e 0f 10 11 12 13 14 15 16 17 18 19 1a 1b 1c 1d ffffffffffffffff 0
[cyc 3498] [APPEND PAYLOAD 0]: moving to state INFO
[cyc 3498] [GENERATE IBH 0]: input meta, opcode 0xd1 valid psn 0x0a0b10
[cyc 3498] [PREPEND IBH HEADER 0]: going to state PARTIAL_HEADER
[cyc 3499] [R SHIFT BY OCTET IN] 8e 8f 90 91 92 93 94 95 96 97 98 99 9a 9b 9c 9d 9e 9f a0 a1 a2 a3 a4 a5 a6 a7 a8 a9 aa ab ac ad ae af b0 b1 b2 b3 b4 b5 b6 b7 b8 b9 ba bb bc bd be bf c0 c1 c2 c3 c4 c5 c6 c7 c8 c9 ca cb cc cd ffffffffffffffff 0
[cyc 3499] [R SHIFT BY OCTET OUT] 5a 5b 5c 5d 5e 5f 60 61 62 63 64 65 66 67 68 69 6a 6b 6c 6d 6e 6f 70 71 72 73 74 75 76 77 78 79 7a 7b 7c 7d 7e 7f 80 81 82 83 84 85 86 87 88 89 8a 8b 8c 8d 8e 8f 90 91 92 93 94 95 96 97 98 99 ffffffffffffffff 0
[cyc 3499] [STRIP MRC headers IN 0] 5a 5b 5c 5d 5e 5f 60 61 62 63 64 65 66 67 68 69 6a 6b 6c 6d 6e 6f 70 71 72 73 74 75 76 77 78 79 7a 7b 7c 7d 7e 7f 80 81 82 83 84 85 86 87 88 89 8a 8b 8c 8d 8e 8f 90 91 92 93 94 95 96 97 98 99 ffffffffffffffff 0
[cyc 3499] [STRIP MRC headers OUT 0] 1e 1f 20 21 22 23 24 25 26 27 28 29 2a 2b 2c 2d 2e 2f 30 31 32 33 34 35 36 37 38 39 3a 3b 3c 3d 3e 3f 40 41 42 43 44 45 46 47 48 49 4a 4b 4c 4d 4e 4f 50 51 52 53 54 55 56 57 58 59 5a 5b 5c 5d ffffffffffffffff 0
[cyc 3499] [PREPEND IBH HEADER 0]: IBH PARTIAL PAYLOAD
[cyc 3499] 00 00 00 00 00 00 00 00 00 00 00 00 1f 00 00 09 40 5f 00 00 00 71 f4 d0 83 e8 5f f6 60 fa 8b 9e 40 5f 00 00 40 be 46 89 fe 7f 00 00 d0 fa 8b 9e 40 5f 00 00 44 5b 81 9e 40 5f 00 00 44 c0 46 89 000000000000ffff 1
[cyc 3499] [PREPEND IBH HEADER 0]: IBH PARTIAL HEADER
[cyc 3499] d1 00 ff ff 00 00 00 42 00 0a 0b 10 1f 00 00 09 40 5f 00 00 00 71 f4 d0 83 e8 5f f6 60 fa 8b 9e 40 5f 00 00 40 be 46 89 fe 7f 00 00 d0 fa 8b 9e 40 5f 00 00 44 5b 81 9e 40 5f 00 00 44 c0 46 89 000000000000ffff 1
[cyc 3500] [R SHIFT BY OCTET IN] ce cf d0 d1 d2 d3 d4 d5 d6 d7 d8 d9 da db dc dd de df e0 e1 e2 e3 e4 e5 e6 e7 e8 e9 ea eb ec ed ee ef f0 f1 f2 f3 f4 f5 f6 f7 f8 f9 fa fb fc fd fe ff 00 01 02 03 04 05 06 07 08 09 0a 0b 0c 0d ffffffffffffffff 0
[cyc 3500] [R SHIFT BY OCTET OUT] 9a 9b 9c 9d 9e 9f a0 a1 a2 a3 a4 a5 a6 a7 a8 a9 aa ab ac ad ae af b0 b1 b2 b3 b4 b5 b6 b7 b8 b9 ba bb bc bd be bf c0 c1 c2 c3 c4 c5 c6 c7 c8 c9 ca cb cc cd ce cf d0 d1 d2 d3 d4 d5 d6 d7 d8 d9 ffffffffffffffff 0
[cyc 3500] [STRIP MRC headers IN 0] 9a 9b 9c 9d 9e 9f a0 a1 a2 a3 a4 a5 a6 a7 a8 a9 aa ab ac ad ae af b0 b1 b2 b3 b4 b5 b6 b7 b8 b9 ba bb bc bd be bf c0 c1 c2 c3 c4 c5 c6 c7 c8 c9 ca cb cc cd ce cf d0 d1 d2 d3 d4 d5 d6 d7 d8 d9 ffffffffffffffff 0
[cyc 3500] [STRIP MRC headers OUT 0] 5e 5f 60 61 62 63 64 65 66 67 68 69 6a 6b 6c 6d 6e 6f 70 71 72 73 74 75 76 77 78 79 7a 7b 7c 7d 7e 7f 80 81 82 83 84 85 86 87 88 89 8a 8b 8c 8d 8e 8f 90 91 92 93 94 95 96 97 98 99 9a 9b 9c 9d ffffffffffffffff 0
[cyc 3501] [R SHIFT BY OCTET IN] 0e 0f 10 11 12 13 14 15 16 17 18 19 1a 1b 1c 1d 1e 1f 20 21 22 23 24 25 26 27 28 29 2a 2b 2c 2d 2e 2f 30 31 32 33 34 35 36 37 38 39 3a 3b 3c 3d 3e 3f 40 41 42 43 44 45 46 47 48 49 4a 4b 4c 4d ffffffffffffffff 0
[cyc 3501] [R SHIFT BY OCTET OUT] da db dc dd de df e0 e1 e2 e3 e4 e5 e6 e7 e8 e9 ea eb ec ed ee ef f0 f1 f2 f3 f4 f5 f6 f7 f8 f9 fa fb fc fd fe ff 00 01 02 03 04 05 06 07 08 09 0a 0b 0c 0d 0e 0f 10 11 12 13 14 15 16 17 18 19 ffffffffffffffff 0
[cyc 3501] [STRIP MRC headers IN 0] da db dc dd de df e0 e1 e2 e3 e4 e5 e6 e7 e8 e9 ea eb ec ed ee ef f0 f1 f2 f3 f4 f5 f6 f7 f8 f9 fa fb fc fd fe ff 00 01 02 03 04 05 06 07 08 09 0a 0b 0c 0d 0e 0f 10 11 12 13 14 15 16 17 18 19 ffffffffffffffff 0
[cyc 3501] [STRIP MRC headers OUT 0] 9e 9f a0 a1 a2 a3 a4 a5 a6 a7 a8 a9 aa ab ac ad ae af b0 b1 b2 b3 b4 b5 b6 b7 b8 b9 ba bb bc bd be bf c0 c1 c2 c3 c4 c5 c6 c7 c8 c9 ca cb cc cd ce cf d0 d1 d2 d3 d4 d5 d6 d7 d8 d9 da db dc dd ffffffffffffffff 0
[cyc 3502] [R SHIFT BY OCTET IN] 4e 4f 50 51 52 53 54 55 56 57 58 59 5a 5b 5c 5d 5e 5f 60 61 62 63 64 65 66 67 68 69 6a 6b 6c 6d 6e 6f 70 71 72 73 74 75 76 77 78 79 7a 7b 7c 7d 7e 7f 80 81 82 83 84 85 86 87 88 89 8a 8b 8c 8d ffffffffffffffff 0
[cyc 3502] [R SHIFT BY OCTET OUT] 1a 1b 1c 1d 1e 1f 20 21 22 23 24 25 26 27 28 29 2a 2b 2c 2d 2e 2f 30 31 32 33 34 35 36 37 38 39 3a 3b 3c 3d 3e 3f 40 41 42 43 44 45 46 47 48 49 4a 4b 4c 4d 4e 4f 50 51 52 53 54 55 56 57 58 59 ffffffffffffffff 0
[cyc 3502] [STRIP MRC headers IN 0] 1a 1b 1c 1d 1e 1f 20 21 22 23 24 25 26 27 28 29 2a 2b 2c 2d 2e 2f 30 31 32 33 34 35 36 37 38 39 3a 3b 3c 3d 3e 3f 40 41 42 43 44 45 46 47 48 49 4a 4b 4c 4d 4e 4f 50 51 52 53 54 55 56 57 58 59 ffffffffffffffff 0
[cyc 3502] [STRIP MRC headers OUT 0] de df e0 e1 e2 e3 e4 e5 e6 e7 e8 e9 ea eb ec ed ee ef f0 f1 f2 f3 f4 f5 f6 f7 f8 f9 fa fb fc fd fe ff 00 01 02 03 04 05 06 07 08 09 0a 0b 0c 0d 0e 0f 10 11 12 13 14 15 16 17 18 19 1a 1b 1c 1d ffffffffffffffff 0
[cyc 3503] [R SHIFT BY OCTET IN] 8e 8f 90 91 92 93 94 95 96 97 98 99 9a 9b 9c 9d 9e 9f a0 a1 a2 a3 a4 a5 a6 a7 a8 a9 aa ab ac ad ae af b0 b1 b2 b3 b4 b5 b6 b7 b8 b9 ba bb bc bd be bf c0 c1 c2 c3 c4 c5 c6 c7 c8 c9 ca cb cc cd ffffffffffffffff 0
[cyc 3503] [R SHIFT BY OCTET OUT] 5a 5b 5c 5d 5e 5f 60 61 62 63 64 65 66 67 68 69 6a 6b 6c 6d 6e 6f 70 71 72 73 74 75 76 77 78 79 7a 7b 7c 7d 7e 7f 80 81 82 83 84 85 86 87 88 89 8a 8b 8c 8d 8e 8f 90 91 92 93 94 95 96 97 98 99 ffffffffffffffff 0
[cyc 3503] [STRIP MRC headers IN 0] 5a 5b 5c 5d 5e 5f 60 61 62 63 64 65 66 67 68 69 6a 6b 6c 6d 6e 6f 70 71 72 73 74 75 76 77 78 79 7a 7b 7c 7d 7e 7f 80 81 82 83 84 85 86 87 88 89 8a 8b 8c 8d 8e 8f 90 91 92 93 94 95 96 97 98 99 ffffffffffffffff 0
[cyc 3503] [STRIP MRC headers OUT 0] 1e 1f 20 21 22 23 24 25 26 27 28 29 2a 2b 2c 2d 2e 2f 30 31 32 33 34 35 36 37 38 39 3a 3b 3c 3d 3e 3f 40 41 42 43 44 45 46 47 48 49 4a 4b 4c 4d 4e 4f 50 51 52 53 54 55 56 57 58 59 5a 5b 5c 5d ffffffffffffffff 0
[cyc 3504] [R SHIFT BY OCTET IN] ce cf d0 d1 d2 d3 d4 d5 d6 d7 d8 d9 da db dc dd de df e0 e1 e2 e3 e4 e5 e6 e7 e8 e9 ea eb ec ed ee ef f0 f1 f2 f3 f4 f5 f6 f7 f8 f9 fa fb fc fd fe ff 00 01 02 03 04 05 06 07 08 09 0a 0b 0c 0d ffffffffffffffff 0
[cyc 3504] [R SHIFT BY OCTET OUT] 9a 9b 9c 9d 9e 9f a0 a1 a2 a3 a4 a5 a6 a7 a8 a9 aa ab ac ad ae af b0 b1 b2 b3 b4 b5 b6 b7 b8 b9 ba bb bc bd be bf c0 c1 c2 c3 c4 c5 c6 c7 c8 c9 ca cb cc cd ce cf d0 d1 d2 d3 d4 d5 d6 d7 d8 d9 ffffffffffffffff 0
[cyc 3504] [STRIP MRC headers IN 0] 9a 9b 9c 9d 9e 9f a0 a1 a2 a3 a4 a5 a6 a7 a8 a9 aa ab ac ad ae af b0 b1 b2 b3 b4 b5 b6 b7 b8 b9 ba bb bc bd be bf c0 c1 c2 c3 c4 c5 c6 c7 c8 c9 ca cb cc cd ce cf d0 d1 d2 d3 d4 d5 d6 d7 d8 d9 ffffffffffffffff 0
[cyc 3504] [STRIP MRC headers OUT 0] 5e 5f 60 61 62 63 64 65 66 67 68 69 6a 6b 6c 6d 6e 6f 70 71 72 73 74 75 76 77 78 79 7a 7b 7c 7d 7e 7f 80 81 82 83 84 85 86 87 88 89 8a 8b 8c 8d 8e 8f 90 91 92 93 94 95 96 97 98 99 9a 9b 9c 9d ffffffffffffffff 0
[cyc 3505] [R SHIFT BY OCTET IN] 0e 0f 10 11 12 13 14 15 16 17 18 19 1a 1b 1c 1d 1e 1f 20 21 22 23 24 25 26 27 28 29 2a 2b 2c 2d 2e 2f 30 31 32 33 34 35 36 37 38 39 3a 3b 3c 3d 3e 3f 40 41 42 43 44 45 46 47 48 49 4a 4b 4c 4d ffffffffffffffff 0
[cyc 3505] [R SHIFT BY OCTET OUT] da db dc dd de df e0 e1 e2 e3 e4 e5 e6 e7 e8 e9 ea eb ec ed ee ef f0 f1 f2 f3 f4 f5 f6 f7 f8 f9 fa fb fc fd fe ff 00 01 02 03 04 05 06 07 08 09 0a 0b 0c 0d 0e 0f 10 11 12 13 14 15 16 17 18 19 ffffffffffffffff 0
[cyc 3505] [STRIP MRC headers IN 0] da db dc dd de df e0 e1 e2 e3 e4 e5 e6 e7 e8 e9 ea eb ec ed ee ef f0 f1 f2 f3 f4 f5 f6 f7 f8 f9 fa fb fc fd fe ff 00 01 02 03 04 05 06 07 08 09 0a 0b 0c 0d 0e 0f 10 11 12 13 14 15 16 17 18 19 ffffffffffffffff 0
[cyc 3505] [STRIP MRC headers OUT 0] 9e 9f a0 a1 a2 a3 a4 a5 a6 a7 a8 a9 aa ab ac ad ae af b0 b1 b2 b3 b4 b5 b6 b7 b8 b9 ba bb bc bd be bf c0 c1 c2 c3 c4 c5 c6 c7 c8 c9 ca cb cc cd ce cf d0 d1 d2 d3 d4 d5 d6 d7 d8 d9 da db dc dd ffffffffffffffff 0
[cyc 3506] [R SHIFT BY OCTET IN] 4e 4f 50 51 52 53 54 55 56 57 58 59 5a 5b 5c 5d 5e 5f 60 61 62 63 64 65 66 67 68 69 6a 6b 6c 6d 6e 6f 70 71 72 73 74 75 76 77 78 79 7a 7b 7c 7d 7e 7f 80 81 82 83 84 85 86 87 88 89 8a 8b 8c 8d ffffffffffffffff 0
[cyc 3506] [R SHIFT BY OCTET OUT] 1a 1b 1c 1d 1e 1f 20 21 22 23 24 25 26 27 28 29 2a 2b 2c 2d 2e 2f 30 31 32 33 34 35 36 37 38 39 3a 3b 3c 3d 3e 3f 40 41 42 43 44 45 46 47 48 49 4a 4b 4c 4d 4e 4f 50 51 52 53 54 55 56 57 58 59 ffffffffffffffff 0
[cyc 3506] [STRIP MRC headers IN 0] 1a 1b 1c 1d 1e 1f 20 21 22 23 24 25 26 27 28 29 2a 2b 2c 2d 2e 2f 30 31 32 33 34 35 36 37 38 39 3a 3b 3c 3d 3e 3f 40 41 42 43 44 45 46 47 48 49 4a 4b 4c 4d 4e 4f 50 51 52 53 54 55 56 57 58 59 ffffffffffffffff 0
[cyc 3506] [STRIP MRC headers OUT 0] de df e0 e1 e2 e3 e4 e5 e6 e7 e8 e9 ea eb ec ed ee ef f0 f1 f2 f3 f4 f5 f6 f7 f8 f9 fa fb fc fd fe ff 00 01 02 03 04 05 06 07 08 09 0a 0b 0c 0d 0e 0f 10 11 12 13 14 15 16 17 18 19 1a 1b 1c 1d ffffffffffffffff 0
[cyc 3507] [R SHIFT BY OCTET IN] 8e 8f 90 91 92 93 94 95 96 97 98 99 9a 9b 9c 9d 9e 9f a0 a1 a2 a3 a4 a5 a6 a7 a8 a9 aa ab ac ad ae af b0 b1 b2 b3 b4 b5 b6 b7 b8 b9 ba bb bc bd be bf c0 c1 c2 c3 c4 c5 c6 c7 c8 c9 ca cb cc cd ffffffffffffffff 0
[cyc 3507] [R SHIFT BY OCTET OUT] 5a 5b 5c 5d 5e 5f 60 61 62 63 64 65 66 67 68 69 6a 6b 6c 6d 6e 6f 70 71 72 73 74 75 76 77 78 79 7a 7b 7c 7d 7e 7f 80 81 82 83 84 85 86 87 88 89 8a 8b 8c 8d 8e 8f 90 91 92 93 94 95 96 97 98 99 ffffffffffffffff 0
[cyc 3507] [STRIP MRC headers IN 0] 5a 5b 5c 5d 5e 5f 60 61 62 63 64 65 66 67 68 69 6a 6b 6c 6d 6e 6f 70 71 72 73 74 75 76 77 78 79 7a 7b 7c 7d 7e 7f 80 81 82 83 84 85 86 87 88 89 8a 8b 8c 8d 8e 8f 90 91 92 93 94 95 96 97 98 99 ffffffffffffffff 0
[cyc 3507] [STRIP MRC headers OUT 0] 1e 1f 20 21 22 23 24 25 26 27 28 29 2a 2b 2c 2d 2e 2f 30 31 32 33 34 35 36 37 38 39 3a 3b 3c 3d 3e 3f 40 41 42 43 44 45 46 47 48 49 4a 4b 4c 4d 4e 4f 50 51 52 53 54 55 56 57 58 59 5a 5b 5c 5d ffffffffffffffff 0
[cyc 3508] [TB] last beat of packet 0 (17 beat(s))
[cyc 3508] [R SHIFT BY OCTET IN] ce cf d0 d1 d2 d3 d4 d5 d6 d7 d8 d9 da db dc dd de df e0 e1 e2 e3 e4 e5 e6 e7 e8 e9 ea eb ec ed 00 00 00 00 00 00 00 00 00 00 00 00 00 00 00 00 00 00 00 00 00 00 00 00 00 00 00 00 00 00 00 00 00000000ffffffff 1  <- last
[cyc 3508] [R SHIFT BY OCTET OUT] 9a 9b 9c 9d 9e 9f a0 a1 a2 a3 a4 a5 a6 a7 a8 a9 aa ab ac ad ae af b0 b1 b2 b3 b4 b5 b6 b7 b8 b9 ba bb bc bd be bf c0 c1 c2 c3 c4 c5 c6 c7 c8 c9 ca cb cc cd ce cf d0 d1 d2 d3 d4 d5 d6 d7 d8 d9 ffffffffffffffff 0
[cyc 3508] [STRIP MRC headers IN 0] 9a 9b 9c 9d 9e 9f a0 a1 a2 a3 a4 a5 a6 a7 a8 a9 aa ab ac ad ae af b0 b1 b2 b3 b4 b5 b6 b7 b8 b9 ba bb bc bd be bf c0 c1 c2 c3 c4 c5 c6 c7 c8 c9 ca cb cc cd ce cf d0 d1 d2 d3 d4 d5 d6 d7 d8 d9 ffffffffffffffff 0
[cyc 3508] [STRIP MRC headers OUT 0] 5e 5f 60 61 62 63 64 65 66 67 68 69 6a 6b 6c 6d 6e 6f 70 71 72 73 74 75 76 77 78 79 7a 7b 7c 7d 7e 7f 80 81 82 83 84 85 86 87 88 89 8a 8b 8c 8d 8e 8f 90 91 92 93 94 95 96 97 98 99 9a 9b 9c 9d ffffffffffffffff 0
[TB] All packets fed, running 300 more cycles...
[cyc 3509] [R SHIFT BY OCTET OUT] da db dc dd de df e0 e1 e2 e3 e4 e5 e6 e7 e8 e9 ea eb ec ed 00 00 00 00 00 00 00 00 00 00 00 00 00 00 00 00 00 00 00 00 00 00 00 00 00 00 00 00 00 00 00 00 00 00 00 00 00 00 00 00 00 00 00 00 00000000000fffff 1  <- last
[cyc 3509] [STRIP MRC headers IN 0] da db dc dd de df e0 e1 e2 e3 e4 e5 e6 e7 e8 e9 ea eb ec ed 00 00 00 00 00 00 00 00 00 00 00 00 00 00 00 00 00 00 00 00 00 00 00 00 00 00 00 00 00 00 00 00 00 00 00 00 00 00 00 00 00 00 00 00 00000000000fffff 1  <- last
[cyc 3509] [STRIP MRC headers OUT 0] 9e 9f a0 a1 a2 a3 a4 a5 a6 a7 a8 a9 aa ab ac ad ae af b0 b1 b2 b3 b4 b5 b6 b7 b8 b9 ba bb bc bd be bf c0 c1 c2 c3 c4 c5 c6 c7 c8 c9 ca cb cc cd ce cf d0 d1 d2 d3 d4 d5 d6 d7 d8 d9 da db dc dd ffffffffffffffff 0
[cyc 3510] [STRIP MRC headers OUT 0] de df e0 e1 e2 e3 e4 e5 e6 e7 e8 e9 ea eb ec ed 00 00 00 00 00 00 00 00 00 00 00 00 00 00 00 00 00 00 00 00 00 00 00 00 00 00 00 00 00 00 00 00 00 00 00 00 00 00 00 00 00 00 00 00 00 00 00 00 000000000000ffff 1  <- last

[TB] ---- Outputs (cycle they left the module) ----
[TB] cyc 3500 m_axis_tx_data packet (16 B), meta: dst ip=0xa000002 length=20
      0000: d1 00 ff ff 00 00 00 42 00 0a 0b 10 1f 00 00 09 

[TB] ---- Checks ----
[TB] Packet 0: TEST 04a: ONLY behind epsn
[TB]   no memory write expected
  [PASS] a reply (ACK/NAK) was sent for it
[TB]   reply at cycle 3500
  [PASS] tx meta: destination IP = 0xa000002
  [PASS] tx meta: UDP length (BTH+AETH+ICRC) = 20
[TB]   parsed reply: MRC_ACK  DestQP=0x42  PSN=0xa0b10  AETH.syndrome=0x1f (ACK)  AETH.MSN=0x9
  [PASS] reply length in bytes = 16
  [PASS] reply BTH.opcode (MRC_ACK) = 0xd1
  [PASS] reply BTH.DestQP (remote QPN) = 0x42
  [PASS] reply BTH.PSN = 0xa0b10
  [PASS] reply AETH.syndrome (ACK) = 0x1f
  [PASS] reply AETH.MSN = 0x9
[TB] Whole group
  [PASS] unexpected memory write commands = 0
  [PASS] unexpected memory payloads = 0
  [PASS] no memory data beat left without TLAST
  [PASS] unexpected packets sent back = 0
  [PASS] tx meta entries = tx packets = 1
[TB] invalid-PSN drop counter 2 -> 3 (not checked)
  [PASS] ackMeta to the host (only used for our own requests) = 0
  [PASS] module consumed the whole input
  [PASS] no memory READ command issued

=====================================================================
  GROUP: TEST 04b: ONLY behind epsn
=====================================================================
[TB] Packet 0: TEST 04b: ONLY behind epsn
[TB]   state before: epsn=0xa0b15 last_psn=0xa0b14
[TB]   RC_RDMA_WRITE_ONLY  DestQP=0x5  PSN=0xa0af7, 658167  RETH.vaddr=0x5000  RETH.len=1024  payload=1024 B  UDP length=1068  (then drain and check)
      0000: ca 00 ff ff 00 00 00 05 80 0a 0a f7 00 00 00 00 
      0010: 00 00 00 00 00 00 50 00 00 00 12 34 00 00 04 00 
      0020: ee ef f0 f1 f2 f3 f4 f5 f6 f7 f8 f9 fa fb fc fd 
      0030: fe ff 00 01 02 03 04 05 06 07 08 09 0a 0b 0c 0d 
      ... (992 more bytes)

[TB] Feeding 1 packet(s)... (module prints follow)
[cyc 3809] [TB] first beat of packet 0 (TEST 04b: ONLY behind epsn)
[cyc 3809] [RX PROCESS IBH 0]: input psn 0x0a0af7
[cyc 3809] [RX PROCESS IBH 0]: process IBH opcode: ca
[cyc 3809] [R SHIFT BY OCTET IN] ca 00 ff ff 00 00 00 05 80 0a 0a f7 00 00 00 00 00 00 00 00 00 00 50 00 00 00 12 34 00 00 04 00 ee ef f0 f1 f2 f3 f4 f5 f6 f7 f8 f9 fa fb fc fd fe ff 00 01 02 03 04 05 06 07 08 09 0a 0b 0c 0d ffffffffffffffff 0
[cyc 3810] [R SHIFT BY OCTET IN] 0e 0f 10 11 12 13 14 15 16 17 18 19 1a 1b 1c 1d 1e 1f 20 21 22 23 24 25 26 27 28 29 2a 2b 2c 2d 2e 2f 30 31 32 33 34 35 36 37 38 39 3a 3b 3c 3d 3e 3f 40 41 42 43 44 45 46 47 48 49 4a 4b 4c 4d ffffffffffffffff 0
[cyc 3810] [R SHIFT BY OCTET OUT] 00 00 00 00 00 00 00 00 00 00 50 00 00 00 12 34 00 00 04 00 ee ef f0 f1 f2 f3 f4 f5 f6 f7 f8 f9 fa fb fc fd fe ff 00 01 02 03 04 05 06 07 08 09 0a 0b 0c 0d 0e 0f 10 11 12 13 14 15 16 17 18 19 ffffffffffffffff 0
[cyc 3810] [STRIP MRC headers IN 0] 00 00 00 00 00 00 00 00 00 00 50 00 00 00 12 34 00 00 04 00 ee ef f0 f1 f2 f3 f4 f5 f6 f7 f8 f9 fa fb fc fd fe ff 00 01 02 03 04 05 06 07 08 09 0a 0b 0c 0d 0e 0f 10 11 12 13 14 15 16 17 18 19 ffffffffffffffff 0
[cyc 3811] [R SHIFT BY OCTET IN] 4e 4f 50 51 52 53 54 55 56 57 58 59 5a 5b 5c 5d 5e 5f 60 61 62 63 64 65 66 67 68 69 6a 6b 6c 6d 6e 6f 70 71 72 73 74 75 76 77 78 79 7a 7b 7c 7d 7e 7f 80 81 82 83 84 85 86 87 88 89 8a 8b 8c 8d ffffffffffffffff 0
[cyc 3811] [R SHIFT BY OCTET OUT] 1a 1b 1c 1d 1e 1f 20 21 22 23 24 25 26 27 28 29 2a 2b 2c 2d 2e 2f 30 31 32 33 34 35 36 37 38 39 3a 3b 3c 3d 3e 3f 40 41 42 43 44 45 46 47 48 49 4a 4b 4c 4d 4e 4f 50 51 52 53 54 55 56 57 58 59 ffffffffffffffff 0
[cyc 3811] [STRIP MRC headers IN 0] 1a 1b 1c 1d 1e 1f 20 21 22 23 24 25 26 27 28 29 2a 2b 2c 2d 2e 2f 30 31 32 33 34 35 36 37 38 39 3a 3b 3c 3d 3e 3f 40 41 42 43 44 45 46 47 48 49 4a 4b 4c 4d 4e 4f 50 51 52 53 54 55 56 57 58 59 ffffffffffffffff 0
[cyc 3811] [STRIP MRC headers OUT 0] 00 00 00 00 00 00 50 00 00 00 12 34 00 00 04 00 ee ef f0 f1 f2 f3 f4 f5 f6 f7 f8 f9 fa fb fc fd fe ff 00 01 02 03 04 05 06 07 08 09 0a 0b 0c 0d 0e 0f 10 11 12 13 14 15 16 17 18 19 1a 1b 1c 1d ffffffffffffffff 0
[cyc 3812] [R SHIFT BY OCTET IN] 8e 8f 90 91 92 93 94 95 96 97 98 99 9a 9b 9c 9d 9e 9f a0 a1 a2 a3 a4 a5 a6 a7 a8 a9 aa ab ac ad ae af b0 b1 b2 b3 b4 b5 b6 b7 b8 b9 ba bb bc bd be bf c0 c1 c2 c3 c4 c5 c6 c7 c8 c9 ca cb cc cd ffffffffffffffff 0
[cyc 3812] [R SHIFT BY OCTET OUT] 5a 5b 5c 5d 5e 5f 60 61 62 63 64 65 66 67 68 69 6a 6b 6c 6d 6e 6f 70 71 72 73 74 75 76 77 78 79 7a 7b 7c 7d 7e 7f 80 81 82 83 84 85 86 87 88 89 8a 8b 8c 8d 8e 8f 90 91 92 93 94 95 96 97 98 99 ffffffffffffffff 0
[cyc 3812] [STRIP MRC headers IN 0] 5a 5b 5c 5d 5e 5f 60 61 62 63 64 65 66 67 68 69 6a 6b 6c 6d 6e 6f 70 71 72 73 74 75 76 77 78 79 7a 7b 7c 7d 7e 7f 80 81 82 83 84 85 86 87 88 89 8a 8b 8c 8d 8e 8f 90 91 92 93 94 95 96 97 98 99 ffffffffffffffff 0
[cyc 3812] [STRIP MRC headers OUT 0] 1e 1f 20 21 22 23 24 25 26 27 28 29 2a 2b 2c 2d 2e 2f 30 31 32 33 34 35 36 37 38 39 3a 3b 3c 3d 3e 3f 40 41 42 43 44 45 46 47 48 49 4a 4b 4c 4d 4e 4f 50 51 52 53 54 55 56 57 58 59 5a 5b 5c 5d ffffffffffffffff 0
[cyc 3812] [RX IBH FSM 0]: epsn: 0x0a0b15, 658197, packet psn: 0x0a0af7, 658167, oldest outstanding psn: 0x8a0b15, 9046805
[cyc 3812] [RX IBH FSM 0]: dropping duplicate psn 0x0a0af7
[cyc 3812] [META MERGER 0]: reading from ack event with qpn 0x5, psn 0x0a0af7
[cyc 3813] [R SHIFT BY OCTET IN] ce cf d0 d1 d2 d3 d4 d5 d6 d7 d8 d9 da db dc dd de df e0 e1 e2 e3 e4 e5 e6 e7 e8 e9 ea eb ec ed ee ef f0 f1 f2 f3 f4 f5 f6 f7 f8 f9 fa fb fc fd fe ff 00 01 02 03 04 05 06 07 08 09 0a 0b 0c 0d ffffffffffffffff 0
[cyc 3813] [R SHIFT BY OCTET OUT] 9a 9b 9c 9d 9e 9f a0 a1 a2 a3 a4 a5 a6 a7 a8 a9 aa ab ac ad ae af b0 b1 b2 b3 b4 b5 b6 b7 b8 b9 ba bb bc bd be bf c0 c1 c2 c3 c4 c5 c6 c7 c8 c9 ca cb cc cd ce cf d0 d1 d2 d3 d4 d5 d6 d7 d8 d9 ffffffffffffffff 0
[cyc 3813] [STRIP MRC headers IN 0] 9a 9b 9c 9d 9e 9f a0 a1 a2 a3 a4 a5 a6 a7 a8 a9 aa ab ac ad ae af b0 b1 b2 b3 b4 b5 b6 b7 b8 b9 ba bb bc bd be bf c0 c1 c2 c3 c4 c5 c6 c7 c8 c9 ca cb cc cd ce cf d0 d1 d2 d3 d4 d5 d6 d7 d8 d9 ffffffffffffffff 0
[cyc 3813] [STRIP MRC headers OUT 0] 5e 5f 60 61 62 63 64 65 66 67 68 69 6a 6b 6c 6d 6e 6f 70 71 72 73 74 75 76 77 78 79 7a 7b 7c 7d 7e 7f 80 81 82 83 84 85 86 87 88 89 8a 8b 8c 8d 8e 8f 90 91 92 93 94 95 96 97 98 99 9a 9b 9c 9d ffffffffffffffff 0
[cyc 3814] [R SHIFT BY OCTET IN] 0e 0f 10 11 12 13 14 15 16 17 18 19 1a 1b 1c 1d 1e 1f 20 21 22 23 24 25 26 27 28 29 2a 2b 2c 2d 2e 2f 30 31 32 33 34 35 36 37 38 39 3a 3b 3c 3d 3e 3f 40 41 42 43 44 45 46 47 48 49 4a 4b 4c 4d ffffffffffffffff 0
[cyc 3814] [R SHIFT BY OCTET OUT] da db dc dd de df e0 e1 e2 e3 e4 e5 e6 e7 e8 e9 ea eb ec ed ee ef f0 f1 f2 f3 f4 f5 f6 f7 f8 f9 fa fb fc fd fe ff 00 01 02 03 04 05 06 07 08 09 0a 0b 0c 0d 0e 0f 10 11 12 13 14 15 16 17 18 19 ffffffffffffffff 0
[cyc 3814] [STRIP MRC headers IN 0] da db dc dd de df e0 e1 e2 e3 e4 e5 e6 e7 e8 e9 ea eb ec ed ee ef f0 f1 f2 f3 f4 f5 f6 f7 f8 f9 fa fb fc fd fe ff 00 01 02 03 04 05 06 07 08 09 0a 0b 0c 0d 0e 0f 10 11 12 13 14 15 16 17 18 19 ffffffffffffffff 0
[cyc 3814] [STRIP MRC headers OUT 0] 9e 9f a0 a1 a2 a3 a4 a5 a6 a7 a8 a9 aa ab ac ad ae af b0 b1 b2 b3 b4 b5 b6 b7 b8 b9 ba bb bc bd be bf c0 c1 c2 c3 c4 c5 c6 c7 c8 c9 ca cb cc cd ce cf d0 d1 d2 d3 d4 d5 d6 d7 d8 d9 da db dc dd ffffffffffffffff 0
[cyc 3814] [GENERATE EXH 0]: MRC_ACK with qpn 0x5, psn 0x0a0af7
[cyc 3814] [GENERATE EXH 0]: MRC_ACK 1f 00 00 09 40 5f 00 00 00 71 f4 d0 83 e8 5f f6 60 fa 8b 9e 40 5f 00 00 40 be 46 89 fe 7f 00 00 d0 fa 8b 9e 40 5f 00 00 44 5b 81 9e 40 5f 00 00 44 c0 46 89 fe 7f 00 00 87 16 85 9e 40 5f 00 00 000000000000000f 1
[cyc 3814] [APPEND PAYLOAD 0]: moving to state HEADER
[cyc 3814] [TX IP UDP META MERGER 0]: port 0xc000
[cyc 3815] [R SHIFT BY OCTET IN] 4e 4f 50 51 52 53 54 55 56 57 58 59 5a 5b 5c 5d 5e 5f 60 61 62 63 64 65 66 67 68 69 6a 6b 6c 6d 6e 6f 70 71 72 73 74 75 76 77 78 79 7a 7b 7c 7d 7e 7f 80 81 82 83 84 85 86 87 88 89 8a 8b 8c 8d ffffffffffffffff 0
[cyc 3815] [R SHIFT BY OCTET OUT] 1a 1b 1c 1d 1e 1f 20 21 22 23 24 25 26 27 28 29 2a 2b 2c 2d 2e 2f 30 31 32 33 34 35 36 37 38 39 3a 3b 3c 3d 3e 3f 40 41 42 43 44 45 46 47 48 49 4a 4b 4c 4d 4e 4f 50 51 52 53 54 55 56 57 58 59 ffffffffffffffff 0
[cyc 3815] [STRIP MRC headers IN 0] 1a 1b 1c 1d 1e 1f 20 21 22 23 24 25 26 27 28 29 2a 2b 2c 2d 2e 2f 30 31 32 33 34 35 36 37 38 39 3a 3b 3c 3d 3e 3f 40 41 42 43 44 45 46 47 48 49 4a 4b 4c 4d 4e 4f 50 51 52 53 54 55 56 57 58 59 ffffffffffffffff 0
[cyc 3815] [STRIP MRC headers OUT 0] de df e0 e1 e2 e3 e4 e5 e6 e7 e8 e9 ea eb ec ed ee ef f0 f1 f2 f3 f4 f5 f6 f7 f8 f9 fa fb fc fd fe ff 00 01 02 03 04 05 06 07 08 09 0a 0b 0c 0d 0e 0f 10 11 12 13 14 15 16 17 18 19 1a 1b 1c 1d ffffffffffffffff 0
[cyc 3815] [APPEND PAYLOAD 0]: moving to state INFO
[cyc 3815] [GENERATE IBH 0]: input meta, opcode 0xd1 valid psn 0x0a0af7
[cyc 3815] [PREPEND IBH HEADER 0]: going to state PARTIAL_HEADER
[cyc 3816] [R SHIFT BY OCTET IN] 8e 8f 90 91 92 93 94 95 96 97 98 99 9a 9b 9c 9d 9e 9f a0 a1 a2 a3 a4 a5 a6 a7 a8 a9 aa ab ac ad ae af b0 b1 b2 b3 b4 b5 b6 b7 b8 b9 ba bb bc bd be bf c0 c1 c2 c3 c4 c5 c6 c7 c8 c9 ca cb cc cd ffffffffffffffff 0
[cyc 3816] [R SHIFT BY OCTET OUT] 5a 5b 5c 5d 5e 5f 60 61 62 63 64 65 66 67 68 69 6a 6b 6c 6d 6e 6f 70 71 72 73 74 75 76 77 78 79 7a 7b 7c 7d 7e 7f 80 81 82 83 84 85 86 87 88 89 8a 8b 8c 8d 8e 8f 90 91 92 93 94 95 96 97 98 99 ffffffffffffffff 0
[cyc 3816] [STRIP MRC headers IN 0] 5a 5b 5c 5d 5e 5f 60 61 62 63 64 65 66 67 68 69 6a 6b 6c 6d 6e 6f 70 71 72 73 74 75 76 77 78 79 7a 7b 7c 7d 7e 7f 80 81 82 83 84 85 86 87 88 89 8a 8b 8c 8d 8e 8f 90 91 92 93 94 95 96 97 98 99 ffffffffffffffff 0
[cyc 3816] [STRIP MRC headers OUT 0] 1e 1f 20 21 22 23 24 25 26 27 28 29 2a 2b 2c 2d 2e 2f 30 31 32 33 34 35 36 37 38 39 3a 3b 3c 3d 3e 3f 40 41 42 43 44 45 46 47 48 49 4a 4b 4c 4d 4e 4f 50 51 52 53 54 55 56 57 58 59 5a 5b 5c 5d ffffffffffffffff 0
[cyc 3816] [PREPEND IBH HEADER 0]: IBH PARTIAL PAYLOAD
[cyc 3816] 00 00 00 00 00 00 00 00 00 00 00 00 1f 00 00 09 40 5f 00 00 00 71 f4 d0 83 e8 5f f6 60 fa 8b 9e 40 5f 00 00 40 be 46 89 fe 7f 00 00 d0 fa 8b 9e 40 5f 00 00 44 5b 81 9e 40 5f 00 00 44 c0 46 89 000000000000ffff 1
[cyc 3816] [PREPEND IBH HEADER 0]: IBH PARTIAL HEADER
[cyc 3816] d1 00 ff ff 00 00 00 42 00 0a 0a f7 1f 00 00 09 40 5f 00 00 00 71 f4 d0 83 e8 5f f6 60 fa 8b 9e 40 5f 00 00 40 be 46 89 fe 7f 00 00 d0 fa 8b 9e 40 5f 00 00 44 5b 81 9e 40 5f 00 00 44 c0 46 89 000000000000ffff 1
[cyc 3817] [R SHIFT BY OCTET IN] ce cf d0 d1 d2 d3 d4 d5 d6 d7 d8 d9 da db dc dd de df e0 e1 e2 e3 e4 e5 e6 e7 e8 e9 ea eb ec ed ee ef f0 f1 f2 f3 f4 f5 f6 f7 f8 f9 fa fb fc fd fe ff 00 01 02 03 04 05 06 07 08 09 0a 0b 0c 0d ffffffffffffffff 0
[cyc 3817] [R SHIFT BY OCTET OUT] 9a 9b 9c 9d 9e 9f a0 a1 a2 a3 a4 a5 a6 a7 a8 a9 aa ab ac ad ae af b0 b1 b2 b3 b4 b5 b6 b7 b8 b9 ba bb bc bd be bf c0 c1 c2 c3 c4 c5 c6 c7 c8 c9 ca cb cc cd ce cf d0 d1 d2 d3 d4 d5 d6 d7 d8 d9 ffffffffffffffff 0
[cyc 3817] [STRIP MRC headers IN 0] 9a 9b 9c 9d 9e 9f a0 a1 a2 a3 a4 a5 a6 a7 a8 a9 aa ab ac ad ae af b0 b1 b2 b3 b4 b5 b6 b7 b8 b9 ba bb bc bd be bf c0 c1 c2 c3 c4 c5 c6 c7 c8 c9 ca cb cc cd ce cf d0 d1 d2 d3 d4 d5 d6 d7 d8 d9 ffffffffffffffff 0
[cyc 3817] [STRIP MRC headers OUT 0] 5e 5f 60 61 62 63 64 65 66 67 68 69 6a 6b 6c 6d 6e 6f 70 71 72 73 74 75 76 77 78 79 7a 7b 7c 7d 7e 7f 80 81 82 83 84 85 86 87 88 89 8a 8b 8c 8d 8e 8f 90 91 92 93 94 95 96 97 98 99 9a 9b 9c 9d ffffffffffffffff 0
[cyc 3818] [R SHIFT BY OCTET IN] 0e 0f 10 11 12 13 14 15 16 17 18 19 1a 1b 1c 1d 1e 1f 20 21 22 23 24 25 26 27 28 29 2a 2b 2c 2d 2e 2f 30 31 32 33 34 35 36 37 38 39 3a 3b 3c 3d 3e 3f 40 41 42 43 44 45 46 47 48 49 4a 4b 4c 4d ffffffffffffffff 0
[cyc 3818] [R SHIFT BY OCTET OUT] da db dc dd de df e0 e1 e2 e3 e4 e5 e6 e7 e8 e9 ea eb ec ed ee ef f0 f1 f2 f3 f4 f5 f6 f7 f8 f9 fa fb fc fd fe ff 00 01 02 03 04 05 06 07 08 09 0a 0b 0c 0d 0e 0f 10 11 12 13 14 15 16 17 18 19 ffffffffffffffff 0
[cyc 3818] [STRIP MRC headers IN 0] da db dc dd de df e0 e1 e2 e3 e4 e5 e6 e7 e8 e9 ea eb ec ed ee ef f0 f1 f2 f3 f4 f5 f6 f7 f8 f9 fa fb fc fd fe ff 00 01 02 03 04 05 06 07 08 09 0a 0b 0c 0d 0e 0f 10 11 12 13 14 15 16 17 18 19 ffffffffffffffff 0
[cyc 3818] [STRIP MRC headers OUT 0] 9e 9f a0 a1 a2 a3 a4 a5 a6 a7 a8 a9 aa ab ac ad ae af b0 b1 b2 b3 b4 b5 b6 b7 b8 b9 ba bb bc bd be bf c0 c1 c2 c3 c4 c5 c6 c7 c8 c9 ca cb cc cd ce cf d0 d1 d2 d3 d4 d5 d6 d7 d8 d9 da db dc dd ffffffffffffffff 0
[cyc 3819] [R SHIFT BY OCTET IN] 4e 4f 50 51 52 53 54 55 56 57 58 59 5a 5b 5c 5d 5e 5f 60 61 62 63 64 65 66 67 68 69 6a 6b 6c 6d 6e 6f 70 71 72 73 74 75 76 77 78 79 7a 7b 7c 7d 7e 7f 80 81 82 83 84 85 86 87 88 89 8a 8b 8c 8d ffffffffffffffff 0
[cyc 3819] [R SHIFT BY OCTET OUT] 1a 1b 1c 1d 1e 1f 20 21 22 23 24 25 26 27 28 29 2a 2b 2c 2d 2e 2f 30 31 32 33 34 35 36 37 38 39 3a 3b 3c 3d 3e 3f 40 41 42 43 44 45 46 47 48 49 4a 4b 4c 4d 4e 4f 50 51 52 53 54 55 56 57 58 59 ffffffffffffffff 0
[cyc 3819] [STRIP MRC headers IN 0] 1a 1b 1c 1d 1e 1f 20 21 22 23 24 25 26 27 28 29 2a 2b 2c 2d 2e 2f 30 31 32 33 34 35 36 37 38 39 3a 3b 3c 3d 3e 3f 40 41 42 43 44 45 46 47 48 49 4a 4b 4c 4d 4e 4f 50 51 52 53 54 55 56 57 58 59 ffffffffffffffff 0
[cyc 3819] [STRIP MRC headers OUT 0] de df e0 e1 e2 e3 e4 e5 e6 e7 e8 e9 ea eb ec ed ee ef f0 f1 f2 f3 f4 f5 f6 f7 f8 f9 fa fb fc fd fe ff 00 01 02 03 04 05 06 07 08 09 0a 0b 0c 0d 0e 0f 10 11 12 13 14 15 16 17 18 19 1a 1b 1c 1d ffffffffffffffff 0
[cyc 3820] [R SHIFT BY OCTET IN] 8e 8f 90 91 92 93 94 95 96 97 98 99 9a 9b 9c 9d 9e 9f a0 a1 a2 a3 a4 a5 a6 a7 a8 a9 aa ab ac ad ae af b0 b1 b2 b3 b4 b5 b6 b7 b8 b9 ba bb bc bd be bf c0 c1 c2 c3 c4 c5 c6 c7 c8 c9 ca cb cc cd ffffffffffffffff 0
[cyc 3820] [R SHIFT BY OCTET OUT] 5a 5b 5c 5d 5e 5f 60 61 62 63 64 65 66 67 68 69 6a 6b 6c 6d 6e 6f 70 71 72 73 74 75 76 77 78 79 7a 7b 7c 7d 7e 7f 80 81 82 83 84 85 86 87 88 89 8a 8b 8c 8d 8e 8f 90 91 92 93 94 95 96 97 98 99 ffffffffffffffff 0
[cyc 3820] [STRIP MRC headers IN 0] 5a 5b 5c 5d 5e 5f 60 61 62 63 64 65 66 67 68 69 6a 6b 6c 6d 6e 6f 70 71 72 73 74 75 76 77 78 79 7a 7b 7c 7d 7e 7f 80 81 82 83 84 85 86 87 88 89 8a 8b 8c 8d 8e 8f 90 91 92 93 94 95 96 97 98 99 ffffffffffffffff 0
[cyc 3820] [STRIP MRC headers OUT 0] 1e 1f 20 21 22 23 24 25 26 27 28 29 2a 2b 2c 2d 2e 2f 30 31 32 33 34 35 36 37 38 39 3a 3b 3c 3d 3e 3f 40 41 42 43 44 45 46 47 48 49 4a 4b 4c 4d 4e 4f 50 51 52 53 54 55 56 57 58 59 5a 5b 5c 5d ffffffffffffffff 0
[cyc 3821] [R SHIFT BY OCTET IN] ce cf d0 d1 d2 d3 d4 d5 d6 d7 d8 d9 da db dc dd de df e0 e1 e2 e3 e4 e5 e6 e7 e8 e9 ea eb ec ed ee ef f0 f1 f2 f3 f4 f5 f6 f7 f8 f9 fa fb fc fd fe ff 00 01 02 03 04 05 06 07 08 09 0a 0b 0c 0d ffffffffffffffff 0
[cyc 3821] [R SHIFT BY OCTET OUT] 9a 9b 9c 9d 9e 9f a0 a1 a2 a3 a4 a5 a6 a7 a8 a9 aa ab ac ad ae af b0 b1 b2 b3 b4 b5 b6 b7 b8 b9 ba bb bc bd be bf c0 c1 c2 c3 c4 c5 c6 c7 c8 c9 ca cb cc cd ce cf d0 d1 d2 d3 d4 d5 d6 d7 d8 d9 ffffffffffffffff 0
[cyc 3821] [STRIP MRC headers IN 0] 9a 9b 9c 9d 9e 9f a0 a1 a2 a3 a4 a5 a6 a7 a8 a9 aa ab ac ad ae af b0 b1 b2 b3 b4 b5 b6 b7 b8 b9 ba bb bc bd be bf c0 c1 c2 c3 c4 c5 c6 c7 c8 c9 ca cb cc cd ce cf d0 d1 d2 d3 d4 d5 d6 d7 d8 d9 ffffffffffffffff 0
[cyc 3821] [STRIP MRC headers OUT 0] 5e 5f 60 61 62 63 64 65 66 67 68 69 6a 6b 6c 6d 6e 6f 70 71 72 73 74 75 76 77 78 79 7a 7b 7c 7d 7e 7f 80 81 82 83 84 85 86 87 88 89 8a 8b 8c 8d 8e 8f 90 91 92 93 94 95 96 97 98 99 9a 9b 9c 9d ffffffffffffffff 0
[cyc 3822] [R SHIFT BY OCTET IN] 0e 0f 10 11 12 13 14 15 16 17 18 19 1a 1b 1c 1d 1e 1f 20 21 22 23 24 25 26 27 28 29 2a 2b 2c 2d 2e 2f 30 31 32 33 34 35 36 37 38 39 3a 3b 3c 3d 3e 3f 40 41 42 43 44 45 46 47 48 49 4a 4b 4c 4d ffffffffffffffff 0
[cyc 3822] [R SHIFT BY OCTET OUT] da db dc dd de df e0 e1 e2 e3 e4 e5 e6 e7 e8 e9 ea eb ec ed ee ef f0 f1 f2 f3 f4 f5 f6 f7 f8 f9 fa fb fc fd fe ff 00 01 02 03 04 05 06 07 08 09 0a 0b 0c 0d 0e 0f 10 11 12 13 14 15 16 17 18 19 ffffffffffffffff 0
[cyc 3822] [STRIP MRC headers IN 0] da db dc dd de df e0 e1 e2 e3 e4 e5 e6 e7 e8 e9 ea eb ec ed ee ef f0 f1 f2 f3 f4 f5 f6 f7 f8 f9 fa fb fc fd fe ff 00 01 02 03 04 05 06 07 08 09 0a 0b 0c 0d 0e 0f 10 11 12 13 14 15 16 17 18 19 ffffffffffffffff 0
[cyc 3822] [STRIP MRC headers OUT 0] 9e 9f a0 a1 a2 a3 a4 a5 a6 a7 a8 a9 aa ab ac ad ae af b0 b1 b2 b3 b4 b5 b6 b7 b8 b9 ba bb bc bd be bf c0 c1 c2 c3 c4 c5 c6 c7 c8 c9 ca cb cc cd ce cf d0 d1 d2 d3 d4 d5 d6 d7 d8 d9 da db dc dd ffffffffffffffff 0
[cyc 3823] [R SHIFT BY OCTET IN] 4e 4f 50 51 52 53 54 55 56 57 58 59 5a 5b 5c 5d 5e 5f 60 61 62 63 64 65 66 67 68 69 6a 6b 6c 6d 6e 6f 70 71 72 73 74 75 76 77 78 79 7a 7b 7c 7d 7e 7f 80 81 82 83 84 85 86 87 88 89 8a 8b 8c 8d ffffffffffffffff 0
[cyc 3823] [R SHIFT BY OCTET OUT] 1a 1b 1c 1d 1e 1f 20 21 22 23 24 25 26 27 28 29 2a 2b 2c 2d 2e 2f 30 31 32 33 34 35 36 37 38 39 3a 3b 3c 3d 3e 3f 40 41 42 43 44 45 46 47 48 49 4a 4b 4c 4d 4e 4f 50 51 52 53 54 55 56 57 58 59 ffffffffffffffff 0
[cyc 3823] [STRIP MRC headers IN 0] 1a 1b 1c 1d 1e 1f 20 21 22 23 24 25 26 27 28 29 2a 2b 2c 2d 2e 2f 30 31 32 33 34 35 36 37 38 39 3a 3b 3c 3d 3e 3f 40 41 42 43 44 45 46 47 48 49 4a 4b 4c 4d 4e 4f 50 51 52 53 54 55 56 57 58 59 ffffffffffffffff 0
[cyc 3823] [STRIP MRC headers OUT 0] de df e0 e1 e2 e3 e4 e5 e6 e7 e8 e9 ea eb ec ed ee ef f0 f1 f2 f3 f4 f5 f6 f7 f8 f9 fa fb fc fd fe ff 00 01 02 03 04 05 06 07 08 09 0a 0b 0c 0d 0e 0f 10 11 12 13 14 15 16 17 18 19 1a 1b 1c 1d ffffffffffffffff 0
[cyc 3824] [R SHIFT BY OCTET IN] 8e 8f 90 91 92 93 94 95 96 97 98 99 9a 9b 9c 9d 9e 9f a0 a1 a2 a3 a4 a5 a6 a7 a8 a9 aa ab ac ad ae af b0 b1 b2 b3 b4 b5 b6 b7 b8 b9 ba bb bc bd be bf c0 c1 c2 c3 c4 c5 c6 c7 c8 c9 ca cb cc cd ffffffffffffffff 0
[cyc 3824] [R SHIFT BY OCTET OUT] 5a 5b 5c 5d 5e 5f 60 61 62 63 64 65 66 67 68 69 6a 6b 6c 6d 6e 6f 70 71 72 73 74 75 76 77 78 79 7a 7b 7c 7d 7e 7f 80 81 82 83 84 85 86 87 88 89 8a 8b 8c 8d 8e 8f 90 91 92 93 94 95 96 97 98 99 ffffffffffffffff 0
[cyc 3824] [STRIP MRC headers IN 0] 5a 5b 5c 5d 5e 5f 60 61 62 63 64 65 66 67 68 69 6a 6b 6c 6d 6e 6f 70 71 72 73 74 75 76 77 78 79 7a 7b 7c 7d 7e 7f 80 81 82 83 84 85 86 87 88 89 8a 8b 8c 8d 8e 8f 90 91 92 93 94 95 96 97 98 99 ffffffffffffffff 0
[cyc 3824] [STRIP MRC headers OUT 0] 1e 1f 20 21 22 23 24 25 26 27 28 29 2a 2b 2c 2d 2e 2f 30 31 32 33 34 35 36 37 38 39 3a 3b 3c 3d 3e 3f 40 41 42 43 44 45 46 47 48 49 4a 4b 4c 4d 4e 4f 50 51 52 53 54 55 56 57 58 59 5a 5b 5c 5d ffffffffffffffff 0
[cyc 3825] [TB] last beat of packet 0 (17 beat(s))
[cyc 3825] [R SHIFT BY OCTET IN] ce cf d0 d1 d2 d3 d4 d5 d6 d7 d8 d9 da db dc dd de df e0 e1 e2 e3 e4 e5 e6 e7 e8 e9 ea eb ec ed 00 00 00 00 00 00 00 00 00 00 00 00 00 00 00 00 00 00 00 00 00 00 00 00 00 00 00 00 00 00 00 00 00000000ffffffff 1  <- last
[cyc 3825] [R SHIFT BY OCTET OUT] 9a 9b 9c 9d 9e 9f a0 a1 a2 a3 a4 a5 a6 a7 a8 a9 aa ab ac ad ae af b0 b1 b2 b3 b4 b5 b6 b7 b8 b9 ba bb bc bd be bf c0 c1 c2 c3 c4 c5 c6 c7 c8 c9 ca cb cc cd ce cf d0 d1 d2 d3 d4 d5 d6 d7 d8 d9 ffffffffffffffff 0
[cyc 3825] [STRIP MRC headers IN 0] 9a 9b 9c 9d 9e 9f a0 a1 a2 a3 a4 a5 a6 a7 a8 a9 aa ab ac ad ae af b0 b1 b2 b3 b4 b5 b6 b7 b8 b9 ba bb bc bd be bf c0 c1 c2 c3 c4 c5 c6 c7 c8 c9 ca cb cc cd ce cf d0 d1 d2 d3 d4 d5 d6 d7 d8 d9 ffffffffffffffff 0
[cyc 3825] [STRIP MRC headers OUT 0] 5e 5f 60 61 62 63 64 65 66 67 68 69 6a 6b 6c 6d 6e 6f 70 71 72 73 74 75 76 77 78 79 7a 7b 7c 7d 7e 7f 80 81 82 83 84 85 86 87 88 89 8a 8b 8c 8d 8e 8f 90 91 92 93 94 95 96 97 98 99 9a 9b 9c 9d ffffffffffffffff 0
[TB] All packets fed, running 300 more cycles...
[cyc 3826] [R SHIFT BY OCTET OUT] da db dc dd de df e0 e1 e2 e3 e4 e5 e6 e7 e8 e9 ea eb ec ed 00 00 00 00 00 00 00 00 00 00 00 00 00 00 00 00 00 00 00 00 00 00 00 00 00 00 00 00 00 00 00 00 00 00 00 00 00 00 00 00 00 00 00 00 00000000000fffff 1  <- last
[cyc 3826] [STRIP MRC headers IN 0] da db dc dd de df e0 e1 e2 e3 e4 e5 e6 e7 e8 e9 ea eb ec ed 00 00 00 00 00 00 00 00 00 00 00 00 00 00 00 00 00 00 00 00 00 00 00 00 00 00 00 00 00 00 00 00 00 00 00 00 00 00 00 00 00 00 00 00 00000000000fffff 1  <- last
[cyc 3826] [STRIP MRC headers OUT 0] 9e 9f a0 a1 a2 a3 a4 a5 a6 a7 a8 a9 aa ab ac ad ae af b0 b1 b2 b3 b4 b5 b6 b7 b8 b9 ba bb bc bd be bf c0 c1 c2 c3 c4 c5 c6 c7 c8 c9 ca cb cc cd ce cf d0 d1 d2 d3 d4 d5 d6 d7 d8 d9 da db dc dd ffffffffffffffff 0
[cyc 3827] [STRIP MRC headers OUT 0] de df e0 e1 e2 e3 e4 e5 e6 e7 e8 e9 ea eb ec ed 00 00 00 00 00 00 00 00 00 00 00 00 00 00 00 00 00 00 00 00 00 00 00 00 00 00 00 00 00 00 00 00 00 00 00 00 00 00 00 00 00 00 00 00 00 00 00 00 000000000000ffff 1  <- last

[TB] ---- Outputs (cycle they left the module) ----
[TB] cyc 3817 m_axis_tx_data packet (16 B), meta: dst ip=0xa000002 length=20
      0000: d1 00 ff ff 00 00 00 42 00 0a 0a f7 1f 00 00 09 

[TB] ---- Checks ----
[TB] Packet 0: TEST 04b: ONLY behind epsn
[TB]   no memory write expected
  [PASS] a reply (ACK/NAK) was sent for it
[TB]   reply at cycle 3817
  [PASS] tx meta: destination IP = 0xa000002
  [PASS] tx meta: UDP length (BTH+AETH+ICRC) = 20
[TB]   parsed reply: MRC_ACK  DestQP=0x42  PSN=0xa0af7  AETH.syndrome=0x1f (ACK)  AETH.MSN=0x9
  [PASS] reply length in bytes = 16
  [PASS] reply BTH.opcode (MRC_ACK) = 0xd1
  [PASS] reply BTH.DestQP (remote QPN) = 0x42
  [PASS] reply BTH.PSN = 0xa0af7
  [PASS] reply AETH.syndrome (ACK) = 0x1f
  [PASS] reply AETH.MSN = 0x9
[TB] Whole group
  [PASS] unexpected memory write commands = 0
  [PASS] unexpected memory payloads = 0
  [PASS] no memory data beat left without TLAST
  [PASS] unexpected packets sent back = 0
  [PASS] tx meta entries = tx packets = 1
[TB] invalid-PSN drop counter 3 -> 4 (not checked)
  [PASS] ackMeta to the host (only used for our own requests) = 0
  [PASS] module consumed the whole input
  [PASS] no memory READ command issued

=====================================================================
  GROUP: TEST 04c: ONLY behind epsn
=====================================================================
[TB] Packet 0: TEST 04c: ONLY behind epsn
[TB]   state before: epsn=0xa0b15 last_psn=0xa0b14
[TB]   RC_RDMA_WRITE_ONLY  DestQP=0x5  PSN=0xa0b14, 658196  RETH.vaddr=0x5000  RETH.len=1024  payload=1024 B  UDP length=1068  (then drain and check)
      0000: ca 00 ff ff 00 00 00 05 80 0a 0b 14 00 00 00 00 
      0010: 00 00 00 00 00 00 50 00 00 00 12 34 00 00 04 00 
      0020: ee ef f0 f1 f2 f3 f4 f5 f6 f7 f8 f9 fa fb fc fd 
      0030: fe ff 00 01 02 03 04 05 06 07 08 09 0a 0b 0c 0d 
      ... (992 more bytes)

[TB] Feeding 1 packet(s)... (module prints follow)
[cyc 4126] [TB] first beat of packet 0 (TEST 04c: ONLY behind epsn)
[cyc 4126] [RX PROCESS IBH 0]: input psn 0x0a0b14
[cyc 4126] [RX PROCESS IBH 0]: process IBH opcode: ca
[cyc 4126] [R SHIFT BY OCTET IN] ca 00 ff ff 00 00 00 05 80 0a 0b 14 00 00 00 00 00 00 00 00 00 00 50 00 00 00 12 34 00 00 04 00 ee ef f0 f1 f2 f3 f4 f5 f6 f7 f8 f9 fa fb fc fd fe ff 00 01 02 03 04 05 06 07 08 09 0a 0b 0c 0d ffffffffffffffff 0
[cyc 4127] [R SHIFT BY OCTET IN] 0e 0f 10 11 12 13 14 15 16 17 18 19 1a 1b 1c 1d 1e 1f 20 21 22 23 24 25 26 27 28 29 2a 2b 2c 2d 2e 2f 30 31 32 33 34 35 36 37 38 39 3a 3b 3c 3d 3e 3f 40 41 42 43 44 45 46 47 48 49 4a 4b 4c 4d ffffffffffffffff 0
[cyc 4127] [R SHIFT BY OCTET OUT] 00 00 00 00 00 00 00 00 00 00 50 00 00 00 12 34 00 00 04 00 ee ef f0 f1 f2 f3 f4 f5 f6 f7 f8 f9 fa fb fc fd fe ff 00 01 02 03 04 05 06 07 08 09 0a 0b 0c 0d 0e 0f 10 11 12 13 14 15 16 17 18 19 ffffffffffffffff 0
[cyc 4127] [STRIP MRC headers IN 0] 00 00 00 00 00 00 00 00 00 00 50 00 00 00 12 34 00 00 04 00 ee ef f0 f1 f2 f3 f4 f5 f6 f7 f8 f9 fa fb fc fd fe ff 00 01 02 03 04 05 06 07 08 09 0a 0b 0c 0d 0e 0f 10 11 12 13 14 15 16 17 18 19 ffffffffffffffff 0
[cyc 4128] [R SHIFT BY OCTET IN] 4e 4f 50 51 52 53 54 55 56 57 58 59 5a 5b 5c 5d 5e 5f 60 61 62 63 64 65 66 67 68 69 6a 6b 6c 6d 6e 6f 70 71 72 73 74 75 76 77 78 79 7a 7b 7c 7d 7e 7f 80 81 82 83 84 85 86 87 88 89 8a 8b 8c 8d ffffffffffffffff 0
[cyc 4128] [R SHIFT BY OCTET OUT] 1a 1b 1c 1d 1e 1f 20 21 22 23 24 25 26 27 28 29 2a 2b 2c 2d 2e 2f 30 31 32 33 34 35 36 37 38 39 3a 3b 3c 3d 3e 3f 40 41 42 43 44 45 46 47 48 49 4a 4b 4c 4d 4e 4f 50 51 52 53 54 55 56 57 58 59 ffffffffffffffff 0
[cyc 4128] [STRIP MRC headers IN 0] 1a 1b 1c 1d 1e 1f 20 21 22 23 24 25 26 27 28 29 2a 2b 2c 2d 2e 2f 30 31 32 33 34 35 36 37 38 39 3a 3b 3c 3d 3e 3f 40 41 42 43 44 45 46 47 48 49 4a 4b 4c 4d 4e 4f 50 51 52 53 54 55 56 57 58 59 ffffffffffffffff 0
[cyc 4128] [STRIP MRC headers OUT 0] 00 00 00 00 00 00 50 00 00 00 12 34 00 00 04 00 ee ef f0 f1 f2 f3 f4 f5 f6 f7 f8 f9 fa fb fc fd fe ff 00 01 02 03 04 05 06 07 08 09 0a 0b 0c 0d 0e 0f 10 11 12 13 14 15 16 17 18 19 1a 1b 1c 1d ffffffffffffffff 0
[cyc 4129] [R SHIFT BY OCTET IN] 8e 8f 90 91 92 93 94 95 96 97 98 99 9a 9b 9c 9d 9e 9f a0 a1 a2 a3 a4 a5 a6 a7 a8 a9 aa ab ac ad ae af b0 b1 b2 b3 b4 b5 b6 b7 b8 b9 ba bb bc bd be bf c0 c1 c2 c3 c4 c5 c6 c7 c8 c9 ca cb cc cd ffffffffffffffff 0
[cyc 4129] [R SHIFT BY OCTET OUT] 5a 5b 5c 5d 5e 5f 60 61 62 63 64 65 66 67 68 69 6a 6b 6c 6d 6e 6f 70 71 72 73 74 75 76 77 78 79 7a 7b 7c 7d 7e 7f 80 81 82 83 84 85 86 87 88 89 8a 8b 8c 8d 8e 8f 90 91 92 93 94 95 96 97 98 99 ffffffffffffffff 0
[cyc 4129] [STRIP MRC headers IN 0] 5a 5b 5c 5d 5e 5f 60 61 62 63 64 65 66 67 68 69 6a 6b 6c 6d 6e 6f 70 71 72 73 74 75 76 77 78 79 7a 7b 7c 7d 7e 7f 80 81 82 83 84 85 86 87 88 89 8a 8b 8c 8d 8e 8f 90 91 92 93 94 95 96 97 98 99 ffffffffffffffff 0
[cyc 4129] [STRIP MRC headers OUT 0] 1e 1f 20 21 22 23 24 25 26 27 28 29 2a 2b 2c 2d 2e 2f 30 31 32 33 34 35 36 37 38 39 3a 3b 3c 3d 3e 3f 40 41 42 43 44 45 46 47 48 49 4a 4b 4c 4d 4e 4f 50 51 52 53 54 55 56 57 58 59 5a 5b 5c 5d ffffffffffffffff 0
[cyc 4129] [RX IBH FSM 0]: epsn: 0x0a0b15, 658197, packet psn: 0x0a0b14, 658196, oldest outstanding psn: 0x8a0b15, 9046805
[cyc 4129] [RX IBH FSM 0]: dropping duplicate psn 0x0a0b14
[cyc 4129] [META MERGER 0]: reading from ack event with qpn 0x5, psn 0x0a0b14
[cyc 4130] [R SHIFT BY OCTET IN] ce cf d0 d1 d2 d3 d4 d5 d6 d7 d8 d9 da db dc dd de df e0 e1 e2 e3 e4 e5 e6 e7 e8 e9 ea eb ec ed ee ef f0 f1 f2 f3 f4 f5 f6 f7 f8 f9 fa fb fc fd fe ff 00 01 02 03 04 05 06 07 08 09 0a 0b 0c 0d ffffffffffffffff 0
[cyc 4130] [R SHIFT BY OCTET OUT] 9a 9b 9c 9d 9e 9f a0 a1 a2 a3 a4 a5 a6 a7 a8 a9 aa ab ac ad ae af b0 b1 b2 b3 b4 b5 b6 b7 b8 b9 ba bb bc bd be bf c0 c1 c2 c3 c4 c5 c6 c7 c8 c9 ca cb cc cd ce cf d0 d1 d2 d3 d4 d5 d6 d7 d8 d9 ffffffffffffffff 0
[cyc 4130] [STRIP MRC headers IN 0] 9a 9b 9c 9d 9e 9f a0 a1 a2 a3 a4 a5 a6 a7 a8 a9 aa ab ac ad ae af b0 b1 b2 b3 b4 b5 b6 b7 b8 b9 ba bb bc bd be bf c0 c1 c2 c3 c4 c5 c6 c7 c8 c9 ca cb cc cd ce cf d0 d1 d2 d3 d4 d5 d6 d7 d8 d9 ffffffffffffffff 0
[cyc 4130] [STRIP MRC headers OUT 0] 5e 5f 60 61 62 63 64 65 66 67 68 69 6a 6b 6c 6d 6e 6f 70 71 72 73 74 75 76 77 78 79 7a 7b 7c 7d 7e 7f 80 81 82 83 84 85 86 87 88 89 8a 8b 8c 8d 8e 8f 90 91 92 93 94 95 96 97 98 99 9a 9b 9c 9d ffffffffffffffff 0
[cyc 4131] [R SHIFT BY OCTET IN] 0e 0f 10 11 12 13 14 15 16 17 18 19 1a 1b 1c 1d 1e 1f 20 21 22 23 24 25 26 27 28 29 2a 2b 2c 2d 2e 2f 30 31 32 33 34 35 36 37 38 39 3a 3b 3c 3d 3e 3f 40 41 42 43 44 45 46 47 48 49 4a 4b 4c 4d ffffffffffffffff 0
[cyc 4131] [R SHIFT BY OCTET OUT] da db dc dd de df e0 e1 e2 e3 e4 e5 e6 e7 e8 e9 ea eb ec ed ee ef f0 f1 f2 f3 f4 f5 f6 f7 f8 f9 fa fb fc fd fe ff 00 01 02 03 04 05 06 07 08 09 0a 0b 0c 0d 0e 0f 10 11 12 13 14 15 16 17 18 19 ffffffffffffffff 0
[cyc 4131] [STRIP MRC headers IN 0] da db dc dd de df e0 e1 e2 e3 e4 e5 e6 e7 e8 e9 ea eb ec ed ee ef f0 f1 f2 f3 f4 f5 f6 f7 f8 f9 fa fb fc fd fe ff 00 01 02 03 04 05 06 07 08 09 0a 0b 0c 0d 0e 0f 10 11 12 13 14 15 16 17 18 19 ffffffffffffffff 0
[cyc 4131] [STRIP MRC headers OUT 0] 9e 9f a0 a1 a2 a3 a4 a5 a6 a7 a8 a9 aa ab ac ad ae af b0 b1 b2 b3 b4 b5 b6 b7 b8 b9 ba bb bc bd be bf c0 c1 c2 c3 c4 c5 c6 c7 c8 c9 ca cb cc cd ce cf d0 d1 d2 d3 d4 d5 d6 d7 d8 d9 da db dc dd ffffffffffffffff 0
[cyc 4131] [GENERATE EXH 0]: MRC_ACK with qpn 0x5, psn 0x0a0b14
[cyc 4131] [GENERATE EXH 0]: MRC_ACK 1f 00 00 09 40 5f 00 00 00 71 f4 d0 83 e8 5f f6 60 fa 8b 9e 40 5f 00 00 40 be 46 89 fe 7f 00 00 d0 fa 8b 9e 40 5f 00 00 44 5b 81 9e 40 5f 00 00 44 c0 46 89 fe 7f 00 00 87 16 85 9e 40 5f 00 00 000000000000000f 1
[cyc 4131] [APPEND PAYLOAD 0]: moving to state HEADER
[cyc 4131] [TX IP UDP META MERGER 0]: port 0xc000
[cyc 4132] [R SHIFT BY OCTET IN] 4e 4f 50 51 52 53 54 55 56 57 58 59 5a 5b 5c 5d 5e 5f 60 61 62 63 64 65 66 67 68 69 6a 6b 6c 6d 6e 6f 70 71 72 73 74 75 76 77 78 79 7a 7b 7c 7d 7e 7f 80 81 82 83 84 85 86 87 88 89 8a 8b 8c 8d ffffffffffffffff 0
[cyc 4132] [R SHIFT BY OCTET OUT] 1a 1b 1c 1d 1e 1f 20 21 22 23 24 25 26 27 28 29 2a 2b 2c 2d 2e 2f 30 31 32 33 34 35 36 37 38 39 3a 3b 3c 3d 3e 3f 40 41 42 43 44 45 46 47 48 49 4a 4b 4c 4d 4e 4f 50 51 52 53 54 55 56 57 58 59 ffffffffffffffff 0
[cyc 4132] [STRIP MRC headers IN 0] 1a 1b 1c 1d 1e 1f 20 21 22 23 24 25 26 27 28 29 2a 2b 2c 2d 2e 2f 30 31 32 33 34 35 36 37 38 39 3a 3b 3c 3d 3e 3f 40 41 42 43 44 45 46 47 48 49 4a 4b 4c 4d 4e 4f 50 51 52 53 54 55 56 57 58 59 ffffffffffffffff 0
[cyc 4132] [STRIP MRC headers OUT 0] de df e0 e1 e2 e3 e4 e5 e6 e7 e8 e9 ea eb ec ed ee ef f0 f1 f2 f3 f4 f5 f6 f7 f8 f9 fa fb fc fd fe ff 00 01 02 03 04 05 06 07 08 09 0a 0b 0c 0d 0e 0f 10 11 12 13 14 15 16 17 18 19 1a 1b 1c 1d ffffffffffffffff 0
[cyc 4132] [APPEND PAYLOAD 0]: moving to state INFO
[cyc 4132] [GENERATE IBH 0]: input meta, opcode 0xd1 valid psn 0x0a0b14
[cyc 4132] [PREPEND IBH HEADER 0]: going to state PARTIAL_HEADER
[cyc 4133] [R SHIFT BY OCTET IN] 8e 8f 90 91 92 93 94 95 96 97 98 99 9a 9b 9c 9d 9e 9f a0 a1 a2 a3 a4 a5 a6 a7 a8 a9 aa ab ac ad ae af b0 b1 b2 b3 b4 b5 b6 b7 b8 b9 ba bb bc bd be bf c0 c1 c2 c3 c4 c5 c6 c7 c8 c9 ca cb cc cd ffffffffffffffff 0
[cyc 4133] [R SHIFT BY OCTET OUT] 5a 5b 5c 5d 5e 5f 60 61 62 63 64 65 66 67 68 69 6a 6b 6c 6d 6e 6f 70 71 72 73 74 75 76 77 78 79 7a 7b 7c 7d 7e 7f 80 81 82 83 84 85 86 87 88 89 8a 8b 8c 8d 8e 8f 90 91 92 93 94 95 96 97 98 99 ffffffffffffffff 0
[cyc 4133] [STRIP MRC headers IN 0] 5a 5b 5c 5d 5e 5f 60 61 62 63 64 65 66 67 68 69 6a 6b 6c 6d 6e 6f 70 71 72 73 74 75 76 77 78 79 7a 7b 7c 7d 7e 7f 80 81 82 83 84 85 86 87 88 89 8a 8b 8c 8d 8e 8f 90 91 92 93 94 95 96 97 98 99 ffffffffffffffff 0
[cyc 4133] [STRIP MRC headers OUT 0] 1e 1f 20 21 22 23 24 25 26 27 28 29 2a 2b 2c 2d 2e 2f 30 31 32 33 34 35 36 37 38 39 3a 3b 3c 3d 3e 3f 40 41 42 43 44 45 46 47 48 49 4a 4b 4c 4d 4e 4f 50 51 52 53 54 55 56 57 58 59 5a 5b 5c 5d ffffffffffffffff 0
[cyc 4133] [PREPEND IBH HEADER 0]: IBH PARTIAL PAYLOAD
[cyc 4133] 00 00 00 00 00 00 00 00 00 00 00 00 1f 00 00 09 40 5f 00 00 00 71 f4 d0 83 e8 5f f6 60 fa 8b 9e 40 5f 00 00 40 be 46 89 fe 7f 00 00 d0 fa 8b 9e 40 5f 00 00 44 5b 81 9e 40 5f 00 00 44 c0 46 89 000000000000ffff 1
[cyc 4133] [PREPEND IBH HEADER 0]: IBH PARTIAL HEADER
[cyc 4133] d1 00 ff ff 00 00 00 42 00 0a 0b 14 1f 00 00 09 40 5f 00 00 00 71 f4 d0 83 e8 5f f6 60 fa 8b 9e 40 5f 00 00 40 be 46 89 fe 7f 00 00 d0 fa 8b 9e 40 5f 00 00 44 5b 81 9e 40 5f 00 00 44 c0 46 89 000000000000ffff 1
[cyc 4134] [R SHIFT BY OCTET IN] ce cf d0 d1 d2 d3 d4 d5 d6 d7 d8 d9 da db dc dd de df e0 e1 e2 e3 e4 e5 e6 e7 e8 e9 ea eb ec ed ee ef f0 f1 f2 f3 f4 f5 f6 f7 f8 f9 fa fb fc fd fe ff 00 01 02 03 04 05 06 07 08 09 0a 0b 0c 0d ffffffffffffffff 0
[cyc 4134] [R SHIFT BY OCTET OUT] 9a 9b 9c 9d 9e 9f a0 a1 a2 a3 a4 a5 a6 a7 a8 a9 aa ab ac ad ae af b0 b1 b2 b3 b4 b5 b6 b7 b8 b9 ba bb bc bd be bf c0 c1 c2 c3 c4 c5 c6 c7 c8 c9 ca cb cc cd ce cf d0 d1 d2 d3 d4 d5 d6 d7 d8 d9 ffffffffffffffff 0
[cyc 4134] [STRIP MRC headers IN 0] 9a 9b 9c 9d 9e 9f a0 a1 a2 a3 a4 a5 a6 a7 a8 a9 aa ab ac ad ae af b0 b1 b2 b3 b4 b5 b6 b7 b8 b9 ba bb bc bd be bf c0 c1 c2 c3 c4 c5 c6 c7 c8 c9 ca cb cc cd ce cf d0 d1 d2 d3 d4 d5 d6 d7 d8 d9 ffffffffffffffff 0
[cyc 4134] [STRIP MRC headers OUT 0] 5e 5f 60 61 62 63 64 65 66 67 68 69 6a 6b 6c 6d 6e 6f 70 71 72 73 74 75 76 77 78 79 7a 7b 7c 7d 7e 7f 80 81 82 83 84 85 86 87 88 89 8a 8b 8c 8d 8e 8f 90 91 92 93 94 95 96 97 98 99 9a 9b 9c 9d ffffffffffffffff 0
[cyc 4135] [R SHIFT BY OCTET IN] 0e 0f 10 11 12 13 14 15 16 17 18 19 1a 1b 1c 1d 1e 1f 20 21 22 23 24 25 26 27 28 29 2a 2b 2c 2d 2e 2f 30 31 32 33 34 35 36 37 38 39 3a 3b 3c 3d 3e 3f 40 41 42 43 44 45 46 47 48 49 4a 4b 4c 4d ffffffffffffffff 0
[cyc 4135] [R SHIFT BY OCTET OUT] da db dc dd de df e0 e1 e2 e3 e4 e5 e6 e7 e8 e9 ea eb ec ed ee ef f0 f1 f2 f3 f4 f5 f6 f7 f8 f9 fa fb fc fd fe ff 00 01 02 03 04 05 06 07 08 09 0a 0b 0c 0d 0e 0f 10 11 12 13 14 15 16 17 18 19 ffffffffffffffff 0
[cyc 4135] [STRIP MRC headers IN 0] da db dc dd de df e0 e1 e2 e3 e4 e5 e6 e7 e8 e9 ea eb ec ed ee ef f0 f1 f2 f3 f4 f5 f6 f7 f8 f9 fa fb fc fd fe ff 00 01 02 03 04 05 06 07 08 09 0a 0b 0c 0d 0e 0f 10 11 12 13 14 15 16 17 18 19 ffffffffffffffff 0
[cyc 4135] [STRIP MRC headers OUT 0] 9e 9f a0 a1 a2 a3 a4 a5 a6 a7 a8 a9 aa ab ac ad ae af b0 b1 b2 b3 b4 b5 b6 b7 b8 b9 ba bb bc bd be bf c0 c1 c2 c3 c4 c5 c6 c7 c8 c9 ca cb cc cd ce cf d0 d1 d2 d3 d4 d5 d6 d7 d8 d9 da db dc dd ffffffffffffffff 0
[cyc 4136] [R SHIFT BY OCTET IN] 4e 4f 50 51 52 53 54 55 56 57 58 59 5a 5b 5c 5d 5e 5f 60 61 62 63 64 65 66 67 68 69 6a 6b 6c 6d 6e 6f 70 71 72 73 74 75 76 77 78 79 7a 7b 7c 7d 7e 7f 80 81 82 83 84 85 86 87 88 89 8a 8b 8c 8d ffffffffffffffff 0
[cyc 4136] [R SHIFT BY OCTET OUT] 1a 1b 1c 1d 1e 1f 20 21 22 23 24 25 26 27 28 29 2a 2b 2c 2d 2e 2f 30 31 32 33 34 35 36 37 38 39 3a 3b 3c 3d 3e 3f 40 41 42 43 44 45 46 47 48 49 4a 4b 4c 4d 4e 4f 50 51 52 53 54 55 56 57 58 59 ffffffffffffffff 0
[cyc 4136] [STRIP MRC headers IN 0] 1a 1b 1c 1d 1e 1f 20 21 22 23 24 25 26 27 28 29 2a 2b 2c 2d 2e 2f 30 31 32 33 34 35 36 37 38 39 3a 3b 3c 3d 3e 3f 40 41 42 43 44 45 46 47 48 49 4a 4b 4c 4d 4e 4f 50 51 52 53 54 55 56 57 58 59 ffffffffffffffff 0
[cyc 4136] [STRIP MRC headers OUT 0] de df e0 e1 e2 e3 e4 e5 e6 e7 e8 e9 ea eb ec ed ee ef f0 f1 f2 f3 f4 f5 f6 f7 f8 f9 fa fb fc fd fe ff 00 01 02 03 04 05 06 07 08 09 0a 0b 0c 0d 0e 0f 10 11 12 13 14 15 16 17 18 19 1a 1b 1c 1d ffffffffffffffff 0
[cyc 4137] [R SHIFT BY OCTET IN] 8e 8f 90 91 92 93 94 95 96 97 98 99 9a 9b 9c 9d 9e 9f a0 a1 a2 a3 a4 a5 a6 a7 a8 a9 aa ab ac ad ae af b0 b1 b2 b3 b4 b5 b6 b7 b8 b9 ba bb bc bd be bf c0 c1 c2 c3 c4 c5 c6 c7 c8 c9 ca cb cc cd ffffffffffffffff 0
[cyc 4137] [R SHIFT BY OCTET OUT] 5a 5b 5c 5d 5e 5f 60 61 62 63 64 65 66 67 68 69 6a 6b 6c 6d 6e 6f 70 71 72 73 74 75 76 77 78 79 7a 7b 7c 7d 7e 7f 80 81 82 83 84 85 86 87 88 89 8a 8b 8c 8d 8e 8f 90 91 92 93 94 95 96 97 98 99 ffffffffffffffff 0
[cyc 4137] [STRIP MRC headers IN 0] 5a 5b 5c 5d 5e 5f 60 61 62 63 64 65 66 67 68 69 6a 6b 6c 6d 6e 6f 70 71 72 73 74 75 76 77 78 79 7a 7b 7c 7d 7e 7f 80 81 82 83 84 85 86 87 88 89 8a 8b 8c 8d 8e 8f 90 91 92 93 94 95 96 97 98 99 ffffffffffffffff 0
[cyc 4137] [STRIP MRC headers OUT 0] 1e 1f 20 21 22 23 24 25 26 27 28 29 2a 2b 2c 2d 2e 2f 30 31 32 33 34 35 36 37 38 39 3a 3b 3c 3d 3e 3f 40 41 42 43 44 45 46 47 48 49 4a 4b 4c 4d 4e 4f 50 51 52 53 54 55 56 57 58 59 5a 5b 5c 5d ffffffffffffffff 0
[cyc 4138] [R SHIFT BY OCTET IN] ce cf d0 d1 d2 d3 d4 d5 d6 d7 d8 d9 da db dc dd de df e0 e1 e2 e3 e4 e5 e6 e7 e8 e9 ea eb ec ed ee ef f0 f1 f2 f3 f4 f5 f6 f7 f8 f9 fa fb fc fd fe ff 00 01 02 03 04 05 06 07 08 09 0a 0b 0c 0d ffffffffffffffff 0
[cyc 4138] [R SHIFT BY OCTET OUT] 9a 9b 9c 9d 9e 9f a0 a1 a2 a3 a4 a5 a6 a7 a8 a9 aa ab ac ad ae af b0 b1 b2 b3 b4 b5 b6 b7 b8 b9 ba bb bc bd be bf c0 c1 c2 c3 c4 c5 c6 c7 c8 c9 ca cb cc cd ce cf d0 d1 d2 d3 d4 d5 d6 d7 d8 d9 ffffffffffffffff 0
[cyc 4138] [STRIP MRC headers IN 0] 9a 9b 9c 9d 9e 9f a0 a1 a2 a3 a4 a5 a6 a7 a8 a9 aa ab ac ad ae af b0 b1 b2 b3 b4 b5 b6 b7 b8 b9 ba bb bc bd be bf c0 c1 c2 c3 c4 c5 c6 c7 c8 c9 ca cb cc cd ce cf d0 d1 d2 d3 d4 d5 d6 d7 d8 d9 ffffffffffffffff 0
[cyc 4138] [STRIP MRC headers OUT 0] 5e 5f 60 61 62 63 64 65 66 67 68 69 6a 6b 6c 6d 6e 6f 70 71 72 73 74 75 76 77 78 79 7a 7b 7c 7d 7e 7f 80 81 82 83 84 85 86 87 88 89 8a 8b 8c 8d 8e 8f 90 91 92 93 94 95 96 97 98 99 9a 9b 9c 9d ffffffffffffffff 0
[cyc 4139] [R SHIFT BY OCTET IN] 0e 0f 10 11 12 13 14 15 16 17 18 19 1a 1b 1c 1d 1e 1f 20 21 22 23 24 25 26 27 28 29 2a 2b 2c 2d 2e 2f 30 31 32 33 34 35 36 37 38 39 3a 3b 3c 3d 3e 3f 40 41 42 43 44 45 46 47 48 49 4a 4b 4c 4d ffffffffffffffff 0
[cyc 4139] [R SHIFT BY OCTET OUT] da db dc dd de df e0 e1 e2 e3 e4 e5 e6 e7 e8 e9 ea eb ec ed ee ef f0 f1 f2 f3 f4 f5 f6 f7 f8 f9 fa fb fc fd fe ff 00 01 02 03 04 05 06 07 08 09 0a 0b 0c 0d 0e 0f 10 11 12 13 14 15 16 17 18 19 ffffffffffffffff 0
[cyc 4139] [STRIP MRC headers IN 0] da db dc dd de df e0 e1 e2 e3 e4 e5 e6 e7 e8 e9 ea eb ec ed ee ef f0 f1 f2 f3 f4 f5 f6 f7 f8 f9 fa fb fc fd fe ff 00 01 02 03 04 05 06 07 08 09 0a 0b 0c 0d 0e 0f 10 11 12 13 14 15 16 17 18 19 ffffffffffffffff 0
[cyc 4139] [STRIP MRC headers OUT 0] 9e 9f a0 a1 a2 a3 a4 a5 a6 a7 a8 a9 aa ab ac ad ae af b0 b1 b2 b3 b4 b5 b6 b7 b8 b9 ba bb bc bd be bf c0 c1 c2 c3 c4 c5 c6 c7 c8 c9 ca cb cc cd ce cf d0 d1 d2 d3 d4 d5 d6 d7 d8 d9 da db dc dd ffffffffffffffff 0
[cyc 4140] [R SHIFT BY OCTET IN] 4e 4f 50 51 52 53 54 55 56 57 58 59 5a 5b 5c 5d 5e 5f 60 61 62 63 64 65 66 67 68 69 6a 6b 6c 6d 6e 6f 70 71 72 73 74 75 76 77 78 79 7a 7b 7c 7d 7e 7f 80 81 82 83 84 85 86 87 88 89 8a 8b 8c 8d ffffffffffffffff 0
[cyc 4140] [R SHIFT BY OCTET OUT] 1a 1b 1c 1d 1e 1f 20 21 22 23 24 25 26 27 28 29 2a 2b 2c 2d 2e 2f 30 31 32 33 34 35 36 37 38 39 3a 3b 3c 3d 3e 3f 40 41 42 43 44 45 46 47 48 49 4a 4b 4c 4d 4e 4f 50 51 52 53 54 55 56 57 58 59 ffffffffffffffff 0
[cyc 4140] [STRIP MRC headers IN 0] 1a 1b 1c 1d 1e 1f 20 21 22 23 24 25 26 27 28 29 2a 2b 2c 2d 2e 2f 30 31 32 33 34 35 36 37 38 39 3a 3b 3c 3d 3e 3f 40 41 42 43 44 45 46 47 48 49 4a 4b 4c 4d 4e 4f 50 51 52 53 54 55 56 57 58 59 ffffffffffffffff 0
[cyc 4140] [STRIP MRC headers OUT 0] de df e0 e1 e2 e3 e4 e5 e6 e7 e8 e9 ea eb ec ed ee ef f0 f1 f2 f3 f4 f5 f6 f7 f8 f9 fa fb fc fd fe ff 00 01 02 03 04 05 06 07 08 09 0a 0b 0c 0d 0e 0f 10 11 12 13 14 15 16 17 18 19 1a 1b 1c 1d ffffffffffffffff 0
[cyc 4141] [R SHIFT BY OCTET IN] 8e 8f 90 91 92 93 94 95 96 97 98 99 9a 9b 9c 9d 9e 9f a0 a1 a2 a3 a4 a5 a6 a7 a8 a9 aa ab ac ad ae af b0 b1 b2 b3 b4 b5 b6 b7 b8 b9 ba bb bc bd be bf c0 c1 c2 c3 c4 c5 c6 c7 c8 c9 ca cb cc cd ffffffffffffffff 0
[cyc 4141] [R SHIFT BY OCTET OUT] 5a 5b 5c 5d 5e 5f 60 61 62 63 64 65 66 67 68 69 6a 6b 6c 6d 6e 6f 70 71 72 73 74 75 76 77 78 79 7a 7b 7c 7d 7e 7f 80 81 82 83 84 85 86 87 88 89 8a 8b 8c 8d 8e 8f 90 91 92 93 94 95 96 97 98 99 ffffffffffffffff 0
[cyc 4141] [STRIP MRC headers IN 0] 5a 5b 5c 5d 5e 5f 60 61 62 63 64 65 66 67 68 69 6a 6b 6c 6d 6e 6f 70 71 72 73 74 75 76 77 78 79 7a 7b 7c 7d 7e 7f 80 81 82 83 84 85 86 87 88 89 8a 8b 8c 8d 8e 8f 90 91 92 93 94 95 96 97 98 99 ffffffffffffffff 0
[cyc 4141] [STRIP MRC headers OUT 0] 1e 1f 20 21 22 23 24 25 26 27 28 29 2a 2b 2c 2d 2e 2f 30 31 32 33 34 35 36 37 38 39 3a 3b 3c 3d 3e 3f 40 41 42 43 44 45 46 47 48 49 4a 4b 4c 4d 4e 4f 50 51 52 53 54 55 56 57 58 59 5a 5b 5c 5d ffffffffffffffff 0
[cyc 4142] [TB] last beat of packet 0 (17 beat(s))
[cyc 4142] [R SHIFT BY OCTET IN] ce cf d0 d1 d2 d3 d4 d5 d6 d7 d8 d9 da db dc dd de df e0 e1 e2 e3 e4 e5 e6 e7 e8 e9 ea eb ec ed 00 00 00 00 00 00 00 00 00 00 00 00 00 00 00 00 00 00 00 00 00 00 00 00 00 00 00 00 00 00 00 00 00000000ffffffff 1  <- last
[cyc 4142] [R SHIFT BY OCTET OUT] 9a 9b 9c 9d 9e 9f a0 a1 a2 a3 a4 a5 a6 a7 a8 a9 aa ab ac ad ae af b0 b1 b2 b3 b4 b5 b6 b7 b8 b9 ba bb bc bd be bf c0 c1 c2 c3 c4 c5 c6 c7 c8 c9 ca cb cc cd ce cf d0 d1 d2 d3 d4 d5 d6 d7 d8 d9 ffffffffffffffff 0
[cyc 4142] [STRIP MRC headers IN 0] 9a 9b 9c 9d 9e 9f a0 a1 a2 a3 a4 a5 a6 a7 a8 a9 aa ab ac ad ae af b0 b1 b2 b3 b4 b5 b6 b7 b8 b9 ba bb bc bd be bf c0 c1 c2 c3 c4 c5 c6 c7 c8 c9 ca cb cc cd ce cf d0 d1 d2 d3 d4 d5 d6 d7 d8 d9 ffffffffffffffff 0
[cyc 4142] [STRIP MRC headers OUT 0] 5e 5f 60 61 62 63 64 65 66 67 68 69 6a 6b 6c 6d 6e 6f 70 71 72 73 74 75 76 77 78 79 7a 7b 7c 7d 7e 7f 80 81 82 83 84 85 86 87 88 89 8a 8b 8c 8d 8e 8f 90 91 92 93 94 95 96 97 98 99 9a 9b 9c 9d ffffffffffffffff 0
[TB] All packets fed, running 300 more cycles...
[cyc 4143] [R SHIFT BY OCTET OUT] da db dc dd de df e0 e1 e2 e3 e4 e5 e6 e7 e8 e9 ea eb ec ed 00 00 00 00 00 00 00 00 00 00 00 00 00 00 00 00 00 00 00 00 00 00 00 00 00 00 00 00 00 00 00 00 00 00 00 00 00 00 00 00 00 00 00 00 00000000000fffff 1  <- last
[cyc 4143] [STRIP MRC headers IN 0] da db dc dd de df e0 e1 e2 e3 e4 e5 e6 e7 e8 e9 ea eb ec ed 00 00 00 00 00 00 00 00 00 00 00 00 00 00 00 00 00 00 00 00 00 00 00 00 00 00 00 00 00 00 00 00 00 00 00 00 00 00 00 00 00 00 00 00 00000000000fffff 1  <- last
[cyc 4143] [STRIP MRC headers OUT 0] 9e 9f a0 a1 a2 a3 a4 a5 a6 a7 a8 a9 aa ab ac ad ae af b0 b1 b2 b3 b4 b5 b6 b7 b8 b9 ba bb bc bd be bf c0 c1 c2 c3 c4 c5 c6 c7 c8 c9 ca cb cc cd ce cf d0 d1 d2 d3 d4 d5 d6 d7 d8 d9 da db dc dd ffffffffffffffff 0
[cyc 4144] [STRIP MRC headers OUT 0] de df e0 e1 e2 e3 e4 e5 e6 e7 e8 e9 ea eb ec ed 00 00 00 00 00 00 00 00 00 00 00 00 00 00 00 00 00 00 00 00 00 00 00 00 00 00 00 00 00 00 00 00 00 00 00 00 00 00 00 00 00 00 00 00 00 00 00 00 000000000000ffff 1  <- last

[TB] ---- Outputs (cycle they left the module) ----
[TB] cyc 4134 m_axis_tx_data packet (16 B), meta: dst ip=0xa000002 length=20
      0000: d1 00 ff ff 00 00 00 42 00 0a 0b 14 1f 00 00 09 

[TB] ---- Checks ----
[TB] Packet 0: TEST 04c: ONLY behind epsn
[TB]   no memory write expected
  [PASS] a reply (ACK/NAK) was sent for it
[TB]   reply at cycle 4134
  [PASS] tx meta: destination IP = 0xa000002
  [PASS] tx meta: UDP length (BTH+AETH+ICRC) = 20
[TB]   parsed reply: MRC_ACK  DestQP=0x42  PSN=0xa0b14  AETH.syndrome=0x1f (ACK)  AETH.MSN=0x9
  [PASS] reply length in bytes = 16
  [PASS] reply BTH.opcode (MRC_ACK) = 0xd1
  [PASS] reply BTH.DestQP (remote QPN) = 0x42
  [PASS] reply BTH.PSN = 0xa0b14
  [PASS] reply AETH.syndrome (ACK) = 0x1f
  [PASS] reply AETH.MSN = 0x9
[TB] Whole group
  [PASS] unexpected memory write commands = 0
  [PASS] unexpected memory payloads = 0
  [PASS] no memory data beat left without TLAST
  [PASS] unexpected packets sent back = 0
  [PASS] tx meta entries = tx packets = 1
[TB] invalid-PSN drop counter 4 -> 5 (not checked)
  [PASS] ackMeta to the host (only used for our own requests) = 0
  [PASS] module consumed the whole input
  [PASS] no memory READ command issued

=====================================================================
  GROUP: TEST 05a: FIRST
=====================================================================
[TB] Packet 0: TEST 05a: FIRST
[TB]   state before: epsn=0xa0b15 last_psn=0xa0b14
[TB]   RC_RDMA_WRITE_FIRST  DestQP=0x5  PSN=0xa0b15, 658197  RETH.vaddr=0x10000  RETH.len=2148  payload=1024 B  UDP length=1068  (then drain and check)
      0000: c6 00 ff ff 00 00 00 05 80 0a 0b 15 00 00 00 09 
      0010: 00 00 00 00 00 01 00 00 00 00 12 34 00 00 08 64 
      0020: a1 a2 a3 a4 a5 a6 a7 a8 a9 aa ab ac ad ae af b0 
      0030: b1 b2 b3 b4 b5 b6 b7 b8 b9 ba bb bc bd be bf c0 
      ... (992 more bytes)

[TB] Feeding 1 packet(s)... (module prints follow)
[cyc 4443] [TB] first beat of packet 0 (TEST 05a: FIRST)
[cyc 4443] [RX PROCESS IBH 0]: input psn 0x0a0b15
[cyc 4443] [RX PROCESS IBH 0]: process IBH opcode: c6
[cyc 4443] [R SHIFT BY OCTET IN] c6 00 ff ff 00 00 00 05 80 0a 0b 15 00 00 00 09 00 00 00 00 00 01 00 00 00 00 12 34 00 00 08 64 a1 a2 a3 a4 a5 a6 a7 a8 a9 aa ab ac ad ae af b0 b1 b2 b3 b4 b5 b6 b7 b8 b9 ba bb bc bd be bf c0 ffffffffffffffff 0
[cyc 4444] [R SHIFT BY OCTET IN] c1 c2 c3 c4 c5 c6 c7 c8 c9 ca cb cc cd ce cf d0 d1 d2 d3 d4 d5 d6 d7 d8 d9 da db dc dd de df e0 e1 e2 e3 e4 e5 e6 e7 e8 e9 ea eb ec ed ee ef f0 f1 f2 f3 f4 f5 f6 f7 f8 f9 fa fb fc fd fe ff 00 ffffffffffffffff 0
[cyc 4444] [R SHIFT BY OCTET OUT] 00 00 00 09 00 00 00 00 00 01 00 00 00 00 12 34 00 00 08 64 a1 a2 a3 a4 a5 a6 a7 a8 a9 aa ab ac ad ae af b0 b1 b2 b3 b4 b5 b6 b7 b8 b9 ba bb bc bd be bf c0 c1 c2 c3 c4 c5 c6 c7 c8 c9 ca cb cc ffffffffffffffff 0
[cyc 4444] [STRIP MRC headers IN 0] 00 00 00 09 00 00 00 00 00 01 00 00 00 00 12 34 00 00 08 64 a1 a2 a3 a4 a5 a6 a7 a8 a9 aa ab ac ad ae af b0 b1 b2 b3 b4 b5 b6 b7 b8 b9 ba bb bc bd be bf c0 c1 c2 c3 c4 c5 c6 c7 c8 c9 ca cb cc ffffffffffffffff 0
[cyc 4445] [R SHIFT BY OCTET IN] 01 02 03 04 05 06 07 08 09 0a 0b 0c 0d 0e 0f 10 11 12 13 14 15 16 17 18 19 1a 1b 1c 1d 1e 1f 20 21 22 23 24 25 26 27 28 29 2a 2b 2c 2d 2e 2f 30 31 32 33 34 35 36 37 38 39 3a 3b 3c 3d 3e 3f 40 ffffffffffffffff 0
[cyc 4445] [R SHIFT BY OCTET OUT] cd ce cf d0 d1 d2 d3 d4 d5 d6 d7 d8 d9 da db dc dd de df e0 e1 e2 e3 e4 e5 e6 e7 e8 e9 ea eb ec ed ee ef f0 f1 f2 f3 f4 f5 f6 f7 f8 f9 fa fb fc fd fe ff 00 01 02 03 04 05 06 07 08 09 0a 0b 0c ffffffffffffffff 0
[cyc 4445] [STRIP MRC headers IN 0] cd ce cf d0 d1 d2 d3 d4 d5 d6 d7 d8 d9 da db dc dd de df e0 e1 e2 e3 e4 e5 e6 e7 e8 e9 ea eb ec ed ee ef f0 f1 f2 f3 f4 f5 f6 f7 f8 f9 fa fb fc fd fe ff 00 01 02 03 04 05 06 07 08 09 0a 0b 0c ffffffffffffffff 0
[cyc 4445] [STRIP MRC headers OUT 0] 00 00 00 00 00 01 00 00 00 00 12 34 00 00 08 64 a1 a2 a3 a4 a5 a6 a7 a8 a9 aa ab ac ad ae af b0 b1 b2 b3 b4 b5 b6 b7 b8 b9 ba bb bc bd be bf c0 c1 c2 c3 c4 c5 c6 c7 c8 c9 ca cb cc cd ce cf d0 ffffffffffffffff 0
[cyc 4446] [R SHIFT BY OCTET IN] 41 42 43 44 45 46 47 48 49 4a 4b 4c 4d 4e 4f 50 51 52 53 54 55 56 57 58 59 5a 5b 5c 5d 5e 5f 60 61 62 63 64 65 66 67 68 69 6a 6b 6c 6d 6e 6f 70 71 72 73 74 75 76 77 78 79 7a 7b 7c 7d 7e 7f 80 ffffffffffffffff 0
[cyc 4446] [R SHIFT BY OCTET OUT] 0d 0e 0f 10 11 12 13 14 15 16 17 18 19 1a 1b 1c 1d 1e 1f 20 21 22 23 24 25 26 27 28 29 2a 2b 2c 2d 2e 2f 30 31 32 33 34 35 36 37 38 39 3a 3b 3c 3d 3e 3f 40 41 42 43 44 45 46 47 48 49 4a 4b 4c ffffffffffffffff 0
[cyc 4446] [STRIP MRC headers IN 0] 0d 0e 0f 10 11 12 13 14 15 16 17 18 19 1a 1b 1c 1d 1e 1f 20 21 22 23 24 25 26 27 28 29 2a 2b 2c 2d 2e 2f 30 31 32 33 34 35 36 37 38 39 3a 3b 3c 3d 3e 3f 40 41 42 43 44 45 46 47 48 49 4a 4b 4c ffffffffffffffff 0
[cyc 4446] [STRIP MRC headers OUT 0] d1 d2 d3 d4 d5 d6 d7 d8 d9 da db dc dd de df e0 e1 e2 e3 e4 e5 e6 e7 e8 e9 ea eb ec ed ee ef f0 f1 f2 f3 f4 f5 f6 f7 f8 f9 fa fb fc fd fe ff 00 01 02 03 04 05 06 07 08 09 0a 0b 0c 0d 0e 0f 10 ffffffffffffffff 0
[cyc 4446] [RX IBH FSM 0]: epsn: 0x0a0b15, 658197, packet psn: 0x0a0b15, 658197, oldest outstanding psn: 0x8a0b15, 9046805
[cyc 4447] [R SHIFT BY OCTET IN] 81 82 83 84 85 86 87 88 89 8a 8b 8c 8d 8e 8f 90 91 92 93 94 95 96 97 98 99 9a 9b 9c 9d 9e 9f a0 a1 a2 a3 a4 a5 a6 a7 a8 a9 aa ab ac ad ae af b0 b1 b2 b3 b4 b5 b6 b7 b8 b9 ba bb bc bd be bf c0 ffffffffffffffff 0
[cyc 4447] [R SHIFT BY OCTET OUT] 4d 4e 4f 50 51 52 53 54 55 56 57 58 59 5a 5b 5c 5d 5e 5f 60 61 62 63 64 65 66 67 68 69 6a 6b 6c 6d 6e 6f 70 71 72 73 74 75 76 77 78 79 7a 7b 7c 7d 7e 7f 80 81 82 83 84 85 86 87 88 89 8a 8b 8c ffffffffffffffff 0
[cyc 4447] [STRIP MRC headers IN 0] 4d 4e 4f 50 51 52 53 54 55 56 57 58 59 5a 5b 5c 5d 5e 5f 60 61 62 63 64 65 66 67 68 69 6a 6b 6c 6d 6e 6f 70 71 72 73 74 75 76 77 78 79 7a 7b 7c 7d 7e 7f 80 81 82 83 84 85 86 87 88 89 8a 8b 8c ffffffffffffffff 0
[cyc 4447] [STRIP MRC headers OUT 0] 11 12 13 14 15 16 17 18 19 1a 1b 1c 1d 1e 1f 20 21 22 23 24 25 26 27 28 29 2a 2b 2c 2d 2e 2f 30 31 32 33 34 35 36 37 38 39 3a 3b 3c 3d 3e 3f 40 41 42 43 44 45 46 47 48 49 4a 4b 4c 4d 4e 4f 50 ffffffffffffffff 0
[cyc 4448] [R SHIFT BY OCTET IN] c1 c2 c3 c4 c5 c6 c7 c8 c9 ca cb cc cd ce cf d0 d1 d2 d3 d4 d5 d6 d7 d8 d9 da db dc dd de df e0 e1 e2 e3 e4 e5 e6 e7 e8 e9 ea eb ec ed ee ef f0 f1 f2 f3 f4 f5 f6 f7 f8 f9 fa fb fc fd fe ff 00 ffffffffffffffff 0
[cyc 4448] [R SHIFT BY OCTET OUT] 8d 8e 8f 90 91 92 93 94 95 96 97 98 99 9a 9b 9c 9d 9e 9f a0 a1 a2 a3 a4 a5 a6 a7 a8 a9 aa ab ac ad ae af b0 b1 b2 b3 b4 b5 b6 b7 b8 b9 ba bb bc bd be bf c0 c1 c2 c3 c4 c5 c6 c7 c8 c9 ca cb cc ffffffffffffffff 0
[cyc 4448] [STRIP MRC headers IN 0] 8d 8e 8f 90 91 92 93 94 95 96 97 98 99 9a 9b 9c 9d 9e 9f a0 a1 a2 a3 a4 a5 a6 a7 a8 a9 aa ab ac ad ae af b0 b1 b2 b3 b4 b5 b6 b7 b8 b9 ba bb bc bd be bf c0 c1 c2 c3 c4 c5 c6 c7 c8 c9 ca cb cc ffffffffffffffff 0
[cyc 4448] [STRIP MRC headers OUT 0] 51 52 53 54 55 56 57 58 59 5a 5b 5c 5d 5e 5f 60 61 62 63 64 65 66 67 68 69 6a 6b 6c 6d 6e 6f 70 71 72 73 74 75 76 77 78 79 7a 7b 7c 7d 7e 7f 80 81 82 83 84 85 86 87 88 89 8a 8b 8c 8d 8e 8f 90 ffffffffffffffff 0
[cyc 4448] [META MERGER 0]: reading from ack event with qpn 0x5, psn 0x0a0b15
[cyc 4449] [R SHIFT BY OCTET IN] 01 02 03 04 05 06 07 08 09 0a 0b 0c 0d 0e 0f 10 11 12 13 14 15 16 17 18 19 1a 1b 1c 1d 1e 1f 20 21 22 23 24 25 26 27 28 29 2a 2b 2c 2d 2e 2f 30 31 32 33 34 35 36 37 38 39 3a 3b 3c 3d 3e 3f 40 ffffffffffffffff 0
[cyc 4449] [R SHIFT BY OCTET OUT] cd ce cf d0 d1 d2 d3 d4 d5 d6 d7 d8 d9 da db dc dd de df e0 e1 e2 e3 e4 e5 e6 e7 e8 e9 ea eb ec ed ee ef f0 f1 f2 f3 f4 f5 f6 f7 f8 f9 fa fb fc fd fe ff 00 01 02 03 04 05 06 07 08 09 0a 0b 0c ffffffffffffffff 0
[cyc 4449] [STRIP MRC headers IN 0] cd ce cf d0 d1 d2 d3 d4 d5 d6 d7 d8 d9 da db dc dd de df e0 e1 e2 e3 e4 e5 e6 e7 e8 e9 ea eb ec ed ee ef f0 f1 f2 f3 f4 f5 f6 f7 f8 f9 fa fb fc fd fe ff 00 01 02 03 04 05 06 07 08 09 0a 0b 0c ffffffffffffffff 0
[cyc 4449] [STRIP MRC headers OUT 0] 91 92 93 94 95 96 97 98 99 9a 9b 9c 9d 9e 9f a0 a1 a2 a3 a4 a5 a6 a7 a8 a9 aa ab ac ad ae af b0 b1 b2 b3 b4 b5 b6 b7 b8 b9 ba bb bc bd be bf c0 c1 c2 c3 c4 c5 c6 c7 c8 c9 ca cb cc cd ce cf d0 ffffffffffffffff 0
[cyc 4449] [R SHIFT BY OCTET IN] 00 00 00 00 00 01 00 00 00 00 12 34 00 00 08 64 a1 a2 a3 a4 a5 a6 a7 a8 a9 aa ab ac ad ae af b0 b1 b2 b3 b4 b5 b6 b7 b8 b9 ba bb bc bd be bf c0 c1 c2 c3 c4 c5 c6 c7 c8 c9 ca cb cc cd ce cf d0 ffffffffffffffff 0
[cyc 4450] [R SHIFT BY OCTET IN] 41 42 43 44 45 46 47 48 49 4a 4b 4c 4d 4e 4f 50 51 52 53 54 55 56 57 58 59 5a 5b 5c 5d 5e 5f 60 61 62 63 64 65 66 67 68 69 6a 6b 6c 6d 6e 6f 70 71 72 73 74 75 76 77 78 79 7a 7b 7c 7d 7e 7f 80 ffffffffffffffff 0
[cyc 4450] [R SHIFT BY OCTET OUT] 0d 0e 0f 10 11 12 13 14 15 16 17 18 19 1a 1b 1c 1d 1e 1f 20 21 22 23 24 25 26 27 28 29 2a 2b 2c 2d 2e 2f 30 31 32 33 34 35 36 37 38 39 3a 3b 3c 3d 3e 3f 40 41 42 43 44 45 46 47 48 49 4a 4b 4c ffffffffffffffff 0
[cyc 4450] [STRIP MRC headers IN 0] 0d 0e 0f 10 11 12 13 14 15 16 17 18 19 1a 1b 1c 1d 1e 1f 20 21 22 23 24 25 26 27 28 29 2a 2b 2c 2d 2e 2f 30 31 32 33 34 35 36 37 38 39 3a 3b 3c 3d 3e 3f 40 41 42 43 44 45 46 47 48 49 4a 4b 4c ffffffffffffffff 0
[cyc 4450] [STRIP MRC headers OUT 0] d1 d2 d3 d4 d5 d6 d7 d8 d9 da db dc dd de df e0 e1 e2 e3 e4 e5 e6 e7 e8 e9 ea eb ec ed ee ef f0 f1 f2 f3 f4 f5 f6 f7 f8 f9 fa fb fc fd fe ff 00 01 02 03 04 05 06 07 08 09 0a 0b 0c 0d 0e 0f 10 ffffffffffffffff 0
[cyc 4450] [R SHIFT BY OCTET IN] d1 d2 d3 d4 d5 d6 d7 d8 d9 da db dc dd de df e0 e1 e2 e3 e4 e5 e6 e7 e8 e9 ea eb ec ed ee ef f0 f1 f2 f3 f4 f5 f6 f7 f8 f9 fa fb fc fd fe ff 00 01 02 03 04 05 06 07 08 09 0a 0b 0c 0d 0e 0f 10 ffffffffffffffff 0
[cyc 4450] [R SHIFT BY OCTET OUT] a1 a2 a3 a4 a5 a6 a7 a8 a9 aa ab ac ad ae af b0 b1 b2 b3 b4 b5 b6 b7 b8 b9 ba bb bc bd be bf c0 c1 c2 c3 c4 c5 c6 c7 c8 c9 ca cb cc cd ce cf d0 d1 d2 d3 d4 d5 d6 d7 d8 d9 da db dc dd de df e0 ffffffffffffffff 0
[cyc 4450] [GENERATE EXH 0]: MRC_ACK with qpn 0x5, psn 0x0a0b15
[cyc 4450] [GENERATE EXH 0]: MRC_ACK 1f 00 00 09 a5 a6 a7 a8 00 71 f4 d0 83 e8 5f f6 60 fa 8b 9e 40 5f 00 00 40 be 46 89 fe 7f 00 00 d0 fa 8b 9e 40 5f 00 00 44 5b 81 9e 40 5f 00 00 44 c0 46 89 fe 7f 00 00 87 16 85 9e 40 5f 00 00 000000000000000f 1
[cyc 4450] [APPEND PAYLOAD 0]: moving to state HEADER
[cyc 4450] [TX IP UDP META MERGER 0]: port 0xc000
[cyc 4451] [R SHIFT BY OCTET IN] 81 82 83 84 85 86 87 88 89 8a 8b 8c 8d 8e 8f 90 91 92 93 94 95 96 97 98 99 9a 9b 9c 9d 9e 9f a0 a1 a2 a3 a4 a5 a6 a7 a8 a9 aa ab ac ad ae af b0 b1 b2 b3 b4 b5 b6 b7 b8 b9 ba bb bc bd be bf c0 ffffffffffffffff 0
[cyc 4451] [R SHIFT BY OCTET OUT] 4d 4e 4f 50 51 52 53 54 55 56 57 58 59 5a 5b 5c 5d 5e 5f 60 61 62 63 64 65 66 67 68 69 6a 6b 6c 6d 6e 6f 70 71 72 73 74 75 76 77 78 79 7a 7b 7c 7d 7e 7f 80 81 82 83 84 85 86 87 88 89 8a 8b 8c ffffffffffffffff 0
[cyc 4451] [STRIP MRC headers IN 0] 4d 4e 4f 50 51 52 53 54 55 56 57 58 59 5a 5b 5c 5d 5e 5f 60 61 62 63 64 65 66 67 68 69 6a 6b 6c 6d 6e 6f 70 71 72 73 74 75 76 77 78 79 7a 7b 7c 7d 7e 7f 80 81 82 83 84 85 86 87 88 89 8a 8b 8c ffffffffffffffff 0
[cyc 4451] [STRIP MRC headers OUT 0] 11 12 13 14 15 16 17 18 19 1a 1b 1c 1d 1e 1f 20 21 22 23 24 25 26 27 28 29 2a 2b 2c 2d 2e 2f 30 31 32 33 34 35 36 37 38 39 3a 3b 3c 3d 3e 3f 40 41 42 43 44 45 46 47 48 49 4a 4b 4c 4d 4e 4f 50 ffffffffffffffff 0
[cyc 4451] [R SHIFT BY OCTET IN] 11 12 13 14 15 16 17 18 19 1a 1b 1c 1d 1e 1f 20 21 22 23 24 25 26 27 28 29 2a 2b 2c 2d 2e 2f 30 31 32 33 34 35 36 37 38 39 3a 3b 3c 3d 3e 3f 40 41 42 43 44 45 46 47 48 49 4a 4b 4c 4d 4e 4f 50 ffffffffffffffff 0
[cyc 4451] [R SHIFT BY OCTET OUT] e1 e2 e3 e4 e5 e6 e7 e8 e9 ea eb ec ed ee ef f0 f1 f2 f3 f4 f5 f6 f7 f8 f9 fa fb fc fd fe ff 00 01 02 03 04 05 06 07 08 09 0a 0b 0c 0d 0e 0f 10 11 12 13 14 15 16 17 18 19 1a 1b 1c 1d 1e 1f 20 ffffffffffffffff 0
[cyc 4451] [APPEND PAYLOAD 0]: moving to state INFO
[cyc 4451] [GENERATE IBH 0]: input meta, opcode 0xd1 valid psn 0x0a0b15
[cyc 4451] [PREPEND IBH HEADER 0]: going to state PARTIAL_HEADER
[cyc 4452] [R SHIFT BY OCTET IN] c1 c2 c3 c4 c5 c6 c7 c8 c9 ca cb cc cd ce cf d0 d1 d2 d3 d4 d5 d6 d7 d8 d9 da db dc dd de df e0 e1 e2 e3 e4 e5 e6 e7 e8 e9 ea eb ec ed ee ef f0 f1 f2 f3 f4 f5 f6 f7 f8 f9 fa fb fc fd fe ff 00 ffffffffffffffff 0
[cyc 4452] [R SHIFT BY OCTET OUT] 8d 8e 8f 90 91 92 93 94 95 96 97 98 99 9a 9b 9c 9d 9e 9f a0 a1 a2 a3 a4 a5 a6 a7 a8 a9 aa ab ac ad ae af b0 b1 b2 b3 b4 b5 b6 b7 b8 b9 ba bb bc bd be bf c0 c1 c2 c3 c4 c5 c6 c7 c8 c9 ca cb cc ffffffffffffffff 0
[cyc 4452] [STRIP MRC headers IN 0] 8d 8e 8f 90 91 92 93 94 95 96 97 98 99 9a 9b 9c 9d 9e 9f a0 a1 a2 a3 a4 a5 a6 a7 a8 a9 aa ab ac ad ae af b0 b1 b2 b3 b4 b5 b6 b7 b8 b9 ba bb bc bd be bf c0 c1 c2 c3 c4 c5 c6 c7 c8 c9 ca cb cc ffffffffffffffff 0
[cyc 4452] [STRIP MRC headers OUT 0] 51 52 53 54 55 56 57 58 59 5a 5b 5c 5d 5e 5f 60 61 62 63 64 65 66 67 68 69 6a 6b 6c 6d 6e 6f 70 71 72 73 74 75 76 77 78 79 7a 7b 7c 7d 7e 7f 80 81 82 83 84 85 86 87 88 89 8a 8b 8c 8d 8e 8f 90 ffffffffffffffff 0
[cyc 4452] [R SHIFT BY OCTET IN] 51 52 53 54 55 56 57 58 59 5a 5b 5c 5d 5e 5f 60 61 62 63 64 65 66 67 68 69 6a 6b 6c 6d 6e 6f 70 71 72 73 74 75 76 77 78 79 7a 7b 7c 7d 7e 7f 80 81 82 83 84 85 86 87 88 89 8a 8b 8c 8d 8e 8f 90 ffffffffffffffff 0
[cyc 4452] [R SHIFT BY OCTET OUT] 21 22 23 24 25 26 27 28 29 2a 2b 2c 2d 2e 2f 30 31 32 33 34 35 36 37 38 39 3a 3b 3c 3d 3e 3f 40 41 42 43 44 45 46 47 48 49 4a 4b 4c 4d 4e 4f 50 51 52 53 54 55 56 57 58 59 5a 5b 5c 5d 5e 5f 60 ffffffffffffffff 0
[cyc 4452] [PREPEND IBH HEADER 0]: IBH PARTIAL PAYLOAD
[cyc 4452] 00 00 00 00 00 00 00 00 00 00 00 00 1f 00 00 09 a5 a6 a7 a8 00 71 f4 d0 83 e8 5f f6 60 fa 8b 9e 40 5f 00 00 40 be 46 89 fe 7f 00 00 d0 fa 8b 9e 40 5f 00 00 44 5b 81 9e 40 5f 00 00 44 c0 46 89 000000000000ffff 1
[cyc 4452] [PREPEND IBH HEADER 0]: IBH PARTIAL HEADER
[cyc 4452] d1 00 ff ff 00 00 00 42 00 0a 0b 15 1f 00 00 09 a5 a6 a7 a8 00 71 f4 d0 83 e8 5f f6 60 fa 8b 9e 40 5f 00 00 40 be 46 89 fe 7f 00 00 d0 fa 8b 9e 40 5f 00 00 44 5b 81 9e 40 5f 00 00 44 c0 46 89 000000000000ffff 1
[cyc 4453] [R SHIFT BY OCTET IN] 01 02 03 04 05 06 07 08 09 0a 0b 0c 0d 0e 0f 10 11 12 13 14 15 16 17 18 19 1a 1b 1c 1d 1e 1f 20 21 22 23 24 25 26 27 28 29 2a 2b 2c 2d 2e 2f 30 31 32 33 34 35 36 37 38 39 3a 3b 3c 3d 3e 3f 40 ffffffffffffffff 0
[cyc 4453] [R SHIFT BY OCTET OUT] cd ce cf d0 d1 d2 d3 d4 d5 d6 d7 d8 d9 da db dc dd de df e0 e1 e2 e3 e4 e5 e6 e7 e8 e9 ea eb ec ed ee ef f0 f1 f2 f3 f4 f5 f6 f7 f8 f9 fa fb fc fd fe ff 00 01 02 03 04 05 06 07 08 09 0a 0b 0c ffffffffffffffff 0
[cyc 4453] [STRIP MRC headers IN 0] cd ce cf d0 d1 d2 d3 d4 d5 d6 d7 d8 d9 da db dc dd de df e0 e1 e2 e3 e4 e5 e6 e7 e8 e9 ea eb ec ed ee ef f0 f1 f2 f3 f4 f5 f6 f7 f8 f9 fa fb fc fd fe ff 00 01 02 03 04 05 06 07 08 09 0a 0b 0c ffffffffffffffff 0
[cyc 4453] [STRIP MRC headers OUT 0] 91 92 93 94 95 96 97 98 99 9a 9b 9c 9d 9e 9f a0 a1 a2 a3 a4 a5 a6 a7 a8 a9 aa ab ac ad ae af b0 b1 b2 b3 b4 b5 b6 b7 b8 b9 ba bb bc bd be bf c0 c1 c2 c3 c4 c5 c6 c7 c8 c9 ca cb cc cd ce cf d0 ffffffffffffffff 0
[cyc 4453] [R SHIFT BY OCTET IN] 91 92 93 94 95 96 97 98 99 9a 9b 9c 9d 9e 9f a0 a1 a2 a3 a4 a5 a6 a7 a8 a9 aa ab ac ad ae af b0 b1 b2 b3 b4 b5 b6 b7 b8 b9 ba bb bc bd be bf c0 c1 c2 c3 c4 c5 c6 c7 c8 c9 ca cb cc cd ce cf d0 ffffffffffffffff 0
[cyc 4453] [R SHIFT BY OCTET OUT] 61 62 63 64 65 66 67 68 69 6a 6b 6c 6d 6e 6f 70 71 72 73 74 75 76 77 78 79 7a 7b 7c 7d 7e 7f 80 81 82 83 84 85 86 87 88 89 8a 8b 8c 8d 8e 8f 90 91 92 93 94 95 96 97 98 99 9a 9b 9c 9d 9e 9f a0 ffffffffffffffff 0
[cyc 4454] [R SHIFT BY OCTET IN] 41 42 43 44 45 46 47 48 49 4a 4b 4c 4d 4e 4f 50 51 52 53 54 55 56 57 58 59 5a 5b 5c 5d 5e 5f 60 61 62 63 64 65 66 67 68 69 6a 6b 6c 6d 6e 6f 70 71 72 73 74 75 76 77 78 79 7a 7b 7c 7d 7e 7f 80 ffffffffffffffff 0
[cyc 4454] [R SHIFT BY OCTET OUT] 0d 0e 0f 10 11 12 13 14 15 16 17 18 19 1a 1b 1c 1d 1e 1f 20 21 22 23 24 25 26 27 28 29 2a 2b 2c 2d 2e 2f 30 31 32 33 34 35 36 37 38 39 3a 3b 3c 3d 3e 3f 40 41 42 43 44 45 46 47 48 49 4a 4b 4c ffffffffffffffff 0
[cyc 4454] [STRIP MRC headers IN 0] 0d 0e 0f 10 11 12 13 14 15 16 17 18 19 1a 1b 1c 1d 1e 1f 20 21 22 23 24 25 26 27 28 29 2a 2b 2c 2d 2e 2f 30 31 32 33 34 35 36 37 38 39 3a 3b 3c 3d 3e 3f 40 41 42 43 44 45 46 47 48 49 4a 4b 4c ffffffffffffffff 0
[cyc 4454] [STRIP MRC headers OUT 0] d1 d2 d3 d4 d5 d6 d7 d8 d9 da db dc dd de df e0 e1 e2 e3 e4 e5 e6 e7 e8 e9 ea eb ec ed ee ef f0 f1 f2 f3 f4 f5 f6 f7 f8 f9 fa fb fc fd fe ff 00 01 02 03 04 05 06 07 08 09 0a 0b 0c 0d 0e 0f 10 ffffffffffffffff 0
[cyc 4454] [R SHIFT BY OCTET IN] d1 d2 d3 d4 d5 d6 d7 d8 d9 da db dc dd de df e0 e1 e2 e3 e4 e5 e6 e7 e8 e9 ea eb ec ed ee ef f0 f1 f2 f3 f4 f5 f6 f7 f8 f9 fa fb fc fd fe ff 00 01 02 03 04 05 06 07 08 09 0a 0b 0c 0d 0e 0f 10 ffffffffffffffff 0
[cyc 4454] [R SHIFT BY OCTET OUT] a1 a2 a3 a4 a5 a6 a7 a8 a9 aa ab ac ad ae af b0 b1 b2 b3 b4 b5 b6 b7 b8 b9 ba bb bc bd be bf c0 c1 c2 c3 c4 c5 c6 c7 c8 c9 ca cb cc cd ce cf d0 d1 d2 d3 d4 d5 d6 d7 d8 d9 da db dc dd de df e0 ffffffffffffffff 0
[cyc 4455] [R SHIFT BY OCTET IN] 81 82 83 84 85 86 87 88 89 8a 8b 8c 8d 8e 8f 90 91 92 93 94 95 96 97 98 99 9a 9b 9c 9d 9e 9f a0 a1 a2 a3 a4 a5 a6 a7 a8 a9 aa ab ac ad ae af b0 b1 b2 b3 b4 b5 b6 b7 b8 b9 ba bb bc bd be bf c0 ffffffffffffffff 0
[cyc 4455] [R SHIFT BY OCTET OUT] 4d 4e 4f 50 51 52 53 54 55 56 57 58 59 5a 5b 5c 5d 5e 5f 60 61 62 63 64 65 66 67 68 69 6a 6b 6c 6d 6e 6f 70 71 72 73 74 75 76 77 78 79 7a 7b 7c 7d 7e 7f 80 81 82 83 84 85 86 87 88 89 8a 8b 8c ffffffffffffffff 0
[cyc 4455] [STRIP MRC headers IN 0] 4d 4e 4f 50 51 52 53 54 55 56 57 58 59 5a 5b 5c 5d 5e 5f 60 61 62 63 64 65 66 67 68 69 6a 6b 6c 6d 6e 6f 70 71 72 73 74 75 76 77 78 79 7a 7b 7c 7d 7e 7f 80 81 82 83 84 85 86 87 88 89 8a 8b 8c ffffffffffffffff 0
[cyc 4455] [STRIP MRC headers OUT 0] 11 12 13 14 15 16 17 18 19 1a 1b 1c 1d 1e 1f 20 21 22 23 24 25 26 27 28 29 2a 2b 2c 2d 2e 2f 30 31 32 33 34 35 36 37 38 39 3a 3b 3c 3d 3e 3f 40 41 42 43 44 45 46 47 48 49 4a 4b 4c 4d 4e 4f 50 ffffffffffffffff 0
[cyc 4455] [R SHIFT BY OCTET IN] 11 12 13 14 15 16 17 18 19 1a 1b 1c 1d 1e 1f 20 21 22 23 24 25 26 27 28 29 2a 2b 2c 2d 2e 2f 30 31 32 33 34 35 36 37 38 39 3a 3b 3c 3d 3e 3f 40 41 42 43 44 45 46 47 48 49 4a 4b 4c 4d 4e 4f 50 ffffffffffffffff 0
[cyc 4455] [R SHIFT BY OCTET OUT] e1 e2 e3 e4 e5 e6 e7 e8 e9 ea eb ec ed ee ef f0 f1 f2 f3 f4 f5 f6 f7 f8 f9 fa fb fc fd fe ff 00 01 02 03 04 05 06 07 08 09 0a 0b 0c 0d 0e 0f 10 11 12 13 14 15 16 17 18 19 1a 1b 1c 1d 1e 1f 20 ffffffffffffffff 0
[cyc 4456] [R SHIFT BY OCTET IN] c1 c2 c3 c4 c5 c6 c7 c8 c9 ca cb cc cd ce cf d0 d1 d2 d3 d4 d5 d6 d7 d8 d9 da db dc dd de df e0 e1 e2 e3 e4 e5 e6 e7 e8 e9 ea eb ec ed ee ef f0 f1 f2 f3 f4 f5 f6 f7 f8 f9 fa fb fc fd fe ff 00 ffffffffffffffff 0
[cyc 4456] [R SHIFT BY OCTET OUT] 8d 8e 8f 90 91 92 93 94 95 96 97 98 99 9a 9b 9c 9d 9e 9f a0 a1 a2 a3 a4 a5 a6 a7 a8 a9 aa ab ac ad ae af b0 b1 b2 b3 b4 b5 b6 b7 b8 b9 ba bb bc bd be bf c0 c1 c2 c3 c4 c5 c6 c7 c8 c9 ca cb cc ffffffffffffffff 0
[cyc 4456] [STRIP MRC headers IN 0] 8d 8e 8f 90 91 92 93 94 95 96 97 98 99 9a 9b 9c 9d 9e 9f a0 a1 a2 a3 a4 a5 a6 a7 a8 a9 aa ab ac ad ae af b0 b1 b2 b3 b4 b5 b6 b7 b8 b9 ba bb bc bd be bf c0 c1 c2 c3 c4 c5 c6 c7 c8 c9 ca cb cc ffffffffffffffff 0
[cyc 4456] [STRIP MRC headers OUT 0] 51 52 53 54 55 56 57 58 59 5a 5b 5c 5d 5e 5f 60 61 62 63 64 65 66 67 68 69 6a 6b 6c 6d 6e 6f 70 71 72 73 74 75 76 77 78 79 7a 7b 7c 7d 7e 7f 80 81 82 83 84 85 86 87 88 89 8a 8b 8c 8d 8e 8f 90 ffffffffffffffff 0
[cyc 4456] [R SHIFT BY OCTET IN] 51 52 53 54 55 56 57 58 59 5a 5b 5c 5d 5e 5f 60 61 62 63 64 65 66 67 68 69 6a 6b 6c 6d 6e 6f 70 71 72 73 74 75 76 77 78 79 7a 7b 7c 7d 7e 7f 80 81 82 83 84 85 86 87 88 89 8a 8b 8c 8d 8e 8f 90 ffffffffffffffff 0
[cyc 4456] [R SHIFT BY OCTET OUT] 21 22 23 24 25 26 27 28 29 2a 2b 2c 2d 2e 2f 30 31 32 33 34 35 36 37 38 39 3a 3b 3c 3d 3e 3f 40 41 42 43 44 45 46 47 48 49 4a 4b 4c 4d 4e 4f 50 51 52 53 54 55 56 57 58 59 5a 5b 5c 5d 5e 5f 60 ffffffffffffffff 0
[cyc 4457] [R SHIFT BY OCTET IN] 01 02 03 04 05 06 07 08 09 0a 0b 0c 0d 0e 0f 10 11 12 13 14 15 16 17 18 19 1a 1b 1c 1d 1e 1f 20 21 22 23 24 25 26 27 28 29 2a 2b 2c 2d 2e 2f 30 31 32 33 34 35 36 37 38 39 3a 3b 3c 3d 3e 3f 40 ffffffffffffffff 0
[cyc 4457] [R SHIFT BY OCTET OUT] cd ce cf d0 d1 d2 d3 d4 d5 d6 d7 d8 d9 da db dc dd de df e0 e1 e2 e3 e4 e5 e6 e7 e8 e9 ea eb ec ed ee ef f0 f1 f2 f3 f4 f5 f6 f7 f8 f9 fa fb fc fd fe ff 00 01 02 03 04 05 06 07 08 09 0a 0b 0c ffffffffffffffff 0
[cyc 4457] [STRIP MRC headers IN 0] cd ce cf d0 d1 d2 d3 d4 d5 d6 d7 d8 d9 da db dc dd de df e0 e1 e2 e3 e4 e5 e6 e7 e8 e9 ea eb ec ed ee ef f0 f1 f2 f3 f4 f5 f6 f7 f8 f9 fa fb fc fd fe ff 00 01 02 03 04 05 06 07 08 09 0a 0b 0c ffffffffffffffff 0
[cyc 4457] [STRIP MRC headers OUT 0] 91 92 93 94 95 96 97 98 99 9a 9b 9c 9d 9e 9f a0 a1 a2 a3 a4 a5 a6 a7 a8 a9 aa ab ac ad ae af b0 b1 b2 b3 b4 b5 b6 b7 b8 b9 ba bb bc bd be bf c0 c1 c2 c3 c4 c5 c6 c7 c8 c9 ca cb cc cd ce cf d0 ffffffffffffffff 0
[cyc 4457] [R SHIFT BY OCTET IN] 91 92 93 94 95 96 97 98 99 9a 9b 9c 9d 9e 9f a0 a1 a2 a3 a4 a5 a6 a7 a8 a9 aa ab ac ad ae af b0 b1 b2 b3 b4 b5 b6 b7 b8 b9 ba bb bc bd be bf c0 c1 c2 c3 c4 c5 c6 c7 c8 c9 ca cb cc cd ce cf d0 ffffffffffffffff 0
[cyc 4457] [R SHIFT BY OCTET OUT] 61 62 63 64 65 66 67 68 69 6a 6b 6c 6d 6e 6f 70 71 72 73 74 75 76 77 78 79 7a 7b 7c 7d 7e 7f 80 81 82 83 84 85 86 87 88 89 8a 8b 8c 8d 8e 8f 90 91 92 93 94 95 96 97 98 99 9a 9b 9c 9d 9e 9f a0 ffffffffffffffff 0
[cyc 4458] [R SHIFT BY OCTET IN] 41 42 43 44 45 46 47 48 49 4a 4b 4c 4d 4e 4f 50 51 52 53 54 55 56 57 58 59 5a 5b 5c 5d 5e 5f 60 61 62 63 64 65 66 67 68 69 6a 6b 6c 6d 6e 6f 70 71 72 73 74 75 76 77 78 79 7a 7b 7c 7d 7e 7f 80 ffffffffffffffff 0
[cyc 4458] [R SHIFT BY OCTET OUT] 0d 0e 0f 10 11 12 13 14 15 16 17 18 19 1a 1b 1c 1d 1e 1f 20 21 22 23 24 25 26 27 28 29 2a 2b 2c 2d 2e 2f 30 31 32 33 34 35 36 37 38 39 3a 3b 3c 3d 3e 3f 40 41 42 43 44 45 46 47 48 49 4a 4b 4c ffffffffffffffff 0
[cyc 4458] [STRIP MRC headers IN 0] 0d 0e 0f 10 11 12 13 14 15 16 17 18 19 1a 1b 1c 1d 1e 1f 20 21 22 23 24 25 26 27 28 29 2a 2b 2c 2d 2e 2f 30 31 32 33 34 35 36 37 38 39 3a 3b 3c 3d 3e 3f 40 41 42 43 44 45 46 47 48 49 4a 4b 4c ffffffffffffffff 0
[cyc 4458] [STRIP MRC headers OUT 0] d1 d2 d3 d4 d5 d6 d7 d8 d9 da db dc dd de df e0 e1 e2 e3 e4 e5 e6 e7 e8 e9 ea eb ec ed ee ef f0 f1 f2 f3 f4 f5 f6 f7 f8 f9 fa fb fc fd fe ff 00 01 02 03 04 05 06 07 08 09 0a 0b 0c 0d 0e 0f 10 ffffffffffffffff 0
[cyc 4458] [R SHIFT BY OCTET IN] d1 d2 d3 d4 d5 d6 d7 d8 d9 da db dc dd de df e0 e1 e2 e3 e4 e5 e6 e7 e8 e9 ea eb ec ed ee ef f0 f1 f2 f3 f4 f5 f6 f7 f8 f9 fa fb fc fd fe ff 00 01 02 03 04 05 06 07 08 09 0a 0b 0c 0d 0e 0f 10 ffffffffffffffff 0
[cyc 4458] [R SHIFT BY OCTET OUT] a1 a2 a3 a4 a5 a6 a7 a8 a9 aa ab ac ad ae af b0 b1 b2 b3 b4 b5 b6 b7 b8 b9 ba bb bc bd be bf c0 c1 c2 c3 c4 c5 c6 c7 c8 c9 ca cb cc cd ce cf d0 d1 d2 d3 d4 d5 d6 d7 d8 d9 da db dc dd de df e0 ffffffffffffffff 0
[cyc 4459] [TB] last beat of packet 0 (17 beat(s))
[cyc 4459] [R SHIFT BY OCTET IN] 81 82 83 84 85 86 87 88 89 8a 8b 8c 8d 8e 8f 90 91 92 93 94 95 96 97 98 99 9a 9b 9c 9d 9e 9f a0 00 00 00 00 00 00 00 00 00 00 00 00 00 00 00 00 00 00 00 00 00 00 00 00 00 00 00 00 00 00 00 00 00000000ffffffff 1  <- last
[cyc 4459] [R SHIFT BY OCTET OUT] 4d 4e 4f 50 51 52 53 54 55 56 57 58 59 5a 5b 5c 5d 5e 5f 60 61 62 63 64 65 66 67 68 69 6a 6b 6c 6d 6e 6f 70 71 72 73 74 75 76 77 78 79 7a 7b 7c 7d 7e 7f 80 81 82 83 84 85 86 87 88 89 8a 8b 8c ffffffffffffffff 0
[cyc 4459] [STRIP MRC headers IN 0] 4d 4e 4f 50 51 52 53 54 55 56 57 58 59 5a 5b 5c 5d 5e 5f 60 61 62 63 64 65 66 67 68 69 6a 6b 6c 6d 6e 6f 70 71 72 73 74 75 76 77 78 79 7a 7b 7c 7d 7e 7f 80 81 82 83 84 85 86 87 88 89 8a 8b 8c ffffffffffffffff 0
[cyc 4459] [STRIP MRC headers OUT 0] 11 12 13 14 15 16 17 18 19 1a 1b 1c 1d 1e 1f 20 21 22 23 24 25 26 27 28 29 2a 2b 2c 2d 2e 2f 30 31 32 33 34 35 36 37 38 39 3a 3b 3c 3d 3e 3f 40 41 42 43 44 45 46 47 48 49 4a 4b 4c 4d 4e 4f 50 ffffffffffffffff 0
[cyc 4459] [R SHIFT BY OCTET IN] 11 12 13 14 15 16 17 18 19 1a 1b 1c 1d 1e 1f 20 21 22 23 24 25 26 27 28 29 2a 2b 2c 2d 2e 2f 30 31 32 33 34 35 36 37 38 39 3a 3b 3c 3d 3e 3f 40 41 42 43 44 45 46 47 48 49 4a 4b 4c 4d 4e 4f 50 ffffffffffffffff 0
[cyc 4459] [R SHIFT BY OCTET OUT] e1 e2 e3 e4 e5 e6 e7 e8 e9 ea eb ec ed ee ef f0 f1 f2 f3 f4 f5 f6 f7 f8 f9 fa fb fc fd fe ff 00 01 02 03 04 05 06 07 08 09 0a 0b 0c 0d 0e 0f 10 11 12 13 14 15 16 17 18 19 1a 1b 1c 1d 1e 1f 20 ffffffffffffffff 0
[TB] All packets fed, running 300 more cycles...
[cyc 4460] [R SHIFT BY OCTET OUT] 8d 8e 8f 90 91 92 93 94 95 96 97 98 99 9a 9b 9c 9d 9e 9f a0 00 00 00 00 00 00 00 00 00 00 00 00 00 00 00 00 00 00 00 00 00 00 00 00 00 00 00 00 00 00 00 00 00 00 00 00 00 00 00 00 00 00 00 00 00000000000fffff 1  <- last
[cyc 4460] [STRIP MRC headers IN 0] 8d 8e 8f 90 91 92 93 94 95 96 97 98 99 9a 9b 9c 9d 9e 9f a0 00 00 00 00 00 00 00 00 00 00 00 00 00 00 00 00 00 00 00 00 00 00 00 00 00 00 00 00 00 00 00 00 00 00 00 00 00 00 00 00 00 00 00 00 00000000000fffff 1  <- last
[cyc 4460] [STRIP MRC headers OUT 0] 51 52 53 54 55 56 57 58 59 5a 5b 5c 5d 5e 5f 60 61 62 63 64 65 66 67 68 69 6a 6b 6c 6d 6e 6f 70 71 72 73 74 75 76 77 78 79 7a 7b 7c 7d 7e 7f 80 81 82 83 84 85 86 87 88 89 8a 8b 8c 8d 8e 8f 90 ffffffffffffffff 0
[cyc 4460] [R SHIFT BY OCTET IN] 51 52 53 54 55 56 57 58 59 5a 5b 5c 5d 5e 5f 60 61 62 63 64 65 66 67 68 69 6a 6b 6c 6d 6e 6f 70 71 72 73 74 75 76 77 78 79 7a 7b 7c 7d 7e 7f 80 81 82 83 84 85 86 87 88 89 8a 8b 8c 8d 8e 8f 90 ffffffffffffffff 0
[cyc 4460] [R SHIFT BY OCTET OUT] 21 22 23 24 25 26 27 28 29 2a 2b 2c 2d 2e 2f 30 31 32 33 34 35 36 37 38 39 3a 3b 3c 3d 3e 3f 40 41 42 43 44 45 46 47 48 49 4a 4b 4c 4d 4e 4f 50 51 52 53 54 55 56 57 58 59 5a 5b 5c 5d 5e 5f 60 ffffffffffffffff 0
[cyc 4461] [STRIP MRC headers OUT 0] 91 92 93 94 95 96 97 98 99 9a 9b 9c 9d 9e 9f a0 00 00 00 00 00 00 00 00 00 00 00 00 00 00 00 00 00 00 00 00 00 00 00 00 00 00 00 00 00 00 00 00 00 00 00 00 00 00 00 00 00 00 00 00 00 00 00 00 000000000000ffff 1  <- last
[cyc 4461] [R SHIFT BY OCTET IN] 91 92 93 94 95 96 97 98 99 9a 9b 9c 9d 9e 9f a0 a1 a2 a3 a4 a5 a6 a7 a8 a9 aa ab ac ad ae af b0 b1 b2 b3 b4 b5 b6 b7 b8 b9 ba bb bc bd be bf c0 c1 c2 c3 c4 c5 c6 c7 c8 c9 ca cb cc cd ce cf d0 ffffffffffffffff 0
[cyc 4461] [R SHIFT BY OCTET OUT] 61 62 63 64 65 66 67 68 69 6a 6b 6c 6d 6e 6f 70 71 72 73 74 75 76 77 78 79 7a 7b 7c 7d 7e 7f 80 81 82 83 84 85 86 87 88 89 8a 8b 8c 8d 8e 8f 90 91 92 93 94 95 96 97 98 99 9a 9b 9c 9d 9e 9f a0 ffffffffffffffff 0
[cyc 4462] [R SHIFT BY OCTET IN] d1 d2 d3 d4 d5 d6 d7 d8 d9 da db dc dd de df e0 e1 e2 e3 e4 e5 e6 e7 e8 e9 ea eb ec ed ee ef f0 f1 f2 f3 f4 f5 f6 f7 f8 f9 fa fb fc fd fe ff 00 01 02 03 04 05 06 07 08 09 0a 0b 0c 0d 0e 0f 10 ffffffffffffffff 0
[cyc 4462] [R SHIFT BY OCTET OUT] a1 a2 a3 a4 a5 a6 a7 a8 a9 aa ab ac ad ae af b0 b1 b2 b3 b4 b5 b6 b7 b8 b9 ba bb bc bd be bf c0 c1 c2 c3 c4 c5 c6 c7 c8 c9 ca cb cc cd ce cf d0 d1 d2 d3 d4 d5 d6 d7 d8 d9 da db dc dd de df e0 ffffffffffffffff 0
[cyc 4463] [R SHIFT BY OCTET IN] 11 12 13 14 15 16 17 18 19 1a 1b 1c 1d 1e 1f 20 21 22 23 24 25 26 27 28 29 2a 2b 2c 2d 2e 2f 30 31 32 33 34 35 36 37 38 39 3a 3b 3c 3d 3e 3f 40 41 42 43 44 45 46 47 48 49 4a 4b 4c 4d 4e 4f 50 ffffffffffffffff 0
[cyc 4463] [R SHIFT BY OCTET OUT] e1 e2 e3 e4 e5 e6 e7 e8 e9 ea eb ec ed ee ef f0 f1 f2 f3 f4 f5 f6 f7 f8 f9 fa fb fc fd fe ff 00 01 02 03 04 05 06 07 08 09 0a 0b 0c 0d 0e 0f 10 11 12 13 14 15 16 17 18 19 1a 1b 1c 1d 1e 1f 20 ffffffffffffffff 0
[cyc 4464] [R SHIFT BY OCTET IN] 51 52 53 54 55 56 57 58 59 5a 5b 5c 5d 5e 5f 60 61 62 63 64 65 66 67 68 69 6a 6b 6c 6d 6e 6f 70 71 72 73 74 75 76 77 78 79 7a 7b 7c 7d 7e 7f 80 81 82 83 84 85 86 87 88 89 8a 8b 8c 8d 8e 8f 90 ffffffffffffffff 0
[cyc 4464] [R SHIFT BY OCTET OUT] 21 22 23 24 25 26 27 28 29 2a 2b 2c 2d 2e 2f 30 31 32 33 34 35 36 37 38 39 3a 3b 3c 3d 3e 3f 40 41 42 43 44 45 46 47 48 49 4a 4b 4c 4d 4e 4f 50 51 52 53 54 55 56 57 58 59 5a 5b 5c 5d 5e 5f 60 ffffffffffffffff 0
[cyc 4465] [R SHIFT BY OCTET IN] 91 92 93 94 95 96 97 98 99 9a 9b 9c 9d 9e 9f a0 00 00 00 00 00 00 00 00 00 00 00 00 00 00 00 00 00 00 00 00 00 00 00 00 00 00 00 00 00 00 00 00 00 00 00 00 00 00 00 00 00 00 00 00 00 00 00 00 000000000000ffff 1  <- last
[cyc 4465] [R SHIFT BY OCTET OUT] 61 62 63 64 65 66 67 68 69 6a 6b 6c 6d 6e 6f 70 71 72 73 74 75 76 77 78 79 7a 7b 7c 7d 7e 7f 80 81 82 83 84 85 86 87 88 89 8a 8b 8c 8d 8e 8f 90 91 92 93 94 95 96 97 98 99 9a 9b 9c 9d 9e 9f a0 ffffffffffffffff 1  <- last

[TB] ---- Outputs (cycle they left the module) ----
[TB] cyc 4449 m_axis_mem_write_cmd: op=RC_RDMA_WRITE_FIRST qpn=0x5 addr=0x10000 len=1024 lst=0 host=1
[TB] cyc 4466 m_axis_mem_write_data: 1024 B
      0000: a1 a2 a3 a4 a5 a6 a7 a8 a9 aa ab ac ad ae af b0 
      0010: b1 b2 b3 b4 b5 b6 b7 b8 b9 ba bb bc bd be bf c0 
      0020: c1 c2 c3 c4 c5 c6 c7 c8 c9 ca cb cc cd ce cf d0 
      0030: d1 d2 d3 d4 d5 d6 d7 d8 d9 da db dc dd de df e0 
      ... (960 more bytes)
[TB] cyc 4453 m_axis_tx_data packet (16 B), meta: dst ip=0xa000002 length=20
      0000: d1 00 ff ff 00 00 00 42 00 0a 0b 15 1f 00 00 09 

[TB] ---- Checks ----
[TB] Packet 0: TEST 05a: FIRST
  [PASS] a memory write command was issued for it
[TB]   memory command at cycle 4449
  [PASS] memCmd.op_code = 0xc6
  [PASS] memCmd.qpn     = 0x5
  [PASS] memCmd.addr    = 0x10000
  [PASS] memCmd.len     = 1024
  [PASS] memCmd.lst     = 0x0
  [PASS] payload data reached memory
[TB]   payload in memory by cycle 4466
  [PASS] bytes written to memory = 1024
  [PASS] memory data is identical to the payload that was sent
  [PASS] a reply (ACK/NAK) was sent for it
[TB]   reply at cycle 4453
  [PASS] tx meta: destination IP = 0xa000002
  [PASS] tx meta: UDP length (BTH+AETH+ICRC) = 20
[TB]   parsed reply: MRC_ACK  DestQP=0x42  PSN=0xa0b15  AETH.syndrome=0x1f (ACK)  AETH.MSN=0x9
  [PASS] reply length in bytes = 16
  [PASS] reply BTH.opcode (MRC_ACK) = 0xd1
  [PASS] reply BTH.DestQP (remote QPN) = 0x42
  [PASS] reply BTH.PSN = 0xa0b15
  [PASS] reply AETH.syndrome (ACK) = 0x1f
  [PASS] reply AETH.MSN = 0x9
[TB] Whole group
  [PASS] unexpected memory write commands = 0
  [PASS] unexpected memory payloads = 0
  [PASS] no memory data beat left without TLAST
  [PASS] unexpected packets sent back = 0
  [PASS] tx meta entries = tx packets = 1
  [PASS] invalid-PSN drop counter increase over the group = 0
  [PASS] ackMeta to the host (only used for our own requests) = 0
  [PASS] module consumed the whole input
  [PASS] no memory READ command issued

=====================================================================
  GROUP: TEST 05b: MIDDLE
=====================================================================
[TB] Packet 0: TEST 05b: MIDDLE
[TB]   state before: epsn=0xa0b16 last_psn=0xa0b15
[TB]   RC_RDMA_WRITE_MIDDLE  DestQP=0x5  PSN=0xa0b16, 658198  RETH.vaddr=0x10400  RETH.len=2148  payload=1024 B  UDP length=1068  (then drain and check)
      0000: c7 00 ff ff 00 00 00 05 80 0a 0b 16 00 00 00 09 
      0010: 00 00 00 00 00 01 04 00 00 00 12 34 00 00 08 64 
      0020: a2 a3 a4 a5 a6 a7 a8 a9 aa ab ac ad ae af b0 b1 
      0030: b2 b3 b4 b5 b6 b7 b8 b9 ba bb bc bd be bf c0 c1 
      ... (992 more bytes)

[TB] Feeding 1 packet(s)... (module prints follow)
[cyc 4760] [TB] first beat of packet 0 (TEST 05b: MIDDLE)
[cyc 4760] [RX PROCESS IBH 0]: input psn 0x0a0b16
[cyc 4760] [RX PROCESS IBH 0]: process IBH opcode: c7
[cyc 4760] [R SHIFT BY OCTET IN] c7 00 ff ff 00 00 00 05 80 0a 0b 16 00 00 00 09 00 00 00 00 00 01 04 00 00 00 12 34 00 00 08 64 a2 a3 a4 a5 a6 a7 a8 a9 aa ab ac ad ae af b0 b1 b2 b3 b4 b5 b6 b7 b8 b9 ba bb bc bd be bf c0 c1 ffffffffffffffff 0
[cyc 4761] [R SHIFT BY OCTET IN] c2 c3 c4 c5 c6 c7 c8 c9 ca cb cc cd ce cf d0 d1 d2 d3 d4 d5 d6 d7 d8 d9 da db dc dd de df e0 e1 e2 e3 e4 e5 e6 e7 e8 e9 ea eb ec ed ee ef f0 f1 f2 f3 f4 f5 f6 f7 f8 f9 fa fb fc fd fe ff 00 01 ffffffffffffffff 0
[cyc 4761] [R SHIFT BY OCTET OUT] 00 00 00 09 00 00 00 00 00 01 04 00 00 00 12 34 00 00 08 64 a2 a3 a4 a5 a6 a7 a8 a9 aa ab ac ad ae af b0 b1 b2 b3 b4 b5 b6 b7 b8 b9 ba bb bc bd be bf c0 c1 c2 c3 c4 c5 c6 c7 c8 c9 ca cb cc cd ffffffffffffffff 0
[cyc 4761] [STRIP MRC headers IN 0] 00 00 00 09 00 00 00 00 00 01 04 00 00 00 12 34 00 00 08 64 a2 a3 a4 a5 a6 a7 a8 a9 aa ab ac ad ae af b0 b1 b2 b3 b4 b5 b6 b7 b8 b9 ba bb bc bd be bf c0 c1 c2 c3 c4 c5 c6 c7 c8 c9 ca cb cc cd ffffffffffffffff 0
[cyc 4762] [R SHIFT BY OCTET IN] 02 03 04 05 06 07 08 09 0a 0b 0c 0d 0e 0f 10 11 12 13 14 15 16 17 18 19 1a 1b 1c 1d 1e 1f 20 21 22 23 24 25 26 27 28 29 2a 2b 2c 2d 2e 2f 30 31 32 33 34 35 36 37 38 39 3a 3b 3c 3d 3e 3f 40 41 ffffffffffffffff 0
[cyc 4762] [R SHIFT BY OCTET OUT] ce cf d0 d1 d2 d3 d4 d5 d6 d7 d8 d9 da db dc dd de df e0 e1 e2 e3 e4 e5 e6 e7 e8 e9 ea eb ec ed ee ef f0 f1 f2 f3 f4 f5 f6 f7 f8 f9 fa fb fc fd fe ff 00 01 02 03 04 05 06 07 08 09 0a 0b 0c 0d ffffffffffffffff 0
[cyc 4762] [STRIP MRC headers IN 0] ce cf d0 d1 d2 d3 d4 d5 d6 d7 d8 d9 da db dc dd de df e0 e1 e2 e3 e4 e5 e6 e7 e8 e9 ea eb ec ed ee ef f0 f1 f2 f3 f4 f5 f6 f7 f8 f9 fa fb fc fd fe ff 00 01 02 03 04 05 06 07 08 09 0a 0b 0c 0d ffffffffffffffff 0
[cyc 4762] [STRIP MRC headers OUT 0] 00 00 00 00 00 01 04 00 00 00 12 34 00 00 08 64 a2 a3 a4 a5 a6 a7 a8 a9 aa ab ac ad ae af b0 b1 b2 b3 b4 b5 b6 b7 b8 b9 ba bb bc bd be bf c0 c1 c2 c3 c4 c5 c6 c7 c8 c9 ca cb cc cd ce cf d0 d1 ffffffffffffffff 0
[cyc 4763] [R SHIFT BY OCTET IN] 42 43 44 45 46 47 48 49 4a 4b 4c 4d 4e 4f 50 51 52 53 54 55 56 57 58 59 5a 5b 5c 5d 5e 5f 60 61 62 63 64 65 66 67 68 69 6a 6b 6c 6d 6e 6f 70 71 72 73 74 75 76 77 78 79 7a 7b 7c 7d 7e 7f 80 81 ffffffffffffffff 0
[cyc 4763] [R SHIFT BY OCTET OUT] 0e 0f 10 11 12 13 14 15 16 17 18 19 1a 1b 1c 1d 1e 1f 20 21 22 23 24 25 26 27 28 29 2a 2b 2c 2d 2e 2f 30 31 32 33 34 35 36 37 38 39 3a 3b 3c 3d 3e 3f 40 41 42 43 44 45 46 47 48 49 4a 4b 4c 4d ffffffffffffffff 0
[cyc 4763] [STRIP MRC headers IN 0] 0e 0f 10 11 12 13 14 15 16 17 18 19 1a 1b 1c 1d 1e 1f 20 21 22 23 24 25 26 27 28 29 2a 2b 2c 2d 2e 2f 30 31 32 33 34 35 36 37 38 39 3a 3b 3c 3d 3e 3f 40 41 42 43 44 45 46 47 48 49 4a 4b 4c 4d ffffffffffffffff 0
[cyc 4763] [STRIP MRC headers OUT 0] d2 d3 d4 d5 d6 d7 d8 d9 da db dc dd de df e0 e1 e2 e3 e4 e5 e6 e7 e8 e9 ea eb ec ed ee ef f0 f1 f2 f3 f4 f5 f6 f7 f8 f9 fa fb fc fd fe ff 00 01 02 03 04 05 06 07 08 09 0a 0b 0c 0d 0e 0f 10 11 ffffffffffffffff 0
[cyc 4763] [RX IBH FSM 0]: epsn: 0x0a0b16, 658198, packet psn: 0x0a0b16, 658198, oldest outstanding psn: 0x8a0b16, 9046806
[cyc 4764] [R SHIFT BY OCTET IN] 82 83 84 85 86 87 88 89 8a 8b 8c 8d 8e 8f 90 91 92 93 94 95 96 97 98 99 9a 9b 9c 9d 9e 9f a0 a1 a2 a3 a4 a5 a6 a7 a8 a9 aa ab ac ad ae af b0 b1 b2 b3 b4 b5 b6 b7 b8 b9 ba bb bc bd be bf c0 c1 ffffffffffffffff 0
[cyc 4764] [R SHIFT BY OCTET OUT] 4e 4f 50 51 52 53 54 55 56 57 58 59 5a 5b 5c 5d 5e 5f 60 61 62 63 64 65 66 67 68 69 6a 6b 6c 6d 6e 6f 70 71 72 73 74 75 76 77 78 79 7a 7b 7c 7d 7e 7f 80 81 82 83 84 85 86 87 88 89 8a 8b 8c 8d ffffffffffffffff 0
[cyc 4764] [STRIP MRC headers IN 0] 4e 4f 50 51 52 53 54 55 56 57 58 59 5a 5b 5c 5d 5e 5f 60 61 62 63 64 65 66 67 68 69 6a 6b 6c 6d 6e 6f 70 71 72 73 74 75 76 77 78 79 7a 7b 7c 7d 7e 7f 80 81 82 83 84 85 86 87 88 89 8a 8b 8c 8d ffffffffffffffff 0
[cyc 4764] [STRIP MRC headers OUT 0] 12 13 14 15 16 17 18 19 1a 1b 1c 1d 1e 1f 20 21 22 23 24 25 26 27 28 29 2a 2b 2c 2d 2e 2f 30 31 32 33 34 35 36 37 38 39 3a 3b 3c 3d 3e 3f 40 41 42 43 44 45 46 47 48 49 4a 4b 4c 4d 4e 4f 50 51 ffffffffffffffff 0
[cyc 4765] [R SHIFT BY OCTET IN] c2 c3 c4 c5 c6 c7 c8 c9 ca cb cc cd ce cf d0 d1 d2 d3 d4 d5 d6 d7 d8 d9 da db dc dd de df e0 e1 e2 e3 e4 e5 e6 e7 e8 e9 ea eb ec ed ee ef f0 f1 f2 f3 f4 f5 f6 f7 f8 f9 fa fb fc fd fe ff 00 01 ffffffffffffffff 0
[cyc 4765] [R SHIFT BY OCTET OUT] 8e 8f 90 91 92 93 94 95 96 97 98 99 9a 9b 9c 9d 9e 9f a0 a1 a2 a3 a4 a5 a6 a7 a8 a9 aa ab ac ad ae af b0 b1 b2 b3 b4 b5 b6 b7 b8 b9 ba bb bc bd be bf c0 c1 c2 c3 c4 c5 c6 c7 c8 c9 ca cb cc cd ffffffffffffffff 0
[cyc 4765] [STRIP MRC headers IN 0] 8e 8f 90 91 92 93 94 95 96 97 98 99 9a 9b 9c 9d 9e 9f a0 a1 a2 a3 a4 a5 a6 a7 a8 a9 aa ab ac ad ae af b0 b1 b2 b3 b4 b5 b6 b7 b8 b9 ba bb bc bd be bf c0 c1 c2 c3 c4 c5 c6 c7 c8 c9 ca cb cc cd ffffffffffffffff 0
[cyc 4765] [STRIP MRC headers OUT 0] 52 53 54 55 56 57 58 59 5a 5b 5c 5d 5e 5f 60 61 62 63 64 65 66 67 68 69 6a 6b 6c 6d 6e 6f 70 71 72 73 74 75 76 77 78 79 7a 7b 7c 7d 7e 7f 80 81 82 83 84 85 86 87 88 89 8a 8b 8c 8d 8e 8f 90 91 ffffffffffffffff 0
[cyc 4765] [META MERGER 0]: reading from ack event with qpn 0x5, psn 0x0a0b16
[cyc 4766] [R SHIFT BY OCTET IN] 02 03 04 05 06 07 08 09 0a 0b 0c 0d 0e 0f 10 11 12 13 14 15 16 17 18 19 1a 1b 1c 1d 1e 1f 20 21 22 23 24 25 26 27 28 29 2a 2b 2c 2d 2e 2f 30 31 32 33 34 35 36 37 38 39 3a 3b 3c 3d 3e 3f 40 41 ffffffffffffffff 0
[cyc 4766] [R SHIFT BY OCTET OUT] ce cf d0 d1 d2 d3 d4 d5 d6 d7 d8 d9 da db dc dd de df e0 e1 e2 e3 e4 e5 e6 e7 e8 e9 ea eb ec ed ee ef f0 f1 f2 f3 f4 f5 f6 f7 f8 f9 fa fb fc fd fe ff 00 01 02 03 04 05 06 07 08 09 0a 0b 0c 0d ffffffffffffffff 0
[cyc 4766] [STRIP MRC headers IN 0] ce cf d0 d1 d2 d3 d4 d5 d6 d7 d8 d9 da db dc dd de df e0 e1 e2 e3 e4 e5 e6 e7 e8 e9 ea eb ec ed ee ef f0 f1 f2 f3 f4 f5 f6 f7 f8 f9 fa fb fc fd fe ff 00 01 02 03 04 05 06 07 08 09 0a 0b 0c 0d ffffffffffffffff 0
[cyc 4766] [STRIP MRC headers OUT 0] 92 93 94 95 96 97 98 99 9a 9b 9c 9d 9e 9f a0 a1 a2 a3 a4 a5 a6 a7 a8 a9 aa ab ac ad ae af b0 b1 b2 b3 b4 b5 b6 b7 b8 b9 ba bb bc bd be bf c0 c1 c2 c3 c4 c5 c6 c7 c8 c9 ca cb cc cd ce cf d0 d1 ffffffffffffffff 0
[cyc 4766] [R SHIFT BY OCTET IN] 00 00 00 00 00 01 04 00 00 00 12 34 00 00 08 64 a2 a3 a4 a5 a6 a7 a8 a9 aa ab ac ad ae af b0 b1 b2 b3 b4 b5 b6 b7 b8 b9 ba bb bc bd be bf c0 c1 c2 c3 c4 c5 c6 c7 c8 c9 ca cb cc cd ce cf d0 d1 ffffffffffffffff 0
[cyc 4767] [R SHIFT BY OCTET IN] 42 43 44 45 46 47 48 49 4a 4b 4c 4d 4e 4f 50 51 52 53 54 55 56 57 58 59 5a 5b 5c 5d 5e 5f 60 61 62 63 64 65 66 67 68 69 6a 6b 6c 6d 6e 6f 70 71 72 73 74 75 76 77 78 79 7a 7b 7c 7d 7e 7f 80 81 ffffffffffffffff 0
[cyc 4767] [R SHIFT BY OCTET OUT] 0e 0f 10 11 12 13 14 15 16 17 18 19 1a 1b 1c 1d 1e 1f 20 21 22 23 24 25 26 27 28 29 2a 2b 2c 2d 2e 2f 30 31 32 33 34 35 36 37 38 39 3a 3b 3c 3d 3e 3f 40 41 42 43 44 45 46 47 48 49 4a 4b 4c 4d ffffffffffffffff 0
[cyc 4767] [STRIP MRC headers IN 0] 0e 0f 10 11 12 13 14 15 16 17 18 19 1a 1b 1c 1d 1e 1f 20 21 22 23 24 25 26 27 28 29 2a 2b 2c 2d 2e 2f 30 31 32 33 34 35 36 37 38 39 3a 3b 3c 3d 3e 3f 40 41 42 43 44 45 46 47 48 49 4a 4b 4c 4d ffffffffffffffff 0
[cyc 4767] [STRIP MRC headers OUT 0] d2 d3 d4 d5 d6 d7 d8 d9 da db dc dd de df e0 e1 e2 e3 e4 e5 e6 e7 e8 e9 ea eb ec ed ee ef f0 f1 f2 f3 f4 f5 f6 f7 f8 f9 fa fb fc fd fe ff 00 01 02 03 04 05 06 07 08 09 0a 0b 0c 0d 0e 0f 10 11 ffffffffffffffff 0
[cyc 4767] [R SHIFT BY OCTET IN] d2 d3 d4 d5 d6 d7 d8 d9 da db dc dd de df e0 e1 e2 e3 e4 e5 e6 e7 e8 e9 ea eb ec ed ee ef f0 f1 f2 f3 f4 f5 f6 f7 f8 f9 fa fb fc fd fe ff 00 01 02 03 04 05 06 07 08 09 0a 0b 0c 0d 0e 0f 10 11 ffffffffffffffff 0
[cyc 4767] [R SHIFT BY OCTET OUT] a2 a3 a4 a5 a6 a7 a8 a9 aa ab ac ad ae af b0 b1 b2 b3 b4 b5 b6 b7 b8 b9 ba bb bc bd be bf c0 c1 c2 c3 c4 c5 c6 c7 c8 c9 ca cb cc cd ce cf d0 d1 d2 d3 d4 d5 d6 d7 d8 d9 da db dc dd de df e0 e1 ffffffffffffffff 0
[cyc 4767] [GENERATE EXH 0]: MRC_ACK with qpn 0x5, psn 0x0a0b16
[cyc 4767] [GENERATE EXH 0]: MRC_ACK 1f 00 00 09 a6 a7 a8 a9 00 71 f4 d0 83 e8 5f f6 60 fa 8b 9e 40 5f 00 00 40 be 46 89 fe 7f 00 00 d0 fa 8b 9e 40 5f 00 00 44 5b 81 9e 40 5f 00 00 44 c0 46 89 fe 7f 00 00 87 16 85 9e 40 5f 00 00 000000000000000f 1
[cyc 4767] [APPEND PAYLOAD 0]: moving to state HEADER
[cyc 4767] [TX IP UDP META MERGER 0]: port 0xc000
[cyc 4768] [R SHIFT BY OCTET IN] 82 83 84 85 86 87 88 89 8a 8b 8c 8d 8e 8f 90 91 92 93 94 95 96 97 98 99 9a 9b 9c 9d 9e 9f a0 a1 a2 a3 a4 a5 a6 a7 a8 a9 aa ab ac ad ae af b0 b1 b2 b3 b4 b5 b6 b7 b8 b9 ba bb bc bd be bf c0 c1 ffffffffffffffff 0
[cyc 4768] [R SHIFT BY OCTET OUT] 4e 4f 50 51 52 53 54 55 56 57 58 59 5a 5b 5c 5d 5e 5f 60 61 62 63 64 65 66 67 68 69 6a 6b 6c 6d 6e 6f 70 71 72 73 74 75 76 77 78 79 7a 7b 7c 7d 7e 7f 80 81 82 83 84 85 86 87 88 89 8a 8b 8c 8d ffffffffffffffff 0
[cyc 4768] [STRIP MRC headers IN 0] 4e 4f 50 51 52 53 54 55 56 57 58 59 5a 5b 5c 5d 5e 5f 60 61 62 63 64 65 66 67 68 69 6a 6b 6c 6d 6e 6f 70 71 72 73 74 75 76 77 78 79 7a 7b 7c 7d 7e 7f 80 81 82 83 84 85 86 87 88 89 8a 8b 8c 8d ffffffffffffffff 0
[cyc 4768] [STRIP MRC headers OUT 0] 12 13 14 15 16 17 18 19 1a 1b 1c 1d 1e 1f 20 21 22 23 24 25 26 27 28 29 2a 2b 2c 2d 2e 2f 30 31 32 33 34 35 36 37 38 39 3a 3b 3c 3d 3e 3f 40 41 42 43 44 45 46 47 48 49 4a 4b 4c 4d 4e 4f 50 51 ffffffffffffffff 0
[cyc 4768] [R SHIFT BY OCTET IN] 12 13 14 15 16 17 18 19 1a 1b 1c 1d 1e 1f 20 21 22 23 24 25 26 27 28 29 2a 2b 2c 2d 2e 2f 30 31 32 33 34 35 36 37 38 39 3a 3b 3c 3d 3e 3f 40 41 42 43 44 45 46 47 48 49 4a 4b 4c 4d 4e 4f 50 51 ffffffffffffffff 0
[cyc 4768] [R SHIFT BY OCTET OUT] e2 e3 e4 e5 e6 e7 e8 e9 ea eb ec ed ee ef f0 f1 f2 f3 f4 f5 f6 f7 f8 f9 fa fb fc fd fe ff 00 01 02 03 04 05 06 07 08 09 0a 0b 0c 0d 0e 0f 10 11 12 13 14 15 16 17 18 19 1a 1b 1c 1d 1e 1f 20 21 ffffffffffffffff 0
[cyc 4768] [APPEND PAYLOAD 0]: moving to state INFO
[cyc 4768] [GENERATE IBH 0]: input meta, opcode 0xd1 valid psn 0x0a0b16
[cyc 4768] [PREPEND IBH HEADER 0]: going to state PARTIAL_HEADER
[cyc 4769] [R SHIFT BY OCTET IN] c2 c3 c4 c5 c6 c7 c8 c9 ca cb cc cd ce cf d0 d1 d2 d3 d4 d5 d6 d7 d8 d9 da db dc dd de df e0 e1 e2 e3 e4 e5 e6 e7 e8 e9 ea eb ec ed ee ef f0 f1 f2 f3 f4 f5 f6 f7 f8 f9 fa fb fc fd fe ff 00 01 ffffffffffffffff 0
[cyc 4769] [R SHIFT BY OCTET OUT] 8e 8f 90 91 92 93 94 95 96 97 98 99 9a 9b 9c 9d 9e 9f a0 a1 a2 a3 a4 a5 a6 a7 a8 a9 aa ab ac ad ae af b0 b1 b2 b3 b4 b5 b6 b7 b8 b9 ba bb bc bd be bf c0 c1 c2 c3 c4 c5 c6 c7 c8 c9 ca cb cc cd ffffffffffffffff 0
[cyc 4769] [STRIP MRC headers IN 0] 8e 8f 90 91 92 93 94 95 96 97 98 99 9a 9b 9c 9d 9e 9f a0 a1 a2 a3 a4 a5 a6 a7 a8 a9 aa ab ac ad ae af b0 b1 b2 b3 b4 b5 b6 b7 b8 b9 ba bb bc bd be bf c0 c1 c2 c3 c4 c5 c6 c7 c8 c9 ca cb cc cd ffffffffffffffff 0
[cyc 4769] [STRIP MRC headers OUT 0] 52 53 54 55 56 57 58 59 5a 5b 5c 5d 5e 5f 60 61 62 63 64 65 66 67 68 69 6a 6b 6c 6d 6e 6f 70 71 72 73 74 75 76 77 78 79 7a 7b 7c 7d 7e 7f 80 81 82 83 84 85 86 87 88 89 8a 8b 8c 8d 8e 8f 90 91 ffffffffffffffff 0
[cyc 4769] [R SHIFT BY OCTET IN] 52 53 54 55 56 57 58 59 5a 5b 5c 5d 5e 5f 60 61 62 63 64 65 66 67 68 69 6a 6b 6c 6d 6e 6f 70 71 72 73 74 75 76 77 78 79 7a 7b 7c 7d 7e 7f 80 81 82 83 84 85 86 87 88 89 8a 8b 8c 8d 8e 8f 90 91 ffffffffffffffff 0
[cyc 4769] [R SHIFT BY OCTET OUT] 22 23 24 25 26 27 28 29 2a 2b 2c 2d 2e 2f 30 31 32 33 34 35 36 37 38 39 3a 3b 3c 3d 3e 3f 40 41 42 43 44 45 46 47 48 49 4a 4b 4c 4d 4e 4f 50 51 52 53 54 55 56 57 58 59 5a 5b 5c 5d 5e 5f 60 61 ffffffffffffffff 0
[cyc 4769] [PREPEND IBH HEADER 0]: IBH PARTIAL PAYLOAD
[cyc 4769] 00 00 00 00 00 00 00 00 00 00 00 00 1f 00 00 09 a6 a7 a8 a9 00 71 f4 d0 83 e8 5f f6 60 fa 8b 9e 40 5f 00 00 40 be 46 89 fe 7f 00 00 d0 fa 8b 9e 40 5f 00 00 44 5b 81 9e 40 5f 00 00 44 c0 46 89 000000000000ffff 1
[cyc 4769] [PREPEND IBH HEADER 0]: IBH PARTIAL HEADER
[cyc 4769] d1 00 ff ff 00 00 00 42 00 0a 0b 16 1f 00 00 09 a6 a7 a8 a9 00 71 f4 d0 83 e8 5f f6 60 fa 8b 9e 40 5f 00 00 40 be 46 89 fe 7f 00 00 d0 fa 8b 9e 40 5f 00 00 44 5b 81 9e 40 5f 00 00 44 c0 46 89 000000000000ffff 1
[cyc 4770] [R SHIFT BY OCTET IN] 02 03 04 05 06 07 08 09 0a 0b 0c 0d 0e 0f 10 11 12 13 14 15 16 17 18 19 1a 1b 1c 1d 1e 1f 20 21 22 23 24 25 26 27 28 29 2a 2b 2c 2d 2e 2f 30 31 32 33 34 35 36 37 38 39 3a 3b 3c 3d 3e 3f 40 41 ffffffffffffffff 0
[cyc 4770] [R SHIFT BY OCTET OUT] ce cf d0 d1 d2 d3 d4 d5 d6 d7 d8 d9 da db dc dd de df e0 e1 e2 e3 e4 e5 e6 e7 e8 e9 ea eb ec ed ee ef f0 f1 f2 f3 f4 f5 f6 f7 f8 f9 fa fb fc fd fe ff 00 01 02 03 04 05 06 07 08 09 0a 0b 0c 0d ffffffffffffffff 0
[cyc 4770] [STRIP MRC headers IN 0] ce cf d0 d1 d2 d3 d4 d5 d6 d7 d8 d9 da db dc dd de df e0 e1 e2 e3 e4 e5 e6 e7 e8 e9 ea eb ec ed ee ef f0 f1 f2 f3 f4 f5 f6 f7 f8 f9 fa fb fc fd fe ff 00 01 02 03 04 05 06 07 08 09 0a 0b 0c 0d ffffffffffffffff 0
[cyc 4770] [STRIP MRC headers OUT 0] 92 93 94 95 96 97 98 99 9a 9b 9c 9d 9e 9f a0 a1 a2 a3 a4 a5 a6 a7 a8 a9 aa ab ac ad ae af b0 b1 b2 b3 b4 b5 b6 b7 b8 b9 ba bb bc bd be bf c0 c1 c2 c3 c4 c5 c6 c7 c8 c9 ca cb cc cd ce cf d0 d1 ffffffffffffffff 0
[cyc 4770] [R SHIFT BY OCTET IN] 92 93 94 95 96 97 98 99 9a 9b 9c 9d 9e 9f a0 a1 a2 a3 a4 a5 a6 a7 a8 a9 aa ab ac ad ae af b0 b1 b2 b3 b4 b5 b6 b7 b8 b9 ba bb bc bd be bf c0 c1 c2 c3 c4 c5 c6 c7 c8 c9 ca cb cc cd ce cf d0 d1 ffffffffffffffff 0
[cyc 4770] [R SHIFT BY OCTET OUT] 62 63 64 65 66 67 68 69 6a 6b 6c 6d 6e 6f 70 71 72 73 74 75 76 77 78 79 7a 7b 7c 7d 7e 7f 80 81 82 83 84 85 86 87 88 89 8a 8b 8c 8d 8e 8f 90 91 92 93 94 95 96 97 98 99 9a 9b 9c 9d 9e 9f a0 a1 ffffffffffffffff 0
[cyc 4771] [R SHIFT BY OCTET IN] 42 43 44 45 46 47 48 49 4a 4b 4c 4d 4e 4f 50 51 52 53 54 55 56 57 58 59 5a 5b 5c 5d 5e 5f 60 61 62 63 64 65 66 67 68 69 6a 6b 6c 6d 6e 6f 70 71 72 73 74 75 76 77 78 79 7a 7b 7c 7d 7e 7f 80 81 ffffffffffffffff 0
[cyc 4771] [R SHIFT BY OCTET OUT] 0e 0f 10 11 12 13 14 15 16 17 18 19 1a 1b 1c 1d 1e 1f 20 21 22 23 24 25 26 27 28 29 2a 2b 2c 2d 2e 2f 30 31 32 33 34 35 36 37 38 39 3a 3b 3c 3d 3e 3f 40 41 42 43 44 45 46 47 48 49 4a 4b 4c 4d ffffffffffffffff 0
[cyc 4771] [STRIP MRC headers IN 0] 0e 0f 10 11 12 13 14 15 16 17 18 19 1a 1b 1c 1d 1e 1f 20 21 22 23 24 25 26 27 28 29 2a 2b 2c 2d 2e 2f 30 31 32 33 34 35 36 37 38 39 3a 3b 3c 3d 3e 3f 40 41 42 43 44 45 46 47 48 49 4a 4b 4c 4d ffffffffffffffff 0
[cyc 4771] [STRIP MRC headers OUT 0] d2 d3 d4 d5 d6 d7 d8 d9 da db dc dd de df e0 e1 e2 e3 e4 e5 e6 e7 e8 e9 ea eb ec ed ee ef f0 f1 f2 f3 f4 f5 f6 f7 f8 f9 fa fb fc fd fe ff 00 01 02 03 04 05 06 07 08 09 0a 0b 0c 0d 0e 0f 10 11 ffffffffffffffff 0
[cyc 4771] [R SHIFT BY OCTET IN] d2 d3 d4 d5 d6 d7 d8 d9 da db dc dd de df e0 e1 e2 e3 e4 e5 e6 e7 e8 e9 ea eb ec ed ee ef f0 f1 f2 f3 f4 f5 f6 f7 f8 f9 fa fb fc fd fe ff 00 01 02 03 04 05 06 07 08 09 0a 0b 0c 0d 0e 0f 10 11 ffffffffffffffff 0
[cyc 4771] [R SHIFT BY OCTET OUT] a2 a3 a4 a5 a6 a7 a8 a9 aa ab ac ad ae af b0 b1 b2 b3 b4 b5 b6 b7 b8 b9 ba bb bc bd be bf c0 c1 c2 c3 c4 c5 c6 c7 c8 c9 ca cb cc cd ce cf d0 d1 d2 d3 d4 d5 d6 d7 d8 d9 da db dc dd de df e0 e1 ffffffffffffffff 0
[cyc 4772] [R SHIFT BY OCTET IN] 82 83 84 85 86 87 88 89 8a 8b 8c 8d 8e 8f 90 91 92 93 94 95 96 97 98 99 9a 9b 9c 9d 9e 9f a0 a1 a2 a3 a4 a5 a6 a7 a8 a9 aa ab ac ad ae af b0 b1 b2 b3 b4 b5 b6 b7 b8 b9 ba bb bc bd be bf c0 c1 ffffffffffffffff 0
[cyc 4772] [R SHIFT BY OCTET OUT] 4e 4f 50 51 52 53 54 55 56 57 58 59 5a 5b 5c 5d 5e 5f 60 61 62 63 64 65 66 67 68 69 6a 6b 6c 6d 6e 6f 70 71 72 73 74 75 76 77 78 79 7a 7b 7c 7d 7e 7f 80 81 82 83 84 85 86 87 88 89 8a 8b 8c 8d ffffffffffffffff 0
[cyc 4772] [STRIP MRC headers IN 0] 4e 4f 50 51 52 53 54 55 56 57 58 59 5a 5b 5c 5d 5e 5f 60 61 62 63 64 65 66 67 68 69 6a 6b 6c 6d 6e 6f 70 71 72 73 74 75 76 77 78 79 7a 7b 7c 7d 7e 7f 80 81 82 83 84 85 86 87 88 89 8a 8b 8c 8d ffffffffffffffff 0
[cyc 4772] [STRIP MRC headers OUT 0] 12 13 14 15 16 17 18 19 1a 1b 1c 1d 1e 1f 20 21 22 23 24 25 26 27 28 29 2a 2b 2c 2d 2e 2f 30 31 32 33 34 35 36 37 38 39 3a 3b 3c 3d 3e 3f 40 41 42 43 44 45 46 47 48 49 4a 4b 4c 4d 4e 4f 50 51 ffffffffffffffff 0
[cyc 4772] [R SHIFT BY OCTET IN] 12 13 14 15 16 17 18 19 1a 1b 1c 1d 1e 1f 20 21 22 23 24 25 26 27 28 29 2a 2b 2c 2d 2e 2f 30 31 32 33 34 35 36 37 38 39 3a 3b 3c 3d 3e 3f 40 41 42 43 44 45 46 47 48 49 4a 4b 4c 4d 4e 4f 50 51 ffffffffffffffff 0
[cyc 4772] [R SHIFT BY OCTET OUT] e2 e3 e4 e5 e6 e7 e8 e9 ea eb ec ed ee ef f0 f1 f2 f3 f4 f5 f6 f7 f8 f9 fa fb fc fd fe ff 00 01 02 03 04 05 06 07 08 09 0a 0b 0c 0d 0e 0f 10 11 12 13 14 15 16 17 18 19 1a 1b 1c 1d 1e 1f 20 21 ffffffffffffffff 0
[cyc 4773] [R SHIFT BY OCTET IN] c2 c3 c4 c5 c6 c7 c8 c9 ca cb cc cd ce cf d0 d1 d2 d3 d4 d5 d6 d7 d8 d9 da db dc dd de df e0 e1 e2 e3 e4 e5 e6 e7 e8 e9 ea eb ec ed ee ef f0 f1 f2 f3 f4 f5 f6 f7 f8 f9 fa fb fc fd fe ff 00 01 ffffffffffffffff 0
[cyc 4773] [R SHIFT BY OCTET OUT] 8e 8f 90 91 92 93 94 95 96 97 98 99 9a 9b 9c 9d 9e 9f a0 a1 a2 a3 a4 a5 a6 a7 a8 a9 aa ab ac ad ae af b0 b1 b2 b3 b4 b5 b6 b7 b8 b9 ba bb bc bd be bf c0 c1 c2 c3 c4 c5 c6 c7 c8 c9 ca cb cc cd ffffffffffffffff 0
[cyc 4773] [STRIP MRC headers IN 0] 8e 8f 90 91 92 93 94 95 96 97 98 99 9a 9b 9c 9d 9e 9f a0 a1 a2 a3 a4 a5 a6 a7 a8 a9 aa ab ac ad ae af b0 b1 b2 b3 b4 b5 b6 b7 b8 b9 ba bb bc bd be bf c0 c1 c2 c3 c4 c5 c6 c7 c8 c9 ca cb cc cd ffffffffffffffff 0
[cyc 4773] [STRIP MRC headers OUT 0] 52 53 54 55 56 57 58 59 5a 5b 5c 5d 5e 5f 60 61 62 63 64 65 66 67 68 69 6a 6b 6c 6d 6e 6f 70 71 72 73 74 75 76 77 78 79 7a 7b 7c 7d 7e 7f 80 81 82 83 84 85 86 87 88 89 8a 8b 8c 8d 8e 8f 90 91 ffffffffffffffff 0
[cyc 4773] [R SHIFT BY OCTET IN] 52 53 54 55 56 57 58 59 5a 5b 5c 5d 5e 5f 60 61 62 63 64 65 66 67 68 69 6a 6b 6c 6d 6e 6f 70 71 72 73 74 75 76 77 78 79 7a 7b 7c 7d 7e 7f 80 81 82 83 84 85 86 87 88 89 8a 8b 8c 8d 8e 8f 90 91 ffffffffffffffff 0
[cyc 4773] [R SHIFT BY OCTET OUT] 22 23 24 25 26 27 28 29 2a 2b 2c 2d 2e 2f 30 31 32 33 34 35 36 37 38 39 3a 3b 3c 3d 3e 3f 40 41 42 43 44 45 46 47 48 49 4a 4b 4c 4d 4e 4f 50 51 52 53 54 55 56 57 58 59 5a 5b 5c 5d 5e 5f 60 61 ffffffffffffffff 0
[cyc 4774] [R SHIFT BY OCTET IN] 02 03 04 05 06 07 08 09 0a 0b 0c 0d 0e 0f 10 11 12 13 14 15 16 17 18 19 1a 1b 1c 1d 1e 1f 20 21 22 23 24 25 26 27 28 29 2a 2b 2c 2d 2e 2f 30 31 32 33 34 35 36 37 38 39 3a 3b 3c 3d 3e 3f 40 41 ffffffffffffffff 0
[cyc 4774] [R SHIFT BY OCTET OUT] ce cf d0 d1 d2 d3 d4 d5 d6 d7 d8 d9 da db dc dd de df e0 e1 e2 e3 e4 e5 e6 e7 e8 e9 ea eb ec ed ee ef f0 f1 f2 f3 f4 f5 f6 f7 f8 f9 fa fb fc fd fe ff 00 01 02 03 04 05 06 07 08 09 0a 0b 0c 0d ffffffffffffffff 0
[cyc 4774] [STRIP MRC headers IN 0] ce cf d0 d1 d2 d3 d4 d5 d6 d7 d8 d9 da db dc dd de df e0 e1 e2 e3 e4 e5 e6 e7 e8 e9 ea eb ec ed ee ef f0 f1 f2 f3 f4 f5 f6 f7 f8 f9 fa fb fc fd fe ff 00 01 02 03 04 05 06 07 08 09 0a 0b 0c 0d ffffffffffffffff 0
[cyc 4774] [STRIP MRC headers OUT 0] 92 93 94 95 96 97 98 99 9a 9b 9c 9d 9e 9f a0 a1 a2 a3 a4 a5 a6 a7 a8 a9 aa ab ac ad ae af b0 b1 b2 b3 b4 b5 b6 b7 b8 b9 ba bb bc bd be bf c0 c1 c2 c3 c4 c5 c6 c7 c8 c9 ca cb cc cd ce cf d0 d1 ffffffffffffffff 0
[cyc 4774] [R SHIFT BY OCTET IN] 92 93 94 95 96 97 98 99 9a 9b 9c 9d 9e 9f a0 a1 a2 a3 a4 a5 a6 a7 a8 a9 aa ab ac ad ae af b0 b1 b2 b3 b4 b5 b6 b7 b8 b9 ba bb bc bd be bf c0 c1 c2 c3 c4 c5 c6 c7 c8 c9 ca cb cc cd ce cf d0 d1 ffffffffffffffff 0
[cyc 4774] [R SHIFT BY OCTET OUT] 62 63 64 65 66 67 68 69 6a 6b 6c 6d 6e 6f 70 71 72 73 74 75 76 77 78 79 7a 7b 7c 7d 7e 7f 80 81 82 83 84 85 86 87 88 89 8a 8b 8c 8d 8e 8f 90 91 92 93 94 95 96 97 98 99 9a 9b 9c 9d 9e 9f a0 a1 ffffffffffffffff 0
[cyc 4775] [R SHIFT BY OCTET IN] 42 43 44 45 46 47 48 49 4a 4b 4c 4d 4e 4f 50 51 52 53 54 55 56 57 58 59 5a 5b 5c 5d 5e 5f 60 61 62 63 64 65 66 67 68 69 6a 6b 6c 6d 6e 6f 70 71 72 73 74 75 76 77 78 79 7a 7b 7c 7d 7e 7f 80 81 ffffffffffffffff 0
[cyc 4775] [R SHIFT BY OCTET OUT] 0e 0f 10 11 12 13 14 15 16 17 18 19 1a 1b 1c 1d 1e 1f 20 21 22 23 24 25 26 27 28 29 2a 2b 2c 2d 2e 2f 30 31 32 33 34 35 36 37 38 39 3a 3b 3c 3d 3e 3f 40 41 42 43 44 45 46 47 48 49 4a 4b 4c 4d ffffffffffffffff 0
[cyc 4775] [STRIP MRC headers IN 0] 0e 0f 10 11 12 13 14 15 16 17 18 19 1a 1b 1c 1d 1e 1f 20 21 22 23 24 25 26 27 28 29 2a 2b 2c 2d 2e 2f 30 31 32 33 34 35 36 37 38 39 3a 3b 3c 3d 3e 3f 40 41 42 43 44 45 46 47 48 49 4a 4b 4c 4d ffffffffffffffff 0
[cyc 4775] [STRIP MRC headers OUT 0] d2 d3 d4 d5 d6 d7 d8 d9 da db dc dd de df e0 e1 e2 e3 e4 e5 e6 e7 e8 e9 ea eb ec ed ee ef f0 f1 f2 f3 f4 f5 f6 f7 f8 f9 fa fb fc fd fe ff 00 01 02 03 04 05 06 07 08 09 0a 0b 0c 0d 0e 0f 10 11 ffffffffffffffff 0
[cyc 4775] [R SHIFT BY OCTET IN] d2 d3 d4 d5 d6 d7 d8 d9 da db dc dd de df e0 e1 e2 e3 e4 e5 e6 e7 e8 e9 ea eb ec ed ee ef f0 f1 f2 f3 f4 f5 f6 f7 f8 f9 fa fb fc fd fe ff 00 01 02 03 04 05 06 07 08 09 0a 0b 0c 0d 0e 0f 10 11 ffffffffffffffff 0
[cyc 4775] [R SHIFT BY OCTET OUT] a2 a3 a4 a5 a6 a7 a8 a9 aa ab ac ad ae af b0 b1 b2 b3 b4 b5 b6 b7 b8 b9 ba bb bc bd be bf c0 c1 c2 c3 c4 c5 c6 c7 c8 c9 ca cb cc cd ce cf d0 d1 d2 d3 d4 d5 d6 d7 d8 d9 da db dc dd de df e0 e1 ffffffffffffffff 0
[cyc 4776] [TB] last beat of packet 0 (17 beat(s))
[cyc 4776] [R SHIFT BY OCTET IN] 82 83 84 85 86 87 88 89 8a 8b 8c 8d 8e 8f 90 91 92 93 94 95 96 97 98 99 9a 9b 9c 9d 9e 9f a0 a1 00 00 00 00 00 00 00 00 00 00 00 00 00 00 00 00 00 00 00 00 00 00 00 00 00 00 00 00 00 00 00 00 00000000ffffffff 1  <- last
[cyc 4776] [R SHIFT BY OCTET OUT] 4e 4f 50 51 52 53 54 55 56 57 58 59 5a 5b 5c 5d 5e 5f 60 61 62 63 64 65 66 67 68 69 6a 6b 6c 6d 6e 6f 70 71 72 73 74 75 76 77 78 79 7a 7b 7c 7d 7e 7f 80 81 82 83 84 85 86 87 88 89 8a 8b 8c 8d ffffffffffffffff 0
[cyc 4776] [STRIP MRC headers IN 0] 4e 4f 50 51 52 53 54 55 56 57 58 59 5a 5b 5c 5d 5e 5f 60 61 62 63 64 65 66 67 68 69 6a 6b 6c 6d 6e 6f 70 71 72 73 74 75 76 77 78 79 7a 7b 7c 7d 7e 7f 80 81 82 83 84 85 86 87 88 89 8a 8b 8c 8d ffffffffffffffff 0
[cyc 4776] [STRIP MRC headers OUT 0] 12 13 14 15 16 17 18 19 1a 1b 1c 1d 1e 1f 20 21 22 23 24 25 26 27 28 29 2a 2b 2c 2d 2e 2f 30 31 32 33 34 35 36 37 38 39 3a 3b 3c 3d 3e 3f 40 41 42 43 44 45 46 47 48 49 4a 4b 4c 4d 4e 4f 50 51 ffffffffffffffff 0
[cyc 4776] [R SHIFT BY OCTET IN] 12 13 14 15 16 17 18 19 1a 1b 1c 1d 1e 1f 20 21 22 23 24 25 26 27 28 29 2a 2b 2c 2d 2e 2f 30 31 32 33 34 35 36 37 38 39 3a 3b 3c 3d 3e 3f 40 41 42 43 44 45 46 47 48 49 4a 4b 4c 4d 4e 4f 50 51 ffffffffffffffff 0
[cyc 4776] [R SHIFT BY OCTET OUT] e2 e3 e4 e5 e6 e7 e8 e9 ea eb ec ed ee ef f0 f1 f2 f3 f4 f5 f6 f7 f8 f9 fa fb fc fd fe ff 00 01 02 03 04 05 06 07 08 09 0a 0b 0c 0d 0e 0f 10 11 12 13 14 15 16 17 18 19 1a 1b 1c 1d 1e 1f 20 21 ffffffffffffffff 0
[TB] All packets fed, running 300 more cycles...
[cyc 4777] [R SHIFT BY OCTET OUT] 8e 8f 90 91 92 93 94 95 96 97 98 99 9a 9b 9c 9d 9e 9f a0 a1 00 00 00 00 00 00 00 00 00 00 00 00 00 00 00 00 00 00 00 00 00 00 00 00 00 00 00 00 00 00 00 00 00 00 00 00 00 00 00 00 00 00 00 00 00000000000fffff 1  <- last
[cyc 4777] [STRIP MRC headers IN 0] 8e 8f 90 91 92 93 94 95 96 97 98 99 9a 9b 9c 9d 9e 9f a0 a1 00 00 00 00 00 00 00 00 00 00 00 00 00 00 00 00 00 00 00 00 00 00 00 00 00 00 00 00 00 00 00 00 00 00 00 00 00 00 00 00 00 00 00 00 00000000000fffff 1  <- last
[cyc 4777] [STRIP MRC headers OUT 0] 52 53 54 55 56 57 58 59 5a 5b 5c 5d 5e 5f 60 61 62 63 64 65 66 67 68 69 6a 6b 6c 6d 6e 6f 70 71 72 73 74 75 76 77 78 79 7a 7b 7c 7d 7e 7f 80 81 82 83 84 85 86 87 88 89 8a 8b 8c 8d 8e 8f 90 91 ffffffffffffffff 0
[cyc 4777] [R SHIFT BY OCTET IN] 52 53 54 55 56 57 58 59 5a 5b 5c 5d 5e 5f 60 61 62 63 64 65 66 67 68 69 6a 6b 6c 6d 6e 6f 70 71 72 73 74 75 76 77 78 79 7a 7b 7c 7d 7e 7f 80 81 82 83 84 85 86 87 88 89 8a 8b 8c 8d 8e 8f 90 91 ffffffffffffffff 0
[cyc 4777] [R SHIFT BY OCTET OUT] 22 23 24 25 26 27 28 29 2a 2b 2c 2d 2e 2f 30 31 32 33 34 35 36 37 38 39 3a 3b 3c 3d 3e 3f 40 41 42 43 44 45 46 47 48 49 4a 4b 4c 4d 4e 4f 50 51 52 53 54 55 56 57 58 59 5a 5b 5c 5d 5e 5f 60 61 ffffffffffffffff 0
[cyc 4778] [STRIP MRC headers OUT 0] 92 93 94 95 96 97 98 99 9a 9b 9c 9d 9e 9f a0 a1 00 00 00 00 00 00 00 00 00 00 00 00 00 00 00 00 00 00 00 00 00 00 00 00 00 00 00 00 00 00 00 00 00 00 00 00 00 00 00 00 00 00 00 00 00 00 00 00 000000000000ffff 1  <- last
[cyc 4778] [R SHIFT BY OCTET IN] 92 93 94 95 96 97 98 99 9a 9b 9c 9d 9e 9f a0 a1 a2 a3 a4 a5 a6 a7 a8 a9 aa ab ac ad ae af b0 b1 b2 b3 b4 b5 b6 b7 b8 b9 ba bb bc bd be bf c0 c1 c2 c3 c4 c5 c6 c7 c8 c9 ca cb cc cd ce cf d0 d1 ffffffffffffffff 0
[cyc 4778] [R SHIFT BY OCTET OUT] 62 63 64 65 66 67 68 69 6a 6b 6c 6d 6e 6f 70 71 72 73 74 75 76 77 78 79 7a 7b 7c 7d 7e 7f 80 81 82 83 84 85 86 87 88 89 8a 8b 8c 8d 8e 8f 90 91 92 93 94 95 96 97 98 99 9a 9b 9c 9d 9e 9f a0 a1 ffffffffffffffff 0
[cyc 4779] [R SHIFT BY OCTET IN] d2 d3 d4 d5 d6 d7 d8 d9 da db dc dd de df e0 e1 e2 e3 e4 e5 e6 e7 e8 e9 ea eb ec ed ee ef f0 f1 f2 f3 f4 f5 f6 f7 f8 f9 fa fb fc fd fe ff 00 01 02 03 04 05 06 07 08 09 0a 0b 0c 0d 0e 0f 10 11 ffffffffffffffff 0
[cyc 4779] [R SHIFT BY OCTET OUT] a2 a3 a4 a5 a6 a7 a8 a9 aa ab ac ad ae af b0 b1 b2 b3 b4 b5 b6 b7 b8 b9 ba bb bc bd be bf c0 c1 c2 c3 c4 c5 c6 c7 c8 c9 ca cb cc cd ce cf d0 d1 d2 d3 d4 d5 d6 d7 d8 d9 da db dc dd de df e0 e1 ffffffffffffffff 0
[cyc 4780] [R SHIFT BY OCTET IN] 12 13 14 15 16 17 18 19 1a 1b 1c 1d 1e 1f 20 21 22 23 24 25 26 27 28 29 2a 2b 2c 2d 2e 2f 30 31 32 33 34 35 36 37 38 39 3a 3b 3c 3d 3e 3f 40 41 42 43 44 45 46 47 48 49 4a 4b 4c 4d 4e 4f 50 51 ffffffffffffffff 0
[cyc 4780] [R SHIFT BY OCTET OUT] e2 e3 e4 e5 e6 e7 e8 e9 ea eb ec ed ee ef f0 f1 f2 f3 f4 f5 f6 f7 f8 f9 fa fb fc fd fe ff 00 01 02 03 04 05 06 07 08 09 0a 0b 0c 0d 0e 0f 10 11 12 13 14 15 16 17 18 19 1a 1b 1c 1d 1e 1f 20 21 ffffffffffffffff 0
[cyc 4781] [R SHIFT BY OCTET IN] 52 53 54 55 56 57 58 59 5a 5b 5c 5d 5e 5f 60 61 62 63 64 65 66 67 68 69 6a 6b 6c 6d 6e 6f 70 71 72 73 74 75 76 77 78 79 7a 7b 7c 7d 7e 7f 80 81 82 83 84 85 86 87 88 89 8a 8b 8c 8d 8e 8f 90 91 ffffffffffffffff 0
[cyc 4781] [R SHIFT BY OCTET OUT] 22 23 24 25 26 27 28 29 2a 2b 2c 2d 2e 2f 30 31 32 33 34 35 36 37 38 39 3a 3b 3c 3d 3e 3f 40 41 42 43 44 45 46 47 48 49 4a 4b 4c 4d 4e 4f 50 51 52 53 54 55 56 57 58 59 5a 5b 5c 5d 5e 5f 60 61 ffffffffffffffff 0
[cyc 4782] [R SHIFT BY OCTET IN] 92 93 94 95 96 97 98 99 9a 9b 9c 9d 9e 9f a0 a1 00 00 00 00 00 00 00 00 00 00 00 00 00 00 00 00 00 00 00 00 00 00 00 00 00 00 00 00 00 00 00 00 00 00 00 00 00 00 00 00 00 00 00 00 00 00 00 00 000000000000ffff 1  <- last
[cyc 4782] [R SHIFT BY OCTET OUT] 62 63 64 65 66 67 68 69 6a 6b 6c 6d 6e 6f 70 71 72 73 74 75 76 77 78 79 7a 7b 7c 7d 7e 7f 80 81 82 83 84 85 86 87 88 89 8a 8b 8c 8d 8e 8f 90 91 92 93 94 95 96 97 98 99 9a 9b 9c 9d 9e 9f a0 a1 ffffffffffffffff 1  <- last

[TB] ---- Outputs (cycle they left the module) ----
[TB] cyc 4766 m_axis_mem_write_cmd: op=RC_RDMA_WRITE_MIDDLE qpn=0x5 addr=0x10400 len=1024 lst=0 host=1
[TB] cyc 4783 m_axis_mem_write_data: 1024 B
      0000: a2 a3 a4 a5 a6 a7 a8 a9 aa ab ac ad ae af b0 b1 
      0010: b2 b3 b4 b5 b6 b7 b8 b9 ba bb bc bd be bf c0 c1 
      0020: c2 c3 c4 c5 c6 c7 c8 c9 ca cb cc cd ce cf d0 d1 
      0030: d2 d3 d4 d5 d6 d7 d8 d9 da db dc dd de df e0 e1 
      ... (960 more bytes)
[TB] cyc 4770 m_axis_tx_data packet (16 B), meta: dst ip=0xa000002 length=20
      0000: d1 00 ff ff 00 00 00 42 00 0a 0b 16 1f 00 00 09 

[TB] ---- Checks ----
[TB] Packet 0: TEST 05b: MIDDLE
  [PASS] a memory write command was issued for it
[TB]   memory command at cycle 4766
  [PASS] memCmd.op_code = 0xc7
  [PASS] memCmd.qpn     = 0x5
  [PASS] memCmd.addr    = 0x10400
  [PASS] memCmd.len     = 1024
  [PASS] memCmd.lst     = 0x0
  [PASS] payload data reached memory
[TB]   payload in memory by cycle 4783
  [PASS] bytes written to memory = 1024
  [PASS] memory data is identical to the payload that was sent
  [PASS] a reply (ACK/NAK) was sent for it
[TB]   reply at cycle 4770
  [PASS] tx meta: destination IP = 0xa000002
  [PASS] tx meta: UDP length (BTH+AETH+ICRC) = 20
[TB]   parsed reply: MRC_ACK  DestQP=0x42  PSN=0xa0b16  AETH.syndrome=0x1f (ACK)  AETH.MSN=0x9
  [PASS] reply length in bytes = 16
  [PASS] reply BTH.opcode (MRC_ACK) = 0xd1
  [PASS] reply BTH.DestQP (remote QPN) = 0x42
  [PASS] reply BTH.PSN = 0xa0b16
  [PASS] reply AETH.syndrome (ACK) = 0x1f
  [PASS] reply AETH.MSN = 0x9
[TB] Whole group
  [PASS] unexpected memory write commands = 0
  [PASS] unexpected memory payloads = 0
  [PASS] no memory data beat left without TLAST
  [PASS] unexpected packets sent back = 0
  [PASS] tx meta entries = tx packets = 1
  [PASS] invalid-PSN drop counter increase over the group = 0
  [PASS] ackMeta to the host (only used for our own requests) = 0
  [PASS] module consumed the whole input
  [PASS] no memory READ command issued

=====================================================================
  GROUP: TEST 05c: LAST
=====================================================================
[TB] Packet 0: TEST 05c: LAST
[TB]   state before: epsn=0xa0b17 last_psn=0xa0b16
[TB]   RC_RDMA_WRITE_LAST  DestQP=0x5  PSN=0xa0b17, 658199  RETH.vaddr=0x10800  RETH.len=2148  payload=100 B  UDP length=144  (then drain and check)
      0000: c8 00 ff ff 00 00 00 05 80 0a 0b 17 00 00 00 09 
      0010: 00 00 00 00 00 01 08 00 00 00 12 34 00 00 08 64 
      0020: a3 a4 a5 a6 a7 a8 a9 aa ab ac ad ae af b0 b1 b2 
      0030: b3 b4 b5 b6 b7 b8 b9 ba bb bc bd be bf c0 c1 c2 
      ... (68 more bytes)

[TB] Feeding 1 packet(s)... (module prints follow)
[cyc 5077] [TB] first beat of packet 0 (TEST 05c: LAST)
[cyc 5077] [RX PROCESS IBH 0]: input psn 0x0a0b17
[cyc 5077] [RX PROCESS IBH 0]: process IBH opcode: c8
[cyc 5077] [R SHIFT BY OCTET IN] c8 00 ff ff 00 00 00 05 80 0a 0b 17 00 00 00 09 00 00 00 00 00 01 08 00 00 00 12 34 00 00 08 64 a3 a4 a5 a6 a7 a8 a9 aa ab ac ad ae af b0 b1 b2 b3 b4 b5 b6 b7 b8 b9 ba bb bc bd be bf c0 c1 c2 ffffffffffffffff 0
[cyc 5078] [R SHIFT BY OCTET IN] c3 c4 c5 c6 c7 c8 c9 ca cb cc cd ce cf d0 d1 d2 d3 d4 d5 d6 d7 d8 d9 da db dc dd de df e0 e1 e2 e3 e4 e5 e6 e7 e8 e9 ea eb ec ed ee ef f0 f1 f2 f3 f4 f5 f6 f7 f8 f9 fa fb fc fd fe ff 00 01 02 ffffffffffffffff 0
[cyc 5078] [R SHIFT BY OCTET OUT] 00 00 00 09 00 00 00 00 00 01 08 00 00 00 12 34 00 00 08 64 a3 a4 a5 a6 a7 a8 a9 aa ab ac ad ae af b0 b1 b2 b3 b4 b5 b6 b7 b8 b9 ba bb bc bd be bf c0 c1 c2 c3 c4 c5 c6 c7 c8 c9 ca cb cc cd ce ffffffffffffffff 0
[cyc 5078] [STRIP MRC headers IN 0] 00 00 00 09 00 00 00 00 00 01 08 00 00 00 12 34 00 00 08 64 a3 a4 a5 a6 a7 a8 a9 aa ab ac ad ae af b0 b1 b2 b3 b4 b5 b6 b7 b8 b9 ba bb bc bd be bf c0 c1 c2 c3 c4 c5 c6 c7 c8 c9 ca cb cc cd ce ffffffffffffffff 0
[cyc 5079] [TB] last beat of packet 0 (3 beat(s))
[cyc 5079] [R SHIFT BY OCTET IN] 03 04 05 06 00 00 00 00 00 00 00 00 00 00 00 00 00 00 00 00 00 00 00 00 00 00 00 00 00 00 00 00 00 00 00 00 00 00 00 00 00 00 00 00 00 00 00 00 00 00 00 00 00 00 00 00 00 00 00 00 00 00 00 00 000000000000000f 1  <- last
[cyc 5079] [R SHIFT BY OCTET OUT] cf d0 d1 d2 d3 d4 d5 d6 d7 d8 d9 da db dc dd de df e0 e1 e2 e3 e4 e5 e6 e7 e8 e9 ea eb ec ed ee ef f0 f1 f2 f3 f4 f5 f6 f7 f8 f9 fa fb fc fd fe ff 00 01 02 03 04 05 06 00 00 00 00 00 00 00 00 00ffffffffffffff 1  <- last
[cyc 5079] [STRIP MRC headers IN 0] cf d0 d1 d2 d3 d4 d5 d6 d7 d8 d9 da db dc dd de df e0 e1 e2 e3 e4 e5 e6 e7 e8 e9 ea eb ec ed ee ef f0 f1 f2 f3 f4 f5 f6 f7 f8 f9 fa fb fc fd fe ff 00 01 02 03 04 05 06 00 00 00 00 00 00 00 00 00ffffffffffffff 1  <- last
[cyc 5079] [STRIP MRC headers OUT 0] 00 00 00 00 00 01 08 00 00 00 12 34 00 00 08 64 a3 a4 a5 a6 a7 a8 a9 aa ab ac ad ae af b0 b1 b2 b3 b4 b5 b6 b7 b8 b9 ba bb bc bd be bf c0 c1 c2 c3 c4 c5 c6 c7 c8 c9 ca cb cc cd ce cf d0 d1 d2 ffffffffffffffff 0
[TB] All packets fed, running 300 more cycles...
[cyc 5080] [STRIP MRC headers OUT 0] d3 d4 d5 d6 d7 d8 d9 da db dc dd de df e0 e1 e2 e3 e4 e5 e6 e7 e8 e9 ea eb ec ed ee ef f0 f1 f2 f3 f4 f5 f6 f7 f8 f9 fa fb fc fd fe ff 00 01 02 03 04 05 06 00 00 00 00 00 00 00 00 00 00 00 00 000fffffffffffff 1  <- last
[cyc 5080] [RX IBH FSM 0]: epsn: 0x0a0b17, 658199, packet psn: 0x0a0b17, 658199, oldest outstanding psn: 0x8a0b17, 9046807
[cyc 5082] [META MERGER 0]: reading from ack event with qpn 5, psn 658199
[cyc 5083] [R SHIFT BY OCTET IN] 00 00 00 00 00 01 08 00 00 00 12 34 00 00 08 64 a3 a4 a5 a6 a7 a8 a9 aa ab ac ad ae af b0 b1 b2 b3 b4 b5 b6 b7 b8 b9 ba bb bc bd be bf c0 c1 c2 c3 c4 c5 c6 c7 c8 c9 ca cb cc cd ce cf d0 d1 d2 ffffffffffffffff 0
[cyc 5084] [R SHIFT BY OCTET IN] d3 d4 d5 d6 d7 d8 d9 da db dc dd de df e0 e1 e2 e3 e4 e5 e6 e7 e8 e9 ea eb ec ed ee ef f0 f1 f2 f3 f4 f5 f6 f7 f8 f9 fa fb fc fd fe ff 00 01 02 03 04 05 06 00 00 00 00 00 00 00 00 00 00 00 00 000fffffffffffff 1  <- last
[cyc 5084] [R SHIFT BY OCTET OUT] a3 a4 a5 a6 a7 a8 a9 aa ab ac ad ae af b0 b1 b2 b3 b4 b5 b6 b7 b8 b9 ba bb bc bd be bf c0 c1 c2 c3 c4 c5 c6 c7 c8 c9 ca cb cc cd ce cf d0 d1 d2 d3 d4 d5 d6 d7 d8 d9 da db dc dd de df e0 e1 e2 ffffffffffffffff 0
[cyc 5085] [R SHIFT BY OCTET OUT] e3 e4 e5 e6 e7 e8 e9 ea eb ec ed ee ef f0 f1 f2 f3 f4 f5 f6 f7 f8 f9 fa fb fc fd fe ff 00 01 02 03 04 05 06 00 00 00 00 00 00 00 00 00 00 00 00 00 00 00 00 00 00 00 00 00 00 00 00 00 00 00 00 0000000fffffffff 1  <- last
[cyc 5085] [GENERATE EXH 0]: MRC_ACK with qpn 0x5, psn 0x0a0b17
[cyc 5085] [GENERATE EXH 0]: MRC_ACK 1f 00 00 0a e7 e8 e9 ea 00 71 f4 d0 83 e8 5f f6 60 fa 8b 9e 40 5f 00 00 40 be 46 89 fe 7f 00 00 d0 fa 8b 9e 40 5f 00 00 44 5b 81 9e 40 5f 00 00 44 c0 46 89 fe 7f 00 00 87 16 85 9e 40 5f 00 00 000000000000000f 1
[cyc 5085] [APPEND PAYLOAD 0]: moving to state HEADER
[cyc 5085] [TX IP UDP META MERGER 0]: port 0xc000
[cyc 5086] [APPEND PAYLOAD 0]: moving to state INFO
[cyc 5086] [GENERATE IBH 0]: input meta, opcode 0x209 valid psn 0x0a0b17
[cyc 5086] [PREPEND IBH HEADER 0]: going to state PARTIAL_HEADER
[cyc 5087] [PREPEND IBH HEADER 0]: IBH PARTIAL PAYLOAD
[cyc 5087] 00 00 00 00 00 00 00 00 00 00 00 00 1f 00 00 0a e7 e8 e9 ea 00 71 f4 d0 83 e8 5f f6 60 fa 8b 9e 40 5f 00 00 40 be 46 89 fe 7f 00 00 d0 fa 8b 9e 40 5f 00 00 44 5b 81 9e 40 5f 00 00 44 c0 46 89 000000000000ffff 1
[cyc 5087] [PREPEND IBH HEADER 0]: IBH PARTIAL HEADER
[cyc 5087] d1 00 ff ff 00 00 00 42 00 0a 0b 17 1f 00 00 0a e7 e8 e9 ea 00 71 f4 d0 83 e8 5f f6 60 fa 8b 9e 40 5f 00 00 40 be 46 89 fe 7f 00 00 d0 fa 8b 9e 40 5f 00 00 44 5b 81 9e 40 5f 00 00 44 c0 46 89 000000000000ffff 1

[TB] ---- Outputs (cycle they left the module) ----
[TB] cyc 5083 m_axis_mem_write_cmd: op=RC_RDMA_WRITE_LAST qpn=0x5 addr=0x10800 len=100 lst=1 host=1
[TB] cyc 5086 m_axis_mem_write_data: 100 B
      0000: a3 a4 a5 a6 a7 a8 a9 aa ab ac ad ae af b0 b1 b2 
      0010: b3 b4 b5 b6 b7 b8 b9 ba bb bc bd be bf c0 c1 c2 
      0020: c3 c4 c5 c6 c7 c8 c9 ca cb cc cd ce cf d0 d1 d2 
      0030: d3 d4 d5 d6 d7 d8 d9 da db dc dd de df e0 e1 e2 
      ... (36 more bytes)
[TB] cyc 5088 m_axis_tx_data packet (16 B), meta: dst ip=0xa000002 length=20
      0000: d1 00 ff ff 00 00 00 42 00 0a 0b 17 1f 00 00 0a 

[TB] ---- Checks ----
[TB] Packet 0: TEST 05c: LAST
  [PASS] a memory write command was issued for it
[TB]   memory command at cycle 5083
  [PASS] memCmd.op_code = 0xc8
  [PASS] memCmd.qpn     = 0x5
  [PASS] memCmd.addr    = 0x10800
  [PASS] memCmd.len     = 100
  [PASS] memCmd.lst     = 0x1
  [PASS] payload data reached memory
[TB]   payload in memory by cycle 5086
  [PASS] bytes written to memory = 100
  [PASS] memory data is identical to the payload that was sent
  [PASS] a reply (ACK/NAK) was sent for it
[TB]   reply at cycle 5088
  [PASS] tx meta: destination IP = 0xa000002
  [PASS] tx meta: UDP length (BTH+AETH+ICRC) = 20
[TB]   parsed reply: MRC_ACK  DestQP=0x42  PSN=0xa0b17  AETH.syndrome=0x1f (ACK)  AETH.MSN=0xa
  [PASS] reply length in bytes = 16
  [PASS] reply BTH.opcode (MRC_ACK) = 0xd1
  [PASS] reply BTH.DestQP (remote QPN) = 0x42
  [PASS] reply BTH.PSN = 0xa0b17
  [PASS] reply AETH.syndrome (ACK) = 0x1f
  [PASS] reply AETH.MSN = 0xa
[TB] Whole group
  [PASS] unexpected memory write commands = 0
  [PASS] unexpected memory payloads = 0
  [PASS] no memory data beat left without TLAST
  [PASS] unexpected packets sent back = 0
  [PASS] tx meta entries = tx packets = 1
  [PASS] invalid-PSN drop counter increase over the group = 0
  [PASS] ackMeta to the host (only used for our own requests) = 0
  [PASS] module consumed the whole input
  [PASS] no memory READ command issued

=====================================================================
  GROUP: TEST 06a: ONLY with TSETH
=====================================================================
[TB] Packet 0: TEST 06a: ONLY with TSETH
[TB]   state before: epsn=0xa0b18 last_psn=0xa0b17
[TB]   RC_RDMA_WRITE_ONLY  DestQP=0x5  PSN=0xa0b18, 658200  RETH.vaddr=0x20000  RETH.len=700  payload=700 B  UDP length=748  (then drain and check)
      0000: ca 00 ff ff 00 00 00 05 90 0a 0b 18 00 00 00 0a 
      0010: 00 00 00 01 00 00 00 00 00 02 00 00 00 00 12 34 
      0020: 00 00 02 bc b0 b1 b2 b3 b4 b5 b6 b7 b8 b9 ba bb 
      0030: bc bd be bf c0 c1 c2 c3 c4 c5 c6 c7 c8 c9 ca cb 
      ... (672 more bytes)

[TB] Feeding 1 packet(s)... (module prints follow)
[cyc 5380] [TB] first beat of packet 0 (TEST 06a: ONLY with TSETH)
[cyc 5380] [RX PROCESS IBH 0]: input psn 0x0a0b18
[cyc 5380] [RX PROCESS IBH 0]: process IBH opcode: ca
[cyc 5380] [R SHIFT BY OCTET IN] ca 00 ff ff 00 00 00 05 90 0a 0b 18 00 00 00 0a 00 00 00 01 00 00 00 00 00 02 00 00 00 00 12 34 00 00 02 bc b0 b1 b2 b3 b4 b5 b6 b7 b8 b9 ba bb bc bd be bf c0 c1 c2 c3 c4 c5 c6 c7 c8 c9 ca cb ffffffffffffffff 0
[cyc 5381] [R SHIFT BY OCTET IN] cc cd ce cf d0 d1 d2 d3 d4 d5 d6 d7 d8 d9 da db dc dd de df e0 e1 e2 e3 e4 e5 e6 e7 e8 e9 ea eb ec ed ee ef f0 f1 f2 f3 f4 f5 f6 f7 f8 f9 fa fb fc fd fe ff 00 01 02 03 04 05 06 07 08 09 0a 0b ffffffffffffffff 0
[cyc 5381] [R SHIFT BY OCTET OUT] 00 00 00 0a 00 00 00 01 00 00 00 00 00 02 00 00 00 00 12 34 00 00 02 bc b0 b1 b2 b3 b4 b5 b6 b7 b8 b9 ba bb bc bd be bf c0 c1 c2 c3 c4 c5 c6 c7 c8 c9 ca cb cc cd ce cf d0 d1 d2 d3 d4 d5 d6 d7 ffffffffffffffff 0
[cyc 5381] [STRIP MRC headers IN 0] 00 00 00 0a 00 00 00 01 00 00 00 00 00 02 00 00 00 00 12 34 00 00 02 bc b0 b1 b2 b3 b4 b5 b6 b7 b8 b9 ba bb bc bd be bf c0 c1 c2 c3 c4 c5 c6 c7 c8 c9 ca cb cc cd ce cf d0 d1 d2 d3 d4 d5 d6 d7 ffffffffffffffff 0
[cyc 5382] [R SHIFT BY OCTET IN] 0c 0d 0e 0f 10 11 12 13 14 15 16 17 18 19 1a 1b 1c 1d 1e 1f 20 21 22 23 24 25 26 27 28 29 2a 2b 2c 2d 2e 2f 30 31 32 33 34 35 36 37 38 39 3a 3b 3c 3d 3e 3f 40 41 42 43 44 45 46 47 48 49 4a 4b ffffffffffffffff 0
[cyc 5382] [R SHIFT BY OCTET OUT] d8 d9 da db dc dd de df e0 e1 e2 e3 e4 e5 e6 e7 e8 e9 ea eb ec ed ee ef f0 f1 f2 f3 f4 f5 f6 f7 f8 f9 fa fb fc fd fe ff 00 01 02 03 04 05 06 07 08 09 0a 0b 0c 0d 0e 0f 10 11 12 13 14 15 16 17 ffffffffffffffff 0
[cyc 5382] [STRIP MRC headers IN 0] d8 d9 da db dc dd de df e0 e1 e2 e3 e4 e5 e6 e7 e8 e9 ea eb ec ed ee ef f0 f1 f2 f3 f4 f5 f6 f7 f8 f9 fa fb fc fd fe ff 00 01 02 03 04 05 06 07 08 09 0a 0b 0c 0d 0e 0f 10 11 12 13 14 15 16 17 ffffffffffffffff 0
[cyc 5382] [STRIP MRC headers OUT 0] 00 00 00 00 00 02 00 00 00 00 12 34 00 00 02 bc b0 b1 b2 b3 b4 b5 b6 b7 b8 b9 ba bb bc bd be bf c0 c1 c2 c3 c4 c5 c6 c7 c8 c9 ca cb cc cd ce cf d0 d1 d2 d3 d4 d5 d6 d7 d8 d9 da db dc dd de df ffffffffffffffff 0
[cyc 5383] [R SHIFT BY OCTET IN] 4c 4d 4e 4f 50 51 52 53 54 55 56 57 58 59 5a 5b 5c 5d 5e 5f 60 61 62 63 64 65 66 67 68 69 6a 6b 6c 6d 6e 6f 70 71 72 73 74 75 76 77 78 79 7a 7b 7c 7d 7e 7f 80 81 82 83 84 85 86 87 88 89 8a 8b ffffffffffffffff 0
[cyc 5383] [R SHIFT BY OCTET OUT] 18 19 1a 1b 1c 1d 1e 1f 20 21 22 23 24 25 26 27 28 29 2a 2b 2c 2d 2e 2f 30 31 32 33 34 35 36 37 38 39 3a 3b 3c 3d 3e 3f 40 41 42 43 44 45 46 47 48 49 4a 4b 4c 4d 4e 4f 50 51 52 53 54 55 56 57 ffffffffffffffff 0
[cyc 5383] [STRIP MRC headers IN 0] 18 19 1a 1b 1c 1d 1e 1f 20 21 22 23 24 25 26 27 28 29 2a 2b 2c 2d 2e 2f 30 31 32 33 34 35 36 37 38 39 3a 3b 3c 3d 3e 3f 40 41 42 43 44 45 46 47 48 49 4a 4b 4c 4d 4e 4f 50 51 52 53 54 55 56 57 ffffffffffffffff 0
[cyc 5383] [STRIP MRC headers OUT 0] e0 e1 e2 e3 e4 e5 e6 e7 e8 e9 ea eb ec ed ee ef f0 f1 f2 f3 f4 f5 f6 f7 f8 f9 fa fb fc fd fe ff 00 01 02 03 04 05 06 07 08 09 0a 0b 0c 0d 0e 0f 10 11 12 13 14 15 16 17 18 19 1a 1b 1c 1d 1e 1f ffffffffffffffff 0
[cyc 5383] [RX IBH FSM 0]: epsn: 0x0a0b18, 658200, packet psn: 0x0a0b18, 658200, oldest outstanding psn: 0x8a0b18, 9046808
[cyc 5384] [R SHIFT BY OCTET IN] 8c 8d 8e 8f 90 91 92 93 94 95 96 97 98 99 9a 9b 9c 9d 9e 9f a0 a1 a2 a3 a4 a5 a6 a7 a8 a9 aa ab ac ad ae af b0 b1 b2 b3 b4 b5 b6 b7 b8 b9 ba bb bc bd be bf c0 c1 c2 c3 c4 c5 c6 c7 c8 c9 ca cb ffffffffffffffff 0
[cyc 5384] [R SHIFT BY OCTET OUT] 58 59 5a 5b 5c 5d 5e 5f 60 61 62 63 64 65 66 67 68 69 6a 6b 6c 6d 6e 6f 70 71 72 73 74 75 76 77 78 79 7a 7b 7c 7d 7e 7f 80 81 82 83 84 85 86 87 88 89 8a 8b 8c 8d 8e 8f 90 91 92 93 94 95 96 97 ffffffffffffffff 0
[cyc 5384] [STRIP MRC headers IN 0] 58 59 5a 5b 5c 5d 5e 5f 60 61 62 63 64 65 66 67 68 69 6a 6b 6c 6d 6e 6f 70 71 72 73 74 75 76 77 78 79 7a 7b 7c 7d 7e 7f 80 81 82 83 84 85 86 87 88 89 8a 8b 8c 8d 8e 8f 90 91 92 93 94 95 96 97 ffffffffffffffff 0
[cyc 5384] [STRIP MRC headers OUT 0] 20 21 22 23 24 25 26 27 28 29 2a 2b 2c 2d 2e 2f 30 31 32 33 34 35 36 37 38 39 3a 3b 3c 3d 3e 3f 40 41 42 43 44 45 46 47 48 49 4a 4b 4c 4d 4e 4f 50 51 52 53 54 55 56 57 58 59 5a 5b 5c 5d 5e 5f ffffffffffffffff 0
[cyc 5385] [R SHIFT BY OCTET IN] cc cd ce cf d0 d1 d2 d3 d4 d5 d6 d7 d8 d9 da db dc dd de df e0 e1 e2 e3 e4 e5 e6 e7 e8 e9 ea eb ec ed ee ef f0 f1 f2 f3 f4 f5 f6 f7 f8 f9 fa fb fc fd fe ff 00 01 02 03 04 05 06 07 08 09 0a 0b ffffffffffffffff 0
[cyc 5385] [R SHIFT BY OCTET OUT] 98 99 9a 9b 9c 9d 9e 9f a0 a1 a2 a3 a4 a5 a6 a7 a8 a9 aa ab ac ad ae af b0 b1 b2 b3 b4 b5 b6 b7 b8 b9 ba bb bc bd be bf c0 c1 c2 c3 c4 c5 c6 c7 c8 c9 ca cb cc cd ce cf d0 d1 d2 d3 d4 d5 d6 d7 ffffffffffffffff 0
[cyc 5385] [STRIP MRC headers IN 0] 98 99 9a 9b 9c 9d 9e 9f a0 a1 a2 a3 a4 a5 a6 a7 a8 a9 aa ab ac ad ae af b0 b1 b2 b3 b4 b5 b6 b7 b8 b9 ba bb bc bd be bf c0 c1 c2 c3 c4 c5 c6 c7 c8 c9 ca cb cc cd ce cf d0 d1 d2 d3 d4 d5 d6 d7 ffffffffffffffff 0
[cyc 5385] [STRIP MRC headers OUT 0] 60 61 62 63 64 65 66 67 68 69 6a 6b 6c 6d 6e 6f 70 71 72 73 74 75 76 77 78 79 7a 7b 7c 7d 7e 7f 80 81 82 83 84 85 86 87 88 89 8a 8b 8c 8d 8e 8f 90 91 92 93 94 95 96 97 98 99 9a 9b 9c 9d 9e 9f ffffffffffffffff 0
[cyc 5385] [META MERGER 0]: reading from ack event with qpn 0x5, psn 0x0a0b18
[cyc 5386] [R SHIFT BY OCTET IN] 0c 0d 0e 0f 10 11 12 13 14 15 16 17 18 19 1a 1b 1c 1d 1e 1f 20 21 22 23 24 25 26 27 28 29 2a 2b 2c 2d 2e 2f 30 31 32 33 34 35 36 37 38 39 3a 3b 3c 3d 3e 3f 40 41 42 43 44 45 46 47 48 49 4a 4b ffffffffffffffff 0
[cyc 5386] [R SHIFT BY OCTET OUT] d8 d9 da db dc dd de df e0 e1 e2 e3 e4 e5 e6 e7 e8 e9 ea eb ec ed ee ef f0 f1 f2 f3 f4 f5 f6 f7 f8 f9 fa fb fc fd fe ff 00 01 02 03 04 05 06 07 08 09 0a 0b 0c 0d 0e 0f 10 11 12 13 14 15 16 17 ffffffffffffffff 0
[cyc 5386] [STRIP MRC headers IN 0] d8 d9 da db dc dd de df e0 e1 e2 e3 e4 e5 e6 e7 e8 e9 ea eb ec ed ee ef f0 f1 f2 f3 f4 f5 f6 f7 f8 f9 fa fb fc fd fe ff 00 01 02 03 04 05 06 07 08 09 0a 0b 0c 0d 0e 0f 10 11 12 13 14 15 16 17 ffffffffffffffff 0
[cyc 5386] [STRIP MRC headers OUT 0] a0 a1 a2 a3 a4 a5 a6 a7 a8 a9 aa ab ac ad ae af b0 b1 b2 b3 b4 b5 b6 b7 b8 b9 ba bb bc bd be bf c0 c1 c2 c3 c4 c5 c6 c7 c8 c9 ca cb cc cd ce cf d0 d1 d2 d3 d4 d5 d6 d7 d8 d9 da db dc dd de df ffffffffffffffff 0
[cyc 5386] [R SHIFT BY OCTET IN] 00 00 00 00 00 02 00 00 00 00 12 34 00 00 02 bc b0 b1 b2 b3 b4 b5 b6 b7 b8 b9 ba bb bc bd be bf c0 c1 c2 c3 c4 c5 c6 c7 c8 c9 ca cb cc cd ce cf d0 d1 d2 d3 d4 d5 d6 d7 d8 d9 da db dc dd de df ffffffffffffffff 0
[cyc 5387] [R SHIFT BY OCTET IN] 4c 4d 4e 4f 50 51 52 53 54 55 56 57 58 59 5a 5b 5c 5d 5e 5f 60 61 62 63 64 65 66 67 68 69 6a 6b 6c 6d 6e 6f 70 71 72 73 74 75 76 77 78 79 7a 7b 7c 7d 7e 7f 80 81 82 83 84 85 86 87 88 89 8a 8b ffffffffffffffff 0
[cyc 5387] [R SHIFT BY OCTET OUT] 18 19 1a 1b 1c 1d 1e 1f 20 21 22 23 24 25 26 27 28 29 2a 2b 2c 2d 2e 2f 30 31 32 33 34 35 36 37 38 39 3a 3b 3c 3d 3e 3f 40 41 42 43 44 45 46 47 48 49 4a 4b 4c 4d 4e 4f 50 51 52 53 54 55 56 57 ffffffffffffffff 0
[cyc 5387] [STRIP MRC headers IN 0] 18 19 1a 1b 1c 1d 1e 1f 20 21 22 23 24 25 26 27 28 29 2a 2b 2c 2d 2e 2f 30 31 32 33 34 35 36 37 38 39 3a 3b 3c 3d 3e 3f 40 41 42 43 44 45 46 47 48 49 4a 4b 4c 4d 4e 4f 50 51 52 53 54 55 56 57 ffffffffffffffff 0
[cyc 5387] [STRIP MRC headers OUT 0] e0 e1 e2 e3 e4 e5 e6 e7 e8 e9 ea eb ec ed ee ef f0 f1 f2 f3 f4 f5 f6 f7 f8 f9 fa fb fc fd fe ff 00 01 02 03 04 05 06 07 08 09 0a 0b 0c 0d 0e 0f 10 11 12 13 14 15 16 17 18 19 1a 1b 1c 1d 1e 1f ffffffffffffffff 0
[cyc 5387] [R SHIFT BY OCTET IN] e0 e1 e2 e3 e4 e5 e6 e7 e8 e9 ea eb ec ed ee ef f0 f1 f2 f3 f4 f5 f6 f7 f8 f9 fa fb fc fd fe ff 00 01 02 03 04 05 06 07 08 09 0a 0b 0c 0d 0e 0f 10 11 12 13 14 15 16 17 18 19 1a 1b 1c 1d 1e 1f ffffffffffffffff 0
[cyc 5387] [R SHIFT BY OCTET OUT] b0 b1 b2 b3 b4 b5 b6 b7 b8 b9 ba bb bc bd be bf c0 c1 c2 c3 c4 c5 c6 c7 c8 c9 ca cb cc cd ce cf d0 d1 d2 d3 d4 d5 d6 d7 d8 d9 da db dc dd de df e0 e1 e2 e3 e4 e5 e6 e7 e8 e9 ea eb ec ed ee ef ffffffffffffffff 0
[cyc 5388] [R SHIFT BY OCTET IN] 8c 8d 8e 8f 90 91 92 93 94 95 96 97 98 99 9a 9b 9c 9d 9e 9f a0 a1 a2 a3 a4 a5 a6 a7 a8 a9 aa ab ac ad ae af b0 b1 b2 b3 b4 b5 b6 b7 b8 b9 ba bb bc bd be bf c0 c1 c2 c3 c4 c5 c6 c7 c8 c9 ca cb ffffffffffffffff 0
[cyc 5388] [R SHIFT BY OCTET OUT] 58 59 5a 5b 5c 5d 5e 5f 60 61 62 63 64 65 66 67 68 69 6a 6b 6c 6d 6e 6f 70 71 72 73 74 75 76 77 78 79 7a 7b 7c 7d 7e 7f 80 81 82 83 84 85 86 87 88 89 8a 8b 8c 8d 8e 8f 90 91 92 93 94 95 96 97 ffffffffffffffff 0
[cyc 5388] [STRIP MRC headers IN 0] 58 59 5a 5b 5c 5d 5e 5f 60 61 62 63 64 65 66 67 68 69 6a 6b 6c 6d 6e 6f 70 71 72 73 74 75 76 77 78 79 7a 7b 7c 7d 7e 7f 80 81 82 83 84 85 86 87 88 89 8a 8b 8c 8d 8e 8f 90 91 92 93 94 95 96 97 ffffffffffffffff 0
[cyc 5388] [STRIP MRC headers OUT 0] 20 21 22 23 24 25 26 27 28 29 2a 2b 2c 2d 2e 2f 30 31 32 33 34 35 36 37 38 39 3a 3b 3c 3d 3e 3f 40 41 42 43 44 45 46 47 48 49 4a 4b 4c 4d 4e 4f 50 51 52 53 54 55 56 57 58 59 5a 5b 5c 5d 5e 5f ffffffffffffffff 0
[cyc 5388] [R SHIFT BY OCTET IN] 20 21 22 23 24 25 26 27 28 29 2a 2b 2c 2d 2e 2f 30 31 32 33 34 35 36 37 38 39 3a 3b 3c 3d 3e 3f 40 41 42 43 44 45 46 47 48 49 4a 4b 4c 4d 4e 4f 50 51 52 53 54 55 56 57 58 59 5a 5b 5c 5d 5e 5f ffffffffffffffff 0
[cyc 5388] [R SHIFT BY OCTET OUT] f0 f1 f2 f3 f4 f5 f6 f7 f8 f9 fa fb fc fd fe ff 00 01 02 03 04 05 06 07 08 09 0a 0b 0c 0d 0e 0f 10 11 12 13 14 15 16 17 18 19 1a 1b 1c 1d 1e 1f 20 21 22 23 24 25 26 27 28 29 2a 2b 2c 2d 2e 2f ffffffffffffffff 0
[cyc 5388] [GENERATE EXH 0]: MRC_ACK with qpn 0x5, psn 0x0a0b18
[cyc 5388] [GENERATE EXH 0]: MRC_ACK 1f 00 00 0b f4 f5 f6 f7 00 71 f4 d0 83 e8 5f f6 60 fa 8b 9e 40 5f 00 00 40 be 46 89 fe 7f 00 00 d0 fa 8b 9e 40 5f 00 00 44 5b 81 9e 40 5f 00 00 44 c0 46 89 fe 7f 00 00 87 16 85 9e 40 5f 00 00 000000000000000f 1
[cyc 5388] [APPEND PAYLOAD 0]: moving to state HEADER
[cyc 5388] [TX IP UDP META MERGER 0]: port 0xc000
[cyc 5389] [R SHIFT BY OCTET IN] cc cd ce cf d0 d1 d2 d3 d4 d5 d6 d7 d8 d9 da db dc dd de df e0 e1 e2 e3 e4 e5 e6 e7 e8 e9 ea eb ec ed ee ef f0 f1 f2 f3 f4 f5 f6 f7 f8 f9 fa fb fc fd fe ff 00 01 02 03 04 05 06 07 08 09 0a 0b ffffffffffffffff 0
[cyc 5389] [R SHIFT BY OCTET OUT] 98 99 9a 9b 9c 9d 9e 9f a0 a1 a2 a3 a4 a5 a6 a7 a8 a9 aa ab ac ad ae af b0 b1 b2 b3 b4 b5 b6 b7 b8 b9 ba bb bc bd be bf c0 c1 c2 c3 c4 c5 c6 c7 c8 c9 ca cb cc cd ce cf d0 d1 d2 d3 d4 d5 d6 d7 ffffffffffffffff 0
[cyc 5389] [STRIP MRC headers IN 0] 98 99 9a 9b 9c 9d 9e 9f a0 a1 a2 a3 a4 a5 a6 a7 a8 a9 aa ab ac ad ae af b0 b1 b2 b3 b4 b5 b6 b7 b8 b9 ba bb bc bd be bf c0 c1 c2 c3 c4 c5 c6 c7 c8 c9 ca cb cc cd ce cf d0 d1 d2 d3 d4 d5 d6 d7 ffffffffffffffff 0
[cyc 5389] [STRIP MRC headers OUT 0] 60 61 62 63 64 65 66 67 68 69 6a 6b 6c 6d 6e 6f 70 71 72 73 74 75 76 77 78 79 7a 7b 7c 7d 7e 7f 80 81 82 83 84 85 86 87 88 89 8a 8b 8c 8d 8e 8f 90 91 92 93 94 95 96 97 98 99 9a 9b 9c 9d 9e 9f ffffffffffffffff 0
[cyc 5389] [R SHIFT BY OCTET IN] 60 61 62 63 64 65 66 67 68 69 6a 6b 6c 6d 6e 6f 70 71 72 73 74 75 76 77 78 79 7a 7b 7c 7d 7e 7f 80 81 82 83 84 85 86 87 88 89 8a 8b 8c 8d 8e 8f 90 91 92 93 94 95 96 97 98 99 9a 9b 9c 9d 9e 9f ffffffffffffffff 0
[cyc 5389] [R SHIFT BY OCTET OUT] 30 31 32 33 34 35 36 37 38 39 3a 3b 3c 3d 3e 3f 40 41 42 43 44 45 46 47 48 49 4a 4b 4c 4d 4e 4f 50 51 52 53 54 55 56 57 58 59 5a 5b 5c 5d 5e 5f 60 61 62 63 64 65 66 67 68 69 6a 6b 6c 6d 6e 6f ffffffffffffffff 0
[cyc 5389] [APPEND PAYLOAD 0]: moving to state INFO
[cyc 5389] [GENERATE IBH 0]: input meta, opcode 0xd1 valid psn 0x0a0b18
[cyc 5389] [PREPEND IBH HEADER 0]: going to state PARTIAL_HEADER
[cyc 5390] [R SHIFT BY OCTET IN] 0c 0d 0e 0f 10 11 12 13 14 15 16 17 18 19 1a 1b 1c 1d 1e 1f 20 21 22 23 24 25 26 27 28 29 2a 2b 2c 2d 2e 2f 30 31 32 33 34 35 36 37 38 39 3a 3b 3c 3d 3e 3f 40 41 42 43 44 45 46 47 48 49 4a 4b ffffffffffffffff 0
[cyc 5390] [R SHIFT BY OCTET OUT] d8 d9 da db dc dd de df e0 e1 e2 e3 e4 e5 e6 e7 e8 e9 ea eb ec ed ee ef f0 f1 f2 f3 f4 f5 f6 f7 f8 f9 fa fb fc fd fe ff 00 01 02 03 04 05 06 07 08 09 0a 0b 0c 0d 0e 0f 10 11 12 13 14 15 16 17 ffffffffffffffff 0
[cyc 5390] [STRIP MRC headers IN 0] d8 d9 da db dc dd de df e0 e1 e2 e3 e4 e5 e6 e7 e8 e9 ea eb ec ed ee ef f0 f1 f2 f3 f4 f5 f6 f7 f8 f9 fa fb fc fd fe ff 00 01 02 03 04 05 06 07 08 09 0a 0b 0c 0d 0e 0f 10 11 12 13 14 15 16 17 ffffffffffffffff 0
[cyc 5390] [STRIP MRC headers OUT 0] a0 a1 a2 a3 a4 a5 a6 a7 a8 a9 aa ab ac ad ae af b0 b1 b2 b3 b4 b5 b6 b7 b8 b9 ba bb bc bd be bf c0 c1 c2 c3 c4 c5 c6 c7 c8 c9 ca cb cc cd ce cf d0 d1 d2 d3 d4 d5 d6 d7 d8 d9 da db dc dd de df ffffffffffffffff 0
[cyc 5390] [R SHIFT BY OCTET IN] a0 a1 a2 a3 a4 a5 a6 a7 a8 a9 aa ab ac ad ae af b0 b1 b2 b3 b4 b5 b6 b7 b8 b9 ba bb bc bd be bf c0 c1 c2 c3 c4 c5 c6 c7 c8 c9 ca cb cc cd ce cf d0 d1 d2 d3 d4 d5 d6 d7 d8 d9 da db dc dd de df ffffffffffffffff 0
[cyc 5390] [R SHIFT BY OCTET OUT] 70 71 72 73 74 75 76 77 78 79 7a 7b 7c 7d 7e 7f 80 81 82 83 84 85 86 87 88 89 8a 8b 8c 8d 8e 8f 90 91 92 93 94 95 96 97 98 99 9a 9b 9c 9d 9e 9f a0 a1 a2 a3 a4 a5 a6 a7 a8 a9 aa ab ac ad ae af ffffffffffffffff 0
[cyc 5390] [PREPEND IBH HEADER 0]: IBH PARTIAL PAYLOAD
[cyc 5390] 00 00 00 00 00 00 00 00 00 00 00 00 1f 00 00 0b f4 f5 f6 f7 00 71 f4 d0 83 e8 5f f6 60 fa 8b 9e 40 5f 00 00 40 be 46 89 fe 7f 00 00 d0 fa 8b 9e 40 5f 00 00 44 5b 81 9e 40 5f 00 00 44 c0 46 89 000000000000ffff 1
[cyc 5390] [PREPEND IBH HEADER 0]: IBH PARTIAL HEADER
[cyc 5390] d1 00 ff ff 00 00 00 42 00 0a 0b 18 1f 00 00 0b f4 f5 f6 f7 00 71 f4 d0 83 e8 5f f6 60 fa 8b 9e 40 5f 00 00 40 be 46 89 fe 7f 00 00 d0 fa 8b 9e 40 5f 00 00 44 5b 81 9e 40 5f 00 00 44 c0 46 89 000000000000ffff 1
[cyc 5391] [TB] last beat of packet 0 (12 beat(s))
[cyc 5391] [R SHIFT BY OCTET IN] 4c 4d 4e 4f 50 51 52 53 54 55 56 57 58 59 5a 5b 5c 5d 5e 5f 60 61 62 63 64 65 66 67 68 69 6a 6b 00 00 00 00 00 00 00 00 00 00 00 00 00 00 00 00 00 00 00 00 00 00 00 00 00 00 00 00 00 00 00 00 00000000ffffffff 1  <- last
[cyc 5391] [R SHIFT BY OCTET OUT] 18 19 1a 1b 1c 1d 1e 1f 20 21 22 23 24 25 26 27 28 29 2a 2b 2c 2d 2e 2f 30 31 32 33 34 35 36 37 38 39 3a 3b 3c 3d 3e 3f 40 41 42 43 44 45 46 47 48 49 4a 4b 4c 4d 4e 4f 50 51 52 53 54 55 56 57 ffffffffffffffff 0
[cyc 5391] [STRIP MRC headers IN 0] 18 19 1a 1b 1c 1d 1e 1f 20 21 22 23 24 25 26 27 28 29 2a 2b 2c 2d 2e 2f 30 31 32 33 34 35 36 37 38 39 3a 3b 3c 3d 3e 3f 40 41 42 43 44 45 46 47 48 49 4a 4b 4c 4d 4e 4f 50 51 52 53 54 55 56 57 ffffffffffffffff 0
[cyc 5391] [STRIP MRC headers OUT 0] e0 e1 e2 e3 e4 e5 e6 e7 e8 e9 ea eb ec ed ee ef f0 f1 f2 f3 f4 f5 f6 f7 f8 f9 fa fb fc fd fe ff 00 01 02 03 04 05 06 07 08 09 0a 0b 0c 0d 0e 0f 10 11 12 13 14 15 16 17 18 19 1a 1b 1c 1d 1e 1f ffffffffffffffff 0
[cyc 5391] [R SHIFT BY OCTET IN] e0 e1 e2 e3 e4 e5 e6 e7 e8 e9 ea eb ec ed ee ef f0 f1 f2 f3 f4 f5 f6 f7 f8 f9 fa fb fc fd fe ff 00 01 02 03 04 05 06 07 08 09 0a 0b 0c 0d 0e 0f 10 11 12 13 14 15 16 17 18 19 1a 1b 1c 1d 1e 1f ffffffffffffffff 0
[cyc 5391] [R SHIFT BY OCTET OUT] b0 b1 b2 b3 b4 b5 b6 b7 b8 b9 ba bb bc bd be bf c0 c1 c2 c3 c4 c5 c6 c7 c8 c9 ca cb cc cd ce cf d0 d1 d2 d3 d4 d5 d6 d7 d8 d9 da db dc dd de df e0 e1 e2 e3 e4 e5 e6 e7 e8 e9 ea eb ec ed ee ef ffffffffffffffff 0
[TB] All packets fed, running 300 more cycles...
[cyc 5392] [R SHIFT BY OCTET OUT] 58 59 5a 5b 5c 5d 5e 5f 60 61 62 63 64 65 66 67 68 69 6a 6b 00 00 00 00 00 00 00 00 00 00 00 00 00 00 00 00 00 00 00 00 00 00 00 00 00 00 00 00 00 00 00 00 00 00 00 00 00 00 00 00 00 00 00 00 00000000000fffff 1  <- last
[cyc 5392] [STRIP MRC headers IN 0] 58 59 5a 5b 5c 5d 5e 5f 60 61 62 63 64 65 66 67 68 69 6a 6b 00 00 00 00 00 00 00 00 00 00 00 00 00 00 00 00 00 00 00 00 00 00 00 00 00 00 00 00 00 00 00 00 00 00 00 00 00 00 00 00 00 00 00 00 00000000000fffff 1  <- last
[cyc 5392] [STRIP MRC headers OUT 0] 20 21 22 23 24 25 26 27 28 29 2a 2b 2c 2d 2e 2f 30 31 32 33 34 35 36 37 38 39 3a 3b 3c 3d 3e 3f 40 41 42 43 44 45 46 47 48 49 4a 4b 4c 4d 4e 4f 50 51 52 53 54 55 56 57 58 59 5a 5b 5c 5d 5e 5f ffffffffffffffff 0
[cyc 5392] [R SHIFT BY OCTET IN] 20 21 22 23 24 25 26 27 28 29 2a 2b 2c 2d 2e 2f 30 31 32 33 34 35 36 37 38 39 3a 3b 3c 3d 3e 3f 40 41 42 43 44 45 46 47 48 49 4a 4b 4c 4d 4e 4f 50 51 52 53 54 55 56 57 58 59 5a 5b 5c 5d 5e 5f ffffffffffffffff 0
[cyc 5392] [R SHIFT BY OCTET OUT] f0 f1 f2 f3 f4 f5 f6 f7 f8 f9 fa fb fc fd fe ff 00 01 02 03 04 05 06 07 08 09 0a 0b 0c 0d 0e 0f 10 11 12 13 14 15 16 17 18 19 1a 1b 1c 1d 1e 1f 20 21 22 23 24 25 26 27 28 29 2a 2b 2c 2d 2e 2f ffffffffffffffff 0
[cyc 5393] [STRIP MRC headers OUT 0] 60 61 62 63 64 65 66 67 68 69 6a 6b 00 00 00 00 00 00 00 00 00 00 00 00 00 00 00 00 00 00 00 00 00 00 00 00 00 00 00 00 00 00 00 00 00 00 00 00 00 00 00 00 00 00 00 00 00 00 00 00 00 00 00 00 0000000000000fff 1  <- last
[cyc 5393] [R SHIFT BY OCTET IN] 60 61 62 63 64 65 66 67 68 69 6a 6b 6c 6d 6e 6f 70 71 72 73 74 75 76 77 78 79 7a 7b 7c 7d 7e 7f 80 81 82 83 84 85 86 87 88 89 8a 8b 8c 8d 8e 8f 90 91 92 93 94 95 96 97 98 99 9a 9b 9c 9d 9e 9f ffffffffffffffff 0
[cyc 5393] [R SHIFT BY OCTET OUT] 30 31 32 33 34 35 36 37 38 39 3a 3b 3c 3d 3e 3f 40 41 42 43 44 45 46 47 48 49 4a 4b 4c 4d 4e 4f 50 51 52 53 54 55 56 57 58 59 5a 5b 5c 5d 5e 5f 60 61 62 63 64 65 66 67 68 69 6a 6b 6c 6d 6e 6f ffffffffffffffff 0
[cyc 5394] [R SHIFT BY OCTET IN] a0 a1 a2 a3 a4 a5 a6 a7 a8 a9 aa ab ac ad ae af b0 b1 b2 b3 b4 b5 b6 b7 b8 b9 ba bb bc bd be bf c0 c1 c2 c3 c4 c5 c6 c7 c8 c9 ca cb cc cd ce cf d0 d1 d2 d3 d4 d5 d6 d7 d8 d9 da db dc dd de df ffffffffffffffff 0
[cyc 5394] [R SHIFT BY OCTET OUT] 70 71 72 73 74 75 76 77 78 79 7a 7b 7c 7d 7e 7f 80 81 82 83 84 85 86 87 88 89 8a 8b 8c 8d 8e 8f 90 91 92 93 94 95 96 97 98 99 9a 9b 9c 9d 9e 9f a0 a1 a2 a3 a4 a5 a6 a7 a8 a9 aa ab ac ad ae af ffffffffffffffff 0
[cyc 5395] [R SHIFT BY OCTET IN] e0 e1 e2 e3 e4 e5 e6 e7 e8 e9 ea eb ec ed ee ef f0 f1 f2 f3 f4 f5 f6 f7 f8 f9 fa fb fc fd fe ff 00 01 02 03 04 05 06 07 08 09 0a 0b 0c 0d 0e 0f 10 11 12 13 14 15 16 17 18 19 1a 1b 1c 1d 1e 1f ffffffffffffffff 0
[cyc 5395] [R SHIFT BY OCTET OUT] b0 b1 b2 b3 b4 b5 b6 b7 b8 b9 ba bb bc bd be bf c0 c1 c2 c3 c4 c5 c6 c7 c8 c9 ca cb cc cd ce cf d0 d1 d2 d3 d4 d5 d6 d7 d8 d9 da db dc dd de df e0 e1 e2 e3 e4 e5 e6 e7 e8 e9 ea eb ec ed ee ef ffffffffffffffff 0
[cyc 5396] [R SHIFT BY OCTET IN] 20 21 22 23 24 25 26 27 28 29 2a 2b 2c 2d 2e 2f 30 31 32 33 34 35 36 37 38 39 3a 3b 3c 3d 3e 3f 40 41 42 43 44 45 46 47 48 49 4a 4b 4c 4d 4e 4f 50 51 52 53 54 55 56 57 58 59 5a 5b 5c 5d 5e 5f ffffffffffffffff 0
[cyc 5396] [R SHIFT BY OCTET OUT] f0 f1 f2 f3 f4 f5 f6 f7 f8 f9 fa fb fc fd fe ff 00 01 02 03 04 05 06 07 08 09 0a 0b 0c 0d 0e 0f 10 11 12 13 14 15 16 17 18 19 1a 1b 1c 1d 1e 1f 20 21 22 23 24 25 26 27 28 29 2a 2b 2c 2d 2e 2f ffffffffffffffff 0
[cyc 5397] [R SHIFT BY OCTET IN] 60 61 62 63 64 65 66 67 68 69 6a 6b 00 00 00 00 00 00 00 00 00 00 00 00 00 00 00 00 00 00 00 00 00 00 00 00 00 00 00 00 00 00 00 00 00 00 00 00 00 00 00 00 00 00 00 00 00 00 00 00 00 00 00 00 0000000000000fff 1  <- last
[cyc 5397] [R SHIFT BY OCTET OUT] 30 31 32 33 34 35 36 37 38 39 3a 3b 3c 3d 3e 3f 40 41 42 43 44 45 46 47 48 49 4a 4b 4c 4d 4e 4f 50 51 52 53 54 55 56 57 58 59 5a 5b 5c 5d 5e 5f 60 61 62 63 64 65 66 67 68 69 6a 6b 00 00 00 00 0fffffffffffffff 1  <- last

[TB] ---- Outputs (cycle they left the module) ----
[TB] cyc 5386 m_axis_mem_write_cmd: op=RC_RDMA_WRITE_ONLY qpn=0x5 addr=0x20000 len=700 lst=1 host=1
[TB] cyc 5398 m_axis_mem_write_data: 700 B
      0000: b0 b1 b2 b3 b4 b5 b6 b7 b8 b9 ba bb bc bd be bf 
      0010: c0 c1 c2 c3 c4 c5 c6 c7 c8 c9 ca cb cc cd ce cf 
      0020: d0 d1 d2 d3 d4 d5 d6 d7 d8 d9 da db dc dd de df 
      0030: e0 e1 e2 e3 e4 e5 e6 e7 e8 e9 ea eb ec ed ee ef 
      ... (636 more bytes)
[TB] cyc 5391 m_axis_tx_data packet (16 B), meta: dst ip=0xa000002 length=20
      0000: d1 00 ff ff 00 00 00 42 00 0a 0b 18 1f 00 00 0b 

[TB] ---- Checks ----
[TB] Packet 0: TEST 06a: ONLY with TSETH
  [PASS] a memory write command was issued for it
[TB]   memory command at cycle 5386
  [PASS] memCmd.op_code = 0xca
  [PASS] memCmd.qpn     = 0x5
  [PASS] memCmd.addr    = 0x20000
  [PASS] memCmd.len     = 700
  [PASS] memCmd.lst     = 0x1
  [PASS] payload data reached memory
[TB]   payload in memory by cycle 5398
  [PASS] bytes written to memory = 700
  [PASS] memory data is identical to the payload that was sent
  [PASS] a reply (ACK/NAK) was sent for it
[TB]   reply at cycle 5391
  [PASS] tx meta: destination IP = 0xa000002
  [PASS] tx meta: UDP length (BTH+AETH+ICRC) = 20
[TB]   parsed reply: MRC_ACK  DestQP=0x42  PSN=0xa0b18  AETH.syndrome=0x1f (ACK)  AETH.MSN=0xb
  [PASS] reply length in bytes = 16
  [PASS] reply BTH.opcode (MRC_ACK) = 0xd1
  [PASS] reply BTH.DestQP (remote QPN) = 0x42
  [PASS] reply BTH.PSN = 0xa0b18
  [PASS] reply AETH.syndrome (ACK) = 0x1f
  [PASS] reply AETH.MSN = 0xb
[TB] Whole group
  [PASS] unexpected memory write commands = 0
  [PASS] unexpected memory payloads = 0
  [PASS] no memory data beat left without TLAST
  [PASS] unexpected packets sent back = 0
  [PASS] tx meta entries = tx packets = 1
  [PASS] invalid-PSN drop counter increase over the group = 0
  [PASS] ackMeta to the host (only used for our own requests) = 0
  [PASS] module consumed the whole input
  [PASS] no memory READ command issued

=====================================================================
  GROUP: TEST 06b: FIRST with TSETH
=====================================================================
[TB] Packet 0: TEST 06b: FIRST with TSETH
[TB]   state before: epsn=0xa0b19 last_psn=0xa0b18
[TB]   RC_RDMA_WRITE_FIRST  DestQP=0x5  PSN=0xa0b19, 658201  RETH.vaddr=0x21000  RETH.len=2098  payload=1024 B  UDP length=1072  (then drain and check)
      0000: c6 00 ff ff 00 00 00 05 90 0a 0b 19 00 00 00 0b 
      0010: 00 00 00 01 00 00 00 00 00 02 10 00 00 00 12 34 
      0020: 00 00 08 32 b1 b2 b3 b4 b5 b6 b7 b8 b9 ba bb bc 
      0030: bd be bf c0 c1 c2 c3 c4 c5 c6 c7 c8 c9 ca cb cc 
      ... (996 more bytes)

[TB] Feeding 1 packet(s)... (module prints follow)
[cyc 5692] [TB] first beat of packet 0 (TEST 06b: FIRST with TSETH)
[cyc 5692] [RX PROCESS IBH 0]: input psn 0x0a0b19
[cyc 5692] [RX PROCESS IBH 0]: process IBH opcode: c6
[cyc 5692] [R SHIFT BY OCTET IN] c6 00 ff ff 00 00 00 05 90 0a 0b 19 00 00 00 0b 00 00 00 01 00 00 00 00 00 02 10 00 00 00 12 34 00 00 08 32 b1 b2 b3 b4 b5 b6 b7 b8 b9 ba bb bc bd be bf c0 c1 c2 c3 c4 c5 c6 c7 c8 c9 ca cb cc ffffffffffffffff 0
[cyc 5693] [R SHIFT BY OCTET IN] cd ce cf d0 d1 d2 d3 d4 d5 d6 d7 d8 d9 da db dc dd de df e0 e1 e2 e3 e4 e5 e6 e7 e8 e9 ea eb ec ed ee ef f0 f1 f2 f3 f4 f5 f6 f7 f8 f9 fa fb fc fd fe ff 00 01 02 03 04 05 06 07 08 09 0a 0b 0c ffffffffffffffff 0
[cyc 5693] [R SHIFT BY OCTET OUT] 00 00 00 0b 00 00 00 01 00 00 00 00 00 02 10 00 00 00 12 34 00 00 08 32 b1 b2 b3 b4 b5 b6 b7 b8 b9 ba bb bc bd be bf c0 c1 c2 c3 c4 c5 c6 c7 c8 c9 ca cb cc cd ce cf d0 d1 d2 d3 d4 d5 d6 d7 d8 ffffffffffffffff 0
[cyc 5693] [STRIP MRC headers IN 0] 00 00 00 0b 00 00 00 01 00 00 00 00 00 02 10 00 00 00 12 34 00 00 08 32 b1 b2 b3 b4 b5 b6 b7 b8 b9 ba bb bc bd be bf c0 c1 c2 c3 c4 c5 c6 c7 c8 c9 ca cb cc cd ce cf d0 d1 d2 d3 d4 d5 d6 d7 d8 ffffffffffffffff 0
[cyc 5694] [R SHIFT BY OCTET IN] 0d 0e 0f 10 11 12 13 14 15 16 17 18 19 1a 1b 1c 1d 1e 1f 20 21 22 23 24 25 26 27 28 29 2a 2b 2c 2d 2e 2f 30 31 32 33 34 35 36 37 38 39 3a 3b 3c 3d 3e 3f 40 41 42 43 44 45 46 47 48 49 4a 4b 4c ffffffffffffffff 0
[cyc 5694] [R SHIFT BY OCTET OUT] d9 da db dc dd de df e0 e1 e2 e3 e4 e5 e6 e7 e8 e9 ea eb ec ed ee ef f0 f1 f2 f3 f4 f5 f6 f7 f8 f9 fa fb fc fd fe ff 00 01 02 03 04 05 06 07 08 09 0a 0b 0c 0d 0e 0f 10 11 12 13 14 15 16 17 18 ffffffffffffffff 0
[cyc 5694] [STRIP MRC headers IN 0] d9 da db dc dd de df e0 e1 e2 e3 e4 e5 e6 e7 e8 e9 ea eb ec ed ee ef f0 f1 f2 f3 f4 f5 f6 f7 f8 f9 fa fb fc fd fe ff 00 01 02 03 04 05 06 07 08 09 0a 0b 0c 0d 0e 0f 10 11 12 13 14 15 16 17 18 ffffffffffffffff 0
[cyc 5694] [STRIP MRC headers OUT 0] 00 00 00 00 00 02 10 00 00 00 12 34 00 00 08 32 b1 b2 b3 b4 b5 b6 b7 b8 b9 ba bb bc bd be bf c0 c1 c2 c3 c4 c5 c6 c7 c8 c9 ca cb cc cd ce cf d0 d1 d2 d3 d4 d5 d6 d7 d8 d9 da db dc dd de df e0 ffffffffffffffff 0
[cyc 5695] [R SHIFT BY OCTET IN] 4d 4e 4f 50 51 52 53 54 55 56 57 58 59 5a 5b 5c 5d 5e 5f 60 61 62 63 64 65 66 67 68 69 6a 6b 6c 6d 6e 6f 70 71 72 73 74 75 76 77 78 79 7a 7b 7c 7d 7e 7f 80 81 82 83 84 85 86 87 88 89 8a 8b 8c ffffffffffffffff 0
[cyc 5695] [R SHIFT BY OCTET OUT] 19 1a 1b 1c 1d 1e 1f 20 21 22 23 24 25 26 27 28 29 2a 2b 2c 2d 2e 2f 30 31 32 33 34 35 36 37 38 39 3a 3b 3c 3d 3e 3f 40 41 42 43 44 45 46 47 48 49 4a 4b 4c 4d 4e 4f 50 51 52 53 54 55 56 57 58 ffffffffffffffff 0
[cyc 5695] [STRIP MRC headers IN 0] 19 1a 1b 1c 1d 1e 1f 20 21 22 23 24 25 26 27 28 29 2a 2b 2c 2d 2e 2f 30 31 32 33 34 35 36 37 38 39 3a 3b 3c 3d 3e 3f 40 41 42 43 44 45 46 47 48 49 4a 4b 4c 4d 4e 4f 50 51 52 53 54 55 56 57 58 ffffffffffffffff 0
[cyc 5695] [STRIP MRC headers OUT 0] e1 e2 e3 e4 e5 e6 e7 e8 e9 ea eb ec ed ee ef f0 f1 f2 f3 f4 f5 f6 f7 f8 f9 fa fb fc fd fe ff 00 01 02 03 04 05 06 07 08 09 0a 0b 0c 0d 0e 0f 10 11 12 13 14 15 16 17 18 19 1a 1b 1c 1d 1e 1f 20 ffffffffffffffff 0
[cyc 5695] [RX IBH FSM 0]: epsn: 0x0a0b19, 658201, packet psn: 0x0a0b19, 658201, oldest outstanding psn: 0x8a0b19, 9046809
[cyc 5696] [R SHIFT BY OCTET IN] 8d 8e 8f 90 91 92 93 94 95 96 97 98 99 9a 9b 9c 9d 9e 9f a0 a1 a2 a3 a4 a5 a6 a7 a8 a9 aa ab ac ad ae af b0 b1 b2 b3 b4 b5 b6 b7 b8 b9 ba bb bc bd be bf c0 c1 c2 c3 c4 c5 c6 c7 c8 c9 ca cb cc ffffffffffffffff 0
[cyc 5696] [R SHIFT BY OCTET OUT] 59 5a 5b 5c 5d 5e 5f 60 61 62 63 64 65 66 67 68 69 6a 6b 6c 6d 6e 6f 70 71 72 73 74 75 76 77 78 79 7a 7b 7c 7d 7e 7f 80 81 82 83 84 85 86 87 88 89 8a 8b 8c 8d 8e 8f 90 91 92 93 94 95 96 97 98 ffffffffffffffff 0
[cyc 5696] [STRIP MRC headers IN 0] 59 5a 5b 5c 5d 5e 5f 60 61 62 63 64 65 66 67 68 69 6a 6b 6c 6d 6e 6f 70 71 72 73 74 75 76 77 78 79 7a 7b 7c 7d 7e 7f 80 81 82 83 84 85 86 87 88 89 8a 8b 8c 8d 8e 8f 90 91 92 93 94 95 96 97 98 ffffffffffffffff 0
[cyc 5696] [STRIP MRC headers OUT 0] 21 22 23 24 25 26 27 28 29 2a 2b 2c 2d 2e 2f 30 31 32 33 34 35 36 37 38 39 3a 3b 3c 3d 3e 3f 40 41 42 43 44 45 46 47 48 49 4a 4b 4c 4d 4e 4f 50 51 52 53 54 55 56 57 58 59 5a 5b 5c 5d 5e 5f 60 ffffffffffffffff 0
[cyc 5697] [R SHIFT BY OCTET IN] cd ce cf d0 d1 d2 d3 d4 d5 d6 d7 d8 d9 da db dc dd de df e0 e1 e2 e3 e4 e5 e6 e7 e8 e9 ea eb ec ed ee ef f0 f1 f2 f3 f4 f5 f6 f7 f8 f9 fa fb fc fd fe ff 00 01 02 03 04 05 06 07 08 09 0a 0b 0c ffffffffffffffff 0
[cyc 5697] [R SHIFT BY OCTET OUT] 99 9a 9b 9c 9d 9e 9f a0 a1 a2 a3 a4 a5 a6 a7 a8 a9 aa ab ac ad ae af b0 b1 b2 b3 b4 b5 b6 b7 b8 b9 ba bb bc bd be bf c0 c1 c2 c3 c4 c5 c6 c7 c8 c9 ca cb cc cd ce cf d0 d1 d2 d3 d4 d5 d6 d7 d8 ffffffffffffffff 0
[cyc 5697] [STRIP MRC headers IN 0] 99 9a 9b 9c 9d 9e 9f a0 a1 a2 a3 a4 a5 a6 a7 a8 a9 aa ab ac ad ae af b0 b1 b2 b3 b4 b5 b6 b7 b8 b9 ba bb bc bd be bf c0 c1 c2 c3 c4 c5 c6 c7 c8 c9 ca cb cc cd ce cf d0 d1 d2 d3 d4 d5 d6 d7 d8 ffffffffffffffff 0
[cyc 5697] [STRIP MRC headers OUT 0] 61 62 63 64 65 66 67 68 69 6a 6b 6c 6d 6e 6f 70 71 72 73 74 75 76 77 78 79 7a 7b 7c 7d 7e 7f 80 81 82 83 84 85 86 87 88 89 8a 8b 8c 8d 8e 8f 90 91 92 93 94 95 96 97 98 99 9a 9b 9c 9d 9e 9f a0 ffffffffffffffff 0
[cyc 5697] [META MERGER 0]: reading from ack event with qpn 0x5, psn 0x0a0b19
[cyc 5698] [R SHIFT BY OCTET IN] 0d 0e 0f 10 11 12 13 14 15 16 17 18 19 1a 1b 1c 1d 1e 1f 20 21 22 23 24 25 26 27 28 29 2a 2b 2c 2d 2e 2f 30 31 32 33 34 35 36 37 38 39 3a 3b 3c 3d 3e 3f 40 41 42 43 44 45 46 47 48 49 4a 4b 4c ffffffffffffffff 0
[cyc 5698] [R SHIFT BY OCTET OUT] d9 da db dc dd de df e0 e1 e2 e3 e4 e5 e6 e7 e8 e9 ea eb ec ed ee ef f0 f1 f2 f3 f4 f5 f6 f7 f8 f9 fa fb fc fd fe ff 00 01 02 03 04 05 06 07 08 09 0a 0b 0c 0d 0e 0f 10 11 12 13 14 15 16 17 18 ffffffffffffffff 0
[cyc 5698] [STRIP MRC headers IN 0] d9 da db dc dd de df e0 e1 e2 e3 e4 e5 e6 e7 e8 e9 ea eb ec ed ee ef f0 f1 f2 f3 f4 f5 f6 f7 f8 f9 fa fb fc fd fe ff 00 01 02 03 04 05 06 07 08 09 0a 0b 0c 0d 0e 0f 10 11 12 13 14 15 16 17 18 ffffffffffffffff 0
[cyc 5698] [STRIP MRC headers OUT 0] a1 a2 a3 a4 a5 a6 a7 a8 a9 aa ab ac ad ae af b0 b1 b2 b3 b4 b5 b6 b7 b8 b9 ba bb bc bd be bf c0 c1 c2 c3 c4 c5 c6 c7 c8 c9 ca cb cc cd ce cf d0 d1 d2 d3 d4 d5 d6 d7 d8 d9 da db dc dd de df e0 ffffffffffffffff 0
[cyc 5698] [R SHIFT BY OCTET IN] 00 00 00 00 00 02 10 00 00 00 12 34 00 00 08 32 b1 b2 b3 b4 b5 b6 b7 b8 b9 ba bb bc bd be bf c0 c1 c2 c3 c4 c5 c6 c7 c8 c9 ca cb cc cd ce cf d0 d1 d2 d3 d4 d5 d6 d7 d8 d9 da db dc dd de df e0 ffffffffffffffff 0
[cyc 5699] [R SHIFT BY OCTET IN] 4d 4e 4f 50 51 52 53 54 55 56 57 58 59 5a 5b 5c 5d 5e 5f 60 61 62 63 64 65 66 67 68 69 6a 6b 6c 6d 6e 6f 70 71 72 73 74 75 76 77 78 79 7a 7b 7c 7d 7e 7f 80 81 82 83 84 85 86 87 88 89 8a 8b 8c ffffffffffffffff 0
[cyc 5699] [R SHIFT BY OCTET OUT] 19 1a 1b 1c 1d 1e 1f 20 21 22 23 24 25 26 27 28 29 2a 2b 2c 2d 2e 2f 30 31 32 33 34 35 36 37 38 39 3a 3b 3c 3d 3e 3f 40 41 42 43 44 45 46 47 48 49 4a 4b 4c 4d 4e 4f 50 51 52 53 54 55 56 57 58 ffffffffffffffff 0
[cyc 5699] [STRIP MRC headers IN 0] 19 1a 1b 1c 1d 1e 1f 20 21 22 23 24 25 26 27 28 29 2a 2b 2c 2d 2e 2f 30 31 32 33 34 35 36 37 38 39 3a 3b 3c 3d 3e 3f 40 41 42 43 44 45 46 47 48 49 4a 4b 4c 4d 4e 4f 50 51 52 53 54 55 56 57 58 ffffffffffffffff 0
[cyc 5699] [STRIP MRC headers OUT 0] e1 e2 e3 e4 e5 e6 e7 e8 e9 ea eb ec ed ee ef f0 f1 f2 f3 f4 f5 f6 f7 f8 f9 fa fb fc fd fe ff 00 01 02 03 04 05 06 07 08 09 0a 0b 0c 0d 0e 0f 10 11 12 13 14 15 16 17 18 19 1a 1b 1c 1d 1e 1f 20 ffffffffffffffff 0
[cyc 5699] [R SHIFT BY OCTET IN] e1 e2 e3 e4 e5 e6 e7 e8 e9 ea eb ec ed ee ef f0 f1 f2 f3 f4 f5 f6 f7 f8 f9 fa fb fc fd fe ff 00 01 02 03 04 05 06 07 08 09 0a 0b 0c 0d 0e 0f 10 11 12 13 14 15 16 17 18 19 1a 1b 1c 1d 1e 1f 20 ffffffffffffffff 0
[cyc 5699] [R SHIFT BY OCTET OUT] b1 b2 b3 b4 b5 b6 b7 b8 b9 ba bb bc bd be bf c0 c1 c2 c3 c4 c5 c6 c7 c8 c9 ca cb cc cd ce cf d0 d1 d2 d3 d4 d5 d6 d7 d8 d9 da db dc dd de df e0 e1 e2 e3 e4 e5 e6 e7 e8 e9 ea eb ec ed ee ef f0 ffffffffffffffff 0
[cyc 5699] [GENERATE EXH 0]: MRC_ACK with qpn 0x5, psn 0x0a0b19
[cyc 5699] [GENERATE EXH 0]: MRC_ACK 1f 00 00 0b b5 b6 b7 b8 00 71 f4 d0 83 e8 5f f6 60 fa 8b 9e 40 5f 00 00 40 be 46 89 fe 7f 00 00 d0 fa 8b 9e 40 5f 00 00 44 5b 81 9e 40 5f 00 00 44 c0 46 89 fe 7f 00 00 87 16 85 9e 40 5f 00 00 000000000000000f 1
[cyc 5699] [APPEND PAYLOAD 0]: moving to state HEADER
[cyc 5699] [TX IP UDP META MERGER 0]: port 0xc000
[cyc 5700] [R SHIFT BY OCTET IN] 8d 8e 8f 90 91 92 93 94 95 96 97 98 99 9a 9b 9c 9d 9e 9f a0 a1 a2 a3 a4 a5 a6 a7 a8 a9 aa ab ac ad ae af b0 b1 b2 b3 b4 b5 b6 b7 b8 b9 ba bb bc bd be bf c0 c1 c2 c3 c4 c5 c6 c7 c8 c9 ca cb cc ffffffffffffffff 0
[cyc 5700] [R SHIFT BY OCTET OUT] 59 5a 5b 5c 5d 5e 5f 60 61 62 63 64 65 66 67 68 69 6a 6b 6c 6d 6e 6f 70 71 72 73 74 75 76 77 78 79 7a 7b 7c 7d 7e 7f 80 81 82 83 84 85 86 87 88 89 8a 8b 8c 8d 8e 8f 90 91 92 93 94 95 96 97 98 ffffffffffffffff 0
[cyc 5700] [STRIP MRC headers IN 0] 59 5a 5b 5c 5d 5e 5f 60 61 62 63 64 65 66 67 68 69 6a 6b 6c 6d 6e 6f 70 71 72 73 74 75 76 77 78 79 7a 7b 7c 7d 7e 7f 80 81 82 83 84 85 86 87 88 89 8a 8b 8c 8d 8e 8f 90 91 92 93 94 95 96 97 98 ffffffffffffffff 0
[cyc 5700] [STRIP MRC headers OUT 0] 21 22 23 24 25 26 27 28 29 2a 2b 2c 2d 2e 2f 30 31 32 33 34 35 36 37 38 39 3a 3b 3c 3d 3e 3f 40 41 42 43 44 45 46 47 48 49 4a 4b 4c 4d 4e 4f 50 51 52 53 54 55 56 57 58 59 5a 5b 5c 5d 5e 5f 60 ffffffffffffffff 0
[cyc 5700] [R SHIFT BY OCTET IN] 21 22 23 24 25 26 27 28 29 2a 2b 2c 2d 2e 2f 30 31 32 33 34 35 36 37 38 39 3a 3b 3c 3d 3e 3f 40 41 42 43 44 45 46 47 48 49 4a 4b 4c 4d 4e 4f 50 51 52 53 54 55 56 57 58 59 5a 5b 5c 5d 5e 5f 60 ffffffffffffffff 0
[cyc 5700] [R SHIFT BY OCTET OUT] f1 f2 f3 f4 f5 f6 f7 f8 f9 fa fb fc fd fe ff 00 01 02 03 04 05 06 07 08 09 0a 0b 0c 0d 0e 0f 10 11 12 13 14 15 16 17 18 19 1a 1b 1c 1d 1e 1f 20 21 22 23 24 25 26 27 28 29 2a 2b 2c 2d 2e 2f 30 ffffffffffffffff 0
[cyc 5700] [APPEND PAYLOAD 0]: moving to state INFO
[cyc 5700] [GENERATE IBH 0]: input meta, opcode 0xd1 valid psn 0x0a0b19
[cyc 5700] [PREPEND IBH HEADER 0]: going to state PARTIAL_HEADER
[cyc 5701] [R SHIFT BY OCTET IN] cd ce cf d0 d1 d2 d3 d4 d5 d6 d7 d8 d9 da db dc dd de df e0 e1 e2 e3 e4 e5 e6 e7 e8 e9 ea eb ec ed ee ef f0 f1 f2 f3 f4 f5 f6 f7 f8 f9 fa fb fc fd fe ff 00 01 02 03 04 05 06 07 08 09 0a 0b 0c ffffffffffffffff 0
[cyc 5701] [R SHIFT BY OCTET OUT] 99 9a 9b 9c 9d 9e 9f a0 a1 a2 a3 a4 a5 a6 a7 a8 a9 aa ab ac ad ae af b0 b1 b2 b3 b4 b5 b6 b7 b8 b9 ba bb bc bd be bf c0 c1 c2 c3 c4 c5 c6 c7 c8 c9 ca cb cc cd ce cf d0 d1 d2 d3 d4 d5 d6 d7 d8 ffffffffffffffff 0
[cyc 5701] [STRIP MRC headers IN 0] 99 9a 9b 9c 9d 9e 9f a0 a1 a2 a3 a4 a5 a6 a7 a8 a9 aa ab ac ad ae af b0 b1 b2 b3 b4 b5 b6 b7 b8 b9 ba bb bc bd be bf c0 c1 c2 c3 c4 c5 c6 c7 c8 c9 ca cb cc cd ce cf d0 d1 d2 d3 d4 d5 d6 d7 d8 ffffffffffffffff 0
[cyc 5701] [STRIP MRC headers OUT 0] 61 62 63 64 65 66 67 68 69 6a 6b 6c 6d 6e 6f 70 71 72 73 74 75 76 77 78 79 7a 7b 7c 7d 7e 7f 80 81 82 83 84 85 86 87 88 89 8a 8b 8c 8d 8e 8f 90 91 92 93 94 95 96 97 98 99 9a 9b 9c 9d 9e 9f a0 ffffffffffffffff 0
[cyc 5701] [R SHIFT BY OCTET IN] 61 62 63 64 65 66 67 68 69 6a 6b 6c 6d 6e 6f 70 71 72 73 74 75 76 77 78 79 7a 7b 7c 7d 7e 7f 80 81 82 83 84 85 86 87 88 89 8a 8b 8c 8d 8e 8f 90 91 92 93 94 95 96 97 98 99 9a 9b 9c 9d 9e 9f a0 ffffffffffffffff 0
[cyc 5701] [R SHIFT BY OCTET OUT] 31 32 33 34 35 36 37 38 39 3a 3b 3c 3d 3e 3f 40 41 42 43 44 45 46 47 48 49 4a 4b 4c 4d 4e 4f 50 51 52 53 54 55 56 57 58 59 5a 5b 5c 5d 5e 5f 60 61 62 63 64 65 66 67 68 69 6a 6b 6c 6d 6e 6f 70 ffffffffffffffff 0
[cyc 5701] [PREPEND IBH HEADER 0]: IBH PARTIAL PAYLOAD
[cyc 5701] 00 00 00 00 00 00 00 00 00 00 00 00 1f 00 00 0b b5 b6 b7 b8 00 71 f4 d0 83 e8 5f f6 60 fa 8b 9e 40 5f 00 00 40 be 46 89 fe 7f 00 00 d0 fa 8b 9e 40 5f 00 00 44 5b 81 9e 40 5f 00 00 44 c0 46 89 000000000000ffff 1
[cyc 5701] [PREPEND IBH HEADER 0]: IBH PARTIAL HEADER
[cyc 5701] d1 00 ff ff 00 00 00 42 00 0a 0b 19 1f 00 00 0b b5 b6 b7 b8 00 71 f4 d0 83 e8 5f f6 60 fa 8b 9e 40 5f 00 00 40 be 46 89 fe 7f 00 00 d0 fa 8b 9e 40 5f 00 00 44 5b 81 9e 40 5f 00 00 44 c0 46 89 000000000000ffff 1
[cyc 5702] [R SHIFT BY OCTET IN] 0d 0e 0f 10 11 12 13 14 15 16 17 18 19 1a 1b 1c 1d 1e 1f 20 21 22 23 24 25 26 27 28 29 2a 2b 2c 2d 2e 2f 30 31 32 33 34 35 36 37 38 39 3a 3b 3c 3d 3e 3f 40 41 42 43 44 45 46 47 48 49 4a 4b 4c ffffffffffffffff 0
[cyc 5702] [R SHIFT BY OCTET OUT] d9 da db dc dd de df e0 e1 e2 e3 e4 e5 e6 e7 e8 e9 ea eb ec ed ee ef f0 f1 f2 f3 f4 f5 f6 f7 f8 f9 fa fb fc fd fe ff 00 01 02 03 04 05 06 07 08 09 0a 0b 0c 0d 0e 0f 10 11 12 13 14 15 16 17 18 ffffffffffffffff 0
[cyc 5702] [STRIP MRC headers IN 0] d9 da db dc dd de df e0 e1 e2 e3 e4 e5 e6 e7 e8 e9 ea eb ec ed ee ef f0 f1 f2 f3 f4 f5 f6 f7 f8 f9 fa fb fc fd fe ff 00 01 02 03 04 05 06 07 08 09 0a 0b 0c 0d 0e 0f 10 11 12 13 14 15 16 17 18 ffffffffffffffff 0
[cyc 5702] [STRIP MRC headers OUT 0] a1 a2 a3 a4 a5 a6 a7 a8 a9 aa ab ac ad ae af b0 b1 b2 b3 b4 b5 b6 b7 b8 b9 ba bb bc bd be bf c0 c1 c2 c3 c4 c5 c6 c7 c8 c9 ca cb cc cd ce cf d0 d1 d2 d3 d4 d5 d6 d7 d8 d9 da db dc dd de df e0 ffffffffffffffff 0
[cyc 5702] [R SHIFT BY OCTET IN] a1 a2 a3 a4 a5 a6 a7 a8 a9 aa ab ac ad ae af b0 b1 b2 b3 b4 b5 b6 b7 b8 b9 ba bb bc bd be bf c0 c1 c2 c3 c4 c5 c6 c7 c8 c9 ca cb cc cd ce cf d0 d1 d2 d3 d4 d5 d6 d7 d8 d9 da db dc dd de df e0 ffffffffffffffff 0
[cyc 5702] [R SHIFT BY OCTET OUT] 71 72 73 74 75 76 77 78 79 7a 7b 7c 7d 7e 7f 80 81 82 83 84 85 86 87 88 89 8a 8b 8c 8d 8e 8f 90 91 92 93 94 95 96 97 98 99 9a 9b 9c 9d 9e 9f a0 a1 a2 a3 a4 a5 a6 a7 a8 a9 aa ab ac ad ae af b0 ffffffffffffffff 0
[cyc 5703] [R SHIFT BY OCTET IN] 4d 4e 4f 50 51 52 53 54 55 56 57 58 59 5a 5b 5c 5d 5e 5f 60 61 62 63 64 65 66 67 68 69 6a 6b 6c 6d 6e 6f 70 71 72 73 74 75 76 77 78 79 7a 7b 7c 7d 7e 7f 80 81 82 83 84 85 86 87 88 89 8a 8b 8c ffffffffffffffff 0
[cyc 5703] [R SHIFT BY OCTET OUT] 19 1a 1b 1c 1d 1e 1f 20 21 22 23 24 25 26 27 28 29 2a 2b 2c 2d 2e 2f 30 31 32 33 34 35 36 37 38 39 3a 3b 3c 3d 3e 3f 40 41 42 43 44 45 46 47 48 49 4a 4b 4c 4d 4e 4f 50 51 52 53 54 55 56 57 58 ffffffffffffffff 0
[cyc 5703] [STRIP MRC headers IN 0] 19 1a 1b 1c 1d 1e 1f 20 21 22 23 24 25 26 27 28 29 2a 2b 2c 2d 2e 2f 30 31 32 33 34 35 36 37 38 39 3a 3b 3c 3d 3e 3f 40 41 42 43 44 45 46 47 48 49 4a 4b 4c 4d 4e 4f 50 51 52 53 54 55 56 57 58 ffffffffffffffff 0
[cyc 5703] [STRIP MRC headers OUT 0] e1 e2 e3 e4 e5 e6 e7 e8 e9 ea eb ec ed ee ef f0 f1 f2 f3 f4 f5 f6 f7 f8 f9 fa fb fc fd fe ff 00 01 02 03 04 05 06 07 08 09 0a 0b 0c 0d 0e 0f 10 11 12 13 14 15 16 17 18 19 1a 1b 1c 1d 1e 1f 20 ffffffffffffffff 0
[cyc 5703] [R SHIFT BY OCTET IN] e1 e2 e3 e4 e5 e6 e7 e8 e9 ea eb ec ed ee ef f0 f1 f2 f3 f4 f5 f6 f7 f8 f9 fa fb fc fd fe ff 00 01 02 03 04 05 06 07 08 09 0a 0b 0c 0d 0e 0f 10 11 12 13 14 15 16 17 18 19 1a 1b 1c 1d 1e 1f 20 ffffffffffffffff 0
[cyc 5703] [R SHIFT BY OCTET OUT] b1 b2 b3 b4 b5 b6 b7 b8 b9 ba bb bc bd be bf c0 c1 c2 c3 c4 c5 c6 c7 c8 c9 ca cb cc cd ce cf d0 d1 d2 d3 d4 d5 d6 d7 d8 d9 da db dc dd de df e0 e1 e2 e3 e4 e5 e6 e7 e8 e9 ea eb ec ed ee ef f0 ffffffffffffffff 0
[cyc 5704] [R SHIFT BY OCTET IN] 8d 8e 8f 90 91 92 93 94 95 96 97 98 99 9a 9b 9c 9d 9e 9f a0 a1 a2 a3 a4 a5 a6 a7 a8 a9 aa ab ac ad ae af b0 b1 b2 b3 b4 b5 b6 b7 b8 b9 ba bb bc bd be bf c0 c1 c2 c3 c4 c5 c6 c7 c8 c9 ca cb cc ffffffffffffffff 0
[cyc 5704] [R SHIFT BY OCTET OUT] 59 5a 5b 5c 5d 5e 5f 60 61 62 63 64 65 66 67 68 69 6a 6b 6c 6d 6e 6f 70 71 72 73 74 75 76 77 78 79 7a 7b 7c 7d 7e 7f 80 81 82 83 84 85 86 87 88 89 8a 8b 8c 8d 8e 8f 90 91 92 93 94 95 96 97 98 ffffffffffffffff 0
[cyc 5704] [STRIP MRC headers IN 0] 59 5a 5b 5c 5d 5e 5f 60 61 62 63 64 65 66 67 68 69 6a 6b 6c 6d 6e 6f 70 71 72 73 74 75 76 77 78 79 7a 7b 7c 7d 7e 7f 80 81 82 83 84 85 86 87 88 89 8a 8b 8c 8d 8e 8f 90 91 92 93 94 95 96 97 98 ffffffffffffffff 0
[cyc 5704] [STRIP MRC headers OUT 0] 21 22 23 24 25 26 27 28 29 2a 2b 2c 2d 2e 2f 30 31 32 33 34 35 36 37 38 39 3a 3b 3c 3d 3e 3f 40 41 42 43 44 45 46 47 48 49 4a 4b 4c 4d 4e 4f 50 51 52 53 54 55 56 57 58 59 5a 5b 5c 5d 5e 5f 60 ffffffffffffffff 0
[cyc 5704] [R SHIFT BY OCTET IN] 21 22 23 24 25 26 27 28 29 2a 2b 2c 2d 2e 2f 30 31 32 33 34 35 36 37 38 39 3a 3b 3c 3d 3e 3f 40 41 42 43 44 45 46 47 48 49 4a 4b 4c 4d 4e 4f 50 51 52 53 54 55 56 57 58 59 5a 5b 5c 5d 5e 5f 60 ffffffffffffffff 0
[cyc 5704] [R SHIFT BY OCTET OUT] f1 f2 f3 f4 f5 f6 f7 f8 f9 fa fb fc fd fe ff 00 01 02 03 04 05 06 07 08 09 0a 0b 0c 0d 0e 0f 10 11 12 13 14 15 16 17 18 19 1a 1b 1c 1d 1e 1f 20 21 22 23 24 25 26 27 28 29 2a 2b 2c 2d 2e 2f 30 ffffffffffffffff 0
[cyc 5705] [R SHIFT BY OCTET IN] cd ce cf d0 d1 d2 d3 d4 d5 d6 d7 d8 d9 da db dc dd de df e0 e1 e2 e3 e4 e5 e6 e7 e8 e9 ea eb ec ed ee ef f0 f1 f2 f3 f4 f5 f6 f7 f8 f9 fa fb fc fd fe ff 00 01 02 03 04 05 06 07 08 09 0a 0b 0c ffffffffffffffff 0
[cyc 5705] [R SHIFT BY OCTET OUT] 99 9a 9b 9c 9d 9e 9f a0 a1 a2 a3 a4 a5 a6 a7 a8 a9 aa ab ac ad ae af b0 b1 b2 b3 b4 b5 b6 b7 b8 b9 ba bb bc bd be bf c0 c1 c2 c3 c4 c5 c6 c7 c8 c9 ca cb cc cd ce cf d0 d1 d2 d3 d4 d5 d6 d7 d8 ffffffffffffffff 0
[cyc 5705] [STRIP MRC headers IN 0] 99 9a 9b 9c 9d 9e 9f a0 a1 a2 a3 a4 a5 a6 a7 a8 a9 aa ab ac ad ae af b0 b1 b2 b3 b4 b5 b6 b7 b8 b9 ba bb bc bd be bf c0 c1 c2 c3 c4 c5 c6 c7 c8 c9 ca cb cc cd ce cf d0 d1 d2 d3 d4 d5 d6 d7 d8 ffffffffffffffff 0
[cyc 5705] [STRIP MRC headers OUT 0] 61 62 63 64 65 66 67 68 69 6a 6b 6c 6d 6e 6f 70 71 72 73 74 75 76 77 78 79 7a 7b 7c 7d 7e 7f 80 81 82 83 84 85 86 87 88 89 8a 8b 8c 8d 8e 8f 90 91 92 93 94 95 96 97 98 99 9a 9b 9c 9d 9e 9f a0 ffffffffffffffff 0
[cyc 5705] [R SHIFT BY OCTET IN] 61 62 63 64 65 66 67 68 69 6a 6b 6c 6d 6e 6f 70 71 72 73 74 75 76 77 78 79 7a 7b 7c 7d 7e 7f 80 81 82 83 84 85 86 87 88 89 8a 8b 8c 8d 8e 8f 90 91 92 93 94 95 96 97 98 99 9a 9b 9c 9d 9e 9f a0 ffffffffffffffff 0
[cyc 5705] [R SHIFT BY OCTET OUT] 31 32 33 34 35 36 37 38 39 3a 3b 3c 3d 3e 3f 40 41 42 43 44 45 46 47 48 49 4a 4b 4c 4d 4e 4f 50 51 52 53 54 55 56 57 58 59 5a 5b 5c 5d 5e 5f 60 61 62 63 64 65 66 67 68 69 6a 6b 6c 6d 6e 6f 70 ffffffffffffffff 0
[cyc 5706] [R SHIFT BY OCTET IN] 0d 0e 0f 10 11 12 13 14 15 16 17 18 19 1a 1b 1c 1d 1e 1f 20 21 22 23 24 25 26 27 28 29 2a 2b 2c 2d 2e 2f 30 31 32 33 34 35 36 37 38 39 3a 3b 3c 3d 3e 3f 40 41 42 43 44 45 46 47 48 49 4a 4b 4c ffffffffffffffff 0
[cyc 5706] [R SHIFT BY OCTET OUT] d9 da db dc dd de df e0 e1 e2 e3 e4 e5 e6 e7 e8 e9 ea eb ec ed ee ef f0 f1 f2 f3 f4 f5 f6 f7 f8 f9 fa fb fc fd fe ff 00 01 02 03 04 05 06 07 08 09 0a 0b 0c 0d 0e 0f 10 11 12 13 14 15 16 17 18 ffffffffffffffff 0
[cyc 5706] [STRIP MRC headers IN 0] d9 da db dc dd de df e0 e1 e2 e3 e4 e5 e6 e7 e8 e9 ea eb ec ed ee ef f0 f1 f2 f3 f4 f5 f6 f7 f8 f9 fa fb fc fd fe ff 00 01 02 03 04 05 06 07 08 09 0a 0b 0c 0d 0e 0f 10 11 12 13 14 15 16 17 18 ffffffffffffffff 0
[cyc 5706] [STRIP MRC headers OUT 0] a1 a2 a3 a4 a5 a6 a7 a8 a9 aa ab ac ad ae af b0 b1 b2 b3 b4 b5 b6 b7 b8 b9 ba bb bc bd be bf c0 c1 c2 c3 c4 c5 c6 c7 c8 c9 ca cb cc cd ce cf d0 d1 d2 d3 d4 d5 d6 d7 d8 d9 da db dc dd de df e0 ffffffffffffffff 0
[cyc 5706] [R SHIFT BY OCTET IN] a1 a2 a3 a4 a5 a6 a7 a8 a9 aa ab ac ad ae af b0 b1 b2 b3 b4 b5 b6 b7 b8 b9 ba bb bc bd be bf c0 c1 c2 c3 c4 c5 c6 c7 c8 c9 ca cb cc cd ce cf d0 d1 d2 d3 d4 d5 d6 d7 d8 d9 da db dc dd de df e0 ffffffffffffffff 0
[cyc 5706] [R SHIFT BY OCTET OUT] 71 72 73 74 75 76 77 78 79 7a 7b 7c 7d 7e 7f 80 81 82 83 84 85 86 87 88 89 8a 8b 8c 8d 8e 8f 90 91 92 93 94 95 96 97 98 99 9a 9b 9c 9d 9e 9f a0 a1 a2 a3 a4 a5 a6 a7 a8 a9 aa ab ac ad ae af b0 ffffffffffffffff 0
[cyc 5707] [R SHIFT BY OCTET IN] 4d 4e 4f 50 51 52 53 54 55 56 57 58 59 5a 5b 5c 5d 5e 5f 60 61 62 63 64 65 66 67 68 69 6a 6b 6c 6d 6e 6f 70 71 72 73 74 75 76 77 78 79 7a 7b 7c 7d 7e 7f 80 81 82 83 84 85 86 87 88 89 8a 8b 8c ffffffffffffffff 0
[cyc 5707] [R SHIFT BY OCTET OUT] 19 1a 1b 1c 1d 1e 1f 20 21 22 23 24 25 26 27 28 29 2a 2b 2c 2d 2e 2f 30 31 32 33 34 35 36 37 38 39 3a 3b 3c 3d 3e 3f 40 41 42 43 44 45 46 47 48 49 4a 4b 4c 4d 4e 4f 50 51 52 53 54 55 56 57 58 ffffffffffffffff 0
[cyc 5707] [STRIP MRC headers IN 0] 19 1a 1b 1c 1d 1e 1f 20 21 22 23 24 25 26 27 28 29 2a 2b 2c 2d 2e 2f 30 31 32 33 34 35 36 37 38 39 3a 3b 3c 3d 3e 3f 40 41 42 43 44 45 46 47 48 49 4a 4b 4c 4d 4e 4f 50 51 52 53 54 55 56 57 58 ffffffffffffffff 0
[cyc 5707] [STRIP MRC headers OUT 0] e1 e2 e3 e4 e5 e6 e7 e8 e9 ea eb ec ed ee ef f0 f1 f2 f3 f4 f5 f6 f7 f8 f9 fa fb fc fd fe ff 00 01 02 03 04 05 06 07 08 09 0a 0b 0c 0d 0e 0f 10 11 12 13 14 15 16 17 18 19 1a 1b 1c 1d 1e 1f 20 ffffffffffffffff 0
[cyc 5707] [R SHIFT BY OCTET IN] e1 e2 e3 e4 e5 e6 e7 e8 e9 ea eb ec ed ee ef f0 f1 f2 f3 f4 f5 f6 f7 f8 f9 fa fb fc fd fe ff 00 01 02 03 04 05 06 07 08 09 0a 0b 0c 0d 0e 0f 10 11 12 13 14 15 16 17 18 19 1a 1b 1c 1d 1e 1f 20 ffffffffffffffff 0
[cyc 5707] [R SHIFT BY OCTET OUT] b1 b2 b3 b4 b5 b6 b7 b8 b9 ba bb bc bd be bf c0 c1 c2 c3 c4 c5 c6 c7 c8 c9 ca cb cc cd ce cf d0 d1 d2 d3 d4 d5 d6 d7 d8 d9 da db dc dd de df e0 e1 e2 e3 e4 e5 e6 e7 e8 e9 ea eb ec ed ee ef f0 ffffffffffffffff 0
[cyc 5708] [TB] last beat of packet 0 (17 beat(s))
[cyc 5708] [R SHIFT BY OCTET IN] 8d 8e 8f 90 91 92 93 94 95 96 97 98 99 9a 9b 9c 9d 9e 9f a0 a1 a2 a3 a4 a5 a6 a7 a8 a9 aa ab ac ad ae af b0 00 00 00 00 00 00 00 00 00 00 00 00 00 00 00 00 00 00 00 00 00 00 00 00 00 00 00 00 0000000fffffffff 1  <- last
[cyc 5708] [R SHIFT BY OCTET OUT] 59 5a 5b 5c 5d 5e 5f 60 61 62 63 64 65 66 67 68 69 6a 6b 6c 6d 6e 6f 70 71 72 73 74 75 76 77 78 79 7a 7b 7c 7d 7e 7f 80 81 82 83 84 85 86 87 88 89 8a 8b 8c 8d 8e 8f 90 91 92 93 94 95 96 97 98 ffffffffffffffff 0
[cyc 5708] [STRIP MRC headers IN 0] 59 5a 5b 5c 5d 5e 5f 60 61 62 63 64 65 66 67 68 69 6a 6b 6c 6d 6e 6f 70 71 72 73 74 75 76 77 78 79 7a 7b 7c 7d 7e 7f 80 81 82 83 84 85 86 87 88 89 8a 8b 8c 8d 8e 8f 90 91 92 93 94 95 96 97 98 ffffffffffffffff 0
[cyc 5708] [STRIP MRC headers OUT 0] 21 22 23 24 25 26 27 28 29 2a 2b 2c 2d 2e 2f 30 31 32 33 34 35 36 37 38 39 3a 3b 3c 3d 3e 3f 40 41 42 43 44 45 46 47 48 49 4a 4b 4c 4d 4e 4f 50 51 52 53 54 55 56 57 58 59 5a 5b 5c 5d 5e 5f 60 ffffffffffffffff 0
[cyc 5708] [R SHIFT BY OCTET IN] 21 22 23 24 25 26 27 28 29 2a 2b 2c 2d 2e 2f 30 31 32 33 34 35 36 37 38 39 3a 3b 3c 3d 3e 3f 40 41 42 43 44 45 46 47 48 49 4a 4b 4c 4d 4e 4f 50 51 52 53 54 55 56 57 58 59 5a 5b 5c 5d 5e 5f 60 ffffffffffffffff 0
[cyc 5708] [R SHIFT BY OCTET OUT] f1 f2 f3 f4 f5 f6 f7 f8 f9 fa fb fc fd fe ff 00 01 02 03 04 05 06 07 08 09 0a 0b 0c 0d 0e 0f 10 11 12 13 14 15 16 17 18 19 1a 1b 1c 1d 1e 1f 20 21 22 23 24 25 26 27 28 29 2a 2b 2c 2d 2e 2f 30 ffffffffffffffff 0
[TB] All packets fed, running 300 more cycles...
[cyc 5709] [R SHIFT BY OCTET OUT] 99 9a 9b 9c 9d 9e 9f a0 a1 a2 a3 a4 a5 a6 a7 a8 a9 aa ab ac ad ae af b0 00 00 00 00 00 00 00 00 00 00 00 00 00 00 00 00 00 00 00 00 00 00 00 00 00 00 00 00 00 00 00 00 00 00 00 00 00 00 00 00 0000000000ffffff 1  <- last
[cyc 5709] [STRIP MRC headers IN 0] 99 9a 9b 9c 9d 9e 9f a0 a1 a2 a3 a4 a5 a6 a7 a8 a9 aa ab ac ad ae af b0 00 00 00 00 00 00 00 00 00 00 00 00 00 00 00 00 00 00 00 00 00 00 00 00 00 00 00 00 00 00 00 00 00 00 00 00 00 00 00 00 0000000000ffffff 1  <- last
[cyc 5709] [STRIP MRC headers OUT 0] 61 62 63 64 65 66 67 68 69 6a 6b 6c 6d 6e 6f 70 71 72 73 74 75 76 77 78 79 7a 7b 7c 7d 7e 7f 80 81 82 83 84 85 86 87 88 89 8a 8b 8c 8d 8e 8f 90 91 92 93 94 95 96 97 98 99 9a 9b 9c 9d 9e 9f a0 ffffffffffffffff 0
[cyc 5709] [R SHIFT BY OCTET IN] 61 62 63 64 65 66 67 68 69 6a 6b 6c 6d 6e 6f 70 71 72 73 74 75 76 77 78 79 7a 7b 7c 7d 7e 7f 80 81 82 83 84 85 86 87 88 89 8a 8b 8c 8d 8e 8f 90 91 92 93 94 95 96 97 98 99 9a 9b 9c 9d 9e 9f a0 ffffffffffffffff 0
[cyc 5709] [R SHIFT BY OCTET OUT] 31 32 33 34 35 36 37 38 39 3a 3b 3c 3d 3e 3f 40 41 42 43 44 45 46 47 48 49 4a 4b 4c 4d 4e 4f 50 51 52 53 54 55 56 57 58 59 5a 5b 5c 5d 5e 5f 60 61 62 63 64 65 66 67 68 69 6a 6b 6c 6d 6e 6f 70 ffffffffffffffff 0
[cyc 5710] [STRIP MRC headers OUT 0] a1 a2 a3 a4 a5 a6 a7 a8 a9 aa ab ac ad ae af b0 00 00 00 00 00 00 00 00 00 00 00 00 00 00 00 00 00 00 00 00 00 00 00 00 00 00 00 00 00 00 00 00 00 00 00 00 00 00 00 00 00 00 00 00 00 00 00 00 000000000000ffff 1  <- last
[cyc 5710] [R SHIFT BY OCTET IN] a1 a2 a3 a4 a5 a6 a7 a8 a9 aa ab ac ad ae af b0 b1 b2 b3 b4 b5 b6 b7 b8 b9 ba bb bc bd be bf c0 c1 c2 c3 c4 c5 c6 c7 c8 c9 ca cb cc cd ce cf d0 d1 d2 d3 d4 d5 d6 d7 d8 d9 da db dc dd de df e0 ffffffffffffffff 0
[cyc 5710] [R SHIFT BY OCTET OUT] 71 72 73 74 75 76 77 78 79 7a 7b 7c 7d 7e 7f 80 81 82 83 84 85 86 87 88 89 8a 8b 8c 8d 8e 8f 90 91 92 93 94 95 96 97 98 99 9a 9b 9c 9d 9e 9f a0 a1 a2 a3 a4 a5 a6 a7 a8 a9 aa ab ac ad ae af b0 ffffffffffffffff 0
[cyc 5711] [R SHIFT BY OCTET IN] e1 e2 e3 e4 e5 e6 e7 e8 e9 ea eb ec ed ee ef f0 f1 f2 f3 f4 f5 f6 f7 f8 f9 fa fb fc fd fe ff 00 01 02 03 04 05 06 07 08 09 0a 0b 0c 0d 0e 0f 10 11 12 13 14 15 16 17 18 19 1a 1b 1c 1d 1e 1f 20 ffffffffffffffff 0
[cyc 5711] [R SHIFT BY OCTET OUT] b1 b2 b3 b4 b5 b6 b7 b8 b9 ba bb bc bd be bf c0 c1 c2 c3 c4 c5 c6 c7 c8 c9 ca cb cc cd ce cf d0 d1 d2 d3 d4 d5 d6 d7 d8 d9 da db dc dd de df e0 e1 e2 e3 e4 e5 e6 e7 e8 e9 ea eb ec ed ee ef f0 ffffffffffffffff 0
[cyc 5712] [R SHIFT BY OCTET IN] 21 22 23 24 25 26 27 28 29 2a 2b 2c 2d 2e 2f 30 31 32 33 34 35 36 37 38 39 3a 3b 3c 3d 3e 3f 40 41 42 43 44 45 46 47 48 49 4a 4b 4c 4d 4e 4f 50 51 52 53 54 55 56 57 58 59 5a 5b 5c 5d 5e 5f 60 ffffffffffffffff 0
[cyc 5712] [R SHIFT BY OCTET OUT] f1 f2 f3 f4 f5 f6 f7 f8 f9 fa fb fc fd fe ff 00 01 02 03 04 05 06 07 08 09 0a 0b 0c 0d 0e 0f 10 11 12 13 14 15 16 17 18 19 1a 1b 1c 1d 1e 1f 20 21 22 23 24 25 26 27 28 29 2a 2b 2c 2d 2e 2f 30 ffffffffffffffff 0
[cyc 5713] [R SHIFT BY OCTET IN] 61 62 63 64 65 66 67 68 69 6a 6b 6c 6d 6e 6f 70 71 72 73 74 75 76 77 78 79 7a 7b 7c 7d 7e 7f 80 81 82 83 84 85 86 87 88 89 8a 8b 8c 8d 8e 8f 90 91 92 93 94 95 96 97 98 99 9a 9b 9c 9d 9e 9f a0 ffffffffffffffff 0
[cyc 5713] [R SHIFT BY OCTET OUT] 31 32 33 34 35 36 37 38 39 3a 3b 3c 3d 3e 3f 40 41 42 43 44 45 46 47 48 49 4a 4b 4c 4d 4e 4f 50 51 52 53 54 55 56 57 58 59 5a 5b 5c 5d 5e 5f 60 61 62 63 64 65 66 67 68 69 6a 6b 6c 6d 6e 6f 70 ffffffffffffffff 0
[cyc 5714] [R SHIFT BY OCTET IN] a1 a2 a3 a4 a5 a6 a7 a8 a9 aa ab ac ad ae af b0 00 00 00 00 00 00 00 00 00 00 00 00 00 00 00 00 00 00 00 00 00 00 00 00 00 00 00 00 00 00 00 00 00 00 00 00 00 00 00 00 00 00 00 00 00 00 00 00 000000000000ffff 1  <- last
[cyc 5714] [R SHIFT BY OCTET OUT] 71 72 73 74 75 76 77 78 79 7a 7b 7c 7d 7e 7f 80 81 82 83 84 85 86 87 88 89 8a 8b 8c 8d 8e 8f 90 91 92 93 94 95 96 97 98 99 9a 9b 9c 9d 9e 9f a0 a1 a2 a3 a4 a5 a6 a7 a8 a9 aa ab ac ad ae af b0 ffffffffffffffff 1  <- last

[TB] ---- Outputs (cycle they left the module) ----
[TB] cyc 5698 m_axis_mem_write_cmd: op=RC_RDMA_WRITE_FIRST qpn=0x5 addr=0x21000 len=1024 lst=0 host=1
[TB] cyc 5715 m_axis_mem_write_data: 1024 B
      0000: b1 b2 b3 b4 b5 b6 b7 b8 b9 ba bb bc bd be bf c0 
      0010: c1 c2 c3 c4 c5 c6 c7 c8 c9 ca cb cc cd ce cf d0 
      0020: d1 d2 d3 d4 d5 d6 d7 d8 d9 da db dc dd de df e0 
      0030: e1 e2 e3 e4 e5 e6 e7 e8 e9 ea eb ec ed ee ef f0 
      ... (960 more bytes)
[TB] cyc 5702 m_axis_tx_data packet (16 B), meta: dst ip=0xa000002 length=20
      0000: d1 00 ff ff 00 00 00 42 00 0a 0b 19 1f 00 00 0b 

[TB] ---- Checks ----
[TB] Packet 0: TEST 06b: FIRST with TSETH
  [PASS] a memory write command was issued for it
[TB]   memory command at cycle 5698
  [PASS] memCmd.op_code = 0xc6
  [PASS] memCmd.qpn     = 0x5
  [PASS] memCmd.addr    = 0x21000
  [PASS] memCmd.len     = 1024
  [PASS] memCmd.lst     = 0x0
  [PASS] payload data reached memory
[TB]   payload in memory by cycle 5715
  [PASS] bytes written to memory = 1024
  [PASS] memory data is identical to the payload that was sent
  [PASS] a reply (ACK/NAK) was sent for it
[TB]   reply at cycle 5702
  [PASS] tx meta: destination IP = 0xa000002
  [PASS] tx meta: UDP length (BTH+AETH+ICRC) = 20
[TB]   parsed reply: MRC_ACK  DestQP=0x42  PSN=0xa0b19  AETH.syndrome=0x1f (ACK)  AETH.MSN=0xb
  [PASS] reply length in bytes = 16
  [PASS] reply BTH.opcode (MRC_ACK) = 0xd1
  [PASS] reply BTH.DestQP (remote QPN) = 0x42
  [PASS] reply BTH.PSN = 0xa0b19
  [PASS] reply AETH.syndrome (ACK) = 0x1f
  [PASS] reply AETH.MSN = 0xb
[TB] Whole group
  [PASS] unexpected memory write commands = 0
  [PASS] unexpected memory payloads = 0
  [PASS] no memory data beat left without TLAST
  [PASS] unexpected packets sent back = 0
  [PASS] tx meta entries = tx packets = 1
  [PASS] invalid-PSN drop counter increase over the group = 0
  [PASS] ackMeta to the host (only used for our own requests) = 0
  [PASS] module consumed the whole input
  [PASS] no memory READ command issued

=====================================================================
  GROUP: TEST 06c: MIDDLE with TSETH
=====================================================================
[TB] Packet 0: TEST 06c: MIDDLE with TSETH
[TB]   state before: epsn=0xa0b1a last_psn=0xa0b19
[TB]   RC_RDMA_WRITE_MIDDLE  DestQP=0x5  PSN=0xa0b1a, 658202  RETH.vaddr=0x21400  RETH.len=2098  payload=1024 B  UDP length=1072  (then drain and check)
      0000: c7 00 ff ff 00 00 00 05 90 0a 0b 1a 00 00 00 0b 
      0010: 00 00 00 01 00 00 00 00 00 02 14 00 00 00 12 34 
      0020: 00 00 08 32 b2 b3 b4 b5 b6 b7 b8 b9 ba bb bc bd 
      0030: be bf c0 c1 c2 c3 c4 c5 c6 c7 c8 c9 ca cb cc cd 
      ... (996 more bytes)

[TB] Feeding 1 packet(s)... (module prints follow)
[cyc 6009] [TB] first beat of packet 0 (TEST 06c: MIDDLE with TSETH)
[cyc 6009] [RX PROCESS IBH 0]: input psn 0x0a0b1a
[cyc 6009] [RX PROCESS IBH 0]: process IBH opcode: c7
[cyc 6009] [R SHIFT BY OCTET IN] c7 00 ff ff 00 00 00 05 90 0a 0b 1a 00 00 00 0b 00 00 00 01 00 00 00 00 00 02 14 00 00 00 12 34 00 00 08 32 b2 b3 b4 b5 b6 b7 b8 b9 ba bb bc bd be bf c0 c1 c2 c3 c4 c5 c6 c7 c8 c9 ca cb cc cd ffffffffffffffff 0
[cyc 6010] [R SHIFT BY OCTET IN] ce cf d0 d1 d2 d3 d4 d5 d6 d7 d8 d9 da db dc dd de df e0 e1 e2 e3 e4 e5 e6 e7 e8 e9 ea eb ec ed ee ef f0 f1 f2 f3 f4 f5 f6 f7 f8 f9 fa fb fc fd fe ff 00 01 02 03 04 05 06 07 08 09 0a 0b 0c 0d ffffffffffffffff 0
[cyc 6010] [R SHIFT BY OCTET OUT] 00 00 00 0b 00 00 00 01 00 00 00 00 00 02 14 00 00 00 12 34 00 00 08 32 b2 b3 b4 b5 b6 b7 b8 b9 ba bb bc bd be bf c0 c1 c2 c3 c4 c5 c6 c7 c8 c9 ca cb cc cd ce cf d0 d1 d2 d3 d4 d5 d6 d7 d8 d9 ffffffffffffffff 0
[cyc 6010] [STRIP MRC headers IN 0] 00 00 00 0b 00 00 00 01 00 00 00 00 00 02 14 00 00 00 12 34 00 00 08 32 b2 b3 b4 b5 b6 b7 b8 b9 ba bb bc bd be bf c0 c1 c2 c3 c4 c5 c6 c7 c8 c9 ca cb cc cd ce cf d0 d1 d2 d3 d4 d5 d6 d7 d8 d9 ffffffffffffffff 0
[cyc 6011] [R SHIFT BY OCTET IN] 0e 0f 10 11 12 13 14 15 16 17 18 19 1a 1b 1c 1d 1e 1f 20 21 22 23 24 25 26 27 28 29 2a 2b 2c 2d 2e 2f 30 31 32 33 34 35 36 37 38 39 3a 3b 3c 3d 3e 3f 40 41 42 43 44 45 46 47 48 49 4a 4b 4c 4d ffffffffffffffff 0
[cyc 6011] [R SHIFT BY OCTET OUT] da db dc dd de df e0 e1 e2 e3 e4 e5 e6 e7 e8 e9 ea eb ec ed ee ef f0 f1 f2 f3 f4 f5 f6 f7 f8 f9 fa fb fc fd fe ff 00 01 02 03 04 05 06 07 08 09 0a 0b 0c 0d 0e 0f 10 11 12 13 14 15 16 17 18 19 ffffffffffffffff 0
[cyc 6011] [STRIP MRC headers IN 0] da db dc dd de df e0 e1 e2 e3 e4 e5 e6 e7 e8 e9 ea eb ec ed ee ef f0 f1 f2 f3 f4 f5 f6 f7 f8 f9 fa fb fc fd fe ff 00 01 02 03 04 05 06 07 08 09 0a 0b 0c 0d 0e 0f 10 11 12 13 14 15 16 17 18 19 ffffffffffffffff 0
[cyc 6011] [STRIP MRC headers OUT 0] 00 00 00 00 00 02 14 00 00 00 12 34 00 00 08 32 b2 b3 b4 b5 b6 b7 b8 b9 ba bb bc bd be bf c0 c1 c2 c3 c4 c5 c6 c7 c8 c9 ca cb cc cd ce cf d0 d1 d2 d3 d4 d5 d6 d7 d8 d9 da db dc dd de df e0 e1 ffffffffffffffff 0
[cyc 6012] [R SHIFT BY OCTET IN] 4e 4f 50 51 52 53 54 55 56 57 58 59 5a 5b 5c 5d 5e 5f 60 61 62 63 64 65 66 67 68 69 6a 6b 6c 6d 6e 6f 70 71 72 73 74 75 76 77 78 79 7a 7b 7c 7d 7e 7f 80 81 82 83 84 85 86 87 88 89 8a 8b 8c 8d ffffffffffffffff 0
[cyc 6012] [R SHIFT BY OCTET OUT] 1a 1b 1c 1d 1e 1f 20 21 22 23 24 25 26 27 28 29 2a 2b 2c 2d 2e 2f 30 31 32 33 34 35 36 37 38 39 3a 3b 3c 3d 3e 3f 40 41 42 43 44 45 46 47 48 49 4a 4b 4c 4d 4e 4f 50 51 52 53 54 55 56 57 58 59 ffffffffffffffff 0
[cyc 6012] [STRIP MRC headers IN 0] 1a 1b 1c 1d 1e 1f 20 21 22 23 24 25 26 27 28 29 2a 2b 2c 2d 2e 2f 30 31 32 33 34 35 36 37 38 39 3a 3b 3c 3d 3e 3f 40 41 42 43 44 45 46 47 48 49 4a 4b 4c 4d 4e 4f 50 51 52 53 54 55 56 57 58 59 ffffffffffffffff 0
[cyc 6012] [STRIP MRC headers OUT 0] e2 e3 e4 e5 e6 e7 e8 e9 ea eb ec ed ee ef f0 f1 f2 f3 f4 f5 f6 f7 f8 f9 fa fb fc fd fe ff 00 01 02 03 04 05 06 07 08 09 0a 0b 0c 0d 0e 0f 10 11 12 13 14 15 16 17 18 19 1a 1b 1c 1d 1e 1f 20 21 ffffffffffffffff 0
[cyc 6012] [RX IBH FSM 0]: epsn: 0x0a0b1a, 658202, packet psn: 0x0a0b1a, 658202, oldest outstanding psn: 0x8a0b1a, 9046810
[cyc 6013] [R SHIFT BY OCTET IN] 8e 8f 90 91 92 93 94 95 96 97 98 99 9a 9b 9c 9d 9e 9f a0 a1 a2 a3 a4 a5 a6 a7 a8 a9 aa ab ac ad ae af b0 b1 b2 b3 b4 b5 b6 b7 b8 b9 ba bb bc bd be bf c0 c1 c2 c3 c4 c5 c6 c7 c8 c9 ca cb cc cd ffffffffffffffff 0
[cyc 6013] [R SHIFT BY OCTET OUT] 5a 5b 5c 5d 5e 5f 60 61 62 63 64 65 66 67 68 69 6a 6b 6c 6d 6e 6f 70 71 72 73 74 75 76 77 78 79 7a 7b 7c 7d 7e 7f 80 81 82 83 84 85 86 87 88 89 8a 8b 8c 8d 8e 8f 90 91 92 93 94 95 96 97 98 99 ffffffffffffffff 0
[cyc 6013] [STRIP MRC headers IN 0] 5a 5b 5c 5d 5e 5f 60 61 62 63 64 65 66 67 68 69 6a 6b 6c 6d 6e 6f 70 71 72 73 74 75 76 77 78 79 7a 7b 7c 7d 7e 7f 80 81 82 83 84 85 86 87 88 89 8a 8b 8c 8d 8e 8f 90 91 92 93 94 95 96 97 98 99 ffffffffffffffff 0
[cyc 6013] [STRIP MRC headers OUT 0] 22 23 24 25 26 27 28 29 2a 2b 2c 2d 2e 2f 30 31 32 33 34 35 36 37 38 39 3a 3b 3c 3d 3e 3f 40 41 42 43 44 45 46 47 48 49 4a 4b 4c 4d 4e 4f 50 51 52 53 54 55 56 57 58 59 5a 5b 5c 5d 5e 5f 60 61 ffffffffffffffff 0
[cyc 6014] [R SHIFT BY OCTET IN] ce cf d0 d1 d2 d3 d4 d5 d6 d7 d8 d9 da db dc dd de df e0 e1 e2 e3 e4 e5 e6 e7 e8 e9 ea eb ec ed ee ef f0 f1 f2 f3 f4 f5 f6 f7 f8 f9 fa fb fc fd fe ff 00 01 02 03 04 05 06 07 08 09 0a 0b 0c 0d ffffffffffffffff 0
[cyc 6014] [R SHIFT BY OCTET OUT] 9a 9b 9c 9d 9e 9f a0 a1 a2 a3 a4 a5 a6 a7 a8 a9 aa ab ac ad ae af b0 b1 b2 b3 b4 b5 b6 b7 b8 b9 ba bb bc bd be bf c0 c1 c2 c3 c4 c5 c6 c7 c8 c9 ca cb cc cd ce cf d0 d1 d2 d3 d4 d5 d6 d7 d8 d9 ffffffffffffffff 0
[cyc 6014] [STRIP MRC headers IN 0] 9a 9b 9c 9d 9e 9f a0 a1 a2 a3 a4 a5 a6 a7 a8 a9 aa ab ac ad ae af b0 b1 b2 b3 b4 b5 b6 b7 b8 b9 ba bb bc bd be bf c0 c1 c2 c3 c4 c5 c6 c7 c8 c9 ca cb cc cd ce cf d0 d1 d2 d3 d4 d5 d6 d7 d8 d9 ffffffffffffffff 0
[cyc 6014] [STRIP MRC headers OUT 0] 62 63 64 65 66 67 68 69 6a 6b 6c 6d 6e 6f 70 71 72 73 74 75 76 77 78 79 7a 7b 7c 7d 7e 7f 80 81 82 83 84 85 86 87 88 89 8a 8b 8c 8d 8e 8f 90 91 92 93 94 95 96 97 98 99 9a 9b 9c 9d 9e 9f a0 a1 ffffffffffffffff 0
[cyc 6014] [META MERGER 0]: reading from ack event with qpn 0x5, psn 0x0a0b1a
[cyc 6015] [R SHIFT BY OCTET IN] 0e 0f 10 11 12 13 14 15 16 17 18 19 1a 1b 1c 1d 1e 1f 20 21 22 23 24 25 26 27 28 29 2a 2b 2c 2d 2e 2f 30 31 32 33 34 35 36 37 38 39 3a 3b 3c 3d 3e 3f 40 41 42 43 44 45 46 47 48 49 4a 4b 4c 4d ffffffffffffffff 0
[cyc 6015] [R SHIFT BY OCTET OUT] da db dc dd de df e0 e1 e2 e3 e4 e5 e6 e7 e8 e9 ea eb ec ed ee ef f0 f1 f2 f3 f4 f5 f6 f7 f8 f9 fa fb fc fd fe ff 00 01 02 03 04 05 06 07 08 09 0a 0b 0c 0d 0e 0f 10 11 12 13 14 15 16 17 18 19 ffffffffffffffff 0
[cyc 6015] [STRIP MRC headers IN 0] da db dc dd de df e0 e1 e2 e3 e4 e5 e6 e7 e8 e9 ea eb ec ed ee ef f0 f1 f2 f3 f4 f5 f6 f7 f8 f9 fa fb fc fd fe ff 00 01 02 03 04 05 06 07 08 09 0a 0b 0c 0d 0e 0f 10 11 12 13 14 15 16 17 18 19 ffffffffffffffff 0
[cyc 6015] [STRIP MRC headers OUT 0] a2 a3 a4 a5 a6 a7 a8 a9 aa ab ac ad ae af b0 b1 b2 b3 b4 b5 b6 b7 b8 b9 ba bb bc bd be bf c0 c1 c2 c3 c4 c5 c6 c7 c8 c9 ca cb cc cd ce cf d0 d1 d2 d3 d4 d5 d6 d7 d8 d9 da db dc dd de df e0 e1 ffffffffffffffff 0
[cyc 6015] [R SHIFT BY OCTET IN] 00 00 00 00 00 02 14 00 00 00 12 34 00 00 08 32 b2 b3 b4 b5 b6 b7 b8 b9 ba bb bc bd be bf c0 c1 c2 c3 c4 c5 c6 c7 c8 c9 ca cb cc cd ce cf d0 d1 d2 d3 d4 d5 d6 d7 d8 d9 da db dc dd de df e0 e1 ffffffffffffffff 0
[cyc 6016] [R SHIFT BY OCTET IN] 4e 4f 50 51 52 53 54 55 56 57 58 59 5a 5b 5c 5d 5e 5f 60 61 62 63 64 65 66 67 68 69 6a 6b 6c 6d 6e 6f 70 71 72 73 74 75 76 77 78 79 7a 7b 7c 7d 7e 7f 80 81 82 83 84 85 86 87 88 89 8a 8b 8c 8d ffffffffffffffff 0
[cyc 6016] [R SHIFT BY OCTET OUT] 1a 1b 1c 1d 1e 1f 20 21 22 23 24 25 26 27 28 29 2a 2b 2c 2d 2e 2f 30 31 32 33 34 35 36 37 38 39 3a 3b 3c 3d 3e 3f 40 41 42 43 44 45 46 47 48 49 4a 4b 4c 4d 4e 4f 50 51 52 53 54 55 56 57 58 59 ffffffffffffffff 0
[cyc 6016] [STRIP MRC headers IN 0] 1a 1b 1c 1d 1e 1f 20 21 22 23 24 25 26 27 28 29 2a 2b 2c 2d 2e 2f 30 31 32 33 34 35 36 37 38 39 3a 3b 3c 3d 3e 3f 40 41 42 43 44 45 46 47 48 49 4a 4b 4c 4d 4e 4f 50 51 52 53 54 55 56 57 58 59 ffffffffffffffff 0
[cyc 6016] [STRIP MRC headers OUT 0] e2 e3 e4 e5 e6 e7 e8 e9 ea eb ec ed ee ef f0 f1 f2 f3 f4 f5 f6 f7 f8 f9 fa fb fc fd fe ff 00 01 02 03 04 05 06 07 08 09 0a 0b 0c 0d 0e 0f 10 11 12 13 14 15 16 17 18 19 1a 1b 1c 1d 1e 1f 20 21 ffffffffffffffff 0
[cyc 6016] [R SHIFT BY OCTET IN] e2 e3 e4 e5 e6 e7 e8 e9 ea eb ec ed ee ef f0 f1 f2 f3 f4 f5 f6 f7 f8 f9 fa fb fc fd fe ff 00 01 02 03 04 05 06 07 08 09 0a 0b 0c 0d 0e 0f 10 11 12 13 14 15 16 17 18 19 1a 1b 1c 1d 1e 1f 20 21 ffffffffffffffff 0
[cyc 6016] [R SHIFT BY OCTET OUT] b2 b3 b4 b5 b6 b7 b8 b9 ba bb bc bd be bf c0 c1 c2 c3 c4 c5 c6 c7 c8 c9 ca cb cc cd ce cf d0 d1 d2 d3 d4 d5 d6 d7 d8 d9 da db dc dd de df e0 e1 e2 e3 e4 e5 e6 e7 e8 e9 ea eb ec ed ee ef f0 f1 ffffffffffffffff 0
[cyc 6016] [GENERATE EXH 0]: MRC_ACK with qpn 0x5, psn 0x0a0b1a
[cyc 6016] [GENERATE EXH 0]: MRC_ACK 1f 00 00 0b b6 b7 b8 b9 00 71 f4 d0 83 e8 5f f6 60 fa 8b 9e 40 5f 00 00 40 be 46 89 fe 7f 00 00 d0 fa 8b 9e 40 5f 00 00 44 5b 81 9e 40 5f 00 00 44 c0 46 89 fe 7f 00 00 87 16 85 9e 40 5f 00 00 000000000000000f 1
[cyc 6016] [APPEND PAYLOAD 0]: moving to state HEADER
[cyc 6016] [TX IP UDP META MERGER 0]: port 0xc000
[cyc 6017] [R SHIFT BY OCTET IN] 8e 8f 90 91 92 93 94 95 96 97 98 99 9a 9b 9c 9d 9e 9f a0 a1 a2 a3 a4 a5 a6 a7 a8 a9 aa ab ac ad ae af b0 b1 b2 b3 b4 b5 b6 b7 b8 b9 ba bb bc bd be bf c0 c1 c2 c3 c4 c5 c6 c7 c8 c9 ca cb cc cd ffffffffffffffff 0
[cyc 6017] [R SHIFT BY OCTET OUT] 5a 5b 5c 5d 5e 5f 60 61 62 63 64 65 66 67 68 69 6a 6b 6c 6d 6e 6f 70 71 72 73 74 75 76 77 78 79 7a 7b 7c 7d 7e 7f 80 81 82 83 84 85 86 87 88 89 8a 8b 8c 8d 8e 8f 90 91 92 93 94 95 96 97 98 99 ffffffffffffffff 0
[cyc 6017] [STRIP MRC headers IN 0] 5a 5b 5c 5d 5e 5f 60 61 62 63 64 65 66 67 68 69 6a 6b 6c 6d 6e 6f 70 71 72 73 74 75 76 77 78 79 7a 7b 7c 7d 7e 7f 80 81 82 83 84 85 86 87 88 89 8a 8b 8c 8d 8e 8f 90 91 92 93 94 95 96 97 98 99 ffffffffffffffff 0
[cyc 6017] [STRIP MRC headers OUT 0] 22 23 24 25 26 27 28 29 2a 2b 2c 2d 2e 2f 30 31 32 33 34 35 36 37 38 39 3a 3b 3c 3d 3e 3f 40 41 42 43 44 45 46 47 48 49 4a 4b 4c 4d 4e 4f 50 51 52 53 54 55 56 57 58 59 5a 5b 5c 5d 5e 5f 60 61 ffffffffffffffff 0
[cyc 6017] [R SHIFT BY OCTET IN] 22 23 24 25 26 27 28 29 2a 2b 2c 2d 2e 2f 30 31 32 33 34 35 36 37 38 39 3a 3b 3c 3d 3e 3f 40 41 42 43 44 45 46 47 48 49 4a 4b 4c 4d 4e 4f 50 51 52 53 54 55 56 57 58 59 5a 5b 5c 5d 5e 5f 60 61 ffffffffffffffff 0
[cyc 6017] [R SHIFT BY OCTET OUT] f2 f3 f4 f5 f6 f7 f8 f9 fa fb fc fd fe ff 00 01 02 03 04 05 06 07 08 09 0a 0b 0c 0d 0e 0f 10 11 12 13 14 15 16 17 18 19 1a 1b 1c 1d 1e 1f 20 21 22 23 24 25 26 27 28 29 2a 2b 2c 2d 2e 2f 30 31 ffffffffffffffff 0
[cyc 6017] [APPEND PAYLOAD 0]: moving to state INFO
[cyc 6017] [GENERATE IBH 0]: input meta, opcode 0xd1 valid psn 0x0a0b1a
[cyc 6017] [PREPEND IBH HEADER 0]: going to state PARTIAL_HEADER
[cyc 6018] [R SHIFT BY OCTET IN] ce cf d0 d1 d2 d3 d4 d5 d6 d7 d8 d9 da db dc dd de df e0 e1 e2 e3 e4 e5 e6 e7 e8 e9 ea eb ec ed ee ef f0 f1 f2 f3 f4 f5 f6 f7 f8 f9 fa fb fc fd fe ff 00 01 02 03 04 05 06 07 08 09 0a 0b 0c 0d ffffffffffffffff 0
[cyc 6018] [R SHIFT BY OCTET OUT] 9a 9b 9c 9d 9e 9f a0 a1 a2 a3 a4 a5 a6 a7 a8 a9 aa ab ac ad ae af b0 b1 b2 b3 b4 b5 b6 b7 b8 b9 ba bb bc bd be bf c0 c1 c2 c3 c4 c5 c6 c7 c8 c9 ca cb cc cd ce cf d0 d1 d2 d3 d4 d5 d6 d7 d8 d9 ffffffffffffffff 0
[cyc 6018] [STRIP MRC headers IN 0] 9a 9b 9c 9d 9e 9f a0 a1 a2 a3 a4 a5 a6 a7 a8 a9 aa ab ac ad ae af b0 b1 b2 b3 b4 b5 b6 b7 b8 b9 ba bb bc bd be bf c0 c1 c2 c3 c4 c5 c6 c7 c8 c9 ca cb cc cd ce cf d0 d1 d2 d3 d4 d5 d6 d7 d8 d9 ffffffffffffffff 0
[cyc 6018] [STRIP MRC headers OUT 0] 62 63 64 65 66 67 68 69 6a 6b 6c 6d 6e 6f 70 71 72 73 74 75 76 77 78 79 7a 7b 7c 7d 7e 7f 80 81 82 83 84 85 86 87 88 89 8a 8b 8c 8d 8e 8f 90 91 92 93 94 95 96 97 98 99 9a 9b 9c 9d 9e 9f a0 a1 ffffffffffffffff 0
[cyc 6018] [R SHIFT BY OCTET IN] 62 63 64 65 66 67 68 69 6a 6b 6c 6d 6e 6f 70 71 72 73 74 75 76 77 78 79 7a 7b 7c 7d 7e 7f 80 81 82 83 84 85 86 87 88 89 8a 8b 8c 8d 8e 8f 90 91 92 93 94 95 96 97 98 99 9a 9b 9c 9d 9e 9f a0 a1 ffffffffffffffff 0
[cyc 6018] [R SHIFT BY OCTET OUT] 32 33 34 35 36 37 38 39 3a 3b 3c 3d 3e 3f 40 41 42 43 44 45 46 47 48 49 4a 4b 4c 4d 4e 4f 50 51 52 53 54 55 56 57 58 59 5a 5b 5c 5d 5e 5f 60 61 62 63 64 65 66 67 68 69 6a 6b 6c 6d 6e 6f 70 71 ffffffffffffffff 0
[cyc 6018] [PREPEND IBH HEADER 0]: IBH PARTIAL PAYLOAD
[cyc 6018] 00 00 00 00 00 00 00 00 00 00 00 00 1f 00 00 0b b6 b7 b8 b9 00 71 f4 d0 83 e8 5f f6 60 fa 8b 9e 40 5f 00 00 40 be 46 89 fe 7f 00 00 d0 fa 8b 9e 40 5f 00 00 44 5b 81 9e 40 5f 00 00 44 c0 46 89 000000000000ffff 1
[cyc 6018] [PREPEND IBH HEADER 0]: IBH PARTIAL HEADER
[cyc 6018] d1 00 ff ff 00 00 00 42 00 0a 0b 1a 1f 00 00 0b b6 b7 b8 b9 00 71 f4 d0 83 e8 5f f6 60 fa 8b 9e 40 5f 00 00 40 be 46 89 fe 7f 00 00 d0 fa 8b 9e 40 5f 00 00 44 5b 81 9e 40 5f 00 00 44 c0 46 89 000000000000ffff 1
[cyc 6019] [R SHIFT BY OCTET IN] 0e 0f 10 11 12 13 14 15 16 17 18 19 1a 1b 1c 1d 1e 1f 20 21 22 23 24 25 26 27 28 29 2a 2b 2c 2d 2e 2f 30 31 32 33 34 35 36 37 38 39 3a 3b 3c 3d 3e 3f 40 41 42 43 44 45 46 47 48 49 4a 4b 4c 4d ffffffffffffffff 0
[cyc 6019] [R SHIFT BY OCTET OUT] da db dc dd de df e0 e1 e2 e3 e4 e5 e6 e7 e8 e9 ea eb ec ed ee ef f0 f1 f2 f3 f4 f5 f6 f7 f8 f9 fa fb fc fd fe ff 00 01 02 03 04 05 06 07 08 09 0a 0b 0c 0d 0e 0f 10 11 12 13 14 15 16 17 18 19 ffffffffffffffff 0
[cyc 6019] [STRIP MRC headers IN 0] da db dc dd de df e0 e1 e2 e3 e4 e5 e6 e7 e8 e9 ea eb ec ed ee ef f0 f1 f2 f3 f4 f5 f6 f7 f8 f9 fa fb fc fd fe ff 00 01 02 03 04 05 06 07 08 09 0a 0b 0c 0d 0e 0f 10 11 12 13 14 15 16 17 18 19 ffffffffffffffff 0
[cyc 6019] [STRIP MRC headers OUT 0] a2 a3 a4 a5 a6 a7 a8 a9 aa ab ac ad ae af b0 b1 b2 b3 b4 b5 b6 b7 b8 b9 ba bb bc bd be bf c0 c1 c2 c3 c4 c5 c6 c7 c8 c9 ca cb cc cd ce cf d0 d1 d2 d3 d4 d5 d6 d7 d8 d9 da db dc dd de df e0 e1 ffffffffffffffff 0
[cyc 6019] [R SHIFT BY OCTET IN] a2 a3 a4 a5 a6 a7 a8 a9 aa ab ac ad ae af b0 b1 b2 b3 b4 b5 b6 b7 b8 b9 ba bb bc bd be bf c0 c1 c2 c3 c4 c5 c6 c7 c8 c9 ca cb cc cd ce cf d0 d1 d2 d3 d4 d5 d6 d7 d8 d9 da db dc dd de df e0 e1 ffffffffffffffff 0
[cyc 6019] [R SHIFT BY OCTET OUT] 72 73 74 75 76 77 78 79 7a 7b 7c 7d 7e 7f 80 81 82 83 84 85 86 87 88 89 8a 8b 8c 8d 8e 8f 90 91 92 93 94 95 96 97 98 99 9a 9b 9c 9d 9e 9f a0 a1 a2 a3 a4 a5 a6 a7 a8 a9 aa ab ac ad ae af b0 b1 ffffffffffffffff 0
[cyc 6020] [R SHIFT BY OCTET IN] 4e 4f 50 51 52 53 54 55 56 57 58 59 5a 5b 5c 5d 5e 5f 60 61 62 63 64 65 66 67 68 69 6a 6b 6c 6d 6e 6f 70 71 72 73 74 75 76 77 78 79 7a 7b 7c 7d 7e 7f 80 81 82 83 84 85 86 87 88 89 8a 8b 8c 8d ffffffffffffffff 0
[cyc 6020] [R SHIFT BY OCTET OUT] 1a 1b 1c 1d 1e 1f 20 21 22 23 24 25 26 27 28 29 2a 2b 2c 2d 2e 2f 30 31 32 33 34 35 36 37 38 39 3a 3b 3c 3d 3e 3f 40 41 42 43 44 45 46 47 48 49 4a 4b 4c 4d 4e 4f 50 51 52 53 54 55 56 57 58 59 ffffffffffffffff 0
[cyc 6020] [STRIP MRC headers IN 0] 1a 1b 1c 1d 1e 1f 20 21 22 23 24 25 26 27 28 29 2a 2b 2c 2d 2e 2f 30 31 32 33 34 35 36 37 38 39 3a 3b 3c 3d 3e 3f 40 41 42 43 44 45 46 47 48 49 4a 4b 4c 4d 4e 4f 50 51 52 53 54 55 56 57 58 59 ffffffffffffffff 0
[cyc 6020] [STRIP MRC headers OUT 0] e2 e3 e4 e5 e6 e7 e8 e9 ea eb ec ed ee ef f0 f1 f2 f3 f4 f5 f6 f7 f8 f9 fa fb fc fd fe ff 00 01 02 03 04 05 06 07 08 09 0a 0b 0c 0d 0e 0f 10 11 12 13 14 15 16 17 18 19 1a 1b 1c 1d 1e 1f 20 21 ffffffffffffffff 0
[cyc 6020] [R SHIFT BY OCTET IN] e2 e3 e4 e5 e6 e7 e8 e9 ea eb ec ed ee ef f0 f1 f2 f3 f4 f5 f6 f7 f8 f9 fa fb fc fd fe ff 00 01 02 03 04 05 06 07 08 09 0a 0b 0c 0d 0e 0f 10 11 12 13 14 15 16 17 18 19 1a 1b 1c 1d 1e 1f 20 21 ffffffffffffffff 0
[cyc 6020] [R SHIFT BY OCTET OUT] b2 b3 b4 b5 b6 b7 b8 b9 ba bb bc bd be bf c0 c1 c2 c3 c4 c5 c6 c7 c8 c9 ca cb cc cd ce cf d0 d1 d2 d3 d4 d5 d6 d7 d8 d9 da db dc dd de df e0 e1 e2 e3 e4 e5 e6 e7 e8 e9 ea eb ec ed ee ef f0 f1 ffffffffffffffff 0
[cyc 6021] [R SHIFT BY OCTET IN] 8e 8f 90 91 92 93 94 95 96 97 98 99 9a 9b 9c 9d 9e 9f a0 a1 a2 a3 a4 a5 a6 a7 a8 a9 aa ab ac ad ae af b0 b1 b2 b3 b4 b5 b6 b7 b8 b9 ba bb bc bd be bf c0 c1 c2 c3 c4 c5 c6 c7 c8 c9 ca cb cc cd ffffffffffffffff 0
[cyc 6021] [R SHIFT BY OCTET OUT] 5a 5b 5c 5d 5e 5f 60 61 62 63 64 65 66 67 68 69 6a 6b 6c 6d 6e 6f 70 71 72 73 74 75 76 77 78 79 7a 7b 7c 7d 7e 7f 80 81 82 83 84 85 86 87 88 89 8a 8b 8c 8d 8e 8f 90 91 92 93 94 95 96 97 98 99 ffffffffffffffff 0
[cyc 6021] [STRIP MRC headers IN 0] 5a 5b 5c 5d 5e 5f 60 61 62 63 64 65 66 67 68 69 6a 6b 6c 6d 6e 6f 70 71 72 73 74 75 76 77 78 79 7a 7b 7c 7d 7e 7f 80 81 82 83 84 85 86 87 88 89 8a 8b 8c 8d 8e 8f 90 91 92 93 94 95 96 97 98 99 ffffffffffffffff 0
[cyc 6021] [STRIP MRC headers OUT 0] 22 23 24 25 26 27 28 29 2a 2b 2c 2d 2e 2f 30 31 32 33 34 35 36 37 38 39 3a 3b 3c 3d 3e 3f 40 41 42 43 44 45 46 47 48 49 4a 4b 4c 4d 4e 4f 50 51 52 53 54 55 56 57 58 59 5a 5b 5c 5d 5e 5f 60 61 ffffffffffffffff 0
[cyc 6021] [R SHIFT BY OCTET IN] 22 23 24 25 26 27 28 29 2a 2b 2c 2d 2e 2f 30 31 32 33 34 35 36 37 38 39 3a 3b 3c 3d 3e 3f 40 41 42 43 44 45 46 47 48 49 4a 4b 4c 4d 4e 4f 50 51 52 53 54 55 56 57 58 59 5a 5b 5c 5d 5e 5f 60 61 ffffffffffffffff 0
[cyc 6021] [R SHIFT BY OCTET OUT] f2 f3 f4 f5 f6 f7 f8 f9 fa fb fc fd fe ff 00 01 02 03 04 05 06 07 08 09 0a 0b 0c 0d 0e 0f 10 11 12 13 14 15 16 17 18 19 1a 1b 1c 1d 1e 1f 20 21 22 23 24 25 26 27 28 29 2a 2b 2c 2d 2e 2f 30 31 ffffffffffffffff 0
[cyc 6022] [R SHIFT BY OCTET IN] ce cf d0 d1 d2 d3 d4 d5 d6 d7 d8 d9 da db dc dd de df e0 e1 e2 e3 e4 e5 e6 e7 e8 e9 ea eb ec ed ee ef f0 f1 f2 f3 f4 f5 f6 f7 f8 f9 fa fb fc fd fe ff 00 01 02 03 04 05 06 07 08 09 0a 0b 0c 0d ffffffffffffffff 0
[cyc 6022] [R SHIFT BY OCTET OUT] 9a 9b 9c 9d 9e 9f a0 a1 a2 a3 a4 a5 a6 a7 a8 a9 aa ab ac ad ae af b0 b1 b2 b3 b4 b5 b6 b7 b8 b9 ba bb bc bd be bf c0 c1 c2 c3 c4 c5 c6 c7 c8 c9 ca cb cc cd ce cf d0 d1 d2 d3 d4 d5 d6 d7 d8 d9 ffffffffffffffff 0
[cyc 6022] [STRIP MRC headers IN 0] 9a 9b 9c 9d 9e 9f a0 a1 a2 a3 a4 a5 a6 a7 a8 a9 aa ab ac ad ae af b0 b1 b2 b3 b4 b5 b6 b7 b8 b9 ba bb bc bd be bf c0 c1 c2 c3 c4 c5 c6 c7 c8 c9 ca cb cc cd ce cf d0 d1 d2 d3 d4 d5 d6 d7 d8 d9 ffffffffffffffff 0
[cyc 6022] [STRIP MRC headers OUT 0] 62 63 64 65 66 67 68 69 6a 6b 6c 6d 6e 6f 70 71 72 73 74 75 76 77 78 79 7a 7b 7c 7d 7e 7f 80 81 82 83 84 85 86 87 88 89 8a 8b 8c 8d 8e 8f 90 91 92 93 94 95 96 97 98 99 9a 9b 9c 9d 9e 9f a0 a1 ffffffffffffffff 0
[cyc 6022] [R SHIFT BY OCTET IN] 62 63 64 65 66 67 68 69 6a 6b 6c 6d 6e 6f 70 71 72 73 74 75 76 77 78 79 7a 7b 7c 7d 7e 7f 80 81 82 83 84 85 86 87 88 89 8a 8b 8c 8d 8e 8f 90 91 92 93 94 95 96 97 98 99 9a 9b 9c 9d 9e 9f a0 a1 ffffffffffffffff 0
[cyc 6022] [R SHIFT BY OCTET OUT] 32 33 34 35 36 37 38 39 3a 3b 3c 3d 3e 3f 40 41 42 43 44 45 46 47 48 49 4a 4b 4c 4d 4e 4f 50 51 52 53 54 55 56 57 58 59 5a 5b 5c 5d 5e 5f 60 61 62 63 64 65 66 67 68 69 6a 6b 6c 6d 6e 6f 70 71 ffffffffffffffff 0
[cyc 6023] [R SHIFT BY OCTET IN] 0e 0f 10 11 12 13 14 15 16 17 18 19 1a 1b 1c 1d 1e 1f 20 21 22 23 24 25 26 27 28 29 2a 2b 2c 2d 2e 2f 30 31 32 33 34 35 36 37 38 39 3a 3b 3c 3d 3e 3f 40 41 42 43 44 45 46 47 48 49 4a 4b 4c 4d ffffffffffffffff 0
[cyc 6023] [R SHIFT BY OCTET OUT] da db dc dd de df e0 e1 e2 e3 e4 e5 e6 e7 e8 e9 ea eb ec ed ee ef f0 f1 f2 f3 f4 f5 f6 f7 f8 f9 fa fb fc fd fe ff 00 01 02 03 04 05 06 07 08 09 0a 0b 0c 0d 0e 0f 10 11 12 13 14 15 16 17 18 19 ffffffffffffffff 0
[cyc 6023] [STRIP MRC headers IN 0] da db dc dd de df e0 e1 e2 e3 e4 e5 e6 e7 e8 e9 ea eb ec ed ee ef f0 f1 f2 f3 f4 f5 f6 f7 f8 f9 fa fb fc fd fe ff 00 01 02 03 04 05 06 07 08 09 0a 0b 0c 0d 0e 0f 10 11 12 13 14 15 16 17 18 19 ffffffffffffffff 0
[cyc 6023] [STRIP MRC headers OUT 0] a2 a3 a4 a5 a6 a7 a8 a9 aa ab ac ad ae af b0 b1 b2 b3 b4 b5 b6 b7 b8 b9 ba bb bc bd be bf c0 c1 c2 c3 c4 c5 c6 c7 c8 c9 ca cb cc cd ce cf d0 d1 d2 d3 d4 d5 d6 d7 d8 d9 da db dc dd de df e0 e1 ffffffffffffffff 0
[cyc 6023] [R SHIFT BY OCTET IN] a2 a3 a4 a5 a6 a7 a8 a9 aa ab ac ad ae af b0 b1 b2 b3 b4 b5 b6 b7 b8 b9 ba bb bc bd be bf c0 c1 c2 c3 c4 c5 c6 c7 c8 c9 ca cb cc cd ce cf d0 d1 d2 d3 d4 d5 d6 d7 d8 d9 da db dc dd de df e0 e1 ffffffffffffffff 0
[cyc 6023] [R SHIFT BY OCTET OUT] 72 73 74 75 76 77 78 79 7a 7b 7c 7d 7e 7f 80 81 82 83 84 85 86 87 88 89 8a 8b 8c 8d 8e 8f 90 91 92 93 94 95 96 97 98 99 9a 9b 9c 9d 9e 9f a0 a1 a2 a3 a4 a5 a6 a7 a8 a9 aa ab ac ad ae af b0 b1 ffffffffffffffff 0
[cyc 6024] [R SHIFT BY OCTET IN] 4e 4f 50 51 52 53 54 55 56 57 58 59 5a 5b 5c 5d 5e 5f 60 61 62 63 64 65 66 67 68 69 6a 6b 6c 6d 6e 6f 70 71 72 73 74 75 76 77 78 79 7a 7b 7c 7d 7e 7f 80 81 82 83 84 85 86 87 88 89 8a 8b 8c 8d ffffffffffffffff 0
[cyc 6024] [R SHIFT BY OCTET OUT] 1a 1b 1c 1d 1e 1f 20 21 22 23 24 25 26 27 28 29 2a 2b 2c 2d 2e 2f 30 31 32 33 34 35 36 37 38 39 3a 3b 3c 3d 3e 3f 40 41 42 43 44 45 46 47 48 49 4a 4b 4c 4d 4e 4f 50 51 52 53 54 55 56 57 58 59 ffffffffffffffff 0
[cyc 6024] [STRIP MRC headers IN 0] 1a 1b 1c 1d 1e 1f 20 21 22 23 24 25 26 27 28 29 2a 2b 2c 2d 2e 2f 30 31 32 33 34 35 36 37 38 39 3a 3b 3c 3d 3e 3f 40 41 42 43 44 45 46 47 48 49 4a 4b 4c 4d 4e 4f 50 51 52 53 54 55 56 57 58 59 ffffffffffffffff 0
[cyc 6024] [STRIP MRC headers OUT 0] e2 e3 e4 e5 e6 e7 e8 e9 ea eb ec ed ee ef f0 f1 f2 f3 f4 f5 f6 f7 f8 f9 fa fb fc fd fe ff 00 01 02 03 04 05 06 07 08 09 0a 0b 0c 0d 0e 0f 10 11 12 13 14 15 16 17 18 19 1a 1b 1c 1d 1e 1f 20 21 ffffffffffffffff 0
[cyc 6024] [R SHIFT BY OCTET IN] e2 e3 e4 e5 e6 e7 e8 e9 ea eb ec ed ee ef f0 f1 f2 f3 f4 f5 f6 f7 f8 f9 fa fb fc fd fe ff 00 01 02 03 04 05 06 07 08 09 0a 0b 0c 0d 0e 0f 10 11 12 13 14 15 16 17 18 19 1a 1b 1c 1d 1e 1f 20 21 ffffffffffffffff 0
[cyc 6024] [R SHIFT BY OCTET OUT] b2 b3 b4 b5 b6 b7 b8 b9 ba bb bc bd be bf c0 c1 c2 c3 c4 c5 c6 c7 c8 c9 ca cb cc cd ce cf d0 d1 d2 d3 d4 d5 d6 d7 d8 d9 da db dc dd de df e0 e1 e2 e3 e4 e5 e6 e7 e8 e9 ea eb ec ed ee ef f0 f1 ffffffffffffffff 0
[cyc 6025] [TB] last beat of packet 0 (17 beat(s))
[cyc 6025] [R SHIFT BY OCTET IN] 8e 8f 90 91 92 93 94 95 96 97 98 99 9a 9b 9c 9d 9e 9f a0 a1 a2 a3 a4 a5 a6 a7 a8 a9 aa ab ac ad ae af b0 b1 00 00 00 00 00 00 00 00 00 00 00 00 00 00 00 00 00 00 00 00 00 00 00 00 00 00 00 00 0000000fffffffff 1  <- last
[cyc 6025] [R SHIFT BY OCTET OUT] 5a 5b 5c 5d 5e 5f 60 61 62 63 64 65 66 67 68 69 6a 6b 6c 6d 6e 6f 70 71 72 73 74 75 76 77 78 79 7a 7b 7c 7d 7e 7f 80 81 82 83 84 85 86 87 88 89 8a 8b 8c 8d 8e 8f 90 91 92 93 94 95 96 97 98 99 ffffffffffffffff 0
[cyc 6025] [STRIP MRC headers IN 0] 5a 5b 5c 5d 5e 5f 60 61 62 63 64 65 66 67 68 69 6a 6b 6c 6d 6e 6f 70 71 72 73 74 75 76 77 78 79 7a 7b 7c 7d 7e 7f 80 81 82 83 84 85 86 87 88 89 8a 8b 8c 8d 8e 8f 90 91 92 93 94 95 96 97 98 99 ffffffffffffffff 0
[cyc 6025] [STRIP MRC headers OUT 0] 22 23 24 25 26 27 28 29 2a 2b 2c 2d 2e 2f 30 31 32 33 34 35 36 37 38 39 3a 3b 3c 3d 3e 3f 40 41 42 43 44 45 46 47 48 49 4a 4b 4c 4d 4e 4f 50 51 52 53 54 55 56 57 58 59 5a 5b 5c 5d 5e 5f 60 61 ffffffffffffffff 0
[cyc 6025] [R SHIFT BY OCTET IN] 22 23 24 25 26 27 28 29 2a 2b 2c 2d 2e 2f 30 31 32 33 34 35 36 37 38 39 3a 3b 3c 3d 3e 3f 40 41 42 43 44 45 46 47 48 49 4a 4b 4c 4d 4e 4f 50 51 52 53 54 55 56 57 58 59 5a 5b 5c 5d 5e 5f 60 61 ffffffffffffffff 0
[cyc 6025] [R SHIFT BY OCTET OUT] f2 f3 f4 f5 f6 f7 f8 f9 fa fb fc fd fe ff 00 01 02 03 04 05 06 07 08 09 0a 0b 0c 0d 0e 0f 10 11 12 13 14 15 16 17 18 19 1a 1b 1c 1d 1e 1f 20 21 22 23 24 25 26 27 28 29 2a 2b 2c 2d 2e 2f 30 31 ffffffffffffffff 0
[TB] All packets fed, running 300 more cycles...
[cyc 6026] [R SHIFT BY OCTET OUT] 9a 9b 9c 9d 9e 9f a0 a1 a2 a3 a4 a5 a6 a7 a8 a9 aa ab ac ad ae af b0 b1 00 00 00 00 00 00 00 00 00 00 00 00 00 00 00 00 00 00 00 00 00 00 00 00 00 00 00 00 00 00 00 00 00 00 00 00 00 00 00 00 0000000000ffffff 1  <- last
[cyc 6026] [STRIP MRC headers IN 0] 9a 9b 9c 9d 9e 9f a0 a1 a2 a3 a4 a5 a6 a7 a8 a9 aa ab ac ad ae af b0 b1 00 00 00 00 00 00 00 00 00 00 00 00 00 00 00 00 00 00 00 00 00 00 00 00 00 00 00 00 00 00 00 00 00 00 00 00 00 00 00 00 0000000000ffffff 1  <- last
[cyc 6026] [STRIP MRC headers OUT 0] 62 63 64 65 66 67 68 69 6a 6b 6c 6d 6e 6f 70 71 72 73 74 75 76 77 78 79 7a 7b 7c 7d 7e 7f 80 81 82 83 84 85 86 87 88 89 8a 8b 8c 8d 8e 8f 90 91 92 93 94 95 96 97 98 99 9a 9b 9c 9d 9e 9f a0 a1 ffffffffffffffff 0
[cyc 6026] [R SHIFT BY OCTET IN] 62 63 64 65 66 67 68 69 6a 6b 6c 6d 6e 6f 70 71 72 73 74 75 76 77 78 79 7a 7b 7c 7d 7e 7f 80 81 82 83 84 85 86 87 88 89 8a 8b 8c 8d 8e 8f 90 91 92 93 94 95 96 97 98 99 9a 9b 9c 9d 9e 9f a0 a1 ffffffffffffffff 0
[cyc 6026] [R SHIFT BY OCTET OUT] 32 33 34 35 36 37 38 39 3a 3b 3c 3d 3e 3f 40 41 42 43 44 45 46 47 48 49 4a 4b 4c 4d 4e 4f 50 51 52 53 54 55 56 57 58 59 5a 5b 5c 5d 5e 5f 60 61 62 63 64 65 66 67 68 69 6a 6b 6c 6d 6e 6f 70 71 ffffffffffffffff 0
[cyc 6027] [STRIP MRC headers OUT 0] a2 a3 a4 a5 a6 a7 a8 a9 aa ab ac ad ae af b0 b1 00 00 00 00 00 00 00 00 00 00 00 00 00 00 00 00 00 00 00 00 00 00 00 00 00 00 00 00 00 00 00 00 00 00 00 00 00 00 00 00 00 00 00 00 00 00 00 00 000000000000ffff 1  <- last
[cyc 6027] [R SHIFT BY OCTET IN] a2 a3 a4 a5 a6 a7 a8 a9 aa ab ac ad ae af b0 b1 b2 b3 b4 b5 b6 b7 b8 b9 ba bb bc bd be bf c0 c1 c2 c3 c4 c5 c6 c7 c8 c9 ca cb cc cd ce cf d0 d1 d2 d3 d4 d5 d6 d7 d8 d9 da db dc dd de df e0 e1 ffffffffffffffff 0
[cyc 6027] [R SHIFT BY OCTET OUT] 72 73 74 75 76 77 78 79 7a 7b 7c 7d 7e 7f 80 81 82 83 84 85 86 87 88 89 8a 8b 8c 8d 8e 8f 90 91 92 93 94 95 96 97 98 99 9a 9b 9c 9d 9e 9f a0 a1 a2 a3 a4 a5 a6 a7 a8 a9 aa ab ac ad ae af b0 b1 ffffffffffffffff 0
[cyc 6028] [R SHIFT BY OCTET IN] e2 e3 e4 e5 e6 e7 e8 e9 ea eb ec ed ee ef f0 f1 f2 f3 f4 f5 f6 f7 f8 f9 fa fb fc fd fe ff 00 01 02 03 04 05 06 07 08 09 0a 0b 0c 0d 0e 0f 10 11 12 13 14 15 16 17 18 19 1a 1b 1c 1d 1e 1f 20 21 ffffffffffffffff 0
[cyc 6028] [R SHIFT BY OCTET OUT] b2 b3 b4 b5 b6 b7 b8 b9 ba bb bc bd be bf c0 c1 c2 c3 c4 c5 c6 c7 c8 c9 ca cb cc cd ce cf d0 d1 d2 d3 d4 d5 d6 d7 d8 d9 da db dc dd de df e0 e1 e2 e3 e4 e5 e6 e7 e8 e9 ea eb ec ed ee ef f0 f1 ffffffffffffffff 0
[cyc 6029] [R SHIFT BY OCTET IN] 22 23 24 25 26 27 28 29 2a 2b 2c 2d 2e 2f 30 31 32 33 34 35 36 37 38 39 3a 3b 3c 3d 3e 3f 40 41 42 43 44 45 46 47 48 49 4a 4b 4c 4d 4e 4f 50 51 52 53 54 55 56 57 58 59 5a 5b 5c 5d 5e 5f 60 61 ffffffffffffffff 0
[cyc 6029] [R SHIFT BY OCTET OUT] f2 f3 f4 f5 f6 f7 f8 f9 fa fb fc fd fe ff 00 01 02 03 04 05 06 07 08 09 0a 0b 0c 0d 0e 0f 10 11 12 13 14 15 16 17 18 19 1a 1b 1c 1d 1e 1f 20 21 22 23 24 25 26 27 28 29 2a 2b 2c 2d 2e 2f 30 31 ffffffffffffffff 0
[cyc 6030] [R SHIFT BY OCTET IN] 62 63 64 65 66 67 68 69 6a 6b 6c 6d 6e 6f 70 71 72 73 74 75 76 77 78 79 7a 7b 7c 7d 7e 7f 80 81 82 83 84 85 86 87 88 89 8a 8b 8c 8d 8e 8f 90 91 92 93 94 95 96 97 98 99 9a 9b 9c 9d 9e 9f a0 a1 ffffffffffffffff 0
[cyc 6030] [R SHIFT BY OCTET OUT] 32 33 34 35 36 37 38 39 3a 3b 3c 3d 3e 3f 40 41 42 43 44 45 46 47 48 49 4a 4b 4c 4d 4e 4f 50 51 52 53 54 55 56 57 58 59 5a 5b 5c 5d 5e 5f 60 61 62 63 64 65 66 67 68 69 6a 6b 6c 6d 6e 6f 70 71 ffffffffffffffff 0
[cyc 6031] [R SHIFT BY OCTET IN] a2 a3 a4 a5 a6 a7 a8 a9 aa ab ac ad ae af b0 b1 00 00 00 00 00 00 00 00 00 00 00 00 00 00 00 00 00 00 00 00 00 00 00 00 00 00 00 00 00 00 00 00 00 00 00 00 00 00 00 00 00 00 00 00 00 00 00 00 000000000000ffff 1  <- last
[cyc 6031] [R SHIFT BY OCTET OUT] 72 73 74 75 76 77 78 79 7a 7b 7c 7d 7e 7f 80 81 82 83 84 85 86 87 88 89 8a 8b 8c 8d 8e 8f 90 91 92 93 94 95 96 97 98 99 9a 9b 9c 9d 9e 9f a0 a1 a2 a3 a4 a5 a6 a7 a8 a9 aa ab ac ad ae af b0 b1 ffffffffffffffff 1  <- last

[TB] ---- Outputs (cycle they left the module) ----
[TB] cyc 6015 m_axis_mem_write_cmd: op=RC_RDMA_WRITE_MIDDLE qpn=0x5 addr=0x21400 len=1024 lst=0 host=1
[TB] cyc 6032 m_axis_mem_write_data: 1024 B
      0000: b2 b3 b4 b5 b6 b7 b8 b9 ba bb bc bd be bf c0 c1 
      0010: c2 c3 c4 c5 c6 c7 c8 c9 ca cb cc cd ce cf d0 d1 
      0020: d2 d3 d4 d5 d6 d7 d8 d9 da db dc dd de df e0 e1 
      0030: e2 e3 e4 e5 e6 e7 e8 e9 ea eb ec ed ee ef f0 f1 
      ... (960 more bytes)
[TB] cyc 6019 m_axis_tx_data packet (16 B), meta: dst ip=0xa000002 length=20
      0000: d1 00 ff ff 00 00 00 42 00 0a 0b 1a 1f 00 00 0b 

[TB] ---- Checks ----
[TB] Packet 0: TEST 06c: MIDDLE with TSETH
  [PASS] a memory write command was issued for it
[TB]   memory command at cycle 6015
  [PASS] memCmd.op_code = 0xc7
  [PASS] memCmd.qpn     = 0x5
  [PASS] memCmd.addr    = 0x21400
  [PASS] memCmd.len     = 1024
  [PASS] memCmd.lst     = 0x0
  [PASS] payload data reached memory
[TB]   payload in memory by cycle 6032
  [PASS] bytes written to memory = 1024
  [PASS] memory data is identical to the payload that was sent
  [PASS] a reply (ACK/NAK) was sent for it
[TB]   reply at cycle 6019
  [PASS] tx meta: destination IP = 0xa000002
  [PASS] tx meta: UDP length (BTH+AETH+ICRC) = 20
[TB]   parsed reply: MRC_ACK  DestQP=0x42  PSN=0xa0b1a  AETH.syndrome=0x1f (ACK)  AETH.MSN=0xb
  [PASS] reply length in bytes = 16
  [PASS] reply BTH.opcode (MRC_ACK) = 0xd1
  [PASS] reply BTH.DestQP (remote QPN) = 0x42
  [PASS] reply BTH.PSN = 0xa0b1a
  [PASS] reply AETH.syndrome (ACK) = 0x1f
  [PASS] reply AETH.MSN = 0xb
[TB] Whole group
  [PASS] unexpected memory write commands = 0
  [PASS] unexpected memory payloads = 0
  [PASS] no memory data beat left without TLAST
  [PASS] unexpected packets sent back = 0
  [PASS] tx meta entries = tx packets = 1
  [PASS] invalid-PSN drop counter increase over the group = 0
  [PASS] ackMeta to the host (only used for our own requests) = 0
  [PASS] module consumed the whole input
  [PASS] no memory READ command issued

=====================================================================
  GROUP: TEST 06d: LAST with TSETH
=====================================================================
[TB] Packet 0: TEST 06d: LAST with TSETH
[TB]   state before: epsn=0xa0b1b last_psn=0xa0b1a
[TB]   RC_RDMA_WRITE_LAST  DestQP=0x5  PSN=0xa0b1b, 658203  RETH.vaddr=0x21800  RETH.len=2098  payload=50 B  UDP length=98  (then drain and check)
      0000: c8 00 ff ff 00 00 00 05 90 0a 0b 1b 00 00 00 0b 
      0010: 00 00 00 01 00 00 00 00 00 02 18 00 00 00 12 34 
      0020: 00 00 08 32 b3 b4 b5 b6 b7 b8 b9 ba bb bc bd be 
      0030: bf c0 c1 c2 c3 c4 c5 c6 c7 c8 c9 ca cb cc cd ce 
      ... (22 more bytes)

[TB] Feeding 1 packet(s)... (module prints follow)
[cyc 6326] [TB] first beat of packet 0 (TEST 06d: LAST with TSETH)
[cyc 6326] [RX PROCESS IBH 0]: input psn 0x0a0b1b
[cyc 6326] [RX PROCESS IBH 0]: process IBH opcode: c8
[cyc 6326] [R SHIFT BY OCTET IN] c8 00 ff ff 00 00 00 05 90 0a 0b 1b 00 00 00 0b 00 00 00 01 00 00 00 00 00 02 18 00 00 00 12 34 00 00 08 32 b3 b4 b5 b6 b7 b8 b9 ba bb bc bd be bf c0 c1 c2 c3 c4 c5 c6 c7 c8 c9 ca cb cc cd ce ffffffffffffffff 0
[cyc 6327] [TB] last beat of packet 0 (2 beat(s))
[cyc 6327] [R SHIFT BY OCTET IN] cf d0 d1 d2 d3 d4 d5 d6 d7 d8 d9 da db dc dd de df e0 e1 e2 e3 e4 00 00 00 00 00 00 00 00 00 00 00 00 00 00 00 00 00 00 00 00 00 00 00 00 00 00 00 00 00 00 00 00 00 00 00 00 00 00 00 00 00 00 00000000003fffff 1  <- last
[cyc 6327] [R SHIFT BY OCTET OUT] 00 00 00 0b 00 00 00 01 00 00 00 00 00 02 18 00 00 00 12 34 00 00 08 32 b3 b4 b5 b6 b7 b8 b9 ba bb bc bd be bf c0 c1 c2 c3 c4 c5 c6 c7 c8 c9 ca cb cc cd ce cf d0 d1 d2 d3 d4 d5 d6 d7 d8 d9 da ffffffffffffffff 0
[cyc 6327] [STRIP MRC headers IN 0] 00 00 00 0b 00 00 00 01 00 00 00 00 00 02 18 00 00 00 12 34 00 00 08 32 b3 b4 b5 b6 b7 b8 b9 ba bb bc bd be bf c0 c1 c2 c3 c4 c5 c6 c7 c8 c9 ca cb cc cd ce cf d0 d1 d2 d3 d4 d5 d6 d7 d8 d9 da ffffffffffffffff 0
[TB] All packets fed, running 300 more cycles...
[cyc 6328] [R SHIFT BY OCTET OUT] db dc dd de df e0 e1 e2 e3 e4 00 00 00 00 00 00 00 00 00 00 00 00 00 00 00 00 00 00 00 00 00 00 00 00 00 00 00 00 00 00 00 00 00 00 00 00 00 00 00 00 00 00 00 00 00 00 00 00 00 00 00 00 00 00 00000000000003ff 1  <- last
[cyc 6328] [STRIP MRC headers IN 0] db dc dd de df e0 e1 e2 e3 e4 00 00 00 00 00 00 00 00 00 00 00 00 00 00 00 00 00 00 00 00 00 00 00 00 00 00 00 00 00 00 00 00 00 00 00 00 00 00 00 00 00 00 00 00 00 00 00 00 00 00 00 00 00 00 00000000000003ff 1  <- last
[cyc 6328] [STRIP MRC headers OUT 0] 00 00 00 00 00 02 18 00 00 00 12 34 00 00 08 32 b3 b4 b5 b6 b7 b8 b9 ba bb bc bd be bf c0 c1 c2 c3 c4 c5 c6 c7 c8 c9 ca cb cc cd ce cf d0 d1 d2 d3 d4 d5 d6 d7 d8 d9 da db dc dd de df e0 e1 e2 ffffffffffffffff 0
[cyc 6329] [STRIP MRC headers OUT 0] e3 e4 00 00 00 00 00 00 00 00 00 00 00 00 00 00 00 00 00 00 00 00 00 00 00 00 00 00 00 00 00 00 00 00 00 00 00 00 00 00 00 00 00 00 00 00 00 00 00 00 00 00 00 00 00 00 00 00 00 00 00 00 00 00 0000000000000003 1  <- last
[cyc 6329] [RX IBH FSM 0]: epsn: 0x0a0b1b, 658203, packet psn: 0x0a0b1b, 658203, oldest outstanding psn: 0x8a0b1b, 9046811
[cyc 6331] [META MERGER 0]: reading from ack event with qpn 5, psn 658203
[cyc 6332] [R SHIFT BY OCTET IN] 00 00 00 00 00 02 18 00 00 00 12 34 00 00 08 32 b3 b4 b5 b6 b7 b8 b9 ba bb bc bd be bf c0 c1 c2 c3 c4 c5 c6 c7 c8 c9 ca cb cc cd ce cf d0 d1 d2 d3 d4 d5 d6 d7 d8 d9 da db dc dd de df e0 e1 e2 ffffffffffffffff 0
[cyc 6333] [R SHIFT BY OCTET IN] e3 e4 00 00 00 00 00 00 00 00 00 00 00 00 00 00 00 00 00 00 00 00 00 00 00 00 00 00 00 00 00 00 00 00 00 00 00 00 00 00 00 00 00 00 00 00 00 00 00 00 00 00 00 00 00 00 00 00 00 00 00 00 00 00 0000000000000003 1  <- last
[cyc 6333] [R SHIFT BY OCTET OUT] b3 b4 b5 b6 b7 b8 b9 ba bb bc bd be bf c0 c1 c2 c3 c4 c5 c6 c7 c8 c9 ca cb cc cd ce cf d0 d1 d2 d3 d4 d5 d6 d7 d8 d9 da db dc dd de df e0 e1 e2 e3 e4 00 00 00 00 00 00 00 00 00 00 00 00 00 00 0003ffffffffffff 1  <- last
[cyc 6334] [GENERATE EXH 0]: MRC_ACK with qpn 5, psn 658203
[cyc 6334] [GENERATE EXH 0]: MRC_ACK 1f 00 00 0c 40 5f 00 00 00 71 f4 d0 83 e8 5f f6 60 fa 8b 9e 40 5f 00 00 40 be 46 89 fe 7f 00 00 d0 fa 8b 9e 40 5f 00 00 44 5b 81 9e 40 5f 00 00 44 c0 46 89 fe 7f 00 00 87 16 85 9e 40 5f 00 00 000000000000000f 1
[cyc 6334] [APPEND PAYLOAD 0]: moving to state HEADER
[cyc 6334] [TX IP UDP META MERGER 0]: port 0xc000
[cyc 6335] [APPEND PAYLOAD 0]: moving to state INFO
[cyc 6335] [GENERATE IBH 0]: input meta, opcode 0x209 valid psn 0x0a0b1b
[cyc 6335] [PREPEND IBH HEADER 0]: going to state PARTIAL_HEADER
[cyc 6336] [PREPEND IBH HEADER 0]: IBH PARTIAL PAYLOAD
[cyc 6336] 00 00 00 00 00 00 00 00 00 00 00 00 1f 00 00 0c 40 5f 00 00 00 71 f4 d0 83 e8 5f f6 60 fa 8b 9e 40 5f 00 00 40 be 46 89 fe 7f 00 00 d0 fa 8b 9e 40 5f 00 00 44 5b 81 9e 40 5f 00 00 44 c0 46 89 000000000000ffff 1
[cyc 6336] [PREPEND IBH HEADER 0]: IBH PARTIAL HEADER
[cyc 6336] d1 00 ff ff 00 00 00 42 00 0a 0b 1b 1f 00 00 0c 40 5f 00 00 00 71 f4 d0 83 e8 5f f6 60 fa 8b 9e 40 5f 00 00 40 be 46 89 fe 7f 00 00 d0 fa 8b 9e 40 5f 00 00 44 5b 81 9e 40 5f 00 00 44 c0 46 89 000000000000ffff 1

[TB] ---- Outputs (cycle they left the module) ----
[TB] cyc 6332 m_axis_mem_write_cmd: op=RC_RDMA_WRITE_LAST qpn=0x5 addr=0x21800 len=50 lst=1 host=1
[TB] cyc 6334 m_axis_mem_write_data: 50 B
      0000: b3 b4 b5 b6 b7 b8 b9 ba bb bc bd be bf c0 c1 c2 
      0010: c3 c4 c5 c6 c7 c8 c9 ca cb cc cd ce cf d0 d1 d2 
      0020: d3 d4 d5 d6 d7 d8 d9 da db dc dd de df e0 e1 e2 
      0030: e3 e4 
[TB] cyc 6337 m_axis_tx_data packet (16 B), meta: dst ip=0xa000002 length=20
      0000: d1 00 ff ff 00 00 00 42 00 0a 0b 1b 1f 00 00 0c 

[TB] ---- Checks ----
[TB] Packet 0: TEST 06d: LAST with TSETH
  [PASS] a memory write command was issued for it
[TB]   memory command at cycle 6332
  [PASS] memCmd.op_code = 0xc8
  [PASS] memCmd.qpn     = 0x5
  [PASS] memCmd.addr    = 0x21800
  [PASS] memCmd.len     = 50
  [PASS] memCmd.lst     = 0x1
  [PASS] payload data reached memory
[TB]   payload in memory by cycle 6334
  [PASS] bytes written to memory = 50
  [PASS] memory data is identical to the payload that was sent
  [PASS] a reply (ACK/NAK) was sent for it
[TB]   reply at cycle 6337
  [PASS] tx meta: destination IP = 0xa000002
  [PASS] tx meta: UDP length (BTH+AETH+ICRC) = 20
[TB]   parsed reply: MRC_ACK  DestQP=0x42  PSN=0xa0b1b  AETH.syndrome=0x1f (ACK)  AETH.MSN=0xc
  [PASS] reply length in bytes = 16
  [PASS] reply BTH.opcode (MRC_ACK) = 0xd1
  [PASS] reply BTH.DestQP (remote QPN) = 0x42
  [PASS] reply BTH.PSN = 0xa0b1b
  [PASS] reply AETH.syndrome (ACK) = 0x1f
  [PASS] reply AETH.MSN = 0xc
[TB] Whole group
  [PASS] unexpected memory write commands = 0
  [PASS] unexpected memory payloads = 0
  [PASS] no memory data beat left without TLAST
  [PASS] unexpected packets sent back = 0
  [PASS] tx meta entries = tx packets = 1
  [PASS] invalid-PSN drop counter increase over the group = 0
  [PASS] ackMeta to the host (only used for our own requests) = 0
  [PASS] module consumed the whole input
  [PASS] no memory READ command issued

=====================================================================
  GROUP: TEST 06e: FIRST without TSETH
=====================================================================
[TB] Packet 0: TEST 06e: FIRST without TSETH
[TB]   state before: epsn=0xa0b1c last_psn=0xa0b1b
[TB]   RC_RDMA_WRITE_FIRST  DestQP=0x5  PSN=0xa0b1c, 658204  RETH.vaddr=0x24000  RETH.len=2098  payload=1024 B  UDP length=1068  (then drain and check)
      0000: c6 00 ff ff 00 00 00 05 80 0a 0b 1c 00 00 00 0c 
      0010: 00 00 00 00 00 02 40 00 00 00 12 34 00 00 08 32 
      0020: c1 c2 c3 c4 c5 c6 c7 c8 c9 ca cb cc cd ce cf d0 
      0030: d1 d2 d3 d4 d5 d6 d7 d8 d9 da db dc dd de df e0 
      ... (992 more bytes)

[TB] Feeding 1 packet(s)... (module prints follow)
[cyc 6628] [TB] first beat of packet 0 (TEST 06e: FIRST without TSETH)
[cyc 6628] [RX PROCESS IBH 0]: input psn 0x0a0b1c
[cyc 6628] [RX PROCESS IBH 0]: process IBH opcode: c6
[cyc 6628] [R SHIFT BY OCTET IN] c6 00 ff ff 00 00 00 05 80 0a 0b 1c 00 00 00 0c 00 00 00 00 00 02 40 00 00 00 12 34 00 00 08 32 c1 c2 c3 c4 c5 c6 c7 c8 c9 ca cb cc cd ce cf d0 d1 d2 d3 d4 d5 d6 d7 d8 d9 da db dc dd de df e0 ffffffffffffffff 0
[cyc 6629] [R SHIFT BY OCTET IN] e1 e2 e3 e4 e5 e6 e7 e8 e9 ea eb ec ed ee ef f0 f1 f2 f3 f4 f5 f6 f7 f8 f9 fa fb fc fd fe ff 00 01 02 03 04 05 06 07 08 09 0a 0b 0c 0d 0e 0f 10 11 12 13 14 15 16 17 18 19 1a 1b 1c 1d 1e 1f 20 ffffffffffffffff 0
[cyc 6629] [R SHIFT BY OCTET OUT] 00 00 00 0c 00 00 00 00 00 02 40 00 00 00 12 34 00 00 08 32 c1 c2 c3 c4 c5 c6 c7 c8 c9 ca cb cc cd ce cf d0 d1 d2 d3 d4 d5 d6 d7 d8 d9 da db dc dd de df e0 e1 e2 e3 e4 e5 e6 e7 e8 e9 ea eb ec ffffffffffffffff 0
[cyc 6629] [STRIP MRC headers IN 0] 00 00 00 0c 00 00 00 00 00 02 40 00 00 00 12 34 00 00 08 32 c1 c2 c3 c4 c5 c6 c7 c8 c9 ca cb cc cd ce cf d0 d1 d2 d3 d4 d5 d6 d7 d8 d9 da db dc dd de df e0 e1 e2 e3 e4 e5 e6 e7 e8 e9 ea eb ec ffffffffffffffff 0
[cyc 6630] [R SHIFT BY OCTET IN] 21 22 23 24 25 26 27 28 29 2a 2b 2c 2d 2e 2f 30 31 32 33 34 35 36 37 38 39 3a 3b 3c 3d 3e 3f 40 41 42 43 44 45 46 47 48 49 4a 4b 4c 4d 4e 4f 50 51 52 53 54 55 56 57 58 59 5a 5b 5c 5d 5e 5f 60 ffffffffffffffff 0
[cyc 6630] [R SHIFT BY OCTET OUT] ed ee ef f0 f1 f2 f3 f4 f5 f6 f7 f8 f9 fa fb fc fd fe ff 00 01 02 03 04 05 06 07 08 09 0a 0b 0c 0d 0e 0f 10 11 12 13 14 15 16 17 18 19 1a 1b 1c 1d 1e 1f 20 21 22 23 24 25 26 27 28 29 2a 2b 2c ffffffffffffffff 0
[cyc 6630] [STRIP MRC headers IN 0] ed ee ef f0 f1 f2 f3 f4 f5 f6 f7 f8 f9 fa fb fc fd fe ff 00 01 02 03 04 05 06 07 08 09 0a 0b 0c 0d 0e 0f 10 11 12 13 14 15 16 17 18 19 1a 1b 1c 1d 1e 1f 20 21 22 23 24 25 26 27 28 29 2a 2b 2c ffffffffffffffff 0
[cyc 6630] [STRIP MRC headers OUT 0] 00 00 00 00 00 02 40 00 00 00 12 34 00 00 08 32 c1 c2 c3 c4 c5 c6 c7 c8 c9 ca cb cc cd ce cf d0 d1 d2 d3 d4 d5 d6 d7 d8 d9 da db dc dd de df e0 e1 e2 e3 e4 e5 e6 e7 e8 e9 ea eb ec ed ee ef f0 ffffffffffffffff 0
[cyc 6631] [R SHIFT BY OCTET IN] 61 62 63 64 65 66 67 68 69 6a 6b 6c 6d 6e 6f 70 71 72 73 74 75 76 77 78 79 7a 7b 7c 7d 7e 7f 80 81 82 83 84 85 86 87 88 89 8a 8b 8c 8d 8e 8f 90 91 92 93 94 95 96 97 98 99 9a 9b 9c 9d 9e 9f a0 ffffffffffffffff 0
[cyc 6631] [R SHIFT BY OCTET OUT] 2d 2e 2f 30 31 32 33 34 35 36 37 38 39 3a 3b 3c 3d 3e 3f 40 41 42 43 44 45 46 47 48 49 4a 4b 4c 4d 4e 4f 50 51 52 53 54 55 56 57 58 59 5a 5b 5c 5d 5e 5f 60 61 62 63 64 65 66 67 68 69 6a 6b 6c ffffffffffffffff 0
[cyc 6631] [STRIP MRC headers IN 0] 2d 2e 2f 30 31 32 33 34 35 36 37 38 39 3a 3b 3c 3d 3e 3f 40 41 42 43 44 45 46 47 48 49 4a 4b 4c 4d 4e 4f 50 51 52 53 54 55 56 57 58 59 5a 5b 5c 5d 5e 5f 60 61 62 63 64 65 66 67 68 69 6a 6b 6c ffffffffffffffff 0
[cyc 6631] [STRIP MRC headers OUT 0] f1 f2 f3 f4 f5 f6 f7 f8 f9 fa fb fc fd fe ff 00 01 02 03 04 05 06 07 08 09 0a 0b 0c 0d 0e 0f 10 11 12 13 14 15 16 17 18 19 1a 1b 1c 1d 1e 1f 20 21 22 23 24 25 26 27 28 29 2a 2b 2c 2d 2e 2f 30 ffffffffffffffff 0
[cyc 6631] [RX IBH FSM 0]: epsn: 0x0a0b1c, 658204, packet psn: 0x0a0b1c, 658204, oldest outstanding psn: 0x8a0b1c, 9046812
[cyc 6632] [R SHIFT BY OCTET IN] a1 a2 a3 a4 a5 a6 a7 a8 a9 aa ab ac ad ae af b0 b1 b2 b3 b4 b5 b6 b7 b8 b9 ba bb bc bd be bf c0 c1 c2 c3 c4 c5 c6 c7 c8 c9 ca cb cc cd ce cf d0 d1 d2 d3 d4 d5 d6 d7 d8 d9 da db dc dd de df e0 ffffffffffffffff 0
[cyc 6632] [R SHIFT BY OCTET OUT] 6d 6e 6f 70 71 72 73 74 75 76 77 78 79 7a 7b 7c 7d 7e 7f 80 81 82 83 84 85 86 87 88 89 8a 8b 8c 8d 8e 8f 90 91 92 93 94 95 96 97 98 99 9a 9b 9c 9d 9e 9f a0 a1 a2 a3 a4 a5 a6 a7 a8 a9 aa ab ac ffffffffffffffff 0
[cyc 6632] [STRIP MRC headers IN 0] 6d 6e 6f 70 71 72 73 74 75 76 77 78 79 7a 7b 7c 7d 7e 7f 80 81 82 83 84 85 86 87 88 89 8a 8b 8c 8d 8e 8f 90 91 92 93 94 95 96 97 98 99 9a 9b 9c 9d 9e 9f a0 a1 a2 a3 a4 a5 a6 a7 a8 a9 aa ab ac ffffffffffffffff 0
[cyc 6632] [STRIP MRC headers OUT 0] 31 32 33 34 35 36 37 38 39 3a 3b 3c 3d 3e 3f 40 41 42 43 44 45 46 47 48 49 4a 4b 4c 4d 4e 4f 50 51 52 53 54 55 56 57 58 59 5a 5b 5c 5d 5e 5f 60 61 62 63 64 65 66 67 68 69 6a 6b 6c 6d 6e 6f 70 ffffffffffffffff 0
[cyc 6633] [R SHIFT BY OCTET IN] e1 e2 e3 e4 e5 e6 e7 e8 e9 ea eb ec ed ee ef f0 f1 f2 f3 f4 f5 f6 f7 f8 f9 fa fb fc fd fe ff 00 01 02 03 04 05 06 07 08 09 0a 0b 0c 0d 0e 0f 10 11 12 13 14 15 16 17 18 19 1a 1b 1c 1d 1e 1f 20 ffffffffffffffff 0
[cyc 6633] [R SHIFT BY OCTET OUT] ad ae af b0 b1 b2 b3 b4 b5 b6 b7 b8 b9 ba bb bc bd be bf c0 c1 c2 c3 c4 c5 c6 c7 c8 c9 ca cb cc cd ce cf d0 d1 d2 d3 d4 d5 d6 d7 d8 d9 da db dc dd de df e0 e1 e2 e3 e4 e5 e6 e7 e8 e9 ea eb ec ffffffffffffffff 0
[cyc 6633] [STRIP MRC headers IN 0] ad ae af b0 b1 b2 b3 b4 b5 b6 b7 b8 b9 ba bb bc bd be bf c0 c1 c2 c3 c4 c5 c6 c7 c8 c9 ca cb cc cd ce cf d0 d1 d2 d3 d4 d5 d6 d7 d8 d9 da db dc dd de df e0 e1 e2 e3 e4 e5 e6 e7 e8 e9 ea eb ec ffffffffffffffff 0
[cyc 6633] [STRIP MRC headers OUT 0] 71 72 73 74 75 76 77 78 79 7a 7b 7c 7d 7e 7f 80 81 82 83 84 85 86 87 88 89 8a 8b 8c 8d 8e 8f 90 91 92 93 94 95 96 97 98 99 9a 9b 9c 9d 9e 9f a0 a1 a2 a3 a4 a5 a6 a7 a8 a9 aa ab ac ad ae af b0 ffffffffffffffff 0
[cyc 6633] [META MERGER 0]: reading from ack event with qpn 0x5, psn 0x0a0b1c
[cyc 6634] [R SHIFT BY OCTET IN] 21 22 23 24 25 26 27 28 29 2a 2b 2c 2d 2e 2f 30 31 32 33 34 35 36 37 38 39 3a 3b 3c 3d 3e 3f 40 41 42 43 44 45 46 47 48 49 4a 4b 4c 4d 4e 4f 50 51 52 53 54 55 56 57 58 59 5a 5b 5c 5d 5e 5f 60 ffffffffffffffff 0
[cyc 6634] [R SHIFT BY OCTET OUT] ed ee ef f0 f1 f2 f3 f4 f5 f6 f7 f8 f9 fa fb fc fd fe ff 00 01 02 03 04 05 06 07 08 09 0a 0b 0c 0d 0e 0f 10 11 12 13 14 15 16 17 18 19 1a 1b 1c 1d 1e 1f 20 21 22 23 24 25 26 27 28 29 2a 2b 2c ffffffffffffffff 0
[cyc 6634] [STRIP MRC headers IN 0] ed ee ef f0 f1 f2 f3 f4 f5 f6 f7 f8 f9 fa fb fc fd fe ff 00 01 02 03 04 05 06 07 08 09 0a 0b 0c 0d 0e 0f 10 11 12 13 14 15 16 17 18 19 1a 1b 1c 1d 1e 1f 20 21 22 23 24 25 26 27 28 29 2a 2b 2c ffffffffffffffff 0
[cyc 6634] [STRIP MRC headers OUT 0] b1 b2 b3 b4 b5 b6 b7 b8 b9 ba bb bc bd be bf c0 c1 c2 c3 c4 c5 c6 c7 c8 c9 ca cb cc cd ce cf d0 d1 d2 d3 d4 d5 d6 d7 d8 d9 da db dc dd de df e0 e1 e2 e3 e4 e5 e6 e7 e8 e9 ea eb ec ed ee ef f0 ffffffffffffffff 0
[cyc 6634] [R SHIFT BY OCTET IN] 00 00 00 00 00 02 40 00 00 00 12 34 00 00 08 32 c1 c2 c3 c4 c5 c6 c7 c8 c9 ca cb cc cd ce cf d0 d1 d2 d3 d4 d5 d6 d7 d8 d9 da db dc dd de df e0 e1 e2 e3 e4 e5 e6 e7 e8 e9 ea eb ec ed ee ef f0 ffffffffffffffff 0
[cyc 6635] [R SHIFT BY OCTET IN] 61 62 63 64 65 66 67 68 69 6a 6b 6c 6d 6e 6f 70 71 72 73 74 75 76 77 78 79 7a 7b 7c 7d 7e 7f 80 81 82 83 84 85 86 87 88 89 8a 8b 8c 8d 8e 8f 90 91 92 93 94 95 96 97 98 99 9a 9b 9c 9d 9e 9f a0 ffffffffffffffff 0
[cyc 6635] [R SHIFT BY OCTET OUT] 2d 2e 2f 30 31 32 33 34 35 36 37 38 39 3a 3b 3c 3d 3e 3f 40 41 42 43 44 45 46 47 48 49 4a 4b 4c 4d 4e 4f 50 51 52 53 54 55 56 57 58 59 5a 5b 5c 5d 5e 5f 60 61 62 63 64 65 66 67 68 69 6a 6b 6c ffffffffffffffff 0
[cyc 6635] [STRIP MRC headers IN 0] 2d 2e 2f 30 31 32 33 34 35 36 37 38 39 3a 3b 3c 3d 3e 3f 40 41 42 43 44 45 46 47 48 49 4a 4b 4c 4d 4e 4f 50 51 52 53 54 55 56 57 58 59 5a 5b 5c 5d 5e 5f 60 61 62 63 64 65 66 67 68 69 6a 6b 6c ffffffffffffffff 0
[cyc 6635] [STRIP MRC headers OUT 0] f1 f2 f3 f4 f5 f6 f7 f8 f9 fa fb fc fd fe ff 00 01 02 03 04 05 06 07 08 09 0a 0b 0c 0d 0e 0f 10 11 12 13 14 15 16 17 18 19 1a 1b 1c 1d 1e 1f 20 21 22 23 24 25 26 27 28 29 2a 2b 2c 2d 2e 2f 30 ffffffffffffffff 0
[cyc 6635] [R SHIFT BY OCTET IN] f1 f2 f3 f4 f5 f6 f7 f8 f9 fa fb fc fd fe ff 00 01 02 03 04 05 06 07 08 09 0a 0b 0c 0d 0e 0f 10 11 12 13 14 15 16 17 18 19 1a 1b 1c 1d 1e 1f 20 21 22 23 24 25 26 27 28 29 2a 2b 2c 2d 2e 2f 30 ffffffffffffffff 0
[cyc 6635] [R SHIFT BY OCTET OUT] c1 c2 c3 c4 c5 c6 c7 c8 c9 ca cb cc cd ce cf d0 d1 d2 d3 d4 d5 d6 d7 d8 d9 da db dc dd de df e0 e1 e2 e3 e4 e5 e6 e7 e8 e9 ea eb ec ed ee ef f0 f1 f2 f3 f4 f5 f6 f7 f8 f9 fa fb fc fd fe ff 00 ffffffffffffffff 0
[cyc 6635] [GENERATE EXH 0]: MRC_ACK with qpn 0x5, psn 0x0a0b1c
[cyc 6635] [GENERATE EXH 0]: MRC_ACK 1f 00 00 0c c5 c6 c7 c8 00 71 f4 d0 83 e8 5f f6 60 fa 8b 9e 40 5f 00 00 40 be 46 89 fe 7f 00 00 d0 fa 8b 9e 40 5f 00 00 44 5b 81 9e 40 5f 00 00 44 c0 46 89 fe 7f 00 00 87 16 85 9e 40 5f 00 00 000000000000000f 1
[cyc 6635] [APPEND PAYLOAD 0]: moving to state HEADER
[cyc 6635] [TX IP UDP META MERGER 0]: port 0xc000
[cyc 6636] [R SHIFT BY OCTET IN] a1 a2 a3 a4 a5 a6 a7 a8 a9 aa ab ac ad ae af b0 b1 b2 b3 b4 b5 b6 b7 b8 b9 ba bb bc bd be bf c0 c1 c2 c3 c4 c5 c6 c7 c8 c9 ca cb cc cd ce cf d0 d1 d2 d3 d4 d5 d6 d7 d8 d9 da db dc dd de df e0 ffffffffffffffff 0
[cyc 6636] [R SHIFT BY OCTET OUT] 6d 6e 6f 70 71 72 73 74 75 76 77 78 79 7a 7b 7c 7d 7e 7f 80 81 82 83 84 85 86 87 88 89 8a 8b 8c 8d 8e 8f 90 91 92 93 94 95 96 97 98 99 9a 9b 9c 9d 9e 9f a0 a1 a2 a3 a4 a5 a6 a7 a8 a9 aa ab ac ffffffffffffffff 0
[cyc 6636] [STRIP MRC headers IN 0] 6d 6e 6f 70 71 72 73 74 75 76 77 78 79 7a 7b 7c 7d 7e 7f 80 81 82 83 84 85 86 87 88 89 8a 8b 8c 8d 8e 8f 90 91 92 93 94 95 96 97 98 99 9a 9b 9c 9d 9e 9f a0 a1 a2 a3 a4 a5 a6 a7 a8 a9 aa ab ac ffffffffffffffff 0
[cyc 6636] [STRIP MRC headers OUT 0] 31 32 33 34 35 36 37 38 39 3a 3b 3c 3d 3e 3f 40 41 42 43 44 45 46 47 48 49 4a 4b 4c 4d 4e 4f 50 51 52 53 54 55 56 57 58 59 5a 5b 5c 5d 5e 5f 60 61 62 63 64 65 66 67 68 69 6a 6b 6c 6d 6e 6f 70 ffffffffffffffff 0
[cyc 6636] [R SHIFT BY OCTET IN] 31 32 33 34 35 36 37 38 39 3a 3b 3c 3d 3e 3f 40 41 42 43 44 45 46 47 48 49 4a 4b 4c 4d 4e 4f 50 51 52 53 54 55 56 57 58 59 5a 5b 5c 5d 5e 5f 60 61 62 63 64 65 66 67 68 69 6a 6b 6c 6d 6e 6f 70 ffffffffffffffff 0
[cyc 6636] [R SHIFT BY OCTET OUT] 01 02 03 04 05 06 07 08 09 0a 0b 0c 0d 0e 0f 10 11 12 13 14 15 16 17 18 19 1a 1b 1c 1d 1e 1f 20 21 22 23 24 25 26 27 28 29 2a 2b 2c 2d 2e 2f 30 31 32 33 34 35 36 37 38 39 3a 3b 3c 3d 3e 3f 40 ffffffffffffffff 0
[cyc 6636] [APPEND PAYLOAD 0]: moving to state INFO
[cyc 6636] [GENERATE IBH 0]: input meta, opcode 0xd1 valid psn 0x0a0b1c
[cyc 6636] [PREPEND IBH HEADER 0]: going to state PARTIAL_HEADER
[cyc 6637] [R SHIFT BY OCTET IN] e1 e2 e3 e4 e5 e6 e7 e8 e9 ea eb ec ed ee ef f0 f1 f2 f3 f4 f5 f6 f7 f8 f9 fa fb fc fd fe ff 00 01 02 03 04 05 06 07 08 09 0a 0b 0c 0d 0e 0f 10 11 12 13 14 15 16 17 18 19 1a 1b 1c 1d 1e 1f 20 ffffffffffffffff 0
[cyc 6637] [R SHIFT BY OCTET OUT] ad ae af b0 b1 b2 b3 b4 b5 b6 b7 b8 b9 ba bb bc bd be bf c0 c1 c2 c3 c4 c5 c6 c7 c8 c9 ca cb cc cd ce cf d0 d1 d2 d3 d4 d5 d6 d7 d8 d9 da db dc dd de df e0 e1 e2 e3 e4 e5 e6 e7 e8 e9 ea eb ec ffffffffffffffff 0
[cyc 6637] [STRIP MRC headers IN 0] ad ae af b0 b1 b2 b3 b4 b5 b6 b7 b8 b9 ba bb bc bd be bf c0 c1 c2 c3 c4 c5 c6 c7 c8 c9 ca cb cc cd ce cf d0 d1 d2 d3 d4 d5 d6 d7 d8 d9 da db dc dd de df e0 e1 e2 e3 e4 e5 e6 e7 e8 e9 ea eb ec ffffffffffffffff 0
[cyc 6637] [STRIP MRC headers OUT 0] 71 72 73 74 75 76 77 78 79 7a 7b 7c 7d 7e 7f 80 81 82 83 84 85 86 87 88 89 8a 8b 8c 8d 8e 8f 90 91 92 93 94 95 96 97 98 99 9a 9b 9c 9d 9e 9f a0 a1 a2 a3 a4 a5 a6 a7 a8 a9 aa ab ac ad ae af b0 ffffffffffffffff 0
[cyc 6637] [R SHIFT BY OCTET IN] 71 72 73 74 75 76 77 78 79 7a 7b 7c 7d 7e 7f 80 81 82 83 84 85 86 87 88 89 8a 8b 8c 8d 8e 8f 90 91 92 93 94 95 96 97 98 99 9a 9b 9c 9d 9e 9f a0 a1 a2 a3 a4 a5 a6 a7 a8 a9 aa ab ac ad ae af b0 ffffffffffffffff 0
[cyc 6637] [R SHIFT BY OCTET OUT] 41 42 43 44 45 46 47 48 49 4a 4b 4c 4d 4e 4f 50 51 52 53 54 55 56 57 58 59 5a 5b 5c 5d 5e 5f 60 61 62 63 64 65 66 67 68 69 6a 6b 6c 6d 6e 6f 70 71 72 73 74 75 76 77 78 79 7a 7b 7c 7d 7e 7f 80 ffffffffffffffff 0
[cyc 6637] [PREPEND IBH HEADER 0]: IBH PARTIAL PAYLOAD
[cyc 6637] 00 00 00 00 00 00 00 00 00 00 00 00 1f 00 00 0c c5 c6 c7 c8 00 71 f4 d0 83 e8 5f f6 60 fa 8b 9e 40 5f 00 00 40 be 46 89 fe 7f 00 00 d0 fa 8b 9e 40 5f 00 00 44 5b 81 9e 40 5f 00 00 44 c0 46 89 000000000000ffff 1
[cyc 6637] [PREPEND IBH HEADER 0]: IBH PARTIAL HEADER
[cyc 6637] d1 00 ff ff 00 00 00 42 00 0a 0b 1c 1f 00 00 0c c5 c6 c7 c8 00 71 f4 d0 83 e8 5f f6 60 fa 8b 9e 40 5f 00 00 40 be 46 89 fe 7f 00 00 d0 fa 8b 9e 40 5f 00 00 44 5b 81 9e 40 5f 00 00 44 c0 46 89 000000000000ffff 1
[cyc 6638] [R SHIFT BY OCTET IN] 21 22 23 24 25 26 27 28 29 2a 2b 2c 2d 2e 2f 30 31 32 33 34 35 36 37 38 39 3a 3b 3c 3d 3e 3f 40 41 42 43 44 45 46 47 48 49 4a 4b 4c 4d 4e 4f 50 51 52 53 54 55 56 57 58 59 5a 5b 5c 5d 5e 5f 60 ffffffffffffffff 0
[cyc 6638] [R SHIFT BY OCTET OUT] ed ee ef f0 f1 f2 f3 f4 f5 f6 f7 f8 f9 fa fb fc fd fe ff 00 01 02 03 04 05 06 07 08 09 0a 0b 0c 0d 0e 0f 10 11 12 13 14 15 16 17 18 19 1a 1b 1c 1d 1e 1f 20 21 22 23 24 25 26 27 28 29 2a 2b 2c ffffffffffffffff 0
[cyc 6638] [STRIP MRC headers IN 0] ed ee ef f0 f1 f2 f3 f4 f5 f6 f7 f8 f9 fa fb fc fd fe ff 00 01 02 03 04 05 06 07 08 09 0a 0b 0c 0d 0e 0f 10 11 12 13 14 15 16 17 18 19 1a 1b 1c 1d 1e 1f 20 21 22 23 24 25 26 27 28 29 2a 2b 2c ffffffffffffffff 0
[cyc 6638] [STRIP MRC headers OUT 0] b1 b2 b3 b4 b5 b6 b7 b8 b9 ba bb bc bd be bf c0 c1 c2 c3 c4 c5 c6 c7 c8 c9 ca cb cc cd ce cf d0 d1 d2 d3 d4 d5 d6 d7 d8 d9 da db dc dd de df e0 e1 e2 e3 e4 e5 e6 e7 e8 e9 ea eb ec ed ee ef f0 ffffffffffffffff 0
[cyc 6638] [R SHIFT BY OCTET IN] b1 b2 b3 b4 b5 b6 b7 b8 b9 ba bb bc bd be bf c0 c1 c2 c3 c4 c5 c6 c7 c8 c9 ca cb cc cd ce cf d0 d1 d2 d3 d4 d5 d6 d7 d8 d9 da db dc dd de df e0 e1 e2 e3 e4 e5 e6 e7 e8 e9 ea eb ec ed ee ef f0 ffffffffffffffff 0
[cyc 6638] [R SHIFT BY OCTET OUT] 81 82 83 84 85 86 87 88 89 8a 8b 8c 8d 8e 8f 90 91 92 93 94 95 96 97 98 99 9a 9b 9c 9d 9e 9f a0 a1 a2 a3 a4 a5 a6 a7 a8 a9 aa ab ac ad ae af b0 b1 b2 b3 b4 b5 b6 b7 b8 b9 ba bb bc bd be bf c0 ffffffffffffffff 0
[cyc 6639] [R SHIFT BY OCTET IN] 61 62 63 64 65 66 67 68 69 6a 6b 6c 6d 6e 6f 70 71 72 73 74 75 76 77 78 79 7a 7b 7c 7d 7e 7f 80 81 82 83 84 85 86 87 88 89 8a 8b 8c 8d 8e 8f 90 91 92 93 94 95 96 97 98 99 9a 9b 9c 9d 9e 9f a0 ffffffffffffffff 0
[cyc 6639] [R SHIFT BY OCTET OUT] 2d 2e 2f 30 31 32 33 34 35 36 37 38 39 3a 3b 3c 3d 3e 3f 40 41 42 43 44 45 46 47 48 49 4a 4b 4c 4d 4e 4f 50 51 52 53 54 55 56 57 58 59 5a 5b 5c 5d 5e 5f 60 61 62 63 64 65 66 67 68 69 6a 6b 6c ffffffffffffffff 0
[cyc 6639] [STRIP MRC headers IN 0] 2d 2e 2f 30 31 32 33 34 35 36 37 38 39 3a 3b 3c 3d 3e 3f 40 41 42 43 44 45 46 47 48 49 4a 4b 4c 4d 4e 4f 50 51 52 53 54 55 56 57 58 59 5a 5b 5c 5d 5e 5f 60 61 62 63 64 65 66 67 68 69 6a 6b 6c ffffffffffffffff 0
[cyc 6639] [STRIP MRC headers OUT 0] f1 f2 f3 f4 f5 f6 f7 f8 f9 fa fb fc fd fe ff 00 01 02 03 04 05 06 07 08 09 0a 0b 0c 0d 0e 0f 10 11 12 13 14 15 16 17 18 19 1a 1b 1c 1d 1e 1f 20 21 22 23 24 25 26 27 28 29 2a 2b 2c 2d 2e 2f 30 ffffffffffffffff 0
[cyc 6639] [R SHIFT BY OCTET IN] f1 f2 f3 f4 f5 f6 f7 f8 f9 fa fb fc fd fe ff 00 01 02 03 04 05 06 07 08 09 0a 0b 0c 0d 0e 0f 10 11 12 13 14 15 16 17 18 19 1a 1b 1c 1d 1e 1f 20 21 22 23 24 25 26 27 28 29 2a 2b 2c 2d 2e 2f 30 ffffffffffffffff 0
[cyc 6639] [R SHIFT BY OCTET OUT] c1 c2 c3 c4 c5 c6 c7 c8 c9 ca cb cc cd ce cf d0 d1 d2 d3 d4 d5 d6 d7 d8 d9 da db dc dd de df e0 e1 e2 e3 e4 e5 e6 e7 e8 e9 ea eb ec ed ee ef f0 f1 f2 f3 f4 f5 f6 f7 f8 f9 fa fb fc fd fe ff 00 ffffffffffffffff 0
[cyc 6640] [R SHIFT BY OCTET IN] a1 a2 a3 a4 a5 a6 a7 a8 a9 aa ab ac ad ae af b0 b1 b2 b3 b4 b5 b6 b7 b8 b9 ba bb bc bd be bf c0 c1 c2 c3 c4 c5 c6 c7 c8 c9 ca cb cc cd ce cf d0 d1 d2 d3 d4 d5 d6 d7 d8 d9 da db dc dd de df e0 ffffffffffffffff 0
[cyc 6640] [R SHIFT BY OCTET OUT] 6d 6e 6f 70 71 72 73 74 75 76 77 78 79 7a 7b 7c 7d 7e 7f 80 81 82 83 84 85 86 87 88 89 8a 8b 8c 8d 8e 8f 90 91 92 93 94 95 96 97 98 99 9a 9b 9c 9d 9e 9f a0 a1 a2 a3 a4 a5 a6 a7 a8 a9 aa ab ac ffffffffffffffff 0
[cyc 6640] [STRIP MRC headers IN 0] 6d 6e 6f 70 71 72 73 74 75 76 77 78 79 7a 7b 7c 7d 7e 7f 80 81 82 83 84 85 86 87 88 89 8a 8b 8c 8d 8e 8f 90 91 92 93 94 95 96 97 98 99 9a 9b 9c 9d 9e 9f a0 a1 a2 a3 a4 a5 a6 a7 a8 a9 aa ab ac ffffffffffffffff 0
[cyc 6640] [STRIP MRC headers OUT 0] 31 32 33 34 35 36 37 38 39 3a 3b 3c 3d 3e 3f 40 41 42 43 44 45 46 47 48 49 4a 4b 4c 4d 4e 4f 50 51 52 53 54 55 56 57 58 59 5a 5b 5c 5d 5e 5f 60 61 62 63 64 65 66 67 68 69 6a 6b 6c 6d 6e 6f 70 ffffffffffffffff 0
[cyc 6640] [R SHIFT BY OCTET IN] 31 32 33 34 35 36 37 38 39 3a 3b 3c 3d 3e 3f 40 41 42 43 44 45 46 47 48 49 4a 4b 4c 4d 4e 4f 50 51 52 53 54 55 56 57 58 59 5a 5b 5c 5d 5e 5f 60 61 62 63 64 65 66 67 68 69 6a 6b 6c 6d 6e 6f 70 ffffffffffffffff 0
[cyc 6640] [R SHIFT BY OCTET OUT] 01 02 03 04 05 06 07 08 09 0a 0b 0c 0d 0e 0f 10 11 12 13 14 15 16 17 18 19 1a 1b 1c 1d 1e 1f 20 21 22 23 24 25 26 27 28 29 2a 2b 2c 2d 2e 2f 30 31 32 33 34 35 36 37 38 39 3a 3b 3c 3d 3e 3f 40 ffffffffffffffff 0
[cyc 6641] [R SHIFT BY OCTET IN] e1 e2 e3 e4 e5 e6 e7 e8 e9 ea eb ec ed ee ef f0 f1 f2 f3 f4 f5 f6 f7 f8 f9 fa fb fc fd fe ff 00 01 02 03 04 05 06 07 08 09 0a 0b 0c 0d 0e 0f 10 11 12 13 14 15 16 17 18 19 1a 1b 1c 1d 1e 1f 20 ffffffffffffffff 0
[cyc 6641] [R SHIFT BY OCTET OUT] ad ae af b0 b1 b2 b3 b4 b5 b6 b7 b8 b9 ba bb bc bd be bf c0 c1 c2 c3 c4 c5 c6 c7 c8 c9 ca cb cc cd ce cf d0 d1 d2 d3 d4 d5 d6 d7 d8 d9 da db dc dd de df e0 e1 e2 e3 e4 e5 e6 e7 e8 e9 ea eb ec ffffffffffffffff 0
[cyc 6641] [STRIP MRC headers IN 0] ad ae af b0 b1 b2 b3 b4 b5 b6 b7 b8 b9 ba bb bc bd be bf c0 c1 c2 c3 c4 c5 c6 c7 c8 c9 ca cb cc cd ce cf d0 d1 d2 d3 d4 d5 d6 d7 d8 d9 da db dc dd de df e0 e1 e2 e3 e4 e5 e6 e7 e8 e9 ea eb ec ffffffffffffffff 0
[cyc 6641] [STRIP MRC headers OUT 0] 71 72 73 74 75 76 77 78 79 7a 7b 7c 7d 7e 7f 80 81 82 83 84 85 86 87 88 89 8a 8b 8c 8d 8e 8f 90 91 92 93 94 95 96 97 98 99 9a 9b 9c 9d 9e 9f a0 a1 a2 a3 a4 a5 a6 a7 a8 a9 aa ab ac ad ae af b0 ffffffffffffffff 0
[cyc 6641] [R SHIFT BY OCTET IN] 71 72 73 74 75 76 77 78 79 7a 7b 7c 7d 7e 7f 80 81 82 83 84 85 86 87 88 89 8a 8b 8c 8d 8e 8f 90 91 92 93 94 95 96 97 98 99 9a 9b 9c 9d 9e 9f a0 a1 a2 a3 a4 a5 a6 a7 a8 a9 aa ab ac ad ae af b0 ffffffffffffffff 0
[cyc 6641] [R SHIFT BY OCTET OUT] 41 42 43 44 45 46 47 48 49 4a 4b 4c 4d 4e 4f 50 51 52 53 54 55 56 57 58 59 5a 5b 5c 5d 5e 5f 60 61 62 63 64 65 66 67 68 69 6a 6b 6c 6d 6e 6f 70 71 72 73 74 75 76 77 78 79 7a 7b 7c 7d 7e 7f 80 ffffffffffffffff 0
[cyc 6642] [R SHIFT BY OCTET IN] 21 22 23 24 25 26 27 28 29 2a 2b 2c 2d 2e 2f 30 31 32 33 34 35 36 37 38 39 3a 3b 3c 3d 3e 3f 40 41 42 43 44 45 46 47 48 49 4a 4b 4c 4d 4e 4f 50 51 52 53 54 55 56 57 58 59 5a 5b 5c 5d 5e 5f 60 ffffffffffffffff 0
[cyc 6642] [R SHIFT BY OCTET OUT] ed ee ef f0 f1 f2 f3 f4 f5 f6 f7 f8 f9 fa fb fc fd fe ff 00 01 02 03 04 05 06 07 08 09 0a 0b 0c 0d 0e 0f 10 11 12 13 14 15 16 17 18 19 1a 1b 1c 1d 1e 1f 20 21 22 23 24 25 26 27 28 29 2a 2b 2c ffffffffffffffff 0
[cyc 6642] [STRIP MRC headers IN 0] ed ee ef f0 f1 f2 f3 f4 f5 f6 f7 f8 f9 fa fb fc fd fe ff 00 01 02 03 04 05 06 07 08 09 0a 0b 0c 0d 0e 0f 10 11 12 13 14 15 16 17 18 19 1a 1b 1c 1d 1e 1f 20 21 22 23 24 25 26 27 28 29 2a 2b 2c ffffffffffffffff 0
[cyc 6642] [STRIP MRC headers OUT 0] b1 b2 b3 b4 b5 b6 b7 b8 b9 ba bb bc bd be bf c0 c1 c2 c3 c4 c5 c6 c7 c8 c9 ca cb cc cd ce cf d0 d1 d2 d3 d4 d5 d6 d7 d8 d9 da db dc dd de df e0 e1 e2 e3 e4 e5 e6 e7 e8 e9 ea eb ec ed ee ef f0 ffffffffffffffff 0
[cyc 6642] [R SHIFT BY OCTET IN] b1 b2 b3 b4 b5 b6 b7 b8 b9 ba bb bc bd be bf c0 c1 c2 c3 c4 c5 c6 c7 c8 c9 ca cb cc cd ce cf d0 d1 d2 d3 d4 d5 d6 d7 d8 d9 da db dc dd de df e0 e1 e2 e3 e4 e5 e6 e7 e8 e9 ea eb ec ed ee ef f0 ffffffffffffffff 0
[cyc 6642] [R SHIFT BY OCTET OUT] 81 82 83 84 85 86 87 88 89 8a 8b 8c 8d 8e 8f 90 91 92 93 94 95 96 97 98 99 9a 9b 9c 9d 9e 9f a0 a1 a2 a3 a4 a5 a6 a7 a8 a9 aa ab ac ad ae af b0 b1 b2 b3 b4 b5 b6 b7 b8 b9 ba bb bc bd be bf c0 ffffffffffffffff 0
[cyc 6643] [R SHIFT BY OCTET IN] 61 62 63 64 65 66 67 68 69 6a 6b 6c 6d 6e 6f 70 71 72 73 74 75 76 77 78 79 7a 7b 7c 7d 7e 7f 80 81 82 83 84 85 86 87 88 89 8a 8b 8c 8d 8e 8f 90 91 92 93 94 95 96 97 98 99 9a 9b 9c 9d 9e 9f a0 ffffffffffffffff 0
[cyc 6643] [R SHIFT BY OCTET OUT] 2d 2e 2f 30 31 32 33 34 35 36 37 38 39 3a 3b 3c 3d 3e 3f 40 41 42 43 44 45 46 47 48 49 4a 4b 4c 4d 4e 4f 50 51 52 53 54 55 56 57 58 59 5a 5b 5c 5d 5e 5f 60 61 62 63 64 65 66 67 68 69 6a 6b 6c ffffffffffffffff 0
[cyc 6643] [STRIP MRC headers IN 0] 2d 2e 2f 30 31 32 33 34 35 36 37 38 39 3a 3b 3c 3d 3e 3f 40 41 42 43 44 45 46 47 48 49 4a 4b 4c 4d 4e 4f 50 51 52 53 54 55 56 57 58 59 5a 5b 5c 5d 5e 5f 60 61 62 63 64 65 66 67 68 69 6a 6b 6c ffffffffffffffff 0
[cyc 6643] [STRIP MRC headers OUT 0] f1 f2 f3 f4 f5 f6 f7 f8 f9 fa fb fc fd fe ff 00 01 02 03 04 05 06 07 08 09 0a 0b 0c 0d 0e 0f 10 11 12 13 14 15 16 17 18 19 1a 1b 1c 1d 1e 1f 20 21 22 23 24 25 26 27 28 29 2a 2b 2c 2d 2e 2f 30 ffffffffffffffff 0
[cyc 6643] [R SHIFT BY OCTET IN] f1 f2 f3 f4 f5 f6 f7 f8 f9 fa fb fc fd fe ff 00 01 02 03 04 05 06 07 08 09 0a 0b 0c 0d 0e 0f 10 11 12 13 14 15 16 17 18 19 1a 1b 1c 1d 1e 1f 20 21 22 23 24 25 26 27 28 29 2a 2b 2c 2d 2e 2f 30 ffffffffffffffff 0
[cyc 6643] [R SHIFT BY OCTET OUT] c1 c2 c3 c4 c5 c6 c7 c8 c9 ca cb cc cd ce cf d0 d1 d2 d3 d4 d5 d6 d7 d8 d9 da db dc dd de df e0 e1 e2 e3 e4 e5 e6 e7 e8 e9 ea eb ec ed ee ef f0 f1 f2 f3 f4 f5 f6 f7 f8 f9 fa fb fc fd fe ff 00 ffffffffffffffff 0
[cyc 6644] [TB] last beat of packet 0 (17 beat(s))
[cyc 6644] [R SHIFT BY OCTET IN] a1 a2 a3 a4 a5 a6 a7 a8 a9 aa ab ac ad ae af b0 b1 b2 b3 b4 b5 b6 b7 b8 b9 ba bb bc bd be bf c0 00 00 00 00 00 00 00 00 00 00 00 00 00 00 00 00 00 00 00 00 00 00 00 00 00 00 00 00 00 00 00 00 00000000ffffffff 1  <- last
[cyc 6644] [R SHIFT BY OCTET OUT] 6d 6e 6f 70 71 72 73 74 75 76 77 78 79 7a 7b 7c 7d 7e 7f 80 81 82 83 84 85 86 87 88 89 8a 8b 8c 8d 8e 8f 90 91 92 93 94 95 96 97 98 99 9a 9b 9c 9d 9e 9f a0 a1 a2 a3 a4 a5 a6 a7 a8 a9 aa ab ac ffffffffffffffff 0
[cyc 6644] [STRIP MRC headers IN 0] 6d 6e 6f 70 71 72 73 74 75 76 77 78 79 7a 7b 7c 7d 7e 7f 80 81 82 83 84 85 86 87 88 89 8a 8b 8c 8d 8e 8f 90 91 92 93 94 95 96 97 98 99 9a 9b 9c 9d 9e 9f a0 a1 a2 a3 a4 a5 a6 a7 a8 a9 aa ab ac ffffffffffffffff 0
[cyc 6644] [STRIP MRC headers OUT 0] 31 32 33 34 35 36 37 38 39 3a 3b 3c 3d 3e 3f 40 41 42 43 44 45 46 47 48 49 4a 4b 4c 4d 4e 4f 50 51 52 53 54 55 56 57 58 59 5a 5b 5c 5d 5e 5f 60 61 62 63 64 65 66 67 68 69 6a 6b 6c 6d 6e 6f 70 ffffffffffffffff 0
[cyc 6644] [R SHIFT BY OCTET IN] 31 32 33 34 35 36 37 38 39 3a 3b 3c 3d 3e 3f 40 41 42 43 44 45 46 47 48 49 4a 4b 4c 4d 4e 4f 50 51 52 53 54 55 56 57 58 59 5a 5b 5c 5d 5e 5f 60 61 62 63 64 65 66 67 68 69 6a 6b 6c 6d 6e 6f 70 ffffffffffffffff 0
[cyc 6644] [R SHIFT BY OCTET OUT] 01 02 03 04 05 06 07 08 09 0a 0b 0c 0d 0e 0f 10 11 12 13 14 15 16 17 18 19 1a 1b 1c 1d 1e 1f 20 21 22 23 24 25 26 27 28 29 2a 2b 2c 2d 2e 2f 30 31 32 33 34 35 36 37 38 39 3a 3b 3c 3d 3e 3f 40 ffffffffffffffff 0
[TB] All packets fed, running 300 more cycles...
[cyc 6645] [R SHIFT BY OCTET OUT] ad ae af b0 b1 b2 b3 b4 b5 b6 b7 b8 b9 ba bb bc bd be bf c0 00 00 00 00 00 00 00 00 00 00 00 00 00 00 00 00 00 00 00 00 00 00 00 00 00 00 00 00 00 00 00 00 00 00 00 00 00 00 00 00 00 00 00 00 00000000000fffff 1  <- last
[cyc 6645] [STRIP MRC headers IN 0] ad ae af b0 b1 b2 b3 b4 b5 b6 b7 b8 b9 ba bb bc bd be bf c0 00 00 00 00 00 00 00 00 00 00 00 00 00 00 00 00 00 00 00 00 00 00 00 00 00 00 00 00 00 00 00 00 00 00 00 00 00 00 00 00 00 00 00 00 00000000000fffff 1  <- last
[cyc 6645] [STRIP MRC headers OUT 0] 71 72 73 74 75 76 77 78 79 7a 7b 7c 7d 7e 7f 80 81 82 83 84 85 86 87 88 89 8a 8b 8c 8d 8e 8f 90 91 92 93 94 95 96 97 98 99 9a 9b 9c 9d 9e 9f a0 a1 a2 a3 a4 a5 a6 a7 a8 a9 aa ab ac ad ae af b0 ffffffffffffffff 0
[cyc 6645] [R SHIFT BY OCTET IN] 71 72 73 74 75 76 77 78 79 7a 7b 7c 7d 7e 7f 80 81 82 83 84 85 86 87 88 89 8a 8b 8c 8d 8e 8f 90 91 92 93 94 95 96 97 98 99 9a 9b 9c 9d 9e 9f a0 a1 a2 a3 a4 a5 a6 a7 a8 a9 aa ab ac ad ae af b0 ffffffffffffffff 0
[cyc 6645] [R SHIFT BY OCTET OUT] 41 42 43 44 45 46 47 48 49 4a 4b 4c 4d 4e 4f 50 51 52 53 54 55 56 57 58 59 5a 5b 5c 5d 5e 5f 60 61 62 63 64 65 66 67 68 69 6a 6b 6c 6d 6e 6f 70 71 72 73 74 75 76 77 78 79 7a 7b 7c 7d 7e 7f 80 ffffffffffffffff 0
[cyc 6646] [STRIP MRC headers OUT 0] b1 b2 b3 b4 b5 b6 b7 b8 b9 ba bb bc bd be bf c0 00 00 00 00 00 00 00 00 00 00 00 00 00 00 00 00 00 00 00 00 00 00 00 00 00 00 00 00 00 00 00 00 00 00 00 00 00 00 00 00 00 00 00 00 00 00 00 00 000000000000ffff 1  <- last
[cyc 6646] [R SHIFT BY OCTET IN] b1 b2 b3 b4 b5 b6 b7 b8 b9 ba bb bc bd be bf c0 c1 c2 c3 c4 c5 c6 c7 c8 c9 ca cb cc cd ce cf d0 d1 d2 d3 d4 d5 d6 d7 d8 d9 da db dc dd de df e0 e1 e2 e3 e4 e5 e6 e7 e8 e9 ea eb ec ed ee ef f0 ffffffffffffffff 0
[cyc 6646] [R SHIFT BY OCTET OUT] 81 82 83 84 85 86 87 88 89 8a 8b 8c 8d 8e 8f 90 91 92 93 94 95 96 97 98 99 9a 9b 9c 9d 9e 9f a0 a1 a2 a3 a4 a5 a6 a7 a8 a9 aa ab ac ad ae af b0 b1 b2 b3 b4 b5 b6 b7 b8 b9 ba bb bc bd be bf c0 ffffffffffffffff 0
[cyc 6647] [R SHIFT BY OCTET IN] f1 f2 f3 f4 f5 f6 f7 f8 f9 fa fb fc fd fe ff 00 01 02 03 04 05 06 07 08 09 0a 0b 0c 0d 0e 0f 10 11 12 13 14 15 16 17 18 19 1a 1b 1c 1d 1e 1f 20 21 22 23 24 25 26 27 28 29 2a 2b 2c 2d 2e 2f 30 ffffffffffffffff 0
[cyc 6647] [R SHIFT BY OCTET OUT] c1 c2 c3 c4 c5 c6 c7 c8 c9 ca cb cc cd ce cf d0 d1 d2 d3 d4 d5 d6 d7 d8 d9 da db dc dd de df e0 e1 e2 e3 e4 e5 e6 e7 e8 e9 ea eb ec ed ee ef f0 f1 f2 f3 f4 f5 f6 f7 f8 f9 fa fb fc fd fe ff 00 ffffffffffffffff 0
[cyc 6648] [R SHIFT BY OCTET IN] 31 32 33 34 35 36 37 38 39 3a 3b 3c 3d 3e 3f 40 41 42 43 44 45 46 47 48 49 4a 4b 4c 4d 4e 4f 50 51 52 53 54 55 56 57 58 59 5a 5b 5c 5d 5e 5f 60 61 62 63 64 65 66 67 68 69 6a 6b 6c 6d 6e 6f 70 ffffffffffffffff 0
[cyc 6648] [R SHIFT BY OCTET OUT] 01 02 03 04 05 06 07 08 09 0a 0b 0c 0d 0e 0f 10 11 12 13 14 15 16 17 18 19 1a 1b 1c 1d 1e 1f 20 21 22 23 24 25 26 27 28 29 2a 2b 2c 2d 2e 2f 30 31 32 33 34 35 36 37 38 39 3a 3b 3c 3d 3e 3f 40 ffffffffffffffff 0
[cyc 6649] [R SHIFT BY OCTET IN] 71 72 73 74 75 76 77 78 79 7a 7b 7c 7d 7e 7f 80 81 82 83 84 85 86 87 88 89 8a 8b 8c 8d 8e 8f 90 91 92 93 94 95 96 97 98 99 9a 9b 9c 9d 9e 9f a0 a1 a2 a3 a4 a5 a6 a7 a8 a9 aa ab ac ad ae af b0 ffffffffffffffff 0
[cyc 6649] [R SHIFT BY OCTET OUT] 41 42 43 44 45 46 47 48 49 4a 4b 4c 4d 4e 4f 50 51 52 53 54 55 56 57 58 59 5a 5b 5c 5d 5e 5f 60 61 62 63 64 65 66 67 68 69 6a 6b 6c 6d 6e 6f 70 71 72 73 74 75 76 77 78 79 7a 7b 7c 7d 7e 7f 80 ffffffffffffffff 0
[cyc 6650] [R SHIFT BY OCTET IN] b1 b2 b3 b4 b5 b6 b7 b8 b9 ba bb bc bd be bf c0 00 00 00 00 00 00 00 00 00 00 00 00 00 00 00 00 00 00 00 00 00 00 00 00 00 00 00 00 00 00 00 00 00 00 00 00 00 00 00 00 00 00 00 00 00 00 00 00 000000000000ffff 1  <- last
[cyc 6650] [R SHIFT BY OCTET OUT] 81 82 83 84 85 86 87 88 89 8a 8b 8c 8d 8e 8f 90 91 92 93 94 95 96 97 98 99 9a 9b 9c 9d 9e 9f a0 a1 a2 a3 a4 a5 a6 a7 a8 a9 aa ab ac ad ae af b0 b1 b2 b3 b4 b5 b6 b7 b8 b9 ba bb bc bd be bf c0 ffffffffffffffff 1  <- last

[TB] ---- Outputs (cycle they left the module) ----
[TB] cyc 6634 m_axis_mem_write_cmd: op=RC_RDMA_WRITE_FIRST qpn=0x5 addr=0x24000 len=1024 lst=0 host=1
[TB] cyc 6651 m_axis_mem_write_data: 1024 B
      0000: c1 c2 c3 c4 c5 c6 c7 c8 c9 ca cb cc cd ce cf d0 
      0010: d1 d2 d3 d4 d5 d6 d7 d8 d9 da db dc dd de df e0 
      0020: e1 e2 e3 e4 e5 e6 e7 e8 e9 ea eb ec ed ee ef f0 
      0030: f1 f2 f3 f4 f5 f6 f7 f8 f9 fa fb fc fd fe ff 00 
      ... (960 more bytes)
[TB] cyc 6638 m_axis_tx_data packet (16 B), meta: dst ip=0xa000002 length=20
      0000: d1 00 ff ff 00 00 00 42 00 0a 0b 1c 1f 00 00 0c 

[TB] ---- Checks ----
[TB] Packet 0: TEST 06e: FIRST without TSETH
  [PASS] a memory write command was issued for it
[TB]   memory command at cycle 6634
  [PASS] memCmd.op_code = 0xc6
  [PASS] memCmd.qpn     = 0x5
  [PASS] memCmd.addr    = 0x24000
  [PASS] memCmd.len     = 1024
  [PASS] memCmd.lst     = 0x0
  [PASS] payload data reached memory
[TB]   payload in memory by cycle 6651
  [PASS] bytes written to memory = 1024
  [PASS] memory data is identical to the payload that was sent
  [PASS] a reply (ACK/NAK) was sent for it
[TB]   reply at cycle 6638
  [PASS] tx meta: destination IP = 0xa000002
  [PASS] tx meta: UDP length (BTH+AETH+ICRC) = 20
[TB]   parsed reply: MRC_ACK  DestQP=0x42  PSN=0xa0b1c  AETH.syndrome=0x1f (ACK)  AETH.MSN=0xc
  [PASS] reply length in bytes = 16
  [PASS] reply BTH.opcode (MRC_ACK) = 0xd1
  [PASS] reply BTH.DestQP (remote QPN) = 0x42
  [PASS] reply BTH.PSN = 0xa0b1c
  [PASS] reply AETH.syndrome (ACK) = 0x1f
  [PASS] reply AETH.MSN = 0xc
[TB] Whole group
  [PASS] unexpected memory write commands = 0
  [PASS] unexpected memory payloads = 0
  [PASS] no memory data beat left without TLAST
  [PASS] unexpected packets sent back = 0
  [PASS] tx meta entries = tx packets = 1
  [PASS] invalid-PSN drop counter increase over the group = 0
  [PASS] ackMeta to the host (only used for our own requests) = 0
  [PASS] module consumed the whole input
  [PASS] no memory READ command issued

=====================================================================
  GROUP: TEST 06f: MIDDLE with TSETH
=====================================================================
[TB] Packet 0: TEST 06f: MIDDLE with TSETH
[TB]   state before: epsn=0xa0b1d last_psn=0xa0b1c
[TB]   RC_RDMA_WRITE_MIDDLE  DestQP=0x5  PSN=0xa0b1d, 658205  RETH.vaddr=0x24400  RETH.len=2098  payload=1024 B  UDP length=1072  (then drain and check)
      0000: c7 00 ff ff 00 00 00 05 90 0a 0b 1d 00 00 00 0c 
      0010: 00 00 00 01 00 00 00 00 00 02 44 00 00 00 12 34 
      0020: 00 00 08 32 c2 c3 c4 c5 c6 c7 c8 c9 ca cb cc cd 
      0030: ce cf d0 d1 d2 d3 d4 d5 d6 d7 d8 d9 da db dc dd 
      ... (996 more bytes)

[TB] Feeding 1 packet(s)... (module prints follow)
[cyc 6945] [TB] first beat of packet 0 (TEST 06f: MIDDLE with TSETH)
[cyc 6945] [RX PROCESS IBH 0]: input psn 0x0a0b1d
[cyc 6945] [RX PROCESS IBH 0]: process IBH opcode: c7
[cyc 6945] [R SHIFT BY OCTET IN] c7 00 ff ff 00 00 00 05 90 0a 0b 1d 00 00 00 0c 00 00 00 01 00 00 00 00 00 02 44 00 00 00 12 34 00 00 08 32 c2 c3 c4 c5 c6 c7 c8 c9 ca cb cc cd ce cf d0 d1 d2 d3 d4 d5 d6 d7 d8 d9 da db dc dd ffffffffffffffff 0
[cyc 6946] [R SHIFT BY OCTET IN] de df e0 e1 e2 e3 e4 e5 e6 e7 e8 e9 ea eb ec ed ee ef f0 f1 f2 f3 f4 f5 f6 f7 f8 f9 fa fb fc fd fe ff 00 01 02 03 04 05 06 07 08 09 0a 0b 0c 0d 0e 0f 10 11 12 13 14 15 16 17 18 19 1a 1b 1c 1d ffffffffffffffff 0
[cyc 6946] [R SHIFT BY OCTET OUT] 00 00 00 0c 00 00 00 01 00 00 00 00 00 02 44 00 00 00 12 34 00 00 08 32 c2 c3 c4 c5 c6 c7 c8 c9 ca cb cc cd ce cf d0 d1 d2 d3 d4 d5 d6 d7 d8 d9 da db dc dd de df e0 e1 e2 e3 e4 e5 e6 e7 e8 e9 ffffffffffffffff 0
[cyc 6946] [STRIP MRC headers IN 0] 00 00 00 0c 00 00 00 01 00 00 00 00 00 02 44 00 00 00 12 34 00 00 08 32 c2 c3 c4 c5 c6 c7 c8 c9 ca cb cc cd ce cf d0 d1 d2 d3 d4 d5 d6 d7 d8 d9 da db dc dd de df e0 e1 e2 e3 e4 e5 e6 e7 e8 e9 ffffffffffffffff 0
[cyc 6947] [R SHIFT BY OCTET IN] 1e 1f 20 21 22 23 24 25 26 27 28 29 2a 2b 2c 2d 2e 2f 30 31 32 33 34 35 36 37 38 39 3a 3b 3c 3d 3e 3f 40 41 42 43 44 45 46 47 48 49 4a 4b 4c 4d 4e 4f 50 51 52 53 54 55 56 57 58 59 5a 5b 5c 5d ffffffffffffffff 0
[cyc 6947] [R SHIFT BY OCTET OUT] ea eb ec ed ee ef f0 f1 f2 f3 f4 f5 f6 f7 f8 f9 fa fb fc fd fe ff 00 01 02 03 04 05 06 07 08 09 0a 0b 0c 0d 0e 0f 10 11 12 13 14 15 16 17 18 19 1a 1b 1c 1d 1e 1f 20 21 22 23 24 25 26 27 28 29 ffffffffffffffff 0
[cyc 6947] [STRIP MRC headers IN 0] ea eb ec ed ee ef f0 f1 f2 f3 f4 f5 f6 f7 f8 f9 fa fb fc fd fe ff 00 01 02 03 04 05 06 07 08 09 0a 0b 0c 0d 0e 0f 10 11 12 13 14 15 16 17 18 19 1a 1b 1c 1d 1e 1f 20 21 22 23 24 25 26 27 28 29 ffffffffffffffff 0
[cyc 6947] [STRIP MRC headers OUT 0] 00 00 00 00 00 02 44 00 00 00 12 34 00 00 08 32 c2 c3 c4 c5 c6 c7 c8 c9 ca cb cc cd ce cf d0 d1 d2 d3 d4 d5 d6 d7 d8 d9 da db dc dd de df e0 e1 e2 e3 e4 e5 e6 e7 e8 e9 ea eb ec ed ee ef f0 f1 ffffffffffffffff 0
[cyc 6948] [R SHIFT BY OCTET IN] 5e 5f 60 61 62 63 64 65 66 67 68 69 6a 6b 6c 6d 6e 6f 70 71 72 73 74 75 76 77 78 79 7a 7b 7c 7d 7e 7f 80 81 82 83 84 85 86 87 88 89 8a 8b 8c 8d 8e 8f 90 91 92 93 94 95 96 97 98 99 9a 9b 9c 9d ffffffffffffffff 0
[cyc 6948] [R SHIFT BY OCTET OUT] 2a 2b 2c 2d 2e 2f 30 31 32 33 34 35 36 37 38 39 3a 3b 3c 3d 3e 3f 40 41 42 43 44 45 46 47 48 49 4a 4b 4c 4d 4e 4f 50 51 52 53 54 55 56 57 58 59 5a 5b 5c 5d 5e 5f 60 61 62 63 64 65 66 67 68 69 ffffffffffffffff 0
[cyc 6948] [STRIP MRC headers IN 0] 2a 2b 2c 2d 2e 2f 30 31 32 33 34 35 36 37 38 39 3a 3b 3c 3d 3e 3f 40 41 42 43 44 45 46 47 48 49 4a 4b 4c 4d 4e 4f 50 51 52 53 54 55 56 57 58 59 5a 5b 5c 5d 5e 5f 60 61 62 63 64 65 66 67 68 69 ffffffffffffffff 0
[cyc 6948] [STRIP MRC headers OUT 0] f2 f3 f4 f5 f6 f7 f8 f9 fa fb fc fd fe ff 00 01 02 03 04 05 06 07 08 09 0a 0b 0c 0d 0e 0f 10 11 12 13 14 15 16 17 18 19 1a 1b 1c 1d 1e 1f 20 21 22 23 24 25 26 27 28 29 2a 2b 2c 2d 2e 2f 30 31 ffffffffffffffff 0
[cyc 6948] [RX IBH FSM 0]: epsn: 0x0a0b1d, 658205, packet psn: 0x0a0b1d, 658205, oldest outstanding psn: 0x8a0b1d, 9046813
[cyc 6949] [R SHIFT BY OCTET IN] 9e 9f a0 a1 a2 a3 a4 a5 a6 a7 a8 a9 aa ab ac ad ae af b0 b1 b2 b3 b4 b5 b6 b7 b8 b9 ba bb bc bd be bf c0 c1 c2 c3 c4 c5 c6 c7 c8 c9 ca cb cc cd ce cf d0 d1 d2 d3 d4 d5 d6 d7 d8 d9 da db dc dd ffffffffffffffff 0
[cyc 6949] [R SHIFT BY OCTET OUT] 6a 6b 6c 6d 6e 6f 70 71 72 73 74 75 76 77 78 79 7a 7b 7c 7d 7e 7f 80 81 82 83 84 85 86 87 88 89 8a 8b 8c 8d 8e 8f 90 91 92 93 94 95 96 97 98 99 9a 9b 9c 9d 9e 9f a0 a1 a2 a3 a4 a5 a6 a7 a8 a9 ffffffffffffffff 0
[cyc 6949] [STRIP MRC headers IN 0] 6a 6b 6c 6d 6e 6f 70 71 72 73 74 75 76 77 78 79 7a 7b 7c 7d 7e 7f 80 81 82 83 84 85 86 87 88 89 8a 8b 8c 8d 8e 8f 90 91 92 93 94 95 96 97 98 99 9a 9b 9c 9d 9e 9f a0 a1 a2 a3 a4 a5 a6 a7 a8 a9 ffffffffffffffff 0
[cyc 6949] [STRIP MRC headers OUT 0] 32 33 34 35 36 37 38 39 3a 3b 3c 3d 3e 3f 40 41 42 43 44 45 46 47 48 49 4a 4b 4c 4d 4e 4f 50 51 52 53 54 55 56 57 58 59 5a 5b 5c 5d 5e 5f 60 61 62 63 64 65 66 67 68 69 6a 6b 6c 6d 6e 6f 70 71 ffffffffffffffff 0
[cyc 6950] [R SHIFT BY OCTET IN] de df e0 e1 e2 e3 e4 e5 e6 e7 e8 e9 ea eb ec ed ee ef f0 f1 f2 f3 f4 f5 f6 f7 f8 f9 fa fb fc fd fe ff 00 01 02 03 04 05 06 07 08 09 0a 0b 0c 0d 0e 0f 10 11 12 13 14 15 16 17 18 19 1a 1b 1c 1d ffffffffffffffff 0
[cyc 6950] [R SHIFT BY OCTET OUT] aa ab ac ad ae af b0 b1 b2 b3 b4 b5 b6 b7 b8 b9 ba bb bc bd be bf c0 c1 c2 c3 c4 c5 c6 c7 c8 c9 ca cb cc cd ce cf d0 d1 d2 d3 d4 d5 d6 d7 d8 d9 da db dc dd de df e0 e1 e2 e3 e4 e5 e6 e7 e8 e9 ffffffffffffffff 0
[cyc 6950] [STRIP MRC headers IN 0] aa ab ac ad ae af b0 b1 b2 b3 b4 b5 b6 b7 b8 b9 ba bb bc bd be bf c0 c1 c2 c3 c4 c5 c6 c7 c8 c9 ca cb cc cd ce cf d0 d1 d2 d3 d4 d5 d6 d7 d8 d9 da db dc dd de df e0 e1 e2 e3 e4 e5 e6 e7 e8 e9 ffffffffffffffff 0
[cyc 6950] [STRIP MRC headers OUT 0] 72 73 74 75 76 77 78 79 7a 7b 7c 7d 7e 7f 80 81 82 83 84 85 86 87 88 89 8a 8b 8c 8d 8e 8f 90 91 92 93 94 95 96 97 98 99 9a 9b 9c 9d 9e 9f a0 a1 a2 a3 a4 a5 a6 a7 a8 a9 aa ab ac ad ae af b0 b1 ffffffffffffffff 0
[cyc 6950] [META MERGER 0]: reading from ack event with qpn 0x5, psn 0x0a0b1d
[cyc 6951] [R SHIFT BY OCTET IN] 1e 1f 20 21 22 23 24 25 26 27 28 29 2a 2b 2c 2d 2e 2f 30 31 32 33 34 35 36 37 38 39 3a 3b 3c 3d 3e 3f 40 41 42 43 44 45 46 47 48 49 4a 4b 4c 4d 4e 4f 50 51 52 53 54 55 56 57 58 59 5a 5b 5c 5d ffffffffffffffff 0
[cyc 6951] [R SHIFT BY OCTET OUT] ea eb ec ed ee ef f0 f1 f2 f3 f4 f5 f6 f7 f8 f9 fa fb fc fd fe ff 00 01 02 03 04 05 06 07 08 09 0a 0b 0c 0d 0e 0f 10 11 12 13 14 15 16 17 18 19 1a 1b 1c 1d 1e 1f 20 21 22 23 24 25 26 27 28 29 ffffffffffffffff 0
[cyc 6951] [STRIP MRC headers IN 0] ea eb ec ed ee ef f0 f1 f2 f3 f4 f5 f6 f7 f8 f9 fa fb fc fd fe ff 00 01 02 03 04 05 06 07 08 09 0a 0b 0c 0d 0e 0f 10 11 12 13 14 15 16 17 18 19 1a 1b 1c 1d 1e 1f 20 21 22 23 24 25 26 27 28 29 ffffffffffffffff 0
[cyc 6951] [STRIP MRC headers OUT 0] b2 b3 b4 b5 b6 b7 b8 b9 ba bb bc bd be bf c0 c1 c2 c3 c4 c5 c6 c7 c8 c9 ca cb cc cd ce cf d0 d1 d2 d3 d4 d5 d6 d7 d8 d9 da db dc dd de df e0 e1 e2 e3 e4 e5 e6 e7 e8 e9 ea eb ec ed ee ef f0 f1 ffffffffffffffff 0
[cyc 6951] [R SHIFT BY OCTET IN] 00 00 00 00 00 02 44 00 00 00 12 34 00 00 08 32 c2 c3 c4 c5 c6 c7 c8 c9 ca cb cc cd ce cf d0 d1 d2 d3 d4 d5 d6 d7 d8 d9 da db dc dd de df e0 e1 e2 e3 e4 e5 e6 e7 e8 e9 ea eb ec ed ee ef f0 f1 ffffffffffffffff 0
[cyc 6952] [R SHIFT BY OCTET IN] 5e 5f 60 61 62 63 64 65 66 67 68 69 6a 6b 6c 6d 6e 6f 70 71 72 73 74 75 76 77 78 79 7a 7b 7c 7d 7e 7f 80 81 82 83 84 85 86 87 88 89 8a 8b 8c 8d 8e 8f 90 91 92 93 94 95 96 97 98 99 9a 9b 9c 9d ffffffffffffffff 0
[cyc 6952] [R SHIFT BY OCTET OUT] 2a 2b 2c 2d 2e 2f 30 31 32 33 34 35 36 37 38 39 3a 3b 3c 3d 3e 3f 40 41 42 43 44 45 46 47 48 49 4a 4b 4c 4d 4e 4f 50 51 52 53 54 55 56 57 58 59 5a 5b 5c 5d 5e 5f 60 61 62 63 64 65 66 67 68 69 ffffffffffffffff 0
[cyc 6952] [STRIP MRC headers IN 0] 2a 2b 2c 2d 2e 2f 30 31 32 33 34 35 36 37 38 39 3a 3b 3c 3d 3e 3f 40 41 42 43 44 45 46 47 48 49 4a 4b 4c 4d 4e 4f 50 51 52 53 54 55 56 57 58 59 5a 5b 5c 5d 5e 5f 60 61 62 63 64 65 66 67 68 69 ffffffffffffffff 0
[cyc 6952] [STRIP MRC headers OUT 0] f2 f3 f4 f5 f6 f7 f8 f9 fa fb fc fd fe ff 00 01 02 03 04 05 06 07 08 09 0a 0b 0c 0d 0e 0f 10 11 12 13 14 15 16 17 18 19 1a 1b 1c 1d 1e 1f 20 21 22 23 24 25 26 27 28 29 2a 2b 2c 2d 2e 2f 30 31 ffffffffffffffff 0
[cyc 6952] [R SHIFT BY OCTET IN] f2 f3 f4 f5 f6 f7 f8 f9 fa fb fc fd fe ff 00 01 02 03 04 05 06 07 08 09 0a 0b 0c 0d 0e 0f 10 11 12 13 14 15 16 17 18 19 1a 1b 1c 1d 1e 1f 20 21 22 23 24 25 26 27 28 29 2a 2b 2c 2d 2e 2f 30 31 ffffffffffffffff 0
[cyc 6952] [R SHIFT BY OCTET OUT] c2 c3 c4 c5 c6 c7 c8 c9 ca cb cc cd ce cf d0 d1 d2 d3 d4 d5 d6 d7 d8 d9 da db dc dd de df e0 e1 e2 e3 e4 e5 e6 e7 e8 e9 ea eb ec ed ee ef f0 f1 f2 f3 f4 f5 f6 f7 f8 f9 fa fb fc fd fe ff 00 01 ffffffffffffffff 0
[cyc 6952] [GENERATE EXH 0]: MRC_ACK with qpn 0x5, psn 0x0a0b1d
[cyc 6952] [GENERATE EXH 0]: MRC_ACK 1f 00 00 0c c6 c7 c8 c9 00 71 f4 d0 83 e8 5f f6 60 fa 8b 9e 40 5f 00 00 40 be 46 89 fe 7f 00 00 d0 fa 8b 9e 40 5f 00 00 44 5b 81 9e 40 5f 00 00 44 c0 46 89 fe 7f 00 00 87 16 85 9e 40 5f 00 00 000000000000000f 1
[cyc 6952] [APPEND PAYLOAD 0]: moving to state HEADER
[cyc 6952] [TX IP UDP META MERGER 0]: port 0xc000
[cyc 6953] [R SHIFT BY OCTET IN] 9e 9f a0 a1 a2 a3 a4 a5 a6 a7 a8 a9 aa ab ac ad ae af b0 b1 b2 b3 b4 b5 b6 b7 b8 b9 ba bb bc bd be bf c0 c1 c2 c3 c4 c5 c6 c7 c8 c9 ca cb cc cd ce cf d0 d1 d2 d3 d4 d5 d6 d7 d8 d9 da db dc dd ffffffffffffffff 0
[cyc 6953] [R SHIFT BY OCTET OUT] 6a 6b 6c 6d 6e 6f 70 71 72 73 74 75 76 77 78 79 7a 7b 7c 7d 7e 7f 80 81 82 83 84 85 86 87 88 89 8a 8b 8c 8d 8e 8f 90 91 92 93 94 95 96 97 98 99 9a 9b 9c 9d 9e 9f a0 a1 a2 a3 a4 a5 a6 a7 a8 a9 ffffffffffffffff 0
[cyc 6953] [STRIP MRC headers IN 0] 6a 6b 6c 6d 6e 6f 70 71 72 73 74 75 76 77 78 79 7a 7b 7c 7d 7e 7f 80 81 82 83 84 85 86 87 88 89 8a 8b 8c 8d 8e 8f 90 91 92 93 94 95 96 97 98 99 9a 9b 9c 9d 9e 9f a0 a1 a2 a3 a4 a5 a6 a7 a8 a9 ffffffffffffffff 0
[cyc 6953] [STRIP MRC headers OUT 0] 32 33 34 35 36 37 38 39 3a 3b 3c 3d 3e 3f 40 41 42 43 44 45 46 47 48 49 4a 4b 4c 4d 4e 4f 50 51 52 53 54 55 56 57 58 59 5a 5b 5c 5d 5e 5f 60 61 62 63 64 65 66 67 68 69 6a 6b 6c 6d 6e 6f 70 71 ffffffffffffffff 0
[cyc 6953] [R SHIFT BY OCTET IN] 32 33 34 35 36 37 38 39 3a 3b 3c 3d 3e 3f 40 41 42 43 44 45 46 47 48 49 4a 4b 4c 4d 4e 4f 50 51 52 53 54 55 56 57 58 59 5a 5b 5c 5d 5e 5f 60 61 62 63 64 65 66 67 68 69 6a 6b 6c 6d 6e 6f 70 71 ffffffffffffffff 0
[cyc 6953] [R SHIFT BY OCTET OUT] 02 03 04 05 06 07 08 09 0a 0b 0c 0d 0e 0f 10 11 12 13 14 15 16 17 18 19 1a 1b 1c 1d 1e 1f 20 21 22 23 24 25 26 27 28 29 2a 2b 2c 2d 2e 2f 30 31 32 33 34 35 36 37 38 39 3a 3b 3c 3d 3e 3f 40 41 ffffffffffffffff 0
[cyc 6953] [APPEND PAYLOAD 0]: moving to state INFO
[cyc 6953] [GENERATE IBH 0]: input meta, opcode 0xd1 valid psn 0x0a0b1d
[cyc 6953] [PREPEND IBH HEADER 0]: going to state PARTIAL_HEADER
[cyc 6954] [R SHIFT BY OCTET IN] de df e0 e1 e2 e3 e4 e5 e6 e7 e8 e9 ea eb ec ed ee ef f0 f1 f2 f3 f4 f5 f6 f7 f8 f9 fa fb fc fd fe ff 00 01 02 03 04 05 06 07 08 09 0a 0b 0c 0d 0e 0f 10 11 12 13 14 15 16 17 18 19 1a 1b 1c 1d ffffffffffffffff 0
[cyc 6954] [R SHIFT BY OCTET OUT] aa ab ac ad ae af b0 b1 b2 b3 b4 b5 b6 b7 b8 b9 ba bb bc bd be bf c0 c1 c2 c3 c4 c5 c6 c7 c8 c9 ca cb cc cd ce cf d0 d1 d2 d3 d4 d5 d6 d7 d8 d9 da db dc dd de df e0 e1 e2 e3 e4 e5 e6 e7 e8 e9 ffffffffffffffff 0
[cyc 6954] [STRIP MRC headers IN 0] aa ab ac ad ae af b0 b1 b2 b3 b4 b5 b6 b7 b8 b9 ba bb bc bd be bf c0 c1 c2 c3 c4 c5 c6 c7 c8 c9 ca cb cc cd ce cf d0 d1 d2 d3 d4 d5 d6 d7 d8 d9 da db dc dd de df e0 e1 e2 e3 e4 e5 e6 e7 e8 e9 ffffffffffffffff 0
[cyc 6954] [STRIP MRC headers OUT 0] 72 73 74 75 76 77 78 79 7a 7b 7c 7d 7e 7f 80 81 82 83 84 85 86 87 88 89 8a 8b 8c 8d 8e 8f 90 91 92 93 94 95 96 97 98 99 9a 9b 9c 9d 9e 9f a0 a1 a2 a3 a4 a5 a6 a7 a8 a9 aa ab ac ad ae af b0 b1 ffffffffffffffff 0
[cyc 6954] [R SHIFT BY OCTET IN] 72 73 74 75 76 77 78 79 7a 7b 7c 7d 7e 7f 80 81 82 83 84 85 86 87 88 89 8a 8b 8c 8d 8e 8f 90 91 92 93 94 95 96 97 98 99 9a 9b 9c 9d 9e 9f a0 a1 a2 a3 a4 a5 a6 a7 a8 a9 aa ab ac ad ae af b0 b1 ffffffffffffffff 0
[cyc 6954] [R SHIFT BY OCTET OUT] 42 43 44 45 46 47 48 49 4a 4b 4c 4d 4e 4f 50 51 52 53 54 55 56 57 58 59 5a 5b 5c 5d 5e 5f 60 61 62 63 64 65 66 67 68 69 6a 6b 6c 6d 6e 6f 70 71 72 73 74 75 76 77 78 79 7a 7b 7c 7d 7e 7f 80 81 ffffffffffffffff 0
[cyc 6954] [PREPEND IBH HEADER 0]: IBH PARTIAL PAYLOAD
[cyc 6954] 00 00 00 00 00 00 00 00 00 00 00 00 1f 00 00 0c c6 c7 c8 c9 00 71 f4 d0 83 e8 5f f6 60 fa 8b 9e 40 5f 00 00 40 be 46 89 fe 7f 00 00 d0 fa 8b 9e 40 5f 00 00 44 5b 81 9e 40 5f 00 00 44 c0 46 89 000000000000ffff 1
[cyc 6954] [PREPEND IBH HEADER 0]: IBH PARTIAL HEADER
[cyc 6954] d1 00 ff ff 00 00 00 42 00 0a 0b 1d 1f 00 00 0c c6 c7 c8 c9 00 71 f4 d0 83 e8 5f f6 60 fa 8b 9e 40 5f 00 00 40 be 46 89 fe 7f 00 00 d0 fa 8b 9e 40 5f 00 00 44 5b 81 9e 40 5f 00 00 44 c0 46 89 000000000000ffff 1
[cyc 6955] [R SHIFT BY OCTET IN] 1e 1f 20 21 22 23 24 25 26 27 28 29 2a 2b 2c 2d 2e 2f 30 31 32 33 34 35 36 37 38 39 3a 3b 3c 3d 3e 3f 40 41 42 43 44 45 46 47 48 49 4a 4b 4c 4d 4e 4f 50 51 52 53 54 55 56 57 58 59 5a 5b 5c 5d ffffffffffffffff 0
[cyc 6955] [R SHIFT BY OCTET OUT] ea eb ec ed ee ef f0 f1 f2 f3 f4 f5 f6 f7 f8 f9 fa fb fc fd fe ff 00 01 02 03 04 05 06 07 08 09 0a 0b 0c 0d 0e 0f 10 11 12 13 14 15 16 17 18 19 1a 1b 1c 1d 1e 1f 20 21 22 23 24 25 26 27 28 29 ffffffffffffffff 0
[cyc 6955] [STRIP MRC headers IN 0] ea eb ec ed ee ef f0 f1 f2 f3 f4 f5 f6 f7 f8 f9 fa fb fc fd fe ff 00 01 02 03 04 05 06 07 08 09 0a 0b 0c 0d 0e 0f 10 11 12 13 14 15 16 17 18 19 1a 1b 1c 1d 1e 1f 20 21 22 23 24 25 26 27 28 29 ffffffffffffffff 0
[cyc 6955] [STRIP MRC headers OUT 0] b2 b3 b4 b5 b6 b7 b8 b9 ba bb bc bd be bf c0 c1 c2 c3 c4 c5 c6 c7 c8 c9 ca cb cc cd ce cf d0 d1 d2 d3 d4 d5 d6 d7 d8 d9 da db dc dd de df e0 e1 e2 e3 e4 e5 e6 e7 e8 e9 ea eb ec ed ee ef f0 f1 ffffffffffffffff 0
[cyc 6955] [R SHIFT BY OCTET IN] b2 b3 b4 b5 b6 b7 b8 b9 ba bb bc bd be bf c0 c1 c2 c3 c4 c5 c6 c7 c8 c9 ca cb cc cd ce cf d0 d1 d2 d3 d4 d5 d6 d7 d8 d9 da db dc dd de df e0 e1 e2 e3 e4 e5 e6 e7 e8 e9 ea eb ec ed ee ef f0 f1 ffffffffffffffff 0
[cyc 6955] [R SHIFT BY OCTET OUT] 82 83 84 85 86 87 88 89 8a 8b 8c 8d 8e 8f 90 91 92 93 94 95 96 97 98 99 9a 9b 9c 9d 9e 9f a0 a1 a2 a3 a4 a5 a6 a7 a8 a9 aa ab ac ad ae af b0 b1 b2 b3 b4 b5 b6 b7 b8 b9 ba bb bc bd be bf c0 c1 ffffffffffffffff 0
[cyc 6956] [R SHIFT BY OCTET IN] 5e 5f 60 61 62 63 64 65 66 67 68 69 6a 6b 6c 6d 6e 6f 70 71 72 73 74 75 76 77 78 79 7a 7b 7c 7d 7e 7f 80 81 82 83 84 85 86 87 88 89 8a 8b 8c 8d 8e 8f 90 91 92 93 94 95 96 97 98 99 9a 9b 9c 9d ffffffffffffffff 0
[cyc 6956] [R SHIFT BY OCTET OUT] 2a 2b 2c 2d 2e 2f 30 31 32 33 34 35 36 37 38 39 3a 3b 3c 3d 3e 3f 40 41 42 43 44 45 46 47 48 49 4a 4b 4c 4d 4e 4f 50 51 52 53 54 55 56 57 58 59 5a 5b 5c 5d 5e 5f 60 61 62 63 64 65 66 67 68 69 ffffffffffffffff 0
[cyc 6956] [STRIP MRC headers IN 0] 2a 2b 2c 2d 2e 2f 30 31 32 33 34 35 36 37 38 39 3a 3b 3c 3d 3e 3f 40 41 42 43 44 45 46 47 48 49 4a 4b 4c 4d 4e 4f 50 51 52 53 54 55 56 57 58 59 5a 5b 5c 5d 5e 5f 60 61 62 63 64 65 66 67 68 69 ffffffffffffffff 0
[cyc 6956] [STRIP MRC headers OUT 0] f2 f3 f4 f5 f6 f7 f8 f9 fa fb fc fd fe ff 00 01 02 03 04 05 06 07 08 09 0a 0b 0c 0d 0e 0f 10 11 12 13 14 15 16 17 18 19 1a 1b 1c 1d 1e 1f 20 21 22 23 24 25 26 27 28 29 2a 2b 2c 2d 2e 2f 30 31 ffffffffffffffff 0
[cyc 6956] [R SHIFT BY OCTET IN] f2 f3 f4 f5 f6 f7 f8 f9 fa fb fc fd fe ff 00 01 02 03 04 05 06 07 08 09 0a 0b 0c 0d 0e 0f 10 11 12 13 14 15 16 17 18 19 1a 1b 1c 1d 1e 1f 20 21 22 23 24 25 26 27 28 29 2a 2b 2c 2d 2e 2f 30 31 ffffffffffffffff 0
[cyc 6956] [R SHIFT BY OCTET OUT] c2 c3 c4 c5 c6 c7 c8 c9 ca cb cc cd ce cf d0 d1 d2 d3 d4 d5 d6 d7 d8 d9 da db dc dd de df e0 e1 e2 e3 e4 e5 e6 e7 e8 e9 ea eb ec ed ee ef f0 f1 f2 f3 f4 f5 f6 f7 f8 f9 fa fb fc fd fe ff 00 01 ffffffffffffffff 0
[cyc 6957] [R SHIFT BY OCTET IN] 9e 9f a0 a1 a2 a3 a4 a5 a6 a7 a8 a9 aa ab ac ad ae af b0 b1 b2 b3 b4 b5 b6 b7 b8 b9 ba bb bc bd be bf c0 c1 c2 c3 c4 c5 c6 c7 c8 c9 ca cb cc cd ce cf d0 d1 d2 d3 d4 d5 d6 d7 d8 d9 da db dc dd ffffffffffffffff 0
[cyc 6957] [R SHIFT BY OCTET OUT] 6a 6b 6c 6d 6e 6f 70 71 72 73 74 75 76 77 78 79 7a 7b 7c 7d 7e 7f 80 81 82 83 84 85 86 87 88 89 8a 8b 8c 8d 8e 8f 90 91 92 93 94 95 96 97 98 99 9a 9b 9c 9d 9e 9f a0 a1 a2 a3 a4 a5 a6 a7 a8 a9 ffffffffffffffff 0
[cyc 6957] [STRIP MRC headers IN 0] 6a 6b 6c 6d 6e 6f 70 71 72 73 74 75 76 77 78 79 7a 7b 7c 7d 7e 7f 80 81 82 83 84 85 86 87 88 89 8a 8b 8c 8d 8e 8f 90 91 92 93 94 95 96 97 98 99 9a 9b 9c 9d 9e 9f a0 a1 a2 a3 a4 a5 a6 a7 a8 a9 ffffffffffffffff 0
[cyc 6957] [STRIP MRC headers OUT 0] 32 33 34 35 36 37 38 39 3a 3b 3c 3d 3e 3f 40 41 42 43 44 45 46 47 48 49 4a 4b 4c 4d 4e 4f 50 51 52 53 54 55 56 57 58 59 5a 5b 5c 5d 5e 5f 60 61 62 63 64 65 66 67 68 69 6a 6b 6c 6d 6e 6f 70 71 ffffffffffffffff 0
[cyc 6957] [R SHIFT BY OCTET IN] 32 33 34 35 36 37 38 39 3a 3b 3c 3d 3e 3f 40 41 42 43 44 45 46 47 48 49 4a 4b 4c 4d 4e 4f 50 51 52 53 54 55 56 57 58 59 5a 5b 5c 5d 5e 5f 60 61 62 63 64 65 66 67 68 69 6a 6b 6c 6d 6e 6f 70 71 ffffffffffffffff 0
[cyc 6957] [R SHIFT BY OCTET OUT] 02 03 04 05 06 07 08 09 0a 0b 0c 0d 0e 0f 10 11 12 13 14 15 16 17 18 19 1a 1b 1c 1d 1e 1f 20 21 22 23 24 25 26 27 28 29 2a 2b 2c 2d 2e 2f 30 31 32 33 34 35 36 37 38 39 3a 3b 3c 3d 3e 3f 40 41 ffffffffffffffff 0
[cyc 6958] [R SHIFT BY OCTET IN] de df e0 e1 e2 e3 e4 e5 e6 e7 e8 e9 ea eb ec ed ee ef f0 f1 f2 f3 f4 f5 f6 f7 f8 f9 fa fb fc fd fe ff 00 01 02 03 04 05 06 07 08 09 0a 0b 0c 0d 0e 0f 10 11 12 13 14 15 16 17 18 19 1a 1b 1c 1d ffffffffffffffff 0
[cyc 6958] [R SHIFT BY OCTET OUT] aa ab ac ad ae af b0 b1 b2 b3 b4 b5 b6 b7 b8 b9 ba bb bc bd be bf c0 c1 c2 c3 c4 c5 c6 c7 c8 c9 ca cb cc cd ce cf d0 d1 d2 d3 d4 d5 d6 d7 d8 d9 da db dc dd de df e0 e1 e2 e3 e4 e5 e6 e7 e8 e9 ffffffffffffffff 0
[cyc 6958] [STRIP MRC headers IN 0] aa ab ac ad ae af b0 b1 b2 b3 b4 b5 b6 b7 b8 b9 ba bb bc bd be bf c0 c1 c2 c3 c4 c5 c6 c7 c8 c9 ca cb cc cd ce cf d0 d1 d2 d3 d4 d5 d6 d7 d8 d9 da db dc dd de df e0 e1 e2 e3 e4 e5 e6 e7 e8 e9 ffffffffffffffff 0
[cyc 6958] [STRIP MRC headers OUT 0] 72 73 74 75 76 77 78 79 7a 7b 7c 7d 7e 7f 80 81 82 83 84 85 86 87 88 89 8a 8b 8c 8d 8e 8f 90 91 92 93 94 95 96 97 98 99 9a 9b 9c 9d 9e 9f a0 a1 a2 a3 a4 a5 a6 a7 a8 a9 aa ab ac ad ae af b0 b1 ffffffffffffffff 0
[cyc 6958] [R SHIFT BY OCTET IN] 72 73 74 75 76 77 78 79 7a 7b 7c 7d 7e 7f 80 81 82 83 84 85 86 87 88 89 8a 8b 8c 8d 8e 8f 90 91 92 93 94 95 96 97 98 99 9a 9b 9c 9d 9e 9f a0 a1 a2 a3 a4 a5 a6 a7 a8 a9 aa ab ac ad ae af b0 b1 ffffffffffffffff 0
[cyc 6958] [R SHIFT BY OCTET OUT] 42 43 44 45 46 47 48 49 4a 4b 4c 4d 4e 4f 50 51 52 53 54 55 56 57 58 59 5a 5b 5c 5d 5e 5f 60 61 62 63 64 65 66 67 68 69 6a 6b 6c 6d 6e 6f 70 71 72 73 74 75 76 77 78 79 7a 7b 7c 7d 7e 7f 80 81 ffffffffffffffff 0
[cyc 6959] [R SHIFT BY OCTET IN] 1e 1f 20 21 22 23 24 25 26 27 28 29 2a 2b 2c 2d 2e 2f 30 31 32 33 34 35 36 37 38 39 3a 3b 3c 3d 3e 3f 40 41 42 43 44 45 46 47 48 49 4a 4b 4c 4d 4e 4f 50 51 52 53 54 55 56 57 58 59 5a 5b 5c 5d ffffffffffffffff 0
[cyc 6959] [R SHIFT BY OCTET OUT] ea eb ec ed ee ef f0 f1 f2 f3 f4 f5 f6 f7 f8 f9 fa fb fc fd fe ff 00 01 02 03 04 05 06 07 08 09 0a 0b 0c 0d 0e 0f 10 11 12 13 14 15 16 17 18 19 1a 1b 1c 1d 1e 1f 20 21 22 23 24 25 26 27 28 29 ffffffffffffffff 0
[cyc 6959] [STRIP MRC headers IN 0] ea eb ec ed ee ef f0 f1 f2 f3 f4 f5 f6 f7 f8 f9 fa fb fc fd fe ff 00 01 02 03 04 05 06 07 08 09 0a 0b 0c 0d 0e 0f 10 11 12 13 14 15 16 17 18 19 1a 1b 1c 1d 1e 1f 20 21 22 23 24 25 26 27 28 29 ffffffffffffffff 0
[cyc 6959] [STRIP MRC headers OUT 0] b2 b3 b4 b5 b6 b7 b8 b9 ba bb bc bd be bf c0 c1 c2 c3 c4 c5 c6 c7 c8 c9 ca cb cc cd ce cf d0 d1 d2 d3 d4 d5 d6 d7 d8 d9 da db dc dd de df e0 e1 e2 e3 e4 e5 e6 e7 e8 e9 ea eb ec ed ee ef f0 f1 ffffffffffffffff 0
[cyc 6959] [R SHIFT BY OCTET IN] b2 b3 b4 b5 b6 b7 b8 b9 ba bb bc bd be bf c0 c1 c2 c3 c4 c5 c6 c7 c8 c9 ca cb cc cd ce cf d0 d1 d2 d3 d4 d5 d6 d7 d8 d9 da db dc dd de df e0 e1 e2 e3 e4 e5 e6 e7 e8 e9 ea eb ec ed ee ef f0 f1 ffffffffffffffff 0
[cyc 6959] [R SHIFT BY OCTET OUT] 82 83 84 85 86 87 88 89 8a 8b 8c 8d 8e 8f 90 91 92 93 94 95 96 97 98 99 9a 9b 9c 9d 9e 9f a0 a1 a2 a3 a4 a5 a6 a7 a8 a9 aa ab ac ad ae af b0 b1 b2 b3 b4 b5 b6 b7 b8 b9 ba bb bc bd be bf c0 c1 ffffffffffffffff 0
[cyc 6960] [R SHIFT BY OCTET IN] 5e 5f 60 61 62 63 64 65 66 67 68 69 6a 6b 6c 6d 6e 6f 70 71 72 73 74 75 76 77 78 79 7a 7b 7c 7d 7e 7f 80 81 82 83 84 85 86 87 88 89 8a 8b 8c 8d 8e 8f 90 91 92 93 94 95 96 97 98 99 9a 9b 9c 9d ffffffffffffffff 0
[cyc 6960] [R SHIFT BY OCTET OUT] 2a 2b 2c 2d 2e 2f 30 31 32 33 34 35 36 37 38 39 3a 3b 3c 3d 3e 3f 40 41 42 43 44 45 46 47 48 49 4a 4b 4c 4d 4e 4f 50 51 52 53 54 55 56 57 58 59 5a 5b 5c 5d 5e 5f 60 61 62 63 64 65 66 67 68 69 ffffffffffffffff 0
[cyc 6960] [STRIP MRC headers IN 0] 2a 2b 2c 2d 2e 2f 30 31 32 33 34 35 36 37 38 39 3a 3b 3c 3d 3e 3f 40 41 42 43 44 45 46 47 48 49 4a 4b 4c 4d 4e 4f 50 51 52 53 54 55 56 57 58 59 5a 5b 5c 5d 5e 5f 60 61 62 63 64 65 66 67 68 69 ffffffffffffffff 0
[cyc 6960] [STRIP MRC headers OUT 0] f2 f3 f4 f5 f6 f7 f8 f9 fa fb fc fd fe ff 00 01 02 03 04 05 06 07 08 09 0a 0b 0c 0d 0e 0f 10 11 12 13 14 15 16 17 18 19 1a 1b 1c 1d 1e 1f 20 21 22 23 24 25 26 27 28 29 2a 2b 2c 2d 2e 2f 30 31 ffffffffffffffff 0
[cyc 6960] [R SHIFT BY OCTET IN] f2 f3 f4 f5 f6 f7 f8 f9 fa fb fc fd fe ff 00 01 02 03 04 05 06 07 08 09 0a 0b 0c 0d 0e 0f 10 11 12 13 14 15 16 17 18 19 1a 1b 1c 1d 1e 1f 20 21 22 23 24 25 26 27 28 29 2a 2b 2c 2d 2e 2f 30 31 ffffffffffffffff 0
[cyc 6960] [R SHIFT BY OCTET OUT] c2 c3 c4 c5 c6 c7 c8 c9 ca cb cc cd ce cf d0 d1 d2 d3 d4 d5 d6 d7 d8 d9 da db dc dd de df e0 e1 e2 e3 e4 e5 e6 e7 e8 e9 ea eb ec ed ee ef f0 f1 f2 f3 f4 f5 f6 f7 f8 f9 fa fb fc fd fe ff 00 01 ffffffffffffffff 0
[cyc 6961] [TB] last beat of packet 0 (17 beat(s))
[cyc 6961] [R SHIFT BY OCTET IN] 9e 9f a0 a1 a2 a3 a4 a5 a6 a7 a8 a9 aa ab ac ad ae af b0 b1 b2 b3 b4 b5 b6 b7 b8 b9 ba bb bc bd be bf c0 c1 00 00 00 00 00 00 00 00 00 00 00 00 00 00 00 00 00 00 00 00 00 00 00 00 00 00 00 00 0000000fffffffff 1  <- last
[cyc 6961] [R SHIFT BY OCTET OUT] 6a 6b 6c 6d 6e 6f 70 71 72 73 74 75 76 77 78 79 7a 7b 7c 7d 7e 7f 80 81 82 83 84 85 86 87 88 89 8a 8b 8c 8d 8e 8f 90 91 92 93 94 95 96 97 98 99 9a 9b 9c 9d 9e 9f a0 a1 a2 a3 a4 a5 a6 a7 a8 a9 ffffffffffffffff 0
[cyc 6961] [STRIP MRC headers IN 0] 6a 6b 6c 6d 6e 6f 70 71 72 73 74 75 76 77 78 79 7a 7b 7c 7d 7e 7f 80 81 82 83 84 85 86 87 88 89 8a 8b 8c 8d 8e 8f 90 91 92 93 94 95 96 97 98 99 9a 9b 9c 9d 9e 9f a0 a1 a2 a3 a4 a5 a6 a7 a8 a9 ffffffffffffffff 0
[cyc 6961] [STRIP MRC headers OUT 0] 32 33 34 35 36 37 38 39 3a 3b 3c 3d 3e 3f 40 41 42 43 44 45 46 47 48 49 4a 4b 4c 4d 4e 4f 50 51 52 53 54 55 56 57 58 59 5a 5b 5c 5d 5e 5f 60 61 62 63 64 65 66 67 68 69 6a 6b 6c 6d 6e 6f 70 71 ffffffffffffffff 0
[cyc 6961] [R SHIFT BY OCTET IN] 32 33 34 35 36 37 38 39 3a 3b 3c 3d 3e 3f 40 41 42 43 44 45 46 47 48 49 4a 4b 4c 4d 4e 4f 50 51 52 53 54 55 56 57 58 59 5a 5b 5c 5d 5e 5f 60 61 62 63 64 65 66 67 68 69 6a 6b 6c 6d 6e 6f 70 71 ffffffffffffffff 0
[cyc 6961] [R SHIFT BY OCTET OUT] 02 03 04 05 06 07 08 09 0a 0b 0c 0d 0e 0f 10 11 12 13 14 15 16 17 18 19 1a 1b 1c 1d 1e 1f 20 21 22 23 24 25 26 27 28 29 2a 2b 2c 2d 2e 2f 30 31 32 33 34 35 36 37 38 39 3a 3b 3c 3d 3e 3f 40 41 ffffffffffffffff 0
[TB] All packets fed, running 300 more cycles...
[cyc 6962] [R SHIFT BY OCTET OUT] aa ab ac ad ae af b0 b1 b2 b3 b4 b5 b6 b7 b8 b9 ba bb bc bd be bf c0 c1 00 00 00 00 00 00 00 00 00 00 00 00 00 00 00 00 00 00 00 00 00 00 00 00 00 00 00 00 00 00 00 00 00 00 00 00 00 00 00 00 0000000000ffffff 1  <- last
[cyc 6962] [STRIP MRC headers IN 0] aa ab ac ad ae af b0 b1 b2 b3 b4 b5 b6 b7 b8 b9 ba bb bc bd be bf c0 c1 00 00 00 00 00 00 00 00 00 00 00 00 00 00 00 00 00 00 00 00 00 00 00 00 00 00 00 00 00 00 00 00 00 00 00 00 00 00 00 00 0000000000ffffff 1  <- last
[cyc 6962] [STRIP MRC headers OUT 0] 72 73 74 75 76 77 78 79 7a 7b 7c 7d 7e 7f 80 81 82 83 84 85 86 87 88 89 8a 8b 8c 8d 8e 8f 90 91 92 93 94 95 96 97 98 99 9a 9b 9c 9d 9e 9f a0 a1 a2 a3 a4 a5 a6 a7 a8 a9 aa ab ac ad ae af b0 b1 ffffffffffffffff 0
[cyc 6962] [R SHIFT BY OCTET IN] 72 73 74 75 76 77 78 79 7a 7b 7c 7d 7e 7f 80 81 82 83 84 85 86 87 88 89 8a 8b 8c 8d 8e 8f 90 91 92 93 94 95 96 97 98 99 9a 9b 9c 9d 9e 9f a0 a1 a2 a3 a4 a5 a6 a7 a8 a9 aa ab ac ad ae af b0 b1 ffffffffffffffff 0
[cyc 6962] [R SHIFT BY OCTET OUT] 42 43 44 45 46 47 48 49 4a 4b 4c 4d 4e 4f 50 51 52 53 54 55 56 57 58 59 5a 5b 5c 5d 5e 5f 60 61 62 63 64 65 66 67 68 69 6a 6b 6c 6d 6e 6f 70 71 72 73 74 75 76 77 78 79 7a 7b 7c 7d 7e 7f 80 81 ffffffffffffffff 0
[cyc 6963] [STRIP MRC headers OUT 0] b2 b3 b4 b5 b6 b7 b8 b9 ba bb bc bd be bf c0 c1 00 00 00 00 00 00 00 00 00 00 00 00 00 00 00 00 00 00 00 00 00 00 00 00 00 00 00 00 00 00 00 00 00 00 00 00 00 00 00 00 00 00 00 00 00 00 00 00 000000000000ffff 1  <- last
[cyc 6963] [R SHIFT BY OCTET IN] b2 b3 b4 b5 b6 b7 b8 b9 ba bb bc bd be bf c0 c1 c2 c3 c4 c5 c6 c7 c8 c9 ca cb cc cd ce cf d0 d1 d2 d3 d4 d5 d6 d7 d8 d9 da db dc dd de df e0 e1 e2 e3 e4 e5 e6 e7 e8 e9 ea eb ec ed ee ef f0 f1 ffffffffffffffff 0
[cyc 6963] [R SHIFT BY OCTET OUT] 82 83 84 85 86 87 88 89 8a 8b 8c 8d 8e 8f 90 91 92 93 94 95 96 97 98 99 9a 9b 9c 9d 9e 9f a0 a1 a2 a3 a4 a5 a6 a7 a8 a9 aa ab ac ad ae af b0 b1 b2 b3 b4 b5 b6 b7 b8 b9 ba bb bc bd be bf c0 c1 ffffffffffffffff 0
[cyc 6964] [R SHIFT BY OCTET IN] f2 f3 f4 f5 f6 f7 f8 f9 fa fb fc fd fe ff 00 01 02 03 04 05 06 07 08 09 0a 0b 0c 0d 0e 0f 10 11 12 13 14 15 16 17 18 19 1a 1b 1c 1d 1e 1f 20 21 22 23 24 25 26 27 28 29 2a 2b 2c 2d 2e 2f 30 31 ffffffffffffffff 0
[cyc 6964] [R SHIFT BY OCTET OUT] c2 c3 c4 c5 c6 c7 c8 c9 ca cb cc cd ce cf d0 d1 d2 d3 d4 d5 d6 d7 d8 d9 da db dc dd de df e0 e1 e2 e3 e4 e5 e6 e7 e8 e9 ea eb ec ed ee ef f0 f1 f2 f3 f4 f5 f6 f7 f8 f9 fa fb fc fd fe ff 00 01 ffffffffffffffff 0
[cyc 6965] [R SHIFT BY OCTET IN] 32 33 34 35 36 37 38 39 3a 3b 3c 3d 3e 3f 40 41 42 43 44 45 46 47 48 49 4a 4b 4c 4d 4e 4f 50 51 52 53 54 55 56 57 58 59 5a 5b 5c 5d 5e 5f 60 61 62 63 64 65 66 67 68 69 6a 6b 6c 6d 6e 6f 70 71 ffffffffffffffff 0
[cyc 6965] [R SHIFT BY OCTET OUT] 02 03 04 05 06 07 08 09 0a 0b 0c 0d 0e 0f 10 11 12 13 14 15 16 17 18 19 1a 1b 1c 1d 1e 1f 20 21 22 23 24 25 26 27 28 29 2a 2b 2c 2d 2e 2f 30 31 32 33 34 35 36 37 38 39 3a 3b 3c 3d 3e 3f 40 41 ffffffffffffffff 0
[cyc 6966] [R SHIFT BY OCTET IN] 72 73 74 75 76 77 78 79 7a 7b 7c 7d 7e 7f 80 81 82 83 84 85 86 87 88 89 8a 8b 8c 8d 8e 8f 90 91 92 93 94 95 96 97 98 99 9a 9b 9c 9d 9e 9f a0 a1 a2 a3 a4 a5 a6 a7 a8 a9 aa ab ac ad ae af b0 b1 ffffffffffffffff 0
[cyc 6966] [R SHIFT BY OCTET OUT] 42 43 44 45 46 47 48 49 4a 4b 4c 4d 4e 4f 50 51 52 53 54 55 56 57 58 59 5a 5b 5c 5d 5e 5f 60 61 62 63 64 65 66 67 68 69 6a 6b 6c 6d 6e 6f 70 71 72 73 74 75 76 77 78 79 7a 7b 7c 7d 7e 7f 80 81 ffffffffffffffff 0
[cyc 6967] [R SHIFT BY OCTET IN] b2 b3 b4 b5 b6 b7 b8 b9 ba bb bc bd be bf c0 c1 00 00 00 00 00 00 00 00 00 00 00 00 00 00 00 00 00 00 00 00 00 00 00 00 00 00 00 00 00 00 00 00 00 00 00 00 00 00 00 00 00 00 00 00 00 00 00 00 000000000000ffff 1  <- last
[cyc 6967] [R SHIFT BY OCTET OUT] 82 83 84 85 86 87 88 89 8a 8b 8c 8d 8e 8f 90 91 92 93 94 95 96 97 98 99 9a 9b 9c 9d 9e 9f a0 a1 a2 a3 a4 a5 a6 a7 a8 a9 aa ab ac ad ae af b0 b1 b2 b3 b4 b5 b6 b7 b8 b9 ba bb bc bd be bf c0 c1 ffffffffffffffff 1  <- last

[TB] ---- Outputs (cycle they left the module) ----
[TB] cyc 6951 m_axis_mem_write_cmd: op=RC_RDMA_WRITE_MIDDLE qpn=0x5 addr=0x24400 len=1024 lst=0 host=1
[TB] cyc 6968 m_axis_mem_write_data: 1024 B
      0000: c2 c3 c4 c5 c6 c7 c8 c9 ca cb cc cd ce cf d0 d1 
      0010: d2 d3 d4 d5 d6 d7 d8 d9 da db dc dd de df e0 e1 
      0020: e2 e3 e4 e5 e6 e7 e8 e9 ea eb ec ed ee ef f0 f1 
      0030: f2 f3 f4 f5 f6 f7 f8 f9 fa fb fc fd fe ff 00 01 
      ... (960 more bytes)
[TB] cyc 6955 m_axis_tx_data packet (16 B), meta: dst ip=0xa000002 length=20
      0000: d1 00 ff ff 00 00 00 42 00 0a 0b 1d 1f 00 00 0c 

[TB] ---- Checks ----
[TB] Packet 0: TEST 06f: MIDDLE with TSETH
  [PASS] a memory write command was issued for it
[TB]   memory command at cycle 6951
  [PASS] memCmd.op_code = 0xc7
  [PASS] memCmd.qpn     = 0x5
  [PASS] memCmd.addr    = 0x24400
  [PASS] memCmd.len     = 1024
  [PASS] memCmd.lst     = 0x0
  [PASS] payload data reached memory
[TB]   payload in memory by cycle 6968
  [PASS] bytes written to memory = 1024
  [PASS] memory data is identical to the payload that was sent
  [PASS] a reply (ACK/NAK) was sent for it
[TB]   reply at cycle 6955
  [PASS] tx meta: destination IP = 0xa000002
  [PASS] tx meta: UDP length (BTH+AETH+ICRC) = 20
[TB]   parsed reply: MRC_ACK  DestQP=0x42  PSN=0xa0b1d  AETH.syndrome=0x1f (ACK)  AETH.MSN=0xc
  [PASS] reply length in bytes = 16
  [PASS] reply BTH.opcode (MRC_ACK) = 0xd1
  [PASS] reply BTH.DestQP (remote QPN) = 0x42
  [PASS] reply BTH.PSN = 0xa0b1d
  [PASS] reply AETH.syndrome (ACK) = 0x1f
  [PASS] reply AETH.MSN = 0xc
[TB] Whole group
  [PASS] unexpected memory write commands = 0
  [PASS] unexpected memory payloads = 0
  [PASS] no memory data beat left without TLAST
  [PASS] unexpected packets sent back = 0
  [PASS] tx meta entries = tx packets = 1
  [PASS] invalid-PSN drop counter increase over the group = 0
  [PASS] ackMeta to the host (only used for our own requests) = 0
  [PASS] module consumed the whole input
  [PASS] no memory READ command issued

=====================================================================
  GROUP: TEST 06g: LAST without TSETH
=====================================================================
[TB] Packet 0: TEST 06g: LAST without TSETH
[TB]   state before: epsn=0xa0b1e last_psn=0xa0b1d
[TB]   RC_RDMA_WRITE_LAST  DestQP=0x5  PSN=0xa0b1e, 658206  RETH.vaddr=0x24800  RETH.len=2098  payload=50 B  UDP length=94  (then drain and check)
      0000: c8 00 ff ff 00 00 00 05 80 0a 0b 1e 00 00 00 0c 
      0010: 00 00 00 00 00 02 48 00 00 00 12 34 00 00 08 32 
      0020: c3 c4 c5 c6 c7 c8 c9 ca cb cc cd ce cf d0 d1 d2 
      0030: d3 d4 d5 d6 d7 d8 d9 da db dc dd de df e0 e1 e2 
      ... (18 more bytes)

[TB] Feeding 1 packet(s)... (module prints follow)
[cyc 7262] [TB] first beat of packet 0 (TEST 06g: LAST without TSETH)
[cyc 7262] [RX PROCESS IBH 0]: input psn 0x0a0b1e
[cyc 7262] [RX PROCESS IBH 0]: process IBH opcode: c8
[cyc 7262] [R SHIFT BY OCTET IN] c8 00 ff ff 00 00 00 05 80 0a 0b 1e 00 00 00 0c 00 00 00 00 00 02 48 00 00 00 12 34 00 00 08 32 c3 c4 c5 c6 c7 c8 c9 ca cb cc cd ce cf d0 d1 d2 d3 d4 d5 d6 d7 d8 d9 da db dc dd de df e0 e1 e2 ffffffffffffffff 0
[cyc 7263] [TB] last beat of packet 0 (2 beat(s))
[cyc 7263] [R SHIFT BY OCTET IN] e3 e4 e5 e6 e7 e8 e9 ea eb ec ed ee ef f0 f1 f2 f3 f4 00 00 00 00 00 00 00 00 00 00 00 00 00 00 00 00 00 00 00 00 00 00 00 00 00 00 00 00 00 00 00 00 00 00 00 00 00 00 00 00 00 00 00 00 00 00 000000000003ffff 1  <- last
[cyc 7263] [R SHIFT BY OCTET OUT] 00 00 00 0c 00 00 00 00 00 02 48 00 00 00 12 34 00 00 08 32 c3 c4 c5 c6 c7 c8 c9 ca cb cc cd ce cf d0 d1 d2 d3 d4 d5 d6 d7 d8 d9 da db dc dd de df e0 e1 e2 e3 e4 e5 e6 e7 e8 e9 ea eb ec ed ee ffffffffffffffff 0
[cyc 7263] [STRIP MRC headers IN 0] 00 00 00 0c 00 00 00 00 00 02 48 00 00 00 12 34 00 00 08 32 c3 c4 c5 c6 c7 c8 c9 ca cb cc cd ce cf d0 d1 d2 d3 d4 d5 d6 d7 d8 d9 da db dc dd de df e0 e1 e2 e3 e4 e5 e6 e7 e8 e9 ea eb ec ed ee ffffffffffffffff 0
[TB] All packets fed, running 300 more cycles...
[cyc 7264] [R SHIFT BY OCTET OUT] ef f0 f1 f2 f3 f4 00 00 00 00 00 00 00 00 00 00 00 00 00 00 00 00 00 00 00 00 00 00 00 00 00 00 00 00 00 00 00 00 00 00 00 00 00 00 00 00 00 00 00 00 00 00 00 00 00 00 00 00 00 00 00 00 00 00 000000000000003f 1  <- last
[cyc 7264] [STRIP MRC headers IN 0] ef f0 f1 f2 f3 f4 00 00 00 00 00 00 00 00 00 00 00 00 00 00 00 00 00 00 00 00 00 00 00 00 00 00 00 00 00 00 00 00 00 00 00 00 00 00 00 00 00 00 00 00 00 00 00 00 00 00 00 00 00 00 00 00 00 00 000000000000003f 1  <- last
[cyc 7264] [STRIP MRC headers OUT 0] 00 00 00 00 00 02 48 00 00 00 12 34 00 00 08 32 c3 c4 c5 c6 c7 c8 c9 ca cb cc cd ce cf d0 d1 d2 d3 d4 d5 d6 d7 d8 d9 da db dc dd de df e0 e1 e2 e3 e4 e5 e6 e7 e8 e9 ea eb ec ed ee ef f0 f1 f2 ffffffffffffffff 0
[cyc 7265] [STRIP MRC headers OUT 0] f3 f4 00 00 00 00 00 00 00 00 00 00 00 00 00 00 00 00 00 00 00 00 00 00 00 00 00 00 00 00 00 00 00 00 00 00 00 00 00 00 00 00 00 00 00 00 00 00 00 00 00 00 00 00 00 00 00 00 00 00 00 00 00 00 0000000000000003 1  <- last
[cyc 7265] [RX IBH FSM 0]: epsn: 0x0a0b1e, 658206, packet psn: 0x0a0b1e, 658206, oldest outstanding psn: 0x8a0b1e, 9046814
[cyc 7267] [META MERGER 0]: reading from ack event with qpn 5, psn 658206
[cyc 7268] [R SHIFT BY OCTET IN] 00 00 00 00 00 02 48 00 00 00 12 34 00 00 08 32 c3 c4 c5 c6 c7 c8 c9 ca cb cc cd ce cf d0 d1 d2 d3 d4 d5 d6 d7 d8 d9 da db dc dd de df e0 e1 e2 e3 e4 e5 e6 e7 e8 e9 ea eb ec ed ee ef f0 f1 f2 ffffffffffffffff 0
[cyc 7269] [R SHIFT BY OCTET IN] f3 f4 00 00 00 00 00 00 00 00 00 00 00 00 00 00 00 00 00 00 00 00 00 00 00 00 00 00 00 00 00 00 00 00 00 00 00 00 00 00 00 00 00 00 00 00 00 00 00 00 00 00 00 00 00 00 00 00 00 00 00 00 00 00 0000000000000003 1  <- last
[cyc 7269] [R SHIFT BY OCTET OUT] c3 c4 c5 c6 c7 c8 c9 ca cb cc cd ce cf d0 d1 d2 d3 d4 d5 d6 d7 d8 d9 da db dc dd de df e0 e1 e2 e3 e4 e5 e6 e7 e8 e9 ea eb ec ed ee ef f0 f1 f2 f3 f4 00 00 00 00 00 00 00 00 00 00 00 00 00 00 0003ffffffffffff 1  <- last
[cyc 7270] [GENERATE EXH 0]: MRC_ACK with qpn 5, psn 658206
[cyc 7270] [GENERATE EXH 0]: MRC_ACK 1f 00 00 0d 40 5f 00 00 00 71 f4 d0 83 e8 5f f6 60 fa 8b 9e 40 5f 00 00 40 be 46 89 fe 7f 00 00 d0 fa 8b 9e 40 5f 00 00 44 5b 81 9e 40 5f 00 00 44 c0 46 89 fe 7f 00 00 87 16 85 9e 40 5f 00 00 000000000000000f 1
[cyc 7270] [APPEND PAYLOAD 0]: moving to state HEADER
[cyc 7270] [TX IP UDP META MERGER 0]: port 0xc000
[cyc 7271] [APPEND PAYLOAD 0]: moving to state INFO
[cyc 7271] [GENERATE IBH 0]: input meta, opcode 0x209 valid psn 0x0a0b1e
[cyc 7271] [PREPEND IBH HEADER 0]: going to state PARTIAL_HEADER
[cyc 7272] [PREPEND IBH HEADER 0]: IBH PARTIAL PAYLOAD
[cyc 7272] 00 00 00 00 00 00 00 00 00 00 00 00 1f 00 00 0d 40 5f 00 00 00 71 f4 d0 83 e8 5f f6 60 fa 8b 9e 40 5f 00 00 40 be 46 89 fe 7f 00 00 d0 fa 8b 9e 40 5f 00 00 44 5b 81 9e 40 5f 00 00 44 c0 46 89 000000000000ffff 1
[cyc 7272] [PREPEND IBH HEADER 0]: IBH PARTIAL HEADER
[cyc 7272] d1 00 ff ff 00 00 00 42 00 0a 0b 1e 1f 00 00 0d 40 5f 00 00 00 71 f4 d0 83 e8 5f f6 60 fa 8b 9e 40 5f 00 00 40 be 46 89 fe 7f 00 00 d0 fa 8b 9e 40 5f 00 00 44 5b 81 9e 40 5f 00 00 44 c0 46 89 000000000000ffff 1

[TB] ---- Outputs (cycle they left the module) ----
[TB] cyc 7268 m_axis_mem_write_cmd: op=RC_RDMA_WRITE_LAST qpn=0x5 addr=0x24800 len=50 lst=1 host=1
[TB] cyc 7270 m_axis_mem_write_data: 50 B
      0000: c3 c4 c5 c6 c7 c8 c9 ca cb cc cd ce cf d0 d1 d2 
      0010: d3 d4 d5 d6 d7 d8 d9 da db dc dd de df e0 e1 e2 
      0020: e3 e4 e5 e6 e7 e8 e9 ea eb ec ed ee ef f0 f1 f2 
      0030: f3 f4 
[TB] cyc 7273 m_axis_tx_data packet (16 B), meta: dst ip=0xa000002 length=20
      0000: d1 00 ff ff 00 00 00 42 00 0a 0b 1e 1f 00 00 0d 

[TB] ---- Checks ----
[TB] Packet 0: TEST 06g: LAST without TSETH
  [PASS] a memory write command was issued for it
[TB]   memory command at cycle 7268
  [PASS] memCmd.op_code = 0xc8
  [PASS] memCmd.qpn     = 0x5
  [PASS] memCmd.addr    = 0x24800
  [PASS] memCmd.len     = 50
  [PASS] memCmd.lst     = 0x1
  [PASS] payload data reached memory
[TB]   payload in memory by cycle 7270
  [PASS] bytes written to memory = 50
  [PASS] memory data is identical to the payload that was sent
  [PASS] a reply (ACK/NAK) was sent for it
[TB]   reply at cycle 7273
  [PASS] tx meta: destination IP = 0xa000002
  [PASS] tx meta: UDP length (BTH+AETH+ICRC) = 20
[TB]   parsed reply: MRC_ACK  DestQP=0x42  PSN=0xa0b1e  AETH.syndrome=0x1f (ACK)  AETH.MSN=0xd
  [PASS] reply length in bytes = 16
  [PASS] reply BTH.opcode (MRC_ACK) = 0xd1
  [PASS] reply BTH.DestQP (remote QPN) = 0x42
  [PASS] reply BTH.PSN = 0xa0b1e
  [PASS] reply AETH.syndrome (ACK) = 0x1f
  [PASS] reply AETH.MSN = 0xd
[TB] Whole group
  [PASS] unexpected memory write commands = 0
  [PASS] unexpected memory payloads = 0
  [PASS] no memory data beat left without TLAST
  [PASS] unexpected packets sent back = 0
  [PASS] tx meta entries = tx packets = 1
  [PASS] invalid-PSN drop counter increase over the group = 0
  [PASS] ackMeta to the host (only used for our own requests) = 0
  [PASS] module consumed the whole input
  [PASS] no memory READ command issued

=====================================================================
  GROUP: TEST 07: ONLY with rtx
=====================================================================
[TB] Packet 0: TEST 07: ONLY with rtx
[TB]   state before: epsn=0xa0b1f last_psn=0xa0b1e
[TB]   RC_RDMA_WRITE_ONLY  DestQP=0x5  PSN=0xa0b1f, 658207  RETH.vaddr=0x30000  RETH.len=200  payload=200 B  UDP length=244  (then drain and check)
      0000: ca 00 ff ff 00 00 00 05 a0 0a 0b 1f 00 00 00 0d 
      0010: 00 00 00 00 00 03 00 00 00 00 12 34 00 00 00 c8 
      0020: d0 d1 d2 d3 d4 d5 d6 d7 d8 d9 da db dc dd de df 
      0030: e0 e1 e2 e3 e4 e5 e6 e7 e8 e9 ea eb ec ed ee ef 
      ... (168 more bytes)

[TB] Feeding 1 packet(s)... (module prints follow)
[cyc 7564] [TB] first beat of packet 0 (TEST 07: ONLY with rtx)
[cyc 7564] [RX PROCESS IBH 0]: input psn 0x0a0b1f
[cyc 7564] [RX PROCESS IBH 0]: process IBH opcode: ca
[cyc 7564] [R SHIFT BY OCTET IN] ca 00 ff ff 00 00 00 05 a0 0a 0b 1f 00 00 00 0d 00 00 00 00 00 03 00 00 00 00 12 34 00 00 00 c8 d0 d1 d2 d3 d4 d5 d6 d7 d8 d9 da db dc dd de df e0 e1 e2 e3 e4 e5 e6 e7 e8 e9 ea eb ec ed ee ef ffffffffffffffff 0
[cyc 7565] [R SHIFT BY OCTET IN] f0 f1 f2 f3 f4 f5 f6 f7 f8 f9 fa fb fc fd fe ff 00 01 02 03 04 05 06 07 08 09 0a 0b 0c 0d 0e 0f 10 11 12 13 14 15 16 17 18 19 1a 1b 1c 1d 1e 1f 20 21 22 23 24 25 26 27 28 29 2a 2b 2c 2d 2e 2f ffffffffffffffff 0
[cyc 7565] [R SHIFT BY OCTET OUT] 00 00 00 0d 00 00 00 00 00 03 00 00 00 00 12 34 00 00 00 c8 d0 d1 d2 d3 d4 d5 d6 d7 d8 d9 da db dc dd de df e0 e1 e2 e3 e4 e5 e6 e7 e8 e9 ea eb ec ed ee ef f0 f1 f2 f3 f4 f5 f6 f7 f8 f9 fa fb ffffffffffffffff 0
[cyc 7565] [STRIP MRC headers IN 0] 00 00 00 0d 00 00 00 00 00 03 00 00 00 00 12 34 00 00 00 c8 d0 d1 d2 d3 d4 d5 d6 d7 d8 d9 da db dc dd de df e0 e1 e2 e3 e4 e5 e6 e7 e8 e9 ea eb ec ed ee ef f0 f1 f2 f3 f4 f5 f6 f7 f8 f9 fa fb ffffffffffffffff 0
[cyc 7566] [R SHIFT BY OCTET IN] 30 31 32 33 34 35 36 37 38 39 3a 3b 3c 3d 3e 3f 40 41 42 43 44 45 46 47 48 49 4a 4b 4c 4d 4e 4f 50 51 52 53 54 55 56 57 58 59 5a 5b 5c 5d 5e 5f 60 61 62 63 64 65 66 67 68 69 6a 6b 6c 6d 6e 6f ffffffffffffffff 0
[cyc 7566] [R SHIFT BY OCTET OUT] fc fd fe ff 00 01 02 03 04 05 06 07 08 09 0a 0b 0c 0d 0e 0f 10 11 12 13 14 15 16 17 18 19 1a 1b 1c 1d 1e 1f 20 21 22 23 24 25 26 27 28 29 2a 2b 2c 2d 2e 2f 30 31 32 33 34 35 36 37 38 39 3a 3b ffffffffffffffff 0
[cyc 7566] [STRIP MRC headers IN 0] fc fd fe ff 00 01 02 03 04 05 06 07 08 09 0a 0b 0c 0d 0e 0f 10 11 12 13 14 15 16 17 18 19 1a 1b 1c 1d 1e 1f 20 21 22 23 24 25 26 27 28 29 2a 2b 2c 2d 2e 2f 30 31 32 33 34 35 36 37 38 39 3a 3b ffffffffffffffff 0
[cyc 7566] [STRIP MRC headers OUT 0] 00 00 00 00 00 03 00 00 00 00 12 34 00 00 00 c8 d0 d1 d2 d3 d4 d5 d6 d7 d8 d9 da db dc dd de df e0 e1 e2 e3 e4 e5 e6 e7 e8 e9 ea eb ec ed ee ef f0 f1 f2 f3 f4 f5 f6 f7 f8 f9 fa fb fc fd fe ff ffffffffffffffff 0
[cyc 7567] [TB] last beat of packet 0 (4 beat(s))
[cyc 7567] [R SHIFT BY OCTET IN] 70 71 72 73 74 75 76 77 78 79 7a 7b 7c 7d 7e 7f 80 81 82 83 84 85 86 87 88 89 8a 8b 8c 8d 8e 8f 90 91 92 93 94 95 96 97 00 00 00 00 00 00 00 00 00 00 00 00 00 00 00 00 00 00 00 00 00 00 00 00 000000ffffffffff 1  <- last
[cyc 7567] [R SHIFT BY OCTET OUT] 3c 3d 3e 3f 40 41 42 43 44 45 46 47 48 49 4a 4b 4c 4d 4e 4f 50 51 52 53 54 55 56 57 58 59 5a 5b 5c 5d 5e 5f 60 61 62 63 64 65 66 67 68 69 6a 6b 6c 6d 6e 6f 70 71 72 73 74 75 76 77 78 79 7a 7b ffffffffffffffff 0
[cyc 7567] [STRIP MRC headers IN 0] 3c 3d 3e 3f 40 41 42 43 44 45 46 47 48 49 4a 4b 4c 4d 4e 4f 50 51 52 53 54 55 56 57 58 59 5a 5b 5c 5d 5e 5f 60 61 62 63 64 65 66 67 68 69 6a 6b 6c 6d 6e 6f 70 71 72 73 74 75 76 77 78 79 7a 7b ffffffffffffffff 0
[cyc 7567] [STRIP MRC headers OUT 0] 00 01 02 03 04 05 06 07 08 09 0a 0b 0c 0d 0e 0f 10 11 12 13 14 15 16 17 18 19 1a 1b 1c 1d 1e 1f 20 21 22 23 24 25 26 27 28 29 2a 2b 2c 2d 2e 2f 30 31 32 33 34 35 36 37 38 39 3a 3b 3c 3d 3e 3f ffffffffffffffff 0
[cyc 7567] [RX IBH FSM 0]: epsn: 0x0a0b1f, 658207, packet psn: 0x0a0b1f, 658207, oldest outstanding psn: 0x8a0b1f, 9046815
[TB] All packets fed, running 300 more cycles...
[cyc 7568] [R SHIFT BY OCTET OUT] 7c 7d 7e 7f 80 81 82 83 84 85 86 87 88 89 8a 8b 8c 8d 8e 8f 90 91 92 93 94 95 96 97 00 00 00 00 00 00 00 00 00 00 00 00 00 00 00 00 00 00 00 00 00 00 00 00 00 00 00 00 00 00 00 00 00 00 00 00 000000000fffffff 1  <- last
[cyc 7568] [STRIP MRC headers IN 0] 7c 7d 7e 7f 80 81 82 83 84 85 86 87 88 89 8a 8b 8c 8d 8e 8f 90 91 92 93 94 95 96 97 00 00 00 00 00 00 00 00 00 00 00 00 00 00 00 00 00 00 00 00 00 00 00 00 00 00 00 00 00 00 00 00 00 00 00 00 000000000fffffff 1  <- last
[cyc 7568] [STRIP MRC headers OUT 0] 40 41 42 43 44 45 46 47 48 49 4a 4b 4c 4d 4e 4f 50 51 52 53 54 55 56 57 58 59 5a 5b 5c 5d 5e 5f 60 61 62 63 64 65 66 67 68 69 6a 6b 6c 6d 6e 6f 70 71 72 73 74 75 76 77 78 79 7a 7b 7c 7d 7e 7f ffffffffffffffff 0
[cyc 7569] [STRIP MRC headers OUT 0] 80 81 82 83 84 85 86 87 88 89 8a 8b 8c 8d 8e 8f 90 91 92 93 94 95 96 97 00 00 00 00 00 00 00 00 00 00 00 00 00 00 00 00 00 00 00 00 00 00 00 00 00 00 00 00 00 00 00 00 00 00 00 00 00 00 00 00 0000000000ffffff 1  <- last
[cyc 7569] [META MERGER 0]: reading from ack event with qpn 0x5, psn 0x0a0b1f
[cyc 7570] [R SHIFT BY OCTET IN] 00 00 00 00 00 03 00 00 00 00 12 34 00 00 00 c8 d0 d1 d2 d3 d4 d5 d6 d7 d8 d9 da db dc dd de df e0 e1 e2 e3 e4 e5 e6 e7 e8 e9 ea eb ec ed ee ef f0 f1 f2 f3 f4 f5 f6 f7 f8 f9 fa fb fc fd fe ff ffffffffffffffff 0
[cyc 7571] [R SHIFT BY OCTET IN] 00 01 02 03 04 05 06 07 08 09 0a 0b 0c 0d 0e 0f 10 11 12 13 14 15 16 17 18 19 1a 1b 1c 1d 1e 1f 20 21 22 23 24 25 26 27 28 29 2a 2b 2c 2d 2e 2f 30 31 32 33 34 35 36 37 38 39 3a 3b 3c 3d 3e 3f ffffffffffffffff 0
[cyc 7571] [R SHIFT BY OCTET OUT] d0 d1 d2 d3 d4 d5 d6 d7 d8 d9 da db dc dd de df e0 e1 e2 e3 e4 e5 e6 e7 e8 e9 ea eb ec ed ee ef f0 f1 f2 f3 f4 f5 f6 f7 f8 f9 fa fb fc fd fe ff 00 01 02 03 04 05 06 07 08 09 0a 0b 0c 0d 0e 0f ffffffffffffffff 0
[cyc 7572] [R SHIFT BY OCTET IN] 40 41 42 43 44 45 46 47 48 49 4a 4b 4c 4d 4e 4f 50 51 52 53 54 55 56 57 58 59 5a 5b 5c 5d 5e 5f 60 61 62 63 64 65 66 67 68 69 6a 6b 6c 6d 6e 6f 70 71 72 73 74 75 76 77 78 79 7a 7b 7c 7d 7e 7f ffffffffffffffff 0
[cyc 7572] [R SHIFT BY OCTET OUT] 10 11 12 13 14 15 16 17 18 19 1a 1b 1c 1d 1e 1f 20 21 22 23 24 25 26 27 28 29 2a 2b 2c 2d 2e 2f 30 31 32 33 34 35 36 37 38 39 3a 3b 3c 3d 3e 3f 40 41 42 43 44 45 46 47 48 49 4a 4b 4c 4d 4e 4f ffffffffffffffff 0
[cyc 7572] [GENERATE EXH 0]: MRC_ACK with qpn 0x5, psn 0x0a0b1f
[cyc 7572] [GENERATE EXH 0]: MRC_ACK 1f 00 00 0e 14 15 16 17 00 71 f4 d0 83 e8 5f f6 60 fa 8b 9e 40 5f 00 00 40 be 46 89 fe 7f 00 00 d0 fa 8b 9e 40 5f 00 00 44 5b 81 9e 40 5f 00 00 44 c0 46 89 fe 7f 00 00 87 16 85 9e 40 5f 00 00 000000000000000f 1
[cyc 7572] [APPEND PAYLOAD 0]: moving to state HEADER
[cyc 7572] [TX IP UDP META MERGER 0]: port 0xc000
[cyc 7573] [R SHIFT BY OCTET IN] 80 81 82 83 84 85 86 87 88 89 8a 8b 8c 8d 8e 8f 90 91 92 93 94 95 96 97 00 00 00 00 00 00 00 00 00 00 00 00 00 00 00 00 00 00 00 00 00 00 00 00 00 00 00 00 00 00 00 00 00 00 00 00 00 00 00 00 0000000000ffffff 1  <- last
[cyc 7573] [R SHIFT BY OCTET OUT] 50 51 52 53 54 55 56 57 58 59 5a 5b 5c 5d 5e 5f 60 61 62 63 64 65 66 67 68 69 6a 6b 6c 6d 6e 6f 70 71 72 73 74 75 76 77 78 79 7a 7b 7c 7d 7e 7f 80 81 82 83 84 85 86 87 88 89 8a 8b 8c 8d 8e 8f ffffffffffffffff 0
[cyc 7573] [APPEND PAYLOAD 0]: moving to state INFO
[cyc 7573] [GENERATE IBH 0]: input meta, opcode 0xd1 valid psn 0x0a0b1f
[cyc 7573] [PREPEND IBH HEADER 0]: going to state PARTIAL_HEADER
[cyc 7574] [R SHIFT BY OCTET OUT] 90 91 92 93 94 95 96 97 00 00 00 00 00 00 00 00 00 00 00 00 00 00 00 00 00 00 00 00 00 00 00 00 00 00 00 00 00 00 00 00 00 00 00 00 00 00 00 00 00 00 00 00 00 00 00 00 00 00 00 00 00 00 00 00 00000000000000ff 1  <- last
[cyc 7574] [PREPEND IBH HEADER 0]: IBH PARTIAL PAYLOAD
[cyc 7574] 00 00 00 00 00 00 00 00 00 00 00 00 1f 00 00 0e 14 15 16 17 00 71 f4 d0 83 e8 5f f6 60 fa 8b 9e 40 5f 00 00 40 be 46 89 fe 7f 00 00 d0 fa 8b 9e 40 5f 00 00 44 5b 81 9e 40 5f 00 00 44 c0 46 89 000000000000ffff 1
[cyc 7574] [PREPEND IBH HEADER 0]: IBH PARTIAL HEADER
[cyc 7574] d1 00 ff ff 00 00 00 42 00 0a 0b 1f 1f 00 00 0e 14 15 16 17 00 71 f4 d0 83 e8 5f f6 60 fa 8b 9e 40 5f 00 00 40 be 46 89 fe 7f 00 00 d0 fa 8b 9e 40 5f 00 00 44 5b 81 9e 40 5f 00 00 44 c0 46 89 000000000000ffff 1

[TB] ---- Outputs (cycle they left the module) ----
[TB] cyc 7570 m_axis_mem_write_cmd: op=RC_RDMA_WRITE_ONLY qpn=0x5 addr=0x30000 len=200 lst=1 host=1
[TB] cyc 7575 m_axis_mem_write_data: 200 B
      0000: d0 d1 d2 d3 d4 d5 d6 d7 d8 d9 da db dc dd de df 
      0010: e0 e1 e2 e3 e4 e5 e6 e7 e8 e9 ea eb ec ed ee ef 
      0020: f0 f1 f2 f3 f4 f5 f6 f7 f8 f9 fa fb fc fd fe ff 
      0030: 00 01 02 03 04 05 06 07 08 09 0a 0b 0c 0d 0e 0f 
      ... (136 more bytes)
[TB] cyc 7575 m_axis_tx_data packet (16 B), meta: dst ip=0xa000002 length=20
      0000: d1 00 ff ff 00 00 00 42 00 0a 0b 1f 1f 00 00 0e 

[TB] ---- Checks ----
[TB] Packet 0: TEST 07: ONLY with rtx
  [PASS] a memory write command was issued for it
[TB]   memory command at cycle 7570
  [PASS] memCmd.op_code = 0xca
  [PASS] memCmd.qpn     = 0x5
  [PASS] memCmd.addr    = 0x30000
  [PASS] memCmd.len     = 200
  [PASS] memCmd.lst     = 0x1
  [PASS] payload data reached memory
[TB]   payload in memory by cycle 7575
  [PASS] bytes written to memory = 200
  [PASS] memory data is identical to the payload that was sent
  [PASS] a reply (ACK/NAK) was sent for it
[TB]   reply at cycle 7575
  [PASS] tx meta: destination IP = 0xa000002
  [PASS] tx meta: UDP length (BTH+AETH+ICRC) = 20
[TB]   parsed reply: MRC_ACK  DestQP=0x42  PSN=0xa0b1f  AETH.syndrome=0x1f (ACK)  AETH.MSN=0xe
  [PASS] reply length in bytes = 16
  [PASS] reply BTH.opcode (MRC_ACK) = 0xd1
  [PASS] reply BTH.DestQP (remote QPN) = 0x42
  [PASS] reply BTH.PSN = 0xa0b1f
  [PASS] reply AETH.syndrome (ACK) = 0x1f
  [PASS] reply AETH.MSN = 0xe
[TB] Whole group
  [PASS] unexpected memory write commands = 0
  [PASS] unexpected memory payloads = 0
  [PASS] no memory data beat left without TLAST
  [PASS] unexpected packets sent back = 0
  [PASS] tx meta entries = tx packets = 1
  [PASS] invalid-PSN drop counter increase over the group = 0
  [PASS] ackMeta to the host (only used for our own requests) = 0
  [PASS] module consumed the whole input
  [PASS] no memory READ command issued

=====================================================================
  GROUP: TEST 08a: payload 1
=====================================================================
[TB] Packet 0: TEST 08a: payload 1
[TB]   state before: epsn=0xa0b20 last_psn=0xa0b1f
[TB]   RC_RDMA_WRITE_ONLY  DestQP=0x5  PSN=0xa0b20, 658208  RETH.vaddr=0x40000  RETH.len=1  payload=1 B  UDP length=45  (then drain and check)
      0000: ca 00 ff ff 00 00 00 05 80 0a 0b 20 00 00 00 0e 
      0010: 00 00 00 00 00 04 00 00 00 00 12 34 00 00 00 01 
      0020: 10 

[TB] Feeding 1 packet(s)... (module prints follow)
[cyc 7868] [TB] first beat of packet 0 (TEST 08a: payload 1)
[cyc 7868] [TB] last beat of packet 0 (1 beat(s))
[cyc 7868] [RX PROCESS IBH 0]: input psn 0x0a0b20
[cyc 7868] [RX PROCESS IBH 0]: process IBH opcode: ca
[cyc 7868] [R SHIFT BY OCTET IN] ca 00 ff ff 00 00 00 05 80 0a 0b 20 00 00 00 0e 00 00 00 00 00 04 00 00 00 00 12 34 00 00 00 01 10 00 00 00 00 00 00 00 00 00 00 00 00 00 00 00 00 00 00 00 00 00 00 00 00 00 00 00 00 00 00 00 00000001ffffffff 1  <- last
[TB] All packets fed, running 300 more cycles...
[cyc 7869] [R SHIFT BY OCTET OUT] 00 00 00 0e 00 00 00 00 00 04 00 00 00 00 12 34 00 00 00 01 10 00 00 00 00 00 00 00 00 00 00 00 00 00 00 00 00 00 00 00 00 00 00 00 00 00 00 00 00 00 00 00 00 00 00 00 00 00 00 00 00 00 00 00 00000000001fffff 1  <- last
[cyc 7869] [STRIP MRC headers IN 0] 00 00 00 0e 00 00 00 00 00 04 00 00 00 00 12 34 00 00 00 01 10 00 00 00 00 00 00 00 00 00 00 00 00 00 00 00 00 00 00 00 00 00 00 00 00 00 00 00 00 00 00 00 00 00 00 00 00 00 00 00 00 00 00 00 00000000001fffff 1  <- last
[cyc 7869] [STRIP MRC headers OUT 0] 00 00 00 00 00 04 00 00 00 00 12 34 00 00 00 01 10 00 00 00 00 00 00 00 00 00 00 00 00 00 00 00 00 00 00 00 00 00 00 00 00 00 00 00 00 00 00 00 00 00 00 00 00 00 00 00 00 00 00 00 00 00 00 00 000000000001ffff 1  <- last
[cyc 7871] [RX IBH FSM 0]: epsn: 0x0a0b20, 658208, packet psn: 0x0a0b20, 658208, oldest outstanding psn: 0x8a0b20, 9046816
[cyc 7873] [META MERGER 0]: reading from ack event with qpn 5, psn 658208
[cyc 7874] [R SHIFT BY OCTET IN] 00 00 00 00 00 04 00 00 00 00 12 34 00 00 00 01 10 00 00 00 00 00 00 00 00 00 00 00 00 00 00 00 00 00 00 00 00 00 00 00 00 00 00 00 00 00 00 00 00 00 00 00 00 00 00 00 00 00 00 00 00 00 00 00 000000000001ffff 1  <- last
[cyc 7875] [R SHIFT BY OCTET OUT] 10 00 00 00 00 00 00 00 00 00 00 00 00 00 00 00 00 00 00 00 00 00 00 00 00 00 00 00 00 00 00 00 00 00 00 00 00 00 00 00 00 00 00 00 00 00 00 00 00 00 00 00 00 00 00 00 00 00 00 00 00 00 00 00 0000000000000001 1  <- last
[cyc 7876] [GENERATE EXH 0]: MRC_ACK with qpn 5, psn 658208
[cyc 7876] [GENERATE EXH 0]: MRC_ACK 1f 00 00 0f 40 5f 00 00 00 71 f4 d0 83 e8 5f f6 60 fa 8b 9e 40 5f 00 00 40 be 46 89 fe 7f 00 00 d0 fa 8b 9e 40 5f 00 00 44 5b 81 9e 40 5f 00 00 44 c0 46 89 fe 7f 00 00 87 16 85 9e 40 5f 00 00 000000000000000f 1
[cyc 7876] [APPEND PAYLOAD 0]: moving to state HEADER
[cyc 7876] [TX IP UDP META MERGER 0]: port 0xc000
[cyc 7877] [APPEND PAYLOAD 0]: moving to state INFO
[cyc 7877] [GENERATE IBH 0]: input meta, opcode 0x209 valid psn 0x0a0b20
[cyc 7877] [PREPEND IBH HEADER 0]: going to state PARTIAL_HEADER
[cyc 7878] [PREPEND IBH HEADER 0]: IBH PARTIAL PAYLOAD
[cyc 7878] 00 00 00 00 00 00 00 00 00 00 00 00 1f 00 00 0f 40 5f 00 00 00 71 f4 d0 83 e8 5f f6 60 fa 8b 9e 40 5f 00 00 40 be 46 89 fe 7f 00 00 d0 fa 8b 9e 40 5f 00 00 44 5b 81 9e 40 5f 00 00 44 c0 46 89 000000000000ffff 1
[cyc 7878] [PREPEND IBH HEADER 0]: IBH PARTIAL HEADER
[cyc 7878] d1 00 ff ff 00 00 00 42 00 0a 0b 20 1f 00 00 0f 40 5f 00 00 00 71 f4 d0 83 e8 5f f6 60 fa 8b 9e 40 5f 00 00 40 be 46 89 fe 7f 00 00 d0 fa 8b 9e 40 5f 00 00 44 5b 81 9e 40 5f 00 00 44 c0 46 89 000000000000ffff 1

[TB] ---- Outputs (cycle they left the module) ----
[TB] cyc 7874 m_axis_mem_write_cmd: op=RC_RDMA_WRITE_ONLY qpn=0x5 addr=0x40000 len=1 lst=1 host=1
[TB] cyc 7876 m_axis_mem_write_data: 1 B
      0000: 10 
[TB] cyc 7879 m_axis_tx_data packet (16 B), meta: dst ip=0xa000002 length=20
      0000: d1 00 ff ff 00 00 00 42 00 0a 0b 20 1f 00 00 0f 

[TB] ---- Checks ----
[TB] Packet 0: TEST 08a: payload 1
  [PASS] a memory write command was issued for it
[TB]   memory command at cycle 7874
  [PASS] memCmd.op_code = 0xca
  [PASS] memCmd.qpn     = 0x5
  [PASS] memCmd.addr    = 0x40000
  [PASS] memCmd.len     = 1
  [PASS] memCmd.lst     = 0x1
  [PASS] payload data reached memory
[TB]   payload in memory by cycle 7876
  [PASS] bytes written to memory = 1
  [PASS] memory data is identical to the payload that was sent
  [PASS] a reply (ACK/NAK) was sent for it
[TB]   reply at cycle 7879
  [PASS] tx meta: destination IP = 0xa000002
  [PASS] tx meta: UDP length (BTH+AETH+ICRC) = 20
[TB]   parsed reply: MRC_ACK  DestQP=0x42  PSN=0xa0b20  AETH.syndrome=0x1f (ACK)  AETH.MSN=0xf
  [PASS] reply length in bytes = 16
  [PASS] reply BTH.opcode (MRC_ACK) = 0xd1
  [PASS] reply BTH.DestQP (remote QPN) = 0x42
  [PASS] reply BTH.PSN = 0xa0b20
  [PASS] reply AETH.syndrome (ACK) = 0x1f
  [PASS] reply AETH.MSN = 0xf
[TB] Whole group
  [PASS] unexpected memory write commands = 0
  [PASS] unexpected memory payloads = 0
  [PASS] no memory data beat left without TLAST
  [PASS] unexpected packets sent back = 0
  [PASS] tx meta entries = tx packets = 1
  [PASS] invalid-PSN drop counter increase over the group = 0
  [PASS] ackMeta to the host (only used for our own requests) = 0
  [PASS] module consumed the whole input
  [PASS] no memory READ command issued

=====================================================================
  GROUP: TEST 08b: payload 44
=====================================================================
[TB] Packet 0: TEST 08b: payload 44
[TB]   state before: epsn=0xa0b21 last_psn=0xa0b20
[TB]   RC_RDMA_WRITE_ONLY  DestQP=0x5  PSN=0xa0b21, 658209  RETH.vaddr=0x40100  RETH.len=44  payload=44 B  UDP length=88  (then drain and check)
      0000: ca 00 ff ff 00 00 00 05 80 0a 0b 21 00 00 00 0f 
      0010: 00 00 00 00 00 04 01 00 00 00 12 34 00 00 00 2c 
      0020: 20 21 22 23 24 25 26 27 28 29 2a 2b 2c 2d 2e 2f 
      0030: 30 31 32 33 34 35 36 37 38 39 3a 3b 3c 3d 3e 3f 
      ... (12 more bytes)

[TB] Feeding 1 packet(s)... (module prints follow)
[cyc 8169] [TB] first beat of packet 0 (TEST 08b: payload 44)
[cyc 8169] [RX PROCESS IBH 0]: input psn 0x0a0b21
[cyc 8169] [RX PROCESS IBH 0]: process IBH opcode: ca
[cyc 8169] [R SHIFT BY OCTET IN] ca 00 ff ff 00 00 00 05 80 0a 0b 21 00 00 00 0f 00 00 00 00 00 04 01 00 00 00 12 34 00 00 00 2c 20 21 22 23 24 25 26 27 28 29 2a 2b 2c 2d 2e 2f 30 31 32 33 34 35 36 37 38 39 3a 3b 3c 3d 3e 3f ffffffffffffffff 0
[cyc 8170] [TB] last beat of packet 0 (2 beat(s))
[cyc 8170] [R SHIFT BY OCTET IN] 40 41 42 43 44 45 46 47 48 49 4a 4b 00 00 00 00 00 00 00 00 00 00 00 00 00 00 00 00 00 00 00 00 00 00 00 00 00 00 00 00 00 00 00 00 00 00 00 00 00 00 00 00 00 00 00 00 00 00 00 00 00 00 00 00 0000000000000fff 1  <- last
[cyc 8170] [R SHIFT BY OCTET OUT] 00 00 00 0f 00 00 00 00 00 04 01 00 00 00 12 34 00 00 00 2c 20 21 22 23 24 25 26 27 28 29 2a 2b 2c 2d 2e 2f 30 31 32 33 34 35 36 37 38 39 3a 3b 3c 3d 3e 3f 40 41 42 43 44 45 46 47 48 49 4a 4b ffffffffffffffff 1  <- last
[cyc 8170] [STRIP MRC headers IN 0] 00 00 00 0f 00 00 00 00 00 04 01 00 00 00 12 34 00 00 00 2c 20 21 22 23 24 25 26 27 28 29 2a 2b 2c 2d 2e 2f 30 31 32 33 34 35 36 37 38 39 3a 3b 3c 3d 3e 3f 40 41 42 43 44 45 46 47 48 49 4a 4b ffffffffffffffff 1  <- last
[cyc 8170] [STRIP MRC headers OUT 0] 00 00 00 00 00 04 01 00 00 00 12 34 00 00 00 2c 20 21 22 23 24 25 26 27 28 29 2a 2b 2c 2d 2e 2f 30 31 32 33 34 35 36 37 38 39 3a 3b 3c 3d 3e 3f 40 41 42 43 44 45 46 47 48 49 4a 4b 00 00 00 00 0fffffffffffffff 1  <- last
[TB] All packets fed, running 300 more cycles...
[cyc 8172] [RX IBH FSM 0]: epsn: 0x0a0b21, 658209, packet psn: 0x0a0b21, 658209, oldest outstanding psn: 0x8a0b21, 9046817
[cyc 8174] [META MERGER 0]: reading from ack event with qpn 5, psn 658209
[cyc 8175] [R SHIFT BY OCTET IN] 00 00 00 00 00 04 01 00 00 00 12 34 00 00 00 2c 20 21 22 23 24 25 26 27 28 29 2a 2b 2c 2d 2e 2f 30 31 32 33 34 35 36 37 38 39 3a 3b 3c 3d 3e 3f 40 41 42 43 44 45 46 47 48 49 4a 4b 00 00 00 00 0fffffffffffffff 1  <- last
[cyc 8176] [R SHIFT BY OCTET OUT] 20 21 22 23 24 25 26 27 28 29 2a 2b 2c 2d 2e 2f 30 31 32 33 34 35 36 37 38 39 3a 3b 3c 3d 3e 3f 40 41 42 43 44 45 46 47 48 49 4a 4b 00 00 00 00 00 00 00 00 00 00 00 00 00 00 00 00 00 00 00 00 00000fffffffffff 1  <- last
[cyc 8177] [GENERATE EXH 0]: MRC_ACK with qpn 5, psn 658209
[cyc 8177] [GENERATE EXH 0]: MRC_ACK 1f 00 00 10 40 5f 00 00 00 71 f4 d0 83 e8 5f f6 60 fa 8b 9e 40 5f 00 00 40 be 46 89 fe 7f 00 00 d0 fa 8b 9e 40 5f 00 00 44 5b 81 9e 40 5f 00 00 44 c0 46 89 fe 7f 00 00 87 16 85 9e 40 5f 00 00 000000000000000f 1
[cyc 8177] [APPEND PAYLOAD 0]: moving to state HEADER
[cyc 8177] [TX IP UDP META MERGER 0]: port 0xc000
[cyc 8178] [APPEND PAYLOAD 0]: moving to state INFO
[cyc 8178] [GENERATE IBH 0]: input meta, opcode 0x209 valid psn 0x0a0b21
[cyc 8178] [PREPEND IBH HEADER 0]: going to state PARTIAL_HEADER
[cyc 8179] [PREPEND IBH HEADER 0]: IBH PARTIAL PAYLOAD
[cyc 8179] 00 00 00 00 00 00 00 00 00 00 00 00 1f 00 00 10 40 5f 00 00 00 71 f4 d0 83 e8 5f f6 60 fa 8b 9e 40 5f 00 00 40 be 46 89 fe 7f 00 00 d0 fa 8b 9e 40 5f 00 00 44 5b 81 9e 40 5f 00 00 44 c0 46 89 000000000000ffff 1
[cyc 8179] [PREPEND IBH HEADER 0]: IBH PARTIAL HEADER
[cyc 8179] d1 00 ff ff 00 00 00 42 00 0a 0b 21 1f 00 00 10 40 5f 00 00 00 71 f4 d0 83 e8 5f f6 60 fa 8b 9e 40 5f 00 00 40 be 46 89 fe 7f 00 00 d0 fa 8b 9e 40 5f 00 00 44 5b 81 9e 40 5f 00 00 44 c0 46 89 000000000000ffff 1

[TB] ---- Outputs (cycle they left the module) ----
[TB] cyc 8175 m_axis_mem_write_cmd: op=RC_RDMA_WRITE_ONLY qpn=0x5 addr=0x40100 len=44 lst=1 host=1
[TB] cyc 8177 m_axis_mem_write_data: 44 B
      0000: 20 21 22 23 24 25 26 27 28 29 2a 2b 2c 2d 2e 2f 
      0010: 30 31 32 33 34 35 36 37 38 39 3a 3b 3c 3d 3e 3f 
      0020: 40 41 42 43 44 45 46 47 48 49 4a 4b 
[TB] cyc 8180 m_axis_tx_data packet (16 B), meta: dst ip=0xa000002 length=20
      0000: d1 00 ff ff 00 00 00 42 00 0a 0b 21 1f 00 00 10 

[TB] ---- Checks ----
[TB] Packet 0: TEST 08b: payload 44
  [PASS] a memory write command was issued for it
[TB]   memory command at cycle 8175
  [PASS] memCmd.op_code = 0xca
  [PASS] memCmd.qpn     = 0x5
  [PASS] memCmd.addr    = 0x40100
  [PASS] memCmd.len     = 44
  [PASS] memCmd.lst     = 0x1
  [PASS] payload data reached memory
[TB]   payload in memory by cycle 8177
  [PASS] bytes written to memory = 44
  [PASS] memory data is identical to the payload that was sent
  [PASS] a reply (ACK/NAK) was sent for it
[TB]   reply at cycle 8180
  [PASS] tx meta: destination IP = 0xa000002
  [PASS] tx meta: UDP length (BTH+AETH+ICRC) = 20
[TB]   parsed reply: MRC_ACK  DestQP=0x42  PSN=0xa0b21  AETH.syndrome=0x1f (ACK)  AETH.MSN=0x10
  [PASS] reply length in bytes = 16
  [PASS] reply BTH.opcode (MRC_ACK) = 0xd1
  [PASS] reply BTH.DestQP (remote QPN) = 0x42
  [PASS] reply BTH.PSN = 0xa0b21
  [PASS] reply AETH.syndrome (ACK) = 0x1f
  [PASS] reply AETH.MSN = 0x10
[TB] Whole group
  [PASS] unexpected memory write commands = 0
  [PASS] unexpected memory payloads = 0
  [PASS] no memory data beat left without TLAST
  [PASS] unexpected packets sent back = 0
  [PASS] tx meta entries = tx packets = 1
  [PASS] invalid-PSN drop counter increase over the group = 0
  [PASS] ackMeta to the host (only used for our own requests) = 0
  [PASS] module consumed the whole input
  [PASS] no memory READ command issued

=====================================================================
  GROUP: TEST 08c: payload 45
=====================================================================
[TB] Packet 0: TEST 08c: payload 45
[TB]   state before: epsn=0xa0b22 last_psn=0xa0b21
[TB]   RC_RDMA_WRITE_ONLY  DestQP=0x5  PSN=0xa0b22, 658210  RETH.vaddr=0x40200  RETH.len=45  payload=45 B  UDP length=89  (then drain and check)
      0000: ca 00 ff ff 00 00 00 05 80 0a 0b 22 00 00 00 10 
      0010: 00 00 00 00 00 04 02 00 00 00 12 34 00 00 00 2d 
      0020: 30 31 32 33 34 35 36 37 38 39 3a 3b 3c 3d 3e 3f 
      0030: 40 41 42 43 44 45 46 47 48 49 4a 4b 4c 4d 4e 4f 
      ... (13 more bytes)

[TB] Feeding 1 packet(s)... (module prints follow)
[cyc 8471] [TB] first beat of packet 0 (TEST 08c: payload 45)
[cyc 8471] [RX PROCESS IBH 0]: input psn 0x0a0b22
[cyc 8471] [RX PROCESS IBH 0]: process IBH opcode: ca
[cyc 8471] [R SHIFT BY OCTET IN] ca 00 ff ff 00 00 00 05 80 0a 0b 22 00 00 00 10 00 00 00 00 00 04 02 00 00 00 12 34 00 00 00 2d 30 31 32 33 34 35 36 37 38 39 3a 3b 3c 3d 3e 3f 40 41 42 43 44 45 46 47 48 49 4a 4b 4c 4d 4e 4f ffffffffffffffff 0
[cyc 8472] [TB] last beat of packet 0 (2 beat(s))
[cyc 8472] [R SHIFT BY OCTET IN] 50 51 52 53 54 55 56 57 58 59 5a 5b 5c 00 00 00 00 00 00 00 00 00 00 00 00 00 00 00 00 00 00 00 00 00 00 00 00 00 00 00 00 00 00 00 00 00 00 00 00 00 00 00 00 00 00 00 00 00 00 00 00 00 00 00 0000000000001fff 1  <- last
[cyc 8472] [R SHIFT BY OCTET OUT] 00 00 00 10 00 00 00 00 00 04 02 00 00 00 12 34 00 00 00 2d 30 31 32 33 34 35 36 37 38 39 3a 3b 3c 3d 3e 3f 40 41 42 43 44 45 46 47 48 49 4a 4b 4c 4d 4e 4f 50 51 52 53 54 55 56 57 58 59 5a 5b ffffffffffffffff 0
[cyc 8472] [STRIP MRC headers IN 0] 00 00 00 10 00 00 00 00 00 04 02 00 00 00 12 34 00 00 00 2d 30 31 32 33 34 35 36 37 38 39 3a 3b 3c 3d 3e 3f 40 41 42 43 44 45 46 47 48 49 4a 4b 4c 4d 4e 4f 50 51 52 53 54 55 56 57 58 59 5a 5b ffffffffffffffff 0
[TB] All packets fed, running 300 more cycles...
[cyc 8473] [R SHIFT BY OCTET OUT] 5c 00 00 00 00 00 00 00 00 00 00 00 00 00 00 00 00 00 00 00 00 00 00 00 00 00 00 00 00 00 00 00 00 00 00 00 00 00 00 00 00 00 00 00 00 00 00 00 00 00 00 00 00 00 00 00 00 00 00 00 00 00 00 00 0000000000000001 1  <- last
[cyc 8473] [STRIP MRC headers IN 0] 5c 00 00 00 00 00 00 00 00 00 00 00 00 00 00 00 00 00 00 00 00 00 00 00 00 00 00 00 00 00 00 00 00 00 00 00 00 00 00 00 00 00 00 00 00 00 00 00 00 00 00 00 00 00 00 00 00 00 00 00 00 00 00 00 0000000000000001 1  <- last
[cyc 8473] [STRIP MRC headers OUT 0] 00 00 00 00 00 04 02 00 00 00 12 34 00 00 00 2d 30 31 32 33 34 35 36 37 38 39 3a 3b 3c 3d 3e 3f 40 41 42 43 44 45 46 47 48 49 4a 4b 4c 4d 4e 4f 50 51 52 53 54 55 56 57 58 59 5a 5b 5c 00 00 00 1fffffffffffffff 1  <- last
[cyc 8474] [RX IBH FSM 0]: epsn: 0x0a0b22, 658210, packet psn: 0x0a0b22, 658210, oldest outstanding psn: 0x8a0b22, 9046818
[cyc 8476] [META MERGER 0]: reading from ack event with qpn 5, psn 658210
[cyc 8477] [R SHIFT BY OCTET IN] 00 00 00 00 00 04 02 00 00 00 12 34 00 00 00 2d 30 31 32 33 34 35 36 37 38 39 3a 3b 3c 3d 3e 3f 40 41 42 43 44 45 46 47 48 49 4a 4b 4c 4d 4e 4f 50 51 52 53 54 55 56 57 58 59 5a 5b 5c 00 00 00 1fffffffffffffff 1  <- last
[cyc 8478] [R SHIFT BY OCTET OUT] 30 31 32 33 34 35 36 37 38 39 3a 3b 3c 3d 3e 3f 40 41 42 43 44 45 46 47 48 49 4a 4b 4c 4d 4e 4f 50 51 52 53 54 55 56 57 58 59 5a 5b 5c 00 00 00 00 00 00 00 00 00 00 00 00 00 00 00 00 00 00 00 00001fffffffffff 1  <- last
[cyc 8479] [GENERATE EXH 0]: MRC_ACK with qpn 5, psn 658210
[cyc 8479] [GENERATE EXH 0]: MRC_ACK 1f 00 00 11 40 5f 00 00 00 71 f4 d0 83 e8 5f f6 60 fa 8b 9e 40 5f 00 00 40 be 46 89 fe 7f 00 00 d0 fa 8b 9e 40 5f 00 00 44 5b 81 9e 40 5f 00 00 44 c0 46 89 fe 7f 00 00 87 16 85 9e 40 5f 00 00 000000000000000f 1
[cyc 8479] [APPEND PAYLOAD 0]: moving to state HEADER
[cyc 8479] [TX IP UDP META MERGER 0]: port 0xc000
[cyc 8480] [APPEND PAYLOAD 0]: moving to state INFO
[cyc 8480] [GENERATE IBH 0]: input meta, opcode 0x209 valid psn 0x0a0b22
[cyc 8480] [PREPEND IBH HEADER 0]: going to state PARTIAL_HEADER
[cyc 8481] [PREPEND IBH HEADER 0]: IBH PARTIAL PAYLOAD
[cyc 8481] 00 00 00 00 00 00 00 00 00 00 00 00 1f 00 00 11 40 5f 00 00 00 71 f4 d0 83 e8 5f f6 60 fa 8b 9e 40 5f 00 00 40 be 46 89 fe 7f 00 00 d0 fa 8b 9e 40 5f 00 00 44 5b 81 9e 40 5f 00 00 44 c0 46 89 000000000000ffff 1
[cyc 8481] [PREPEND IBH HEADER 0]: IBH PARTIAL HEADER
[cyc 8481] d1 00 ff ff 00 00 00 42 00 0a 0b 22 1f 00 00 11 40 5f 00 00 00 71 f4 d0 83 e8 5f f6 60 fa 8b 9e 40 5f 00 00 40 be 46 89 fe 7f 00 00 d0 fa 8b 9e 40 5f 00 00 44 5b 81 9e 40 5f 00 00 44 c0 46 89 000000000000ffff 1

[TB] ---- Outputs (cycle they left the module) ----
[TB] cyc 8477 m_axis_mem_write_cmd: op=RC_RDMA_WRITE_ONLY qpn=0x5 addr=0x40200 len=45 lst=1 host=1
[TB] cyc 8479 m_axis_mem_write_data: 45 B
      0000: 30 31 32 33 34 35 36 37 38 39 3a 3b 3c 3d 3e 3f 
      0010: 40 41 42 43 44 45 46 47 48 49 4a 4b 4c 4d 4e 4f 
      0020: 50 51 52 53 54 55 56 57 58 59 5a 5b 5c 
[TB] cyc 8482 m_axis_tx_data packet (16 B), meta: dst ip=0xa000002 length=20
      0000: d1 00 ff ff 00 00 00 42 00 0a 0b 22 1f 00 00 11 

[TB] ---- Checks ----
[TB] Packet 0: TEST 08c: payload 45
  [PASS] a memory write command was issued for it
[TB]   memory command at cycle 8477
  [PASS] memCmd.op_code = 0xca
  [PASS] memCmd.qpn     = 0x5
  [PASS] memCmd.addr    = 0x40200
  [PASS] memCmd.len     = 45
  [PASS] memCmd.lst     = 0x1
  [PASS] payload data reached memory
[TB]   payload in memory by cycle 8479
  [PASS] bytes written to memory = 45
  [PASS] memory data is identical to the payload that was sent
  [PASS] a reply (ACK/NAK) was sent for it
[TB]   reply at cycle 8482
  [PASS] tx meta: destination IP = 0xa000002
  [PASS] tx meta: UDP length (BTH+AETH+ICRC) = 20
[TB]   parsed reply: MRC_ACK  DestQP=0x42  PSN=0xa0b22  AETH.syndrome=0x1f (ACK)  AETH.MSN=0x11
  [PASS] reply length in bytes = 16
  [PASS] reply BTH.opcode (MRC_ACK) = 0xd1
  [PASS] reply BTH.DestQP (remote QPN) = 0x42
  [PASS] reply BTH.PSN = 0xa0b22
  [PASS] reply AETH.syndrome (ACK) = 0x1f
  [PASS] reply AETH.MSN = 0x11
[TB] Whole group
  [PASS] unexpected memory write commands = 0
  [PASS] unexpected memory payloads = 0
  [PASS] no memory data beat left without TLAST
  [PASS] unexpected packets sent back = 0
  [PASS] tx meta entries = tx packets = 1
  [PASS] invalid-PSN drop counter increase over the group = 0
  [PASS] ackMeta to the host (only used for our own requests) = 0
  [PASS] module consumed the whole input
  [PASS] no memory READ command issued

=====================================================================
  GROUP: TEST 08d: payload 48
=====================================================================
[TB] Packet 0: TEST 08d: payload 48
[TB]   state before: epsn=0xa0b23 last_psn=0xa0b22
[TB]   RC_RDMA_WRITE_ONLY  DestQP=0x5  PSN=0xa0b23, 658211  RETH.vaddr=0x40300  RETH.len=48  payload=48 B  UDP length=92  (then drain and check)
      0000: ca 00 ff ff 00 00 00 05 80 0a 0b 23 00 00 00 11 
      0010: 00 00 00 00 00 04 03 00 00 00 12 34 00 00 00 30 
      0020: 40 41 42 43 44 45 46 47 48 49 4a 4b 4c 4d 4e 4f 
      0030: 50 51 52 53 54 55 56 57 58 59 5a 5b 5c 5d 5e 5f 
      ... (16 more bytes)

[TB] Feeding 1 packet(s)... (module prints follow)
[cyc 8773] [TB] first beat of packet 0 (TEST 08d: payload 48)
[cyc 8773] [RX PROCESS IBH 0]: input psn 0x0a0b23
[cyc 8773] [RX PROCESS IBH 0]: process IBH opcode: ca
[cyc 8773] [R SHIFT BY OCTET IN] ca 00 ff ff 00 00 00 05 80 0a 0b 23 00 00 00 11 00 00 00 00 00 04 03 00 00 00 12 34 00 00 00 30 40 41 42 43 44 45 46 47 48 49 4a 4b 4c 4d 4e 4f 50 51 52 53 54 55 56 57 58 59 5a 5b 5c 5d 5e 5f ffffffffffffffff 0
[cyc 8774] [TB] last beat of packet 0 (2 beat(s))
[cyc 8774] [R SHIFT BY OCTET IN] 60 61 62 63 64 65 66 67 68 69 6a 6b 6c 6d 6e 6f 00 00 00 00 00 00 00 00 00 00 00 00 00 00 00 00 00 00 00 00 00 00 00 00 00 00 00 00 00 00 00 00 00 00 00 00 00 00 00 00 00 00 00 00 00 00 00 00 000000000000ffff 1  <- last
[cyc 8774] [R SHIFT BY OCTET OUT] 00 00 00 11 00 00 00 00 00 04 03 00 00 00 12 34 00 00 00 30 40 41 42 43 44 45 46 47 48 49 4a 4b 4c 4d 4e 4f 50 51 52 53 54 55 56 57 58 59 5a 5b 5c 5d 5e 5f 60 61 62 63 64 65 66 67 68 69 6a 6b ffffffffffffffff 0
[cyc 8774] [STRIP MRC headers IN 0] 00 00 00 11 00 00 00 00 00 04 03 00 00 00 12 34 00 00 00 30 40 41 42 43 44 45 46 47 48 49 4a 4b 4c 4d 4e 4f 50 51 52 53 54 55 56 57 58 59 5a 5b 5c 5d 5e 5f 60 61 62 63 64 65 66 67 68 69 6a 6b ffffffffffffffff 0
[TB] All packets fed, running 300 more cycles...
[cyc 8775] [R SHIFT BY OCTET OUT] 6c 6d 6e 6f 00 00 00 00 00 00 00 00 00 00 00 00 00 00 00 00 00 00 00 00 00 00 00 00 00 00 00 00 00 00 00 00 00 00 00 00 00 00 00 00 00 00 00 00 00 00 00 00 00 00 00 00 00 00 00 00 00 00 00 00 000000000000000f 1  <- last
[cyc 8775] [STRIP MRC headers IN 0] 6c 6d 6e 6f 00 00 00 00 00 00 00 00 00 00 00 00 00 00 00 00 00 00 00 00 00 00 00 00 00 00 00 00 00 00 00 00 00 00 00 00 00 00 00 00 00 00 00 00 00 00 00 00 00 00 00 00 00 00 00 00 00 00 00 00 000000000000000f 1  <- last
[cyc 8775] [STRIP MRC headers OUT 0] 00 00 00 00 00 04 03 00 00 00 12 34 00 00 00 30 40 41 42 43 44 45 46 47 48 49 4a 4b 4c 4d 4e 4f 50 51 52 53 54 55 56 57 58 59 5a 5b 5c 5d 5e 5f 60 61 62 63 64 65 66 67 68 69 6a 6b 6c 6d 6e 6f ffffffffffffffff 1  <- last
[cyc 8776] [RX IBH FSM 0]: epsn: 0x0a0b23, 658211, packet psn: 0x0a0b23, 658211, oldest outstanding psn: 0x8a0b23, 9046819
[cyc 8778] [META MERGER 0]: reading from ack event with qpn 5, psn 658211
[cyc 8779] [R SHIFT BY OCTET IN] 00 00 00 00 00 04 03 00 00 00 12 34 00 00 00 30 40 41 42 43 44 45 46 47 48 49 4a 4b 4c 4d 4e 4f 50 51 52 53 54 55 56 57 58 59 5a 5b 5c 5d 5e 5f 60 61 62 63 64 65 66 67 68 69 6a 6b 6c 6d 6e 6f ffffffffffffffff 1  <- last
[cyc 8780] [R SHIFT BY OCTET OUT] 40 41 42 43 44 45 46 47 48 49 4a 4b 4c 4d 4e 4f 50 51 52 53 54 55 56 57 58 59 5a 5b 5c 5d 5e 5f 60 61 62 63 64 65 66 67 68 69 6a 6b 6c 6d 6e 6f 00 00 00 00 00 00 00 00 00 00 00 00 00 00 00 00 0000ffffffffffff 1  <- last
[cyc 8781] [GENERATE EXH 0]: MRC_ACK with qpn 5, psn 658211
[cyc 8781] [GENERATE EXH 0]: MRC_ACK 1f 00 00 12 40 5f 00 00 00 71 f4 d0 83 e8 5f f6 60 fa 8b 9e 40 5f 00 00 40 be 46 89 fe 7f 00 00 d0 fa 8b 9e 40 5f 00 00 44 5b 81 9e 40 5f 00 00 44 c0 46 89 fe 7f 00 00 87 16 85 9e 40 5f 00 00 000000000000000f 1
[cyc 8781] [APPEND PAYLOAD 0]: moving to state HEADER
[cyc 8781] [TX IP UDP META MERGER 0]: port 0xc000
[cyc 8782] [APPEND PAYLOAD 0]: moving to state INFO
[cyc 8782] [GENERATE IBH 0]: input meta, opcode 0x209 valid psn 0x0a0b23
[cyc 8782] [PREPEND IBH HEADER 0]: going to state PARTIAL_HEADER
[cyc 8783] [PREPEND IBH HEADER 0]: IBH PARTIAL PAYLOAD
[cyc 8783] 00 00 00 00 00 00 00 00 00 00 00 00 1f 00 00 12 40 5f 00 00 00 71 f4 d0 83 e8 5f f6 60 fa 8b 9e 40 5f 00 00 40 be 46 89 fe 7f 00 00 d0 fa 8b 9e 40 5f 00 00 44 5b 81 9e 40 5f 00 00 44 c0 46 89 000000000000ffff 1
[cyc 8783] [PREPEND IBH HEADER 0]: IBH PARTIAL HEADER
[cyc 8783] d1 00 ff ff 00 00 00 42 00 0a 0b 23 1f 00 00 12 40 5f 00 00 00 71 f4 d0 83 e8 5f f6 60 fa 8b 9e 40 5f 00 00 40 be 46 89 fe 7f 00 00 d0 fa 8b 9e 40 5f 00 00 44 5b 81 9e 40 5f 00 00 44 c0 46 89 000000000000ffff 1

[TB] ---- Outputs (cycle they left the module) ----
[TB] cyc 8779 m_axis_mem_write_cmd: op=RC_RDMA_WRITE_ONLY qpn=0x5 addr=0x40300 len=48 lst=1 host=1
[TB] cyc 8781 m_axis_mem_write_data: 48 B
      0000: 40 41 42 43 44 45 46 47 48 49 4a 4b 4c 4d 4e 4f 
      0010: 50 51 52 53 54 55 56 57 58 59 5a 5b 5c 5d 5e 5f 
      0020: 60 61 62 63 64 65 66 67 68 69 6a 6b 6c 6d 6e 6f 
[TB] cyc 8784 m_axis_tx_data packet (16 B), meta: dst ip=0xa000002 length=20
      0000: d1 00 ff ff 00 00 00 42 00 0a 0b 23 1f 00 00 12 

[TB] ---- Checks ----
[TB] Packet 0: TEST 08d: payload 48
  [PASS] a memory write command was issued for it
[TB]   memory command at cycle 8779
  [PASS] memCmd.op_code = 0xca
  [PASS] memCmd.qpn     = 0x5
  [PASS] memCmd.addr    = 0x40300
  [PASS] memCmd.len     = 48
  [PASS] memCmd.lst     = 0x1
  [PASS] payload data reached memory
[TB]   payload in memory by cycle 8781
  [PASS] bytes written to memory = 48
  [PASS] memory data is identical to the payload that was sent
  [PASS] a reply (ACK/NAK) was sent for it
[TB]   reply at cycle 8784
  [PASS] tx meta: destination IP = 0xa000002
  [PASS] tx meta: UDP length (BTH+AETH+ICRC) = 20
[TB]   parsed reply: MRC_ACK  DestQP=0x42  PSN=0xa0b23  AETH.syndrome=0x1f (ACK)  AETH.MSN=0x12
  [PASS] reply length in bytes = 16
  [PASS] reply BTH.opcode (MRC_ACK) = 0xd1
  [PASS] reply BTH.DestQP (remote QPN) = 0x42
  [PASS] reply BTH.PSN = 0xa0b23
  [PASS] reply AETH.syndrome (ACK) = 0x1f
  [PASS] reply AETH.MSN = 0x12
[TB] Whole group
  [PASS] unexpected memory write commands = 0
  [PASS] unexpected memory payloads = 0
  [PASS] no memory data beat left without TLAST
  [PASS] unexpected packets sent back = 0
  [PASS] tx meta entries = tx packets = 1
  [PASS] invalid-PSN drop counter increase over the group = 0
  [PASS] ackMeta to the host (only used for our own requests) = 0
  [PASS] module consumed the whole input
  [PASS] no memory READ command issued

=====================================================================
  GROUP: TEST 08e: payload 49
=====================================================================
[TB] Packet 0: TEST 08e: payload 49
[TB]   state before: epsn=0xa0b24 last_psn=0xa0b23
[TB]   RC_RDMA_WRITE_ONLY  DestQP=0x5  PSN=0xa0b24, 658212  RETH.vaddr=0x40400  RETH.len=49  payload=49 B  UDP length=93  (then drain and check)
      0000: ca 00 ff ff 00 00 00 05 80 0a 0b 24 00 00 00 12 
      0010: 00 00 00 00 00 04 04 00 00 00 12 34 00 00 00 31 
      0020: 50 51 52 53 54 55 56 57 58 59 5a 5b 5c 5d 5e 5f 
      0030: 60 61 62 63 64 65 66 67 68 69 6a 6b 6c 6d 6e 6f 
      ... (17 more bytes)

[TB] Feeding 1 packet(s)... (module prints follow)
[cyc 9075] [TB] first beat of packet 0 (TEST 08e: payload 49)
[cyc 9075] [RX PROCESS IBH 0]: input psn 0x0a0b24
[cyc 9075] [RX PROCESS IBH 0]: process IBH opcode: ca
[cyc 9075] [R SHIFT BY OCTET IN] ca 00 ff ff 00 00 00 05 80 0a 0b 24 00 00 00 12 00 00 00 00 00 04 04 00 00 00 12 34 00 00 00 31 50 51 52 53 54 55 56 57 58 59 5a 5b 5c 5d 5e 5f 60 61 62 63 64 65 66 67 68 69 6a 6b 6c 6d 6e 6f ffffffffffffffff 0
[cyc 9076] [TB] last beat of packet 0 (2 beat(s))
[cyc 9076] [R SHIFT BY OCTET IN] 70 71 72 73 74 75 76 77 78 79 7a 7b 7c 7d 7e 7f 80 00 00 00 00 00 00 00 00 00 00 00 00 00 00 00 00 00 00 00 00 00 00 00 00 00 00 00 00 00 00 00 00 00 00 00 00 00 00 00 00 00 00 00 00 00 00 00 000000000001ffff 1  <- last
[cyc 9076] [R SHIFT BY OCTET OUT] 00 00 00 12 00 00 00 00 00 04 04 00 00 00 12 34 00 00 00 31 50 51 52 53 54 55 56 57 58 59 5a 5b 5c 5d 5e 5f 60 61 62 63 64 65 66 67 68 69 6a 6b 6c 6d 6e 6f 70 71 72 73 74 75 76 77 78 79 7a 7b ffffffffffffffff 0
[cyc 9076] [STRIP MRC headers IN 0] 00 00 00 12 00 00 00 00 00 04 04 00 00 00 12 34 00 00 00 31 50 51 52 53 54 55 56 57 58 59 5a 5b 5c 5d 5e 5f 60 61 62 63 64 65 66 67 68 69 6a 6b 6c 6d 6e 6f 70 71 72 73 74 75 76 77 78 79 7a 7b ffffffffffffffff 0
[TB] All packets fed, running 300 more cycles...
[cyc 9077] [R SHIFT BY OCTET OUT] 7c 7d 7e 7f 80 00 00 00 00 00 00 00 00 00 00 00 00 00 00 00 00 00 00 00 00 00 00 00 00 00 00 00 00 00 00 00 00 00 00 00 00 00 00 00 00 00 00 00 00 00 00 00 00 00 00 00 00 00 00 00 00 00 00 00 000000000000001f 1  <- last
[cyc 9077] [STRIP MRC headers IN 0] 7c 7d 7e 7f 80 00 00 00 00 00 00 00 00 00 00 00 00 00 00 00 00 00 00 00 00 00 00 00 00 00 00 00 00 00 00 00 00 00 00 00 00 00 00 00 00 00 00 00 00 00 00 00 00 00 00 00 00 00 00 00 00 00 00 00 000000000000001f 1  <- last
[cyc 9077] [STRIP MRC headers OUT 0] 00 00 00 00 00 04 04 00 00 00 12 34 00 00 00 31 50 51 52 53 54 55 56 57 58 59 5a 5b 5c 5d 5e 5f 60 61 62 63 64 65 66 67 68 69 6a 6b 6c 6d 6e 6f 70 71 72 73 74 75 76 77 78 79 7a 7b 7c 7d 7e 7f ffffffffffffffff 0
[cyc 9078] [STRIP MRC headers OUT 0] 80 00 00 00 00 00 00 00 00 00 00 00 00 00 00 00 00 00 00 00 00 00 00 00 00 00 00 00 00 00 00 00 00 00 00 00 00 00 00 00 00 00 00 00 00 00 00 00 00 00 00 00 00 00 00 00 00 00 00 00 00 00 00 00 0000000000000001 1  <- last
[cyc 9078] [RX IBH FSM 0]: epsn: 0x0a0b24, 658212, packet psn: 0x0a0b24, 658212, oldest outstanding psn: 0x8a0b24, 9046820
[cyc 9080] [META MERGER 0]: reading from ack event with qpn 5, psn 658212
[cyc 9081] [R SHIFT BY OCTET IN] 00 00 00 00 00 04 04 00 00 00 12 34 00 00 00 31 50 51 52 53 54 55 56 57 58 59 5a 5b 5c 5d 5e 5f 60 61 62 63 64 65 66 67 68 69 6a 6b 6c 6d 6e 6f 70 71 72 73 74 75 76 77 78 79 7a 7b 7c 7d 7e 7f ffffffffffffffff 0
[cyc 9082] [R SHIFT BY OCTET IN] 80 00 00 00 00 00 00 00 00 00 00 00 00 00 00 00 00 00 00 00 00 00 00 00 00 00 00 00 00 00 00 00 00 00 00 00 00 00 00 00 00 00 00 00 00 00 00 00 00 00 00 00 00 00 00 00 00 00 00 00 00 00 00 00 0000000000000001 1  <- last
[cyc 9082] [R SHIFT BY OCTET OUT] 50 51 52 53 54 55 56 57 58 59 5a 5b 5c 5d 5e 5f 60 61 62 63 64 65 66 67 68 69 6a 6b 6c 6d 6e 6f 70 71 72 73 74 75 76 77 78 79 7a 7b 7c 7d 7e 7f 80 00 00 00 00 00 00 00 00 00 00 00 00 00 00 00 0001ffffffffffff 1  <- last
[cyc 9083] [GENERATE EXH 0]: MRC_ACK with qpn 5, psn 658212
[cyc 9083] [GENERATE EXH 0]: MRC_ACK 1f 00 00 13 40 5f 00 00 00 71 f4 d0 83 e8 5f f6 60 fa 8b 9e 40 5f 00 00 40 be 46 89 fe 7f 00 00 d0 fa 8b 9e 40 5f 00 00 44 5b 81 9e 40 5f 00 00 44 c0 46 89 fe 7f 00 00 87 16 85 9e 40 5f 00 00 000000000000000f 1
[cyc 9083] [APPEND PAYLOAD 0]: moving to state HEADER
[cyc 9083] [TX IP UDP META MERGER 0]: port 0xc000
[cyc 9084] [APPEND PAYLOAD 0]: moving to state INFO
[cyc 9084] [GENERATE IBH 0]: input meta, opcode 0x209 valid psn 0x0a0b24
[cyc 9084] [PREPEND IBH HEADER 0]: going to state PARTIAL_HEADER
[cyc 9085] [PREPEND IBH HEADER 0]: IBH PARTIAL PAYLOAD
[cyc 9085] 00 00 00 00 00 00 00 00 00 00 00 00 1f 00 00 13 40 5f 00 00 00 71 f4 d0 83 e8 5f f6 60 fa 8b 9e 40 5f 00 00 40 be 46 89 fe 7f 00 00 d0 fa 8b 9e 40 5f 00 00 44 5b 81 9e 40 5f 00 00 44 c0 46 89 000000000000ffff 1
[cyc 9085] [PREPEND IBH HEADER 0]: IBH PARTIAL HEADER
[cyc 9085] d1 00 ff ff 00 00 00 42 00 0a 0b 24 1f 00 00 13 40 5f 00 00 00 71 f4 d0 83 e8 5f f6 60 fa 8b 9e 40 5f 00 00 40 be 46 89 fe 7f 00 00 d0 fa 8b 9e 40 5f 00 00 44 5b 81 9e 40 5f 00 00 44 c0 46 89 000000000000ffff 1

[TB] ---- Outputs (cycle they left the module) ----
[TB] cyc 9081 m_axis_mem_write_cmd: op=RC_RDMA_WRITE_ONLY qpn=0x5 addr=0x40400 len=49 lst=1 host=1
[TB] cyc 9083 m_axis_mem_write_data: 49 B
      0000: 50 51 52 53 54 55 56 57 58 59 5a 5b 5c 5d 5e 5f 
      0010: 60 61 62 63 64 65 66 67 68 69 6a 6b 6c 6d 6e 6f 
      0020: 70 71 72 73 74 75 76 77 78 79 7a 7b 7c 7d 7e 7f 
      0030: 80 
[TB] cyc 9086 m_axis_tx_data packet (16 B), meta: dst ip=0xa000002 length=20
      0000: d1 00 ff ff 00 00 00 42 00 0a 0b 24 1f 00 00 13 

[TB] ---- Checks ----
[TB] Packet 0: TEST 08e: payload 49
  [PASS] a memory write command was issued for it
[TB]   memory command at cycle 9081
  [PASS] memCmd.op_code = 0xca
  [PASS] memCmd.qpn     = 0x5
  [PASS] memCmd.addr    = 0x40400
  [PASS] memCmd.len     = 49
  [PASS] memCmd.lst     = 0x1
  [PASS] payload data reached memory
[TB]   payload in memory by cycle 9083
  [PASS] bytes written to memory = 49
  [PASS] memory data is identical to the payload that was sent
  [PASS] a reply (ACK/NAK) was sent for it
[TB]   reply at cycle 9086
  [PASS] tx meta: destination IP = 0xa000002
  [PASS] tx meta: UDP length (BTH+AETH+ICRC) = 20
[TB]   parsed reply: MRC_ACK  DestQP=0x42  PSN=0xa0b24  AETH.syndrome=0x1f (ACK)  AETH.MSN=0x13
  [PASS] reply length in bytes = 16
  [PASS] reply BTH.opcode (MRC_ACK) = 0xd1
  [PASS] reply BTH.DestQP (remote QPN) = 0x42
  [PASS] reply BTH.PSN = 0xa0b24
  [PASS] reply AETH.syndrome (ACK) = 0x1f
  [PASS] reply AETH.MSN = 0x13
[TB] Whole group
  [PASS] unexpected memory write commands = 0
  [PASS] unexpected memory payloads = 0
  [PASS] no memory data beat left without TLAST
  [PASS] unexpected packets sent back = 0
  [PASS] tx meta entries = tx packets = 1
  [PASS] invalid-PSN drop counter increase over the group = 0
  [PASS] ackMeta to the host (only used for our own requests) = 0
  [PASS] module consumed the whole input
  [PASS] no memory READ command issued

=====================================================================
  GROUP: TEST 08f: payload 40 + TSETH
=====================================================================
[TB] Packet 0: TEST 08f: payload 40 + TSETH
[TB]   state before: epsn=0xa0b25 last_psn=0xa0b24
[TB]   RC_RDMA_WRITE_ONLY  DestQP=0x5  PSN=0xa0b25, 658213  RETH.vaddr=0x40500  RETH.len=40  payload=40 B  UDP length=88  (then drain and check)
      0000: ca 00 ff ff 00 00 00 05 90 0a 0b 25 00 00 00 13 
      0010: 00 00 00 01 00 00 00 00 00 04 05 00 00 00 12 34 
      0020: 00 00 00 28 60 61 62 63 64 65 66 67 68 69 6a 6b 
      0030: 6c 6d 6e 6f 70 71 72 73 74 75 76 77 78 79 7a 7b 
      ... (12 more bytes)

[TB] Feeding 1 packet(s)... (module prints follow)
[cyc 9377] [TB] first beat of packet 0 (TEST 08f: payload 40 + TSETH)
[cyc 9377] [RX PROCESS IBH 0]: input psn 0x0a0b25
[cyc 9377] [RX PROCESS IBH 0]: process IBH opcode: ca
[cyc 9377] [R SHIFT BY OCTET IN] ca 00 ff ff 00 00 00 05 90 0a 0b 25 00 00 00 13 00 00 00 01 00 00 00 00 00 04 05 00 00 00 12 34 00 00 00 28 60 61 62 63 64 65 66 67 68 69 6a 6b 6c 6d 6e 6f 70 71 72 73 74 75 76 77 78 79 7a 7b ffffffffffffffff 0
[cyc 9378] [TB] last beat of packet 0 (2 beat(s))
[cyc 9378] [R SHIFT BY OCTET IN] 7c 7d 7e 7f 80 81 82 83 84 85 86 87 00 00 00 00 00 00 00 00 00 00 00 00 00 00 00 00 00 00 00 00 00 00 00 00 00 00 00 00 00 00 00 00 00 00 00 00 00 00 00 00 00 00 00 00 00 00 00 00 00 00 00 00 0000000000000fff 1  <- last
[cyc 9378] [R SHIFT BY OCTET OUT] 00 00 00 13 00 00 00 01 00 00 00 00 00 04 05 00 00 00 12 34 00 00 00 28 60 61 62 63 64 65 66 67 68 69 6a 6b 6c 6d 6e 6f 70 71 72 73 74 75 76 77 78 79 7a 7b 7c 7d 7e 7f 80 81 82 83 84 85 86 87 ffffffffffffffff 1  <- last
[cyc 9378] [STRIP MRC headers IN 0] 00 00 00 13 00 00 00 01 00 00 00 00 00 04 05 00 00 00 12 34 00 00 00 28 60 61 62 63 64 65 66 67 68 69 6a 6b 6c 6d 6e 6f 70 71 72 73 74 75 76 77 78 79 7a 7b 7c 7d 7e 7f 80 81 82 83 84 85 86 87 ffffffffffffffff 1  <- last
[cyc 9378] [STRIP MRC headers OUT 0] 00 00 00 00 00 04 05 00 00 00 12 34 00 00 00 28 60 61 62 63 64 65 66 67 68 69 6a 6b 6c 6d 6e 6f 70 71 72 73 74 75 76 77 78 79 7a 7b 7c 7d 7e 7f 80 81 82 83 84 85 86 87 00 00 00 00 00 00 00 00 00ffffffffffffff 1  <- last
[TB] All packets fed, running 300 more cycles...
[cyc 9380] [RX IBH FSM 0]: epsn: 0x0a0b25, 658213, packet psn: 0x0a0b25, 658213, oldest outstanding psn: 0x8a0b25, 9046821
[cyc 9382] [META MERGER 0]: reading from ack event with qpn 5, psn 658213
[cyc 9383] [R SHIFT BY OCTET IN] 00 00 00 00 00 04 05 00 00 00 12 34 00 00 00 28 60 61 62 63 64 65 66 67 68 69 6a 6b 6c 6d 6e 6f 70 71 72 73 74 75 76 77 78 79 7a 7b 7c 7d 7e 7f 80 81 82 83 84 85 86 87 00 00 00 00 00 00 00 00 00ffffffffffffff 1  <- last
[cyc 9384] [R SHIFT BY OCTET OUT] 60 61 62 63 64 65 66 67 68 69 6a 6b 6c 6d 6e 6f 70 71 72 73 74 75 76 77 78 79 7a 7b 7c 7d 7e 7f 80 81 82 83 84 85 86 87 00 00 00 00 00 00 00 00 00 00 00 00 00 00 00 00 00 00 00 00 00 00 00 00 000000ffffffffff 1  <- last
[cyc 9385] [GENERATE EXH 0]: MRC_ACK with qpn 5, psn 658213
[cyc 9385] [GENERATE EXH 0]: MRC_ACK 1f 00 00 14 40 5f 00 00 00 71 f4 d0 83 e8 5f f6 60 fa 8b 9e 40 5f 00 00 40 be 46 89 fe 7f 00 00 d0 fa 8b 9e 40 5f 00 00 44 5b 81 9e 40 5f 00 00 44 c0 46 89 fe 7f 00 00 87 16 85 9e 40 5f 00 00 000000000000000f 1
[cyc 9385] [APPEND PAYLOAD 0]: moving to state HEADER
[cyc 9385] [TX IP UDP META MERGER 0]: port 0xc000
[cyc 9386] [APPEND PAYLOAD 0]: moving to state INFO
[cyc 9386] [GENERATE IBH 0]: input meta, opcode 0x209 valid psn 0x0a0b25
[cyc 9386] [PREPEND IBH HEADER 0]: going to state PARTIAL_HEADER
[cyc 9387] [PREPEND IBH HEADER 0]: IBH PARTIAL PAYLOAD
[cyc 9387] 00 00 00 00 00 00 00 00 00 00 00 00 1f 00 00 14 40 5f 00 00 00 71 f4 d0 83 e8 5f f6 60 fa 8b 9e 40 5f 00 00 40 be 46 89 fe 7f 00 00 d0 fa 8b 9e 40 5f 00 00 44 5b 81 9e 40 5f 00 00 44 c0 46 89 000000000000ffff 1
[cyc 9387] [PREPEND IBH HEADER 0]: IBH PARTIAL HEADER
[cyc 9387] d1 00 ff ff 00 00 00 42 00 0a 0b 25 1f 00 00 14 40 5f 00 00 00 71 f4 d0 83 e8 5f f6 60 fa 8b 9e 40 5f 00 00 40 be 46 89 fe 7f 00 00 d0 fa 8b 9e 40 5f 00 00 44 5b 81 9e 40 5f 00 00 44 c0 46 89 000000000000ffff 1

[TB] ---- Outputs (cycle they left the module) ----
[TB] cyc 9383 m_axis_mem_write_cmd: op=RC_RDMA_WRITE_ONLY qpn=0x5 addr=0x40500 len=40 lst=1 host=1
[TB] cyc 9385 m_axis_mem_write_data: 40 B
      0000: 60 61 62 63 64 65 66 67 68 69 6a 6b 6c 6d 6e 6f 
      0010: 70 71 72 73 74 75 76 77 78 79 7a 7b 7c 7d 7e 7f 
      0020: 80 81 82 83 84 85 86 87 
[TB] cyc 9388 m_axis_tx_data packet (16 B), meta: dst ip=0xa000002 length=20
      0000: d1 00 ff ff 00 00 00 42 00 0a 0b 25 1f 00 00 14 

[TB] ---- Checks ----
[TB] Packet 0: TEST 08f: payload 40 + TSETH
  [PASS] a memory write command was issued for it
[TB]   memory command at cycle 9383
  [PASS] memCmd.op_code = 0xca
  [PASS] memCmd.qpn     = 0x5
  [PASS] memCmd.addr    = 0x40500
  [PASS] memCmd.len     = 40
  [PASS] memCmd.lst     = 0x1
  [PASS] payload data reached memory
[TB]   payload in memory by cycle 9385
  [PASS] bytes written to memory = 40
  [PASS] memory data is identical to the payload that was sent
  [PASS] a reply (ACK/NAK) was sent for it
[TB]   reply at cycle 9388
  [PASS] tx meta: destination IP = 0xa000002
  [PASS] tx meta: UDP length (BTH+AETH+ICRC) = 20
[TB]   parsed reply: MRC_ACK  DestQP=0x42  PSN=0xa0b25  AETH.syndrome=0x1f (ACK)  AETH.MSN=0x14
  [PASS] reply length in bytes = 16
  [PASS] reply BTH.opcode (MRC_ACK) = 0xd1
  [PASS] reply BTH.DestQP (remote QPN) = 0x42
  [PASS] reply BTH.PSN = 0xa0b25
  [PASS] reply AETH.syndrome (ACK) = 0x1f
  [PASS] reply AETH.MSN = 0x14
[TB] Whole group
  [PASS] unexpected memory write commands = 0
  [PASS] unexpected memory payloads = 0
  [PASS] no memory data beat left without TLAST
  [PASS] unexpected packets sent back = 0
  [PASS] tx meta entries = tx packets = 1
  [PASS] invalid-PSN drop counter increase over the group = 0
  [PASS] ackMeta to the host (only used for our own requests) = 0
  [PASS] module consumed the whole input
  [PASS] no memory READ command issued

=====================================================================
  GROUP: TEST 08g: payload 48 + TSETH
=====================================================================
[TB] Packet 0: TEST 08g: payload 48 + TSETH
[TB]   state before: epsn=0xa0b26 last_psn=0xa0b25
[TB]   RC_RDMA_WRITE_ONLY  DestQP=0x5  PSN=0xa0b26, 658214  RETH.vaddr=0x40600  RETH.len=48  payload=48 B  UDP length=96  (then drain and check)
      0000: ca 00 ff ff 00 00 00 05 90 0a 0b 26 00 00 00 14 
      0010: 00 00 00 01 00 00 00 00 00 04 06 00 00 00 12 34 
      0020: 00 00 00 30 70 71 72 73 74 75 76 77 78 79 7a 7b 
      0030: 7c 7d 7e 7f 80 81 82 83 84 85 86 87 88 89 8a 8b 
      ... (20 more bytes)

[TB] Feeding 1 packet(s)... (module prints follow)
[cyc 9679] [TB] first beat of packet 0 (TEST 08g: payload 48 + TSETH)
[cyc 9679] [RX PROCESS IBH 0]: input psn 0x0a0b26
[cyc 9679] [RX PROCESS IBH 0]: process IBH opcode: ca
[cyc 9679] [R SHIFT BY OCTET IN] ca 00 ff ff 00 00 00 05 90 0a 0b 26 00 00 00 14 00 00 00 01 00 00 00 00 00 04 06 00 00 00 12 34 00 00 00 30 70 71 72 73 74 75 76 77 78 79 7a 7b 7c 7d 7e 7f 80 81 82 83 84 85 86 87 88 89 8a 8b ffffffffffffffff 0
[cyc 9680] [TB] last beat of packet 0 (2 beat(s))
[cyc 9680] [R SHIFT BY OCTET IN] 8c 8d 8e 8f 90 91 92 93 94 95 96 97 98 99 9a 9b 9c 9d 9e 9f 00 00 00 00 00 00 00 00 00 00 00 00 00 00 00 00 00 00 00 00 00 00 00 00 00 00 00 00 00 00 00 00 00 00 00 00 00 00 00 00 00 00 00 00 00000000000fffff 1  <- last
[cyc 9680] [R SHIFT BY OCTET OUT] 00 00 00 14 00 00 00 01 00 00 00 00 00 04 06 00 00 00 12 34 00 00 00 30 70 71 72 73 74 75 76 77 78 79 7a 7b 7c 7d 7e 7f 80 81 82 83 84 85 86 87 88 89 8a 8b 8c 8d 8e 8f 90 91 92 93 94 95 96 97 ffffffffffffffff 0
[cyc 9680] [STRIP MRC headers IN 0] 00 00 00 14 00 00 00 01 00 00 00 00 00 04 06 00 00 00 12 34 00 00 00 30 70 71 72 73 74 75 76 77 78 79 7a 7b 7c 7d 7e 7f 80 81 82 83 84 85 86 87 88 89 8a 8b 8c 8d 8e 8f 90 91 92 93 94 95 96 97 ffffffffffffffff 0
[TB] All packets fed, running 300 more cycles...
[cyc 9681] [R SHIFT BY OCTET OUT] 98 99 9a 9b 9c 9d 9e 9f 00 00 00 00 00 00 00 00 00 00 00 00 00 00 00 00 00 00 00 00 00 00 00 00 00 00 00 00 00 00 00 00 00 00 00 00 00 00 00 00 00 00 00 00 00 00 00 00 00 00 00 00 00 00 00 00 00000000000000ff 1  <- last
[cyc 9681] [STRIP MRC headers IN 0] 98 99 9a 9b 9c 9d 9e 9f 00 00 00 00 00 00 00 00 00 00 00 00 00 00 00 00 00 00 00 00 00 00 00 00 00 00 00 00 00 00 00 00 00 00 00 00 00 00 00 00 00 00 00 00 00 00 00 00 00 00 00 00 00 00 00 00 00000000000000ff 1  <- last
[cyc 9681] [STRIP MRC headers OUT 0] 00 00 00 00 00 04 06 00 00 00 12 34 00 00 00 30 70 71 72 73 74 75 76 77 78 79 7a 7b 7c 7d 7e 7f 80 81 82 83 84 85 86 87 88 89 8a 8b 8c 8d 8e 8f 90 91 92 93 94 95 96 97 98 99 9a 9b 9c 9d 9e 9f ffffffffffffffff 1  <- last
[cyc 9682] [RX IBH FSM 0]: epsn: 0x0a0b26, 658214, packet psn: 0x0a0b26, 658214, oldest outstanding psn: 0x8a0b26, 9046822
[cyc 9684] [META MERGER 0]: reading from ack event with qpn 5, psn 658214
[cyc 9685] [R SHIFT BY OCTET IN] 00 00 00 00 00 04 06 00 00 00 12 34 00 00 00 30 70 71 72 73 74 75 76 77 78 79 7a 7b 7c 7d 7e 7f 80 81 82 83 84 85 86 87 88 89 8a 8b 8c 8d 8e 8f 90 91 92 93 94 95 96 97 98 99 9a 9b 9c 9d 9e 9f ffffffffffffffff 1  <- last
[cyc 9686] [R SHIFT BY OCTET OUT] 70 71 72 73 74 75 76 77 78 79 7a 7b 7c 7d 7e 7f 80 81 82 83 84 85 86 87 88 89 8a 8b 8c 8d 8e 8f 90 91 92 93 94 95 96 97 98 99 9a 9b 9c 9d 9e 9f 00 00 00 00 00 00 00 00 00 00 00 00 00 00 00 00 0000ffffffffffff 1  <- last
[cyc 9687] [GENERATE EXH 0]: MRC_ACK with qpn 5, psn 658214
[cyc 9687] [GENERATE EXH 0]: MRC_ACK 1f 00 00 15 40 5f 00 00 00 71 f4 d0 83 e8 5f f6 60 fa 8b 9e 40 5f 00 00 40 be 46 89 fe 7f 00 00 d0 fa 8b 9e 40 5f 00 00 44 5b 81 9e 40 5f 00 00 44 c0 46 89 fe 7f 00 00 87 16 85 9e 40 5f 00 00 000000000000000f 1
[cyc 9687] [APPEND PAYLOAD 0]: moving to state HEADER
[cyc 9687] [TX IP UDP META MERGER 0]: port 0xc000
[cyc 9688] [APPEND PAYLOAD 0]: moving to state INFO
[cyc 9688] [GENERATE IBH 0]: input meta, opcode 0x209 valid psn 0x0a0b26
[cyc 9688] [PREPEND IBH HEADER 0]: going to state PARTIAL_HEADER
[cyc 9689] [PREPEND IBH HEADER 0]: IBH PARTIAL PAYLOAD
[cyc 9689] 00 00 00 00 00 00 00 00 00 00 00 00 1f 00 00 15 40 5f 00 00 00 71 f4 d0 83 e8 5f f6 60 fa 8b 9e 40 5f 00 00 40 be 46 89 fe 7f 00 00 d0 fa 8b 9e 40 5f 00 00 44 5b 81 9e 40 5f 00 00 44 c0 46 89 000000000000ffff 1
[cyc 9689] [PREPEND IBH HEADER 0]: IBH PARTIAL HEADER
[cyc 9689] d1 00 ff ff 00 00 00 42 00 0a 0b 26 1f 00 00 15 40 5f 00 00 00 71 f4 d0 83 e8 5f f6 60 fa 8b 9e 40 5f 00 00 40 be 46 89 fe 7f 00 00 d0 fa 8b 9e 40 5f 00 00 44 5b 81 9e 40 5f 00 00 44 c0 46 89 000000000000ffff 1

[TB] ---- Outputs (cycle they left the module) ----
[TB] cyc 9685 m_axis_mem_write_cmd: op=RC_RDMA_WRITE_ONLY qpn=0x5 addr=0x40600 len=48 lst=1 host=1
[TB] cyc 9687 m_axis_mem_write_data: 48 B
      0000: 70 71 72 73 74 75 76 77 78 79 7a 7b 7c 7d 7e 7f 
      0010: 80 81 82 83 84 85 86 87 88 89 8a 8b 8c 8d 8e 8f 
      0020: 90 91 92 93 94 95 96 97 98 99 9a 9b 9c 9d 9e 9f 
[TB] cyc 9690 m_axis_tx_data packet (16 B), meta: dst ip=0xa000002 length=20
      0000: d1 00 ff ff 00 00 00 42 00 0a 0b 26 1f 00 00 15 

[TB] ---- Checks ----
[TB] Packet 0: TEST 08g: payload 48 + TSETH
  [PASS] a memory write command was issued for it
[TB]   memory command at cycle 9685
  [PASS] memCmd.op_code = 0xca
  [PASS] memCmd.qpn     = 0x5
  [PASS] memCmd.addr    = 0x40600
  [PASS] memCmd.len     = 48
  [PASS] memCmd.lst     = 0x1
  [PASS] payload data reached memory
[TB]   payload in memory by cycle 9687
  [PASS] bytes written to memory = 48
  [PASS] memory data is identical to the payload that was sent
  [PASS] a reply (ACK/NAK) was sent for it
[TB]   reply at cycle 9690
  [PASS] tx meta: destination IP = 0xa000002
  [PASS] tx meta: UDP length (BTH+AETH+ICRC) = 20
[TB]   parsed reply: MRC_ACK  DestQP=0x42  PSN=0xa0b26  AETH.syndrome=0x1f (ACK)  AETH.MSN=0x15
  [PASS] reply length in bytes = 16
  [PASS] reply BTH.opcode (MRC_ACK) = 0xd1
  [PASS] reply BTH.DestQP (remote QPN) = 0x42
  [PASS] reply BTH.PSN = 0xa0b26
  [PASS] reply AETH.syndrome (ACK) = 0x1f
  [PASS] reply AETH.MSN = 0x15
[TB] Whole group
  [PASS] unexpected memory write commands = 0
  [PASS] unexpected memory payloads = 0
  [PASS] no memory data beat left without TLAST
  [PASS] unexpected packets sent back = 0
  [PASS] tx meta entries = tx packets = 1
  [PASS] invalid-PSN drop counter increase over the group = 0
  [PASS] ackMeta to the host (only used for our own requests) = 0
  [PASS] module consumed the whole input
  [PASS] no memory READ command issued

=====================================================================
  GROUP: TEST 08h: payload 49 + TSETH
=====================================================================
[TB] Packet 0: TEST 08h: payload 49 + TSETH
[TB]   state before: epsn=0xa0b27 last_psn=0xa0b26
[TB]   RC_RDMA_WRITE_ONLY  DestQP=0x5  PSN=0xa0b27, 658215  RETH.vaddr=0x40700  RETH.len=49  payload=49 B  UDP length=97  (then drain and check)
      0000: ca 00 ff ff 00 00 00 05 90 0a 0b 27 00 00 00 15 
      0010: 00 00 00 01 00 00 00 00 00 04 07 00 00 00 12 34 
      0020: 00 00 00 31 80 81 82 83 84 85 86 87 88 89 8a 8b 
      0030: 8c 8d 8e 8f 90 91 92 93 94 95 96 97 98 99 9a 9b 
      ... (21 more bytes)

[TB] Feeding 1 packet(s)... (module prints follow)
[cyc 9981] [TB] first beat of packet 0 (TEST 08h: payload 49 + TSETH)
[cyc 9981] [RX PROCESS IBH 0]: input psn 0x0a0b27
[cyc 9981] [RX PROCESS IBH 0]: process IBH opcode: ca
[cyc 9981] [R SHIFT BY OCTET IN] ca 00 ff ff 00 00 00 05 90 0a 0b 27 00 00 00 15 00 00 00 01 00 00 00 00 00 04 07 00 00 00 12 34 00 00 00 31 80 81 82 83 84 85 86 87 88 89 8a 8b 8c 8d 8e 8f 90 91 92 93 94 95 96 97 98 99 9a 9b ffffffffffffffff 0
[cyc 9982] [TB] last beat of packet 0 (2 beat(s))
[cyc 9982] [R SHIFT BY OCTET IN] 9c 9d 9e 9f a0 a1 a2 a3 a4 a5 a6 a7 a8 a9 aa ab ac ad ae af b0 00 00 00 00 00 00 00 00 00 00 00 00 00 00 00 00 00 00 00 00 00 00 00 00 00 00 00 00 00 00 00 00 00 00 00 00 00 00 00 00 00 00 00 00000000001fffff 1  <- last
[cyc 9982] [R SHIFT BY OCTET OUT] 00 00 00 15 00 00 00 01 00 00 00 00 00 04 07 00 00 00 12 34 00 00 00 31 80 81 82 83 84 85 86 87 88 89 8a 8b 8c 8d 8e 8f 90 91 92 93 94 95 96 97 98 99 9a 9b 9c 9d 9e 9f a0 a1 a2 a3 a4 a5 a6 a7 ffffffffffffffff 0
[cyc 9982] [STRIP MRC headers IN 0] 00 00 00 15 00 00 00 01 00 00 00 00 00 04 07 00 00 00 12 34 00 00 00 31 80 81 82 83 84 85 86 87 88 89 8a 8b 8c 8d 8e 8f 90 91 92 93 94 95 96 97 98 99 9a 9b 9c 9d 9e 9f a0 a1 a2 a3 a4 a5 a6 a7 ffffffffffffffff 0
[TB] All packets fed, running 300 more cycles...
[cyc 9983] [R SHIFT BY OCTET OUT] a8 a9 aa ab ac ad ae af b0 00 00 00 00 00 00 00 00 00 00 00 00 00 00 00 00 00 00 00 00 00 00 00 00 00 00 00 00 00 00 00 00 00 00 00 00 00 00 00 00 00 00 00 00 00 00 00 00 00 00 00 00 00 00 00 00000000000001ff 1  <- last
[cyc 9983] [STRIP MRC headers IN 0] a8 a9 aa ab ac ad ae af b0 00 00 00 00 00 00 00 00 00 00 00 00 00 00 00 00 00 00 00 00 00 00 00 00 00 00 00 00 00 00 00 00 00 00 00 00 00 00 00 00 00 00 00 00 00 00 00 00 00 00 00 00 00 00 00 00000000000001ff 1  <- last
[cyc 9983] [STRIP MRC headers OUT 0] 00 00 00 00 00 04 07 00 00 00 12 34 00 00 00 31 80 81 82 83 84 85 86 87 88 89 8a 8b 8c 8d 8e 8f 90 91 92 93 94 95 96 97 98 99 9a 9b 9c 9d 9e 9f a0 a1 a2 a3 a4 a5 a6 a7 a8 a9 aa ab ac ad ae af ffffffffffffffff 0
[cyc 9984] [STRIP MRC headers OUT 0] b0 00 00 00 00 00 00 00 00 00 00 00 00 00 00 00 00 00 00 00 00 00 00 00 00 00 00 00 00 00 00 00 00 00 00 00 00 00 00 00 00 00 00 00 00 00 00 00 00 00 00 00 00 00 00 00 00 00 00 00 00 00 00 00 0000000000000001 1  <- last
[cyc 9984] [RX IBH FSM 0]: epsn: 0x0a0b27, 658215, packet psn: 0x0a0b27, 658215, oldest outstanding psn: 0x8a0b27, 9046823
[cyc 9986] [META MERGER 0]: reading from ack event with qpn 5, psn 658215
[cyc 9987] [R SHIFT BY OCTET IN] 00 00 00 00 00 04 07 00 00 00 12 34 00 00 00 31 80 81 82 83 84 85 86 87 88 89 8a 8b 8c 8d 8e 8f 90 91 92 93 94 95 96 97 98 99 9a 9b 9c 9d 9e 9f a0 a1 a2 a3 a4 a5 a6 a7 a8 a9 aa ab ac ad ae af ffffffffffffffff 0
[cyc 9988] [R SHIFT BY OCTET IN] b0 00 00 00 00 00 00 00 00 00 00 00 00 00 00 00 00 00 00 00 00 00 00 00 00 00 00 00 00 00 00 00 00 00 00 00 00 00 00 00 00 00 00 00 00 00 00 00 00 00 00 00 00 00 00 00 00 00 00 00 00 00 00 00 0000000000000001 1  <- last
[cyc 9988] [R SHIFT BY OCTET OUT] 80 81 82 83 84 85 86 87 88 89 8a 8b 8c 8d 8e 8f 90 91 92 93 94 95 96 97 98 99 9a 9b 9c 9d 9e 9f a0 a1 a2 a3 a4 a5 a6 a7 a8 a9 aa ab ac ad ae af b0 00 00 00 00 00 00 00 00 00 00 00 00 00 00 00 0001ffffffffffff 1  <- last
[cyc 9989] [GENERATE EXH 0]: MRC_ACK with qpn 5, psn 658215
[cyc 9989] [GENERATE EXH 0]: MRC_ACK 1f 00 00 16 40 5f 00 00 00 71 f4 d0 83 e8 5f f6 60 fa 8b 9e 40 5f 00 00 40 be 46 89 fe 7f 00 00 d0 fa 8b 9e 40 5f 00 00 44 5b 81 9e 40 5f 00 00 44 c0 46 89 fe 7f 00 00 87 16 85 9e 40 5f 00 00 000000000000000f 1
[cyc 9989] [APPEND PAYLOAD 0]: moving to state HEADER
[cyc 9989] [TX IP UDP META MERGER 0]: port 0xc000
[cyc 9990] [APPEND PAYLOAD 0]: moving to state INFO
[cyc 9990] [GENERATE IBH 0]: input meta, opcode 0x209 valid psn 0x0a0b27
[cyc 9990] [PREPEND IBH HEADER 0]: going to state PARTIAL_HEADER
[cyc 9991] [PREPEND IBH HEADER 0]: IBH PARTIAL PAYLOAD
[cyc 9991] 00 00 00 00 00 00 00 00 00 00 00 00 1f 00 00 16 40 5f 00 00 00 71 f4 d0 83 e8 5f f6 60 fa 8b 9e 40 5f 00 00 40 be 46 89 fe 7f 00 00 d0 fa 8b 9e 40 5f 00 00 44 5b 81 9e 40 5f 00 00 44 c0 46 89 000000000000ffff 1
[cyc 9991] [PREPEND IBH HEADER 0]: IBH PARTIAL HEADER
[cyc 9991] d1 00 ff ff 00 00 00 42 00 0a 0b 27 1f 00 00 16 40 5f 00 00 00 71 f4 d0 83 e8 5f f6 60 fa 8b 9e 40 5f 00 00 40 be 46 89 fe 7f 00 00 d0 fa 8b 9e 40 5f 00 00 44 5b 81 9e 40 5f 00 00 44 c0 46 89 000000000000ffff 1

[TB] ---- Outputs (cycle they left the module) ----
[TB] cyc 9987 m_axis_mem_write_cmd: op=RC_RDMA_WRITE_ONLY qpn=0x5 addr=0x40700 len=49 lst=1 host=1
[TB] cyc 9989 m_axis_mem_write_data: 49 B
      0000: 80 81 82 83 84 85 86 87 88 89 8a 8b 8c 8d 8e 8f 
      0010: 90 91 92 93 94 95 96 97 98 99 9a 9b 9c 9d 9e 9f 
      0020: a0 a1 a2 a3 a4 a5 a6 a7 a8 a9 aa ab ac ad ae af 
      0030: b0 
[TB] cyc 9992 m_axis_tx_data packet (16 B), meta: dst ip=0xa000002 length=20
      0000: d1 00 ff ff 00 00 00 42 00 0a 0b 27 1f 00 00 16 

[TB] ---- Checks ----
[TB] Packet 0: TEST 08h: payload 49 + TSETH
  [PASS] a memory write command was issued for it
[TB]   memory command at cycle 9987
  [PASS] memCmd.op_code = 0xca
  [PASS] memCmd.qpn     = 0x5
  [PASS] memCmd.addr    = 0x40700
  [PASS] memCmd.len     = 49
  [PASS] memCmd.lst     = 0x1
  [PASS] payload data reached memory
[TB]   payload in memory by cycle 9989
  [PASS] bytes written to memory = 49
  [PASS] memory data is identical to the payload that was sent
  [PASS] a reply (ACK/NAK) was sent for it
[TB]   reply at cycle 9992
  [PASS] tx meta: destination IP = 0xa000002
  [PASS] tx meta: UDP length (BTH+AETH+ICRC) = 20
[TB]   parsed reply: MRC_ACK  DestQP=0x42  PSN=0xa0b27  AETH.syndrome=0x1f (ACK)  AETH.MSN=0x16
  [PASS] reply length in bytes = 16
  [PASS] reply BTH.opcode (MRC_ACK) = 0xd1
  [PASS] reply BTH.DestQP (remote QPN) = 0x42
  [PASS] reply BTH.PSN = 0xa0b27
  [PASS] reply AETH.syndrome (ACK) = 0x1f
  [PASS] reply AETH.MSN = 0x16
[TB] Whole group
  [PASS] unexpected memory write commands = 0
  [PASS] unexpected memory payloads = 0
  [PASS] no memory data beat left without TLAST
  [PASS] unexpected packets sent back = 0
  [PASS] tx meta entries = tx packets = 1
  [PASS] invalid-PSN drop counter increase over the group = 0
  [PASS] ackMeta to the host (only used for our own requests) = 0
  [PASS] module consumed the whole input
  [PASS] no memory READ command issued

=====================================================================
  GROUP: TEST 09a: PROBE from the requester  ->  TEST 09b: ONLY between control packets  ->  TEST 09c: SACK, then 5 idle cycles  ->  TEST 09d: NACK trimmed  ->  TEST 09e: EV probe request
=====================================================================
[TB] Packet 0: TEST 09a: PROBE from the requester
[TB]   MRC_PROBE_REQ  DestQP=0x5  PSN=0x0  header=16 B  UDP length=40  (next packet back to back)
      0000: de 00 ff ff 00 00 00 05 00 00 00 00 00 00 00 00 
      0010: 00 01 00 00 00 42 00 05 00 00 00 00 
[TB] Packet 1: TEST 09b: ONLY between control packets
[TB]   state before: epsn=0xa0b28 last_psn=0xa0b27
[TB]   RC_RDMA_WRITE_ONLY  DestQP=0x5  PSN=0xa0b28, 658216  RETH.vaddr=0x50000  RETH.len=256  payload=256 B  UDP length=300  (next packet back to back)
      0000: ca 00 ff ff 00 00 00 05 80 0a 0b 28 00 00 00 16 
      0010: 00 00 00 00 00 05 00 00 00 00 12 34 00 00 01 00 
      0020: 90 91 92 93 94 95 96 97 98 99 9a 9b 9c 9d 9e 9f 
      0030: a0 a1 a2 a3 a4 a5 a6 a7 a8 a9 aa ab ac ad ae af 
      ... (224 more bytes)
[TB] Packet 2: TEST 09c: SACK, then 5 idle cycles
[TB]   MRC_SACK  DestQP=0x5  PSN=0x100  header=36 B  UDP length=60  (then 5 idle cycle(s))
      0000: dc 00 ff ff 00 00 00 05 00 00 01 00 00 00 00 00 
      0010: e0 00 01 00 00 05 00 42 00 00 01 00 00 00 00 00 
      0020: 00 00 00 00 00 00 00 00 00 00 00 00 00 00 00 00 
[TB] Packet 3: TEST 09d: NACK trimmed
[TB]   MRC_NACK  DestQP=0x5  PSN=0x101  header=20 B  UDP length=44  (next packet back to back)
      0000: dd 00 ff ff 00 00 00 05 00 00 01 01 00 00 01 00 
      0010: e0 00 01 01 00 05 00 42 00 00 01 01 20 00 00 00 
[TB] Packet 4: TEST 09e: EV probe request
[TB]   MRC_EP_REQ  DestQP=0x2  PSN=0x42  header=16 B  UDP length=40  (then drain and check)
      0000: d8 00 ff ff 00 00 00 02 00 00 00 42 00 01 00 00 
      0010: 00 00 00 00 00 00 00 00 00 00 00 00 

[TB] Feeding 5 packet(s)... (module prints follow)
[cyc 10283] [TB] first beat of packet 0 (TEST 09a: PROBE from the requester)
[cyc 10283] [TB] last beat of packet 0 (1 beat(s))
[cyc 10283] [RX PROCESS IBH 0]: input psn 0x0
[cyc 10283] [RX PROCESS IBH 0]: process IBH opcode: de (ctrl)
[cyc 10283] [R SHIFT BY OCTET IN] de 00 ff ff 00 00 00 05 00 00 00 00 00 00 00 00 00 01 00 00 00 42 00 05 00 00 00 00 00 00 00 00 00 00 00 00 00 00 00 00 00 00 00 00 00 00 00 00 00 00 00 00 00 00 00 00 00 00 00 00 00 00 00 00 000000000fffffff 1  <- last
[cyc 10284] [TB] first beat of packet 1 (TEST 09b: ONLY between control packets)
[cyc 10284] [RX PROCESS IBH 0]: input psn 0x0a0b28
[cyc 10284] [RX PROCESS IBH 0]: process IBH opcode: ca
[cyc 10284] [R SHIFT BY OCTET OUT] 00 00 00 00 00 01 00 00 00 42 00 05 00 00 00 00 00 00 00 00 00 00 00 00 00 00 00 00 00 00 00 00 00 00 00 00 00 00 00 00 00 00 00 00 00 00 00 00 00 00 00 00 00 00 00 00 00 00 00 00 00 00 00 00 000000000000ffff 1  <- last
[cyc 10284] [RX PROCESS CTRL IN] 00 00 00 00 00 01 00 00 00 42 00 05 00 00 00 00 00 00 00 00 00 00 00 00 00 00 00 00 00 00 00 00 00 00 00 00 00 00 00 00 00 00 00 00 00 00 00 00 00 00 00 00 00 00 00 00 00 00 00 00 00 00 00 00 000000000000ffff 1  <- last
[cyc 10284] [RX CTRL FSM 0]: PROBE qp 0x5 probe_id 0x1
[cyc 10285] [R SHIFT BY OCTET IN] ca 00 ff ff 00 00 00 05 80 0a 0b 28 00 00 00 16 00 00 00 00 00 05 00 00 00 00 12 34 00 00 01 00 90 91 92 93 94 95 96 97 98 99 9a 9b 9c 9d 9e 9f a0 a1 a2 a3 a4 a5 a6 a7 a8 a9 aa ab ac ad ae af ffffffffffffffff 0
[cyc 10286] [R SHIFT BY OCTET IN] b0 b1 b2 b3 b4 b5 b6 b7 b8 b9 ba bb bc bd be bf c0 c1 c2 c3 c4 c5 c6 c7 c8 c9 ca cb cc cd ce cf d0 d1 d2 d3 d4 d5 d6 d7 d8 d9 da db dc dd de df e0 e1 e2 e3 e4 e5 e6 e7 e8 e9 ea eb ec ed ee ef ffffffffffffffff 0
[cyc 10286] [R SHIFT BY OCTET OUT] 00 00 00 16 00 00 00 00 00 05 00 00 00 00 12 34 00 00 01 00 90 91 92 93 94 95 96 97 98 99 9a 9b 9c 9d 9e 9f a0 a1 a2 a3 a4 a5 a6 a7 a8 a9 aa ab ac ad ae af b0 b1 b2 b3 b4 b5 b6 b7 b8 b9 ba bb ffffffffffffffff 0
[cyc 10286] [STRIP MRC headers IN 0] 00 00 00 16 00 00 00 00 00 05 00 00 00 00 12 34 00 00 01 00 90 91 92 93 94 95 96 97 98 99 9a 9b 9c 9d 9e 9f a0 a1 a2 a3 a4 a5 a6 a7 a8 a9 aa ab ac ad ae af b0 b1 b2 b3 b4 b5 b6 b7 b8 b9 ba bb ffffffffffffffff 0
[cyc 10287] [R SHIFT BY OCTET IN] f0 f1 f2 f3 f4 f5 f6 f7 f8 f9 fa fb fc fd fe ff 00 01 02 03 04 05 06 07 08 09 0a 0b 0c 0d 0e 0f 10 11 12 13 14 15 16 17 18 19 1a 1b 1c 1d 1e 1f 20 21 22 23 24 25 26 27 28 29 2a 2b 2c 2d 2e 2f ffffffffffffffff 0
[cyc 10287] [R SHIFT BY OCTET OUT] bc bd be bf c0 c1 c2 c3 c4 c5 c6 c7 c8 c9 ca cb cc cd ce cf d0 d1 d2 d3 d4 d5 d6 d7 d8 d9 da db dc dd de df e0 e1 e2 e3 e4 e5 e6 e7 e8 e9 ea eb ec ed ee ef f0 f1 f2 f3 f4 f5 f6 f7 f8 f9 fa fb ffffffffffffffff 0
[cyc 10287] [STRIP MRC headers IN 0] bc bd be bf c0 c1 c2 c3 c4 c5 c6 c7 c8 c9 ca cb cc cd ce cf d0 d1 d2 d3 d4 d5 d6 d7 d8 d9 da db dc dd de df e0 e1 e2 e3 e4 e5 e6 e7 e8 e9 ea eb ec ed ee ef f0 f1 f2 f3 f4 f5 f6 f7 f8 f9 fa fb ffffffffffffffff 0
[cyc 10287] [STRIP MRC headers OUT 0] 00 00 00 00 00 05 00 00 00 00 12 34 00 00 01 00 90 91 92 93 94 95 96 97 98 99 9a 9b 9c 9d 9e 9f a0 a1 a2 a3 a4 a5 a6 a7 a8 a9 aa ab ac ad ae af b0 b1 b2 b3 b4 b5 b6 b7 b8 b9 ba bb bc bd be bf ffffffffffffffff 0
[cyc 10288] [TB] last beat of packet 1 (5 beat(s))
[cyc 10288] [R SHIFT BY OCTET IN] 30 31 32 33 34 35 36 37 38 39 3a 3b 3c 3d 3e 3f 40 41 42 43 44 45 46 47 48 49 4a 4b 4c 4d 4e 4f 50 51 52 53 54 55 56 57 58 59 5a 5b 5c 5d 5e 5f 60 61 62 63 64 65 66 67 68 69 6a 6b 6c 6d 6e 6f ffffffffffffffff 0
[cyc 10288] [R SHIFT BY OCTET OUT] fc fd fe ff 00 01 02 03 04 05 06 07 08 09 0a 0b 0c 0d 0e 0f 10 11 12 13 14 15 16 17 18 19 1a 1b 1c 1d 1e 1f 20 21 22 23 24 25 26 27 28 29 2a 2b 2c 2d 2e 2f 30 31 32 33 34 35 36 37 38 39 3a 3b ffffffffffffffff 0
[cyc 10288] [STRIP MRC headers IN 0] fc fd fe ff 00 01 02 03 04 05 06 07 08 09 0a 0b 0c 0d 0e 0f 10 11 12 13 14 15 16 17 18 19 1a 1b 1c 1d 1e 1f 20 21 22 23 24 25 26 27 28 29 2a 2b 2c 2d 2e 2f 30 31 32 33 34 35 36 37 38 39 3a 3b ffffffffffffffff 0
[cyc 10288] [STRIP MRC headers OUT 0] c0 c1 c2 c3 c4 c5 c6 c7 c8 c9 ca cb cc cd ce cf d0 d1 d2 d3 d4 d5 d6 d7 d8 d9 da db dc dd de df e0 e1 e2 e3 e4 e5 e6 e7 e8 e9 ea eb ec ed ee ef f0 f1 f2 f3 f4 f5 f6 f7 f8 f9 fa fb fc fd fe ff ffffffffffffffff 0
[cyc 10288] [RX IBH FSM 0]: epsn: 0x0a0b28, 658216, packet psn: 0x0a0b28, 658216, oldest outstanding psn: 0x8a0b28, 9046824
[cyc 10289] [TB] first beat of packet 2 (TEST 09c: SACK, then 5 idle cycles)
[cyc 10289] [TB] last beat of packet 2 (1 beat(s))
[cyc 10289] [RX PROCESS IBH 0]: input psn 0x100
[cyc 10289] [RX PROCESS IBH 0]: process IBH opcode: dc (ctrl)
[cyc 10289] [R SHIFT BY OCTET IN] 70 71 72 73 74 75 76 77 78 79 7a 7b 7c 7d 7e 7f 80 81 82 83 84 85 86 87 88 89 8a 8b 8c 8d 8e 8f 00 00 00 00 00 00 00 00 00 00 00 00 00 00 00 00 00 00 00 00 00 00 00 00 00 00 00 00 00 00 00 00 00000000ffffffff 1  <- last
[cyc 10289] [R SHIFT BY OCTET OUT] 3c 3d 3e 3f 40 41 42 43 44 45 46 47 48 49 4a 4b 4c 4d 4e 4f 50 51 52 53 54 55 56 57 58 59 5a 5b 5c 5d 5e 5f 60 61 62 63 64 65 66 67 68 69 6a 6b 6c 6d 6e 6f 70 71 72 73 74 75 76 77 78 79 7a 7b ffffffffffffffff 0
[cyc 10289] [STRIP MRC headers IN 0] 3c 3d 3e 3f 40 41 42 43 44 45 46 47 48 49 4a 4b 4c 4d 4e 4f 50 51 52 53 54 55 56 57 58 59 5a 5b 5c 5d 5e 5f 60 61 62 63 64 65 66 67 68 69 6a 6b 6c 6d 6e 6f 70 71 72 73 74 75 76 77 78 79 7a 7b ffffffffffffffff 0
[cyc 10289] [STRIP MRC headers OUT 0] 00 01 02 03 04 05 06 07 08 09 0a 0b 0c 0d 0e 0f 10 11 12 13 14 15 16 17 18 19 1a 1b 1c 1d 1e 1f 20 21 22 23 24 25 26 27 28 29 2a 2b 2c 2d 2e 2f 30 31 32 33 34 35 36 37 38 39 3a 3b 3c 3d 3e 3f ffffffffffffffff 0
[cyc 10290] [R SHIFT BY OCTET OUT] 7c 7d 7e 7f 80 81 82 83 84 85 86 87 88 89 8a 8b 8c 8d 8e 8f 00 00 00 00 00 00 00 00 00 00 00 00 00 00 00 00 00 00 00 00 00 00 00 00 00 00 00 00 00 00 00 00 00 00 00 00 00 00 00 00 00 00 00 00 00000000000fffff 1  <- last
[cyc 10290] [STRIP MRC headers IN 0] 7c 7d 7e 7f 80 81 82 83 84 85 86 87 88 89 8a 8b 8c 8d 8e 8f 00 00 00 00 00 00 00 00 00 00 00 00 00 00 00 00 00 00 00 00 00 00 00 00 00 00 00 00 00 00 00 00 00 00 00 00 00 00 00 00 00 00 00 00 00000000000fffff 1  <- last
[cyc 10290] [STRIP MRC headers OUT 0] 40 41 42 43 44 45 46 47 48 49 4a 4b 4c 4d 4e 4f 50 51 52 53 54 55 56 57 58 59 5a 5b 5c 5d 5e 5f 60 61 62 63 64 65 66 67 68 69 6a 6b 6c 6d 6e 6f 70 71 72 73 74 75 76 77 78 79 7a 7b 7c 7d 7e 7f ffffffffffffffff 0
[cyc 10290] [META MERGER 0]: reading from ack event with qpn 0x5, psn 0x0a0b28
[cyc 10291] [R SHIFT BY OCTET IN] dc 00 ff ff 00 00 00 05 00 00 01 00 00 00 00 00 e0 00 01 00 00 05 00 42 00 00 01 00 00 00 00 00 00 00 00 00 00 00 00 00 00 00 00 00 00 00 00 00 00 00 00 00 00 00 00 00 00 00 00 00 00 00 00 00 0000ffffffffffff 1  <- last
[cyc 10291] [STRIP MRC headers OUT 0] 80 81 82 83 84 85 86 87 88 89 8a 8b 8c 8d 8e 8f 00 00 00 00 00 00 00 00 00 00 00 00 00 00 00 00 00 00 00 00 00 00 00 00 00 00 00 00 00 00 00 00 00 00 00 00 00 00 00 00 00 00 00 00 00 00 00 00 000000000000ffff 1  <- last
[cyc 10291] [R SHIFT BY OCTET IN] 00 00 00 00 00 05 00 00 00 00 12 34 00 00 01 00 90 91 92 93 94 95 96 97 98 99 9a 9b 9c 9d 9e 9f a0 a1 a2 a3 a4 a5 a6 a7 a8 a9 aa ab ac ad ae af b0 b1 b2 b3 b4 b5 b6 b7 b8 b9 ba bb bc bd be bf ffffffffffffffff 0
[cyc 10292] [R SHIFT BY OCTET OUT] 00 00 00 00 e0 00 01 00 00 05 00 42 00 00 01 00 00 00 00 00 00 00 00 00 00 00 00 00 00 00 00 00 00 00 00 00 00 00 00 00 00 00 00 00 00 00 00 00 00 00 00 00 00 00 00 00 00 00 00 00 00 00 00 00 0000000fffffffff 1  <- last
[cyc 10292] [RX PROCESS CTRL IN] 00 00 00 00 e0 00 01 00 00 05 00 42 00 00 01 00 00 00 00 00 00 00 00 00 00 00 00 00 00 00 00 00 00 00 00 00 00 00 00 00 00 00 00 00 00 00 00 00 00 00 00 00 00 00 00 00 00 00 00 00 00 00 00 00 0000000fffffffff 1  <- last
[cyc 10292] [RX CTRL FSM 0]: SACK qp 0x5 cack_psn 0x100 ack_psn 0x100 pr 0 m 0x0 sack_base 0x100 bitmap 0x0 ooo 0x0 rcvd_bytes 0x0
[cyc 10292] [R SHIFT BY OCTET IN] c0 c1 c2 c3 c4 c5 c6 c7 c8 c9 ca cb cc cd ce cf d0 d1 d2 d3 d4 d5 d6 d7 d8 d9 da db dc dd de df e0 e1 e2 e3 e4 e5 e6 e7 e8 e9 ea eb ec ed ee ef f0 f1 f2 f3 f4 f5 f6 f7 f8 f9 fa fb fc fd fe ff ffffffffffffffff 0
[cyc 10292] [R SHIFT BY OCTET OUT] 90 91 92 93 94 95 96 97 98 99 9a 9b 9c 9d 9e 9f a0 a1 a2 a3 a4 a5 a6 a7 a8 a9 aa ab ac ad ae af b0 b1 b2 b3 b4 b5 b6 b7 b8 b9 ba bb bc bd be bf c0 c1 c2 c3 c4 c5 c6 c7 c8 c9 ca cb cc cd ce cf ffffffffffffffff 0
[cyc 10293] [R SHIFT BY OCTET IN] 00 01 02 03 04 05 06 07 08 09 0a 0b 0c 0d 0e 0f 10 11 12 13 14 15 16 17 18 19 1a 1b 1c 1d 1e 1f 20 21 22 23 24 25 26 27 28 29 2a 2b 2c 2d 2e 2f 30 31 32 33 34 35 36 37 38 39 3a 3b 3c 3d 3e 3f ffffffffffffffff 0
[cyc 10293] [R SHIFT BY OCTET OUT] d0 d1 d2 d3 d4 d5 d6 d7 d8 d9 da db dc dd de df e0 e1 e2 e3 e4 e5 e6 e7 e8 e9 ea eb ec ed ee ef f0 f1 f2 f3 f4 f5 f6 f7 f8 f9 fa fb fc fd fe ff 00 01 02 03 04 05 06 07 08 09 0a 0b 0c 0d 0e 0f ffffffffffffffff 0
[cyc 10293] [GENERATE EXH 0]: MRC_ACK with qpn 0x5, psn 0x0a0b28
[cyc 10293] [GENERATE EXH 0]: MRC_ACK 1f 00 00 17 d4 d5 d6 d7 00 71 f4 d0 83 e8 5f f6 60 fa 8b 9e 40 5f 00 00 40 be 46 89 fe 7f 00 00 d0 fa 8b 9e 40 5f 00 00 44 5b 81 9e 40 5f 00 00 44 c0 46 89 fe 7f 00 00 87 16 85 9e 40 5f 00 00 000000000000000f 1
[cyc 10293] [APPEND PAYLOAD 0]: moving to state HEADER
[cyc 10293] [TX IP UDP META MERGER 0]: port 0xc000
[cyc 10294] [R SHIFT BY OCTET IN] 40 41 42 43 44 45 46 47 48 49 4a 4b 4c 4d 4e 4f 50 51 52 53 54 55 56 57 58 59 5a 5b 5c 5d 5e 5f 60 61 62 63 64 65 66 67 68 69 6a 6b 6c 6d 6e 6f 70 71 72 73 74 75 76 77 78 79 7a 7b 7c 7d 7e 7f ffffffffffffffff 0
[cyc 10294] [R SHIFT BY OCTET OUT] 10 11 12 13 14 15 16 17 18 19 1a 1b 1c 1d 1e 1f 20 21 22 23 24 25 26 27 28 29 2a 2b 2c 2d 2e 2f 30 31 32 33 34 35 36 37 38 39 3a 3b 3c 3d 3e 3f 40 41 42 43 44 45 46 47 48 49 4a 4b 4c 4d 4e 4f ffffffffffffffff 0
[cyc 10294] [APPEND PAYLOAD 0]: moving to state INFO
[cyc 10294] [GENERATE IBH 0]: input meta, opcode 0xd1 valid psn 0x0a0b28
[cyc 10294] [PREPEND IBH HEADER 0]: going to state PARTIAL_HEADER
[cyc 10295] [TB] first beat of packet 3 (TEST 09d: NACK trimmed)
[cyc 10295] [TB] last beat of packet 3 (1 beat(s))
[cyc 10295] [RX PROCESS IBH 0]: input psn 0x101
[cyc 10295] [RX PROCESS IBH 0]: process IBH opcode: dd (ctrl)
[cyc 10295] [R SHIFT BY OCTET IN] dd 00 ff ff 00 00 00 05 00 00 01 01 00 00 01 00 e0 00 01 01 00 05 00 42 00 00 01 01 20 00 00 00 00 00 00 00 00 00 00 00 00 00 00 00 00 00 00 00 00 00 00 00 00 00 00 00 00 00 00 00 00 00 00 00 00000000ffffffff 1  <- last
[cyc 10295] [R SHIFT BY OCTET IN] 80 81 82 83 84 85 86 87 88 89 8a 8b 8c 8d 8e 8f 00 00 00 00 00 00 00 00 00 00 00 00 00 00 00 00 00 00 00 00 00 00 00 00 00 00 00 00 00 00 00 00 00 00 00 00 00 00 00 00 00 00 00 00 00 00 00 00 000000000000ffff 1  <- last
[cyc 10295] [R SHIFT BY OCTET OUT] 50 51 52 53 54 55 56 57 58 59 5a 5b 5c 5d 5e 5f 60 61 62 63 64 65 66 67 68 69 6a 6b 6c 6d 6e 6f 70 71 72 73 74 75 76 77 78 79 7a 7b 7c 7d 7e 7f 80 81 82 83 84 85 86 87 88 89 8a 8b 8c 8d 8e 8f ffffffffffffffff 1  <- last
[cyc 10295] [PREPEND IBH HEADER 0]: IBH PARTIAL PAYLOAD
[cyc 10295] 00 00 00 00 00 00 00 00 00 00 00 00 1f 00 00 17 d4 d5 d6 d7 00 71 f4 d0 83 e8 5f f6 60 fa 8b 9e 40 5f 00 00 40 be 46 89 fe 7f 00 00 d0 fa 8b 9e 40 5f 00 00 44 5b 81 9e 40 5f 00 00 44 c0 46 89 000000000000ffff 1
[cyc 10295] [PREPEND IBH HEADER 0]: IBH PARTIAL HEADER
[cyc 10295] d1 00 ff ff 00 00 00 42 00 0a 0b 28 1f 00 00 17 d4 d5 d6 d7 00 71 f4 d0 83 e8 5f f6 60 fa 8b 9e 40 5f 00 00 40 be 46 89 fe 7f 00 00 d0 fa 8b 9e 40 5f 00 00 44 5b 81 9e 40 5f 00 00 44 c0 46 89 000000000000ffff 1
[cyc 10296] [TB] first beat of packet 4 (TEST 09e: EV probe request)
[cyc 10296] [TB] last beat of packet 4 (1 beat(s))
[cyc 10296] [RX PROCESS IBH 0]: input psn 0x42
[cyc 10296] [RX PROCESS IBH 0]: process IBH opcode: d8 (ctrl)
[cyc 10296] [R SHIFT BY OCTET OUT] 00 00 01 00 e0 00 01 01 00 05 00 42 00 00 01 01 20 00 00 00 00 00 00 00 00 00 00 00 00 00 00 00 00 00 00 00 00 00 00 00 00 00 00 00 00 00 00 00 00 00 00 00 00 00 00 00 00 00 00 00 00 00 00 00 00000000000fffff 1  <- last
[cyc 10296] [RX PROCESS CTRL IN] 00 00 01 00 e0 00 01 01 00 05 00 42 00 00 01 01 20 00 00 00 00 00 00 00 00 00 00 00 00 00 00 00 00 00 00 00 00 00 00 00 00 00 00 00 00 00 00 00 00 00 00 00 00 00 00 00 00 00 00 00 00 00 00 00 00000000000fffff 1  <- last
[cyc 10296] [RX CTRL FSM 0]: NACK qp 0x5 reason 0x1 nack_psn 0x101 ts 0x0
[TB] All packets fed, running 300 more cycles...
[cyc 10297] [R SHIFT BY OCTET IN] d8 00 ff ff 00 00 00 02 00 00 00 42 00 01 00 00 00 00 00 00 00 00 00 00 00 00 00 00 00 00 00 00 00 00 00 00 00 00 00 00 00 00 00 00 00 00 00 00 00 00 00 00 00 00 00 00 00 00 00 00 00 00 00 00 000000000fffffff 1  <- last
[cyc 10298] [R SHIFT BY OCTET OUT] 00 01 00 00 00 00 00 00 00 00 00 00 00 00 00 00 00 00 00 00 00 00 00 00 00 00 00 00 00 00 00 00 00 00 00 00 00 00 00 00 00 00 00 00 00 00 00 00 00 00 00 00 00 00 00 00 00 00 00 00 00 00 00 00 000000000000ffff 1  <- last
[cyc 10298] [RX PROCESS CTRL IN] 00 01 00 00 00 00 00 00 00 00 00 00 00 00 00 00 00 00 00 00 00 00 00 00 00 00 00 00 00 00 00 00 00 00 00 00 00 00 00 00 00 00 00 00 00 00 00 00 00 00 00 00 00 00 00 00 00 00 00 00 00 00 00 00 000000000000ffff 1  <- last
[cyc 10298] [RX CTRL FSM 0]: EP REQ op 0x1 id 0x42 mask 0x0

[TB] ---- Outputs (cycle they left the module) ----
[TB] cyc 10291 m_axis_mem_write_cmd: op=RC_RDMA_WRITE_ONLY qpn=0x5 addr=0x50000 len=256 lst=1 host=1
[TB] cyc 10296 m_axis_mem_write_data: 256 B
      0000: 90 91 92 93 94 95 96 97 98 99 9a 9b 9c 9d 9e 9f 
      0010: a0 a1 a2 a3 a4 a5 a6 a7 a8 a9 aa ab ac ad ae af 
      0020: b0 b1 b2 b3 b4 b5 b6 b7 b8 b9 ba bb bc bd be bf 
      0030: c0 c1 c2 c3 c4 c5 c6 c7 c8 c9 ca cb cc cd ce cf 
      ... (192 more bytes)
[TB] cyc 10296 m_axis_tx_data packet (16 B), meta: dst ip=0xa000002 length=20
      0000: d1 00 ff ff 00 00 00 42 00 0a 0b 28 1f 00 00 17 

[TB] ---- Checks ----
[TB] Packet 0: TEST 09a: PROBE from the requester
[TB]   control packet: no memory write, no reply expected (checked below)
[TB] Packet 1: TEST 09b: ONLY between control packets
  [PASS] a memory write command was issued for it
[TB]   memory command at cycle 10291
  [PASS] memCmd.op_code = 0xca
  [PASS] memCmd.qpn     = 0x5
  [PASS] memCmd.addr    = 0x50000
  [PASS] memCmd.len     = 256
  [PASS] memCmd.lst     = 0x1
  [PASS] payload data reached memory
[TB]   payload in memory by cycle 10296
  [PASS] bytes written to memory = 256
  [PASS] memory data is identical to the payload that was sent
  [PASS] a reply (ACK/NAK) was sent for it
[TB]   reply at cycle 10296
  [PASS] tx meta: destination IP = 0xa000002
  [PASS] tx meta: UDP length (BTH+AETH+ICRC) = 20
[TB]   parsed reply: MRC_ACK  DestQP=0x42  PSN=0xa0b28  AETH.syndrome=0x1f (ACK)  AETH.MSN=0x17
  [PASS] reply length in bytes = 16
  [PASS] reply BTH.opcode (MRC_ACK) = 0xd1
  [PASS] reply BTH.DestQP (remote QPN) = 0x42
  [PASS] reply BTH.PSN = 0xa0b28
  [PASS] reply AETH.syndrome (ACK) = 0x1f
  [PASS] reply AETH.MSN = 0x17
[TB] Packet 2: TEST 09c: SACK, then 5 idle cycles
[TB]   control packet: no memory write, no reply expected (checked below)
[TB] Packet 3: TEST 09d: NACK trimmed
[TB]   control packet: no memory write, no reply expected (checked below)
[TB] Packet 4: TEST 09e: EV probe request
[TB]   control packet: no memory write, no reply expected (checked below)
[TB] Whole group
  [PASS] unexpected memory write commands = 0
  [PASS] unexpected memory payloads = 0
  [PASS] no memory data beat left without TLAST
  [PASS] unexpected packets sent back = 0
  [PASS] tx meta entries = tx packets = 1
  [PASS] control packets that reached rx_ctrl_fsm (printed "]: EP REQ") = 1
  [PASS] control packets that reached rx_ctrl_fsm (printed "]: NACK qp") = 1
  [PASS] control packets that reached rx_ctrl_fsm (printed "]: PROBE qp") = 1
  [PASS] control packets that reached rx_ctrl_fsm (printed "]: SACK qp") = 1
  [PASS] invalid-PSN drop counter increase over the group = 0
  [PASS] ackMeta to the host (only used for our own requests) = 0
  [PASS] module consumed the whole input
  [PASS] no memory READ command issued

=====================================================================
  GROUP: TEST 10a: FIRST of an IMM message  ->  TEST 10b: PROBE in the middle  ->  TEST 10c: LAST_IMM
=====================================================================
[TB] Packet 0: TEST 10a: FIRST of an IMM message
[TB]   state before: epsn=0xa0b29 last_psn=0xa0b28
[TB]   RC_RDMA_WRITE_FIRST  DestQP=0x5  PSN=0xa0b29, 658217  RETH.vaddr=0x51000  RETH.len=1124  payload=1024 B  UDP length=1068  (next packet back to back)
      0000: c6 00 ff ff 00 00 00 05 80 0a 0b 29 00 00 00 17 
      0010: 00 00 00 00 00 05 10 00 00 00 12 34 00 00 04 64 
      0020: e1 e2 e3 e4 e5 e6 e7 e8 e9 ea eb ec ed ee ef f0 
      0030: f1 f2 f3 f4 f5 f6 f7 f8 f9 fa fb fc fd fe ff 00 
      ... (992 more bytes)
[TB] Packet 1: TEST 10b: PROBE in the middle
[TB]   MRC_PROBE_REQ  DestQP=0x5  PSN=0x0  header=16 B  UDP length=40  (next packet back to back)
      0000: de 00 ff ff 00 00 00 05 00 00 00 00 00 00 00 00 
      0010: 00 02 00 00 00 42 00 05 00 00 00 00 
[TB] Packet 2: TEST 10c: LAST_IMM
[TB]   state before: epsn=0xa0b2a last_psn=0xa0b29
[TB]   MRC_RDMA_WRITE_LAST_IMM  DestQP=0x5  PSN=0xa0b2a, 658218  RETH.vaddr=0x51400  RETH.len=1124  payload=100 B  UDP length=148  (then drain and check)
      0000: c9 00 ff ff 00 00 00 05 80 0a 0b 2a 00 00 00 17 
      0010: 00 00 00 00 00 05 14 00 00 00 12 34 00 00 04 64 
      0020: c0 de 00 28 e2 e3 e4 e5 e6 e7 e8 e9 ea eb ec ed 
      0030: ee ef f0 f1 f2 f3 f4 f5 f6 f7 f8 f9 fa fb fc fd 
      ... (72 more bytes)

[TB] Feeding 3 packet(s)... (module prints follow)
[cyc 10597] [TB] first beat of packet 0 (TEST 10a: FIRST of an IMM message)
[cyc 10597] [RX PROCESS IBH 0]: input psn 0x0a0b29
[cyc 10597] [RX PROCESS IBH 0]: process IBH opcode: c6
[cyc 10597] [R SHIFT BY OCTET IN] c6 00 ff ff 00 00 00 05 80 0a 0b 29 00 00 00 17 00 00 00 00 00 05 10 00 00 00 12 34 00 00 04 64 e1 e2 e3 e4 e5 e6 e7 e8 e9 ea eb ec ed ee ef f0 f1 f2 f3 f4 f5 f6 f7 f8 f9 fa fb fc fd fe ff 00 ffffffffffffffff 0
[cyc 10598] [R SHIFT BY OCTET IN] 01 02 03 04 05 06 07 08 09 0a 0b 0c 0d 0e 0f 10 11 12 13 14 15 16 17 18 19 1a 1b 1c 1d 1e 1f 20 21 22 23 24 25 26 27 28 29 2a 2b 2c 2d 2e 2f 30 31 32 33 34 35 36 37 38 39 3a 3b 3c 3d 3e 3f 40 ffffffffffffffff 0
[cyc 10598] [R SHIFT BY OCTET OUT] 00 00 00 17 00 00 00 00 00 05 10 00 00 00 12 34 00 00 04 64 e1 e2 e3 e4 e5 e6 e7 e8 e9 ea eb ec ed ee ef f0 f1 f2 f3 f4 f5 f6 f7 f8 f9 fa fb fc fd fe ff 00 01 02 03 04 05 06 07 08 09 0a 0b 0c ffffffffffffffff 0
[cyc 10598] [STRIP MRC headers IN 0] 00 00 00 17 00 00 00 00 00 05 10 00 00 00 12 34 00 00 04 64 e1 e2 e3 e4 e5 e6 e7 e8 e9 ea eb ec ed ee ef f0 f1 f2 f3 f4 f5 f6 f7 f8 f9 fa fb fc fd fe ff 00 01 02 03 04 05 06 07 08 09 0a 0b 0c ffffffffffffffff 0
[cyc 10599] [R SHIFT BY OCTET IN] 41 42 43 44 45 46 47 48 49 4a 4b 4c 4d 4e 4f 50 51 52 53 54 55 56 57 58 59 5a 5b 5c 5d 5e 5f 60 61 62 63 64 65 66 67 68 69 6a 6b 6c 6d 6e 6f 70 71 72 73 74 75 76 77 78 79 7a 7b 7c 7d 7e 7f 80 ffffffffffffffff 0
[cyc 10599] [R SHIFT BY OCTET OUT] 0d 0e 0f 10 11 12 13 14 15 16 17 18 19 1a 1b 1c 1d 1e 1f 20 21 22 23 24 25 26 27 28 29 2a 2b 2c 2d 2e 2f 30 31 32 33 34 35 36 37 38 39 3a 3b 3c 3d 3e 3f 40 41 42 43 44 45 46 47 48 49 4a 4b 4c ffffffffffffffff 0
[cyc 10599] [STRIP MRC headers IN 0] 0d 0e 0f 10 11 12 13 14 15 16 17 18 19 1a 1b 1c 1d 1e 1f 20 21 22 23 24 25 26 27 28 29 2a 2b 2c 2d 2e 2f 30 31 32 33 34 35 36 37 38 39 3a 3b 3c 3d 3e 3f 40 41 42 43 44 45 46 47 48 49 4a 4b 4c ffffffffffffffff 0
[cyc 10599] [STRIP MRC headers OUT 0] 00 00 00 00 00 05 10 00 00 00 12 34 00 00 04 64 e1 e2 e3 e4 e5 e6 e7 e8 e9 ea eb ec ed ee ef f0 f1 f2 f3 f4 f5 f6 f7 f8 f9 fa fb fc fd fe ff 00 01 02 03 04 05 06 07 08 09 0a 0b 0c 0d 0e 0f 10 ffffffffffffffff 0
[cyc 10600] [R SHIFT BY OCTET IN] 81 82 83 84 85 86 87 88 89 8a 8b 8c 8d 8e 8f 90 91 92 93 94 95 96 97 98 99 9a 9b 9c 9d 9e 9f a0 a1 a2 a3 a4 a5 a6 a7 a8 a9 aa ab ac ad ae af b0 b1 b2 b3 b4 b5 b6 b7 b8 b9 ba bb bc bd be bf c0 ffffffffffffffff 0
[cyc 10600] [R SHIFT BY OCTET OUT] 4d 4e 4f 50 51 52 53 54 55 56 57 58 59 5a 5b 5c 5d 5e 5f 60 61 62 63 64 65 66 67 68 69 6a 6b 6c 6d 6e 6f 70 71 72 73 74 75 76 77 78 79 7a 7b 7c 7d 7e 7f 80 81 82 83 84 85 86 87 88 89 8a 8b 8c ffffffffffffffff 0
[cyc 10600] [STRIP MRC headers IN 0] 4d 4e 4f 50 51 52 53 54 55 56 57 58 59 5a 5b 5c 5d 5e 5f 60 61 62 63 64 65 66 67 68 69 6a 6b 6c 6d 6e 6f 70 71 72 73 74 75 76 77 78 79 7a 7b 7c 7d 7e 7f 80 81 82 83 84 85 86 87 88 89 8a 8b 8c ffffffffffffffff 0
[cyc 10600] [STRIP MRC headers OUT 0] 11 12 13 14 15 16 17 18 19 1a 1b 1c 1d 1e 1f 20 21 22 23 24 25 26 27 28 29 2a 2b 2c 2d 2e 2f 30 31 32 33 34 35 36 37 38 39 3a 3b 3c 3d 3e 3f 40 41 42 43 44 45 46 47 48 49 4a 4b 4c 4d 4e 4f 50 ffffffffffffffff 0
[cyc 10600] [RX IBH FSM 0]: epsn: 0x0a0b29, 658217, packet psn: 0x0a0b29, 658217, oldest outstanding psn: 0x8a0b29, 9046825
[cyc 10601] [R SHIFT BY OCTET IN] c1 c2 c3 c4 c5 c6 c7 c8 c9 ca cb cc cd ce cf d0 d1 d2 d3 d4 d5 d6 d7 d8 d9 da db dc dd de df e0 e1 e2 e3 e4 e5 e6 e7 e8 e9 ea eb ec ed ee ef f0 f1 f2 f3 f4 f5 f6 f7 f8 f9 fa fb fc fd fe ff 00 ffffffffffffffff 0
[cyc 10601] [R SHIFT BY OCTET OUT] 8d 8e 8f 90 91 92 93 94 95 96 97 98 99 9a 9b 9c 9d 9e 9f a0 a1 a2 a3 a4 a5 a6 a7 a8 a9 aa ab ac ad ae af b0 b1 b2 b3 b4 b5 b6 b7 b8 b9 ba bb bc bd be bf c0 c1 c2 c3 c4 c5 c6 c7 c8 c9 ca cb cc ffffffffffffffff 0
[cyc 10601] [STRIP MRC headers IN 0] 8d 8e 8f 90 91 92 93 94 95 96 97 98 99 9a 9b 9c 9d 9e 9f a0 a1 a2 a3 a4 a5 a6 a7 a8 a9 aa ab ac ad ae af b0 b1 b2 b3 b4 b5 b6 b7 b8 b9 ba bb bc bd be bf c0 c1 c2 c3 c4 c5 c6 c7 c8 c9 ca cb cc ffffffffffffffff 0
[cyc 10601] [STRIP MRC headers OUT 0] 51 52 53 54 55 56 57 58 59 5a 5b 5c 5d 5e 5f 60 61 62 63 64 65 66 67 68 69 6a 6b 6c 6d 6e 6f 70 71 72 73 74 75 76 77 78 79 7a 7b 7c 7d 7e 7f 80 81 82 83 84 85 86 87 88 89 8a 8b 8c 8d 8e 8f 90 ffffffffffffffff 0
[cyc 10602] [R SHIFT BY OCTET IN] 01 02 03 04 05 06 07 08 09 0a 0b 0c 0d 0e 0f 10 11 12 13 14 15 16 17 18 19 1a 1b 1c 1d 1e 1f 20 21 22 23 24 25 26 27 28 29 2a 2b 2c 2d 2e 2f 30 31 32 33 34 35 36 37 38 39 3a 3b 3c 3d 3e 3f 40 ffffffffffffffff 0
[cyc 10602] [R SHIFT BY OCTET OUT] cd ce cf d0 d1 d2 d3 d4 d5 d6 d7 d8 d9 da db dc dd de df e0 e1 e2 e3 e4 e5 e6 e7 e8 e9 ea eb ec ed ee ef f0 f1 f2 f3 f4 f5 f6 f7 f8 f9 fa fb fc fd fe ff 00 01 02 03 04 05 06 07 08 09 0a 0b 0c ffffffffffffffff 0
[cyc 10602] [STRIP MRC headers IN 0] cd ce cf d0 d1 d2 d3 d4 d5 d6 d7 d8 d9 da db dc dd de df e0 e1 e2 e3 e4 e5 e6 e7 e8 e9 ea eb ec ed ee ef f0 f1 f2 f3 f4 f5 f6 f7 f8 f9 fa fb fc fd fe ff 00 01 02 03 04 05 06 07 08 09 0a 0b 0c ffffffffffffffff 0
[cyc 10602] [STRIP MRC headers OUT 0] 91 92 93 94 95 96 97 98 99 9a 9b 9c 9d 9e 9f a0 a1 a2 a3 a4 a5 a6 a7 a8 a9 aa ab ac ad ae af b0 b1 b2 b3 b4 b5 b6 b7 b8 b9 ba bb bc bd be bf c0 c1 c2 c3 c4 c5 c6 c7 c8 c9 ca cb cc cd ce cf d0 ffffffffffffffff 0
[cyc 10602] [META MERGER 0]: reading from ack event with qpn 0x5, psn 0x0a0b29
[cyc 10603] [R SHIFT BY OCTET IN] 41 42 43 44 45 46 47 48 49 4a 4b 4c 4d 4e 4f 50 51 52 53 54 55 56 57 58 59 5a 5b 5c 5d 5e 5f 60 61 62 63 64 65 66 67 68 69 6a 6b 6c 6d 6e 6f 70 71 72 73 74 75 76 77 78 79 7a 7b 7c 7d 7e 7f 80 ffffffffffffffff 0
[cyc 10603] [R SHIFT BY OCTET OUT] 0d 0e 0f 10 11 12 13 14 15 16 17 18 19 1a 1b 1c 1d 1e 1f 20 21 22 23 24 25 26 27 28 29 2a 2b 2c 2d 2e 2f 30 31 32 33 34 35 36 37 38 39 3a 3b 3c 3d 3e 3f 40 41 42 43 44 45 46 47 48 49 4a 4b 4c ffffffffffffffff 0
[cyc 10603] [STRIP MRC headers IN 0] 0d 0e 0f 10 11 12 13 14 15 16 17 18 19 1a 1b 1c 1d 1e 1f 20 21 22 23 24 25 26 27 28 29 2a 2b 2c 2d 2e 2f 30 31 32 33 34 35 36 37 38 39 3a 3b 3c 3d 3e 3f 40 41 42 43 44 45 46 47 48 49 4a 4b 4c ffffffffffffffff 0
[cyc 10603] [STRIP MRC headers OUT 0] d1 d2 d3 d4 d5 d6 d7 d8 d9 da db dc dd de df e0 e1 e2 e3 e4 e5 e6 e7 e8 e9 ea eb ec ed ee ef f0 f1 f2 f3 f4 f5 f6 f7 f8 f9 fa fb fc fd fe ff 00 01 02 03 04 05 06 07 08 09 0a 0b 0c 0d 0e 0f 10 ffffffffffffffff 0
[cyc 10603] [R SHIFT BY OCTET IN] 00 00 00 00 00 05 10 00 00 00 12 34 00 00 04 64 e1 e2 e3 e4 e5 e6 e7 e8 e9 ea eb ec ed ee ef f0 f1 f2 f3 f4 f5 f6 f7 f8 f9 fa fb fc fd fe ff 00 01 02 03 04 05 06 07 08 09 0a 0b 0c 0d 0e 0f 10 ffffffffffffffff 0
[cyc 10604] [R SHIFT BY OCTET IN] 81 82 83 84 85 86 87 88 89 8a 8b 8c 8d 8e 8f 90 91 92 93 94 95 96 97 98 99 9a 9b 9c 9d 9e 9f a0 a1 a2 a3 a4 a5 a6 a7 a8 a9 aa ab ac ad ae af b0 b1 b2 b3 b4 b5 b6 b7 b8 b9 ba bb bc bd be bf c0 ffffffffffffffff 0
[cyc 10604] [R SHIFT BY OCTET OUT] 4d 4e 4f 50 51 52 53 54 55 56 57 58 59 5a 5b 5c 5d 5e 5f 60 61 62 63 64 65 66 67 68 69 6a 6b 6c 6d 6e 6f 70 71 72 73 74 75 76 77 78 79 7a 7b 7c 7d 7e 7f 80 81 82 83 84 85 86 87 88 89 8a 8b 8c ffffffffffffffff 0
[cyc 10604] [STRIP MRC headers IN 0] 4d 4e 4f 50 51 52 53 54 55 56 57 58 59 5a 5b 5c 5d 5e 5f 60 61 62 63 64 65 66 67 68 69 6a 6b 6c 6d 6e 6f 70 71 72 73 74 75 76 77 78 79 7a 7b 7c 7d 7e 7f 80 81 82 83 84 85 86 87 88 89 8a 8b 8c ffffffffffffffff 0
[cyc 10604] [STRIP MRC headers OUT 0] 11 12 13 14 15 16 17 18 19 1a 1b 1c 1d 1e 1f 20 21 22 23 24 25 26 27 28 29 2a 2b 2c 2d 2e 2f 30 31 32 33 34 35 36 37 38 39 3a 3b 3c 3d 3e 3f 40 41 42 43 44 45 46 47 48 49 4a 4b 4c 4d 4e 4f 50 ffffffffffffffff 0
[cyc 10604] [R SHIFT BY OCTET IN] 11 12 13 14 15 16 17 18 19 1a 1b 1c 1d 1e 1f 20 21 22 23 24 25 26 27 28 29 2a 2b 2c 2d 2e 2f 30 31 32 33 34 35 36 37 38 39 3a 3b 3c 3d 3e 3f 40 41 42 43 44 45 46 47 48 49 4a 4b 4c 4d 4e 4f 50 ffffffffffffffff 0
[cyc 10604] [R SHIFT BY OCTET OUT] e1 e2 e3 e4 e5 e6 e7 e8 e9 ea eb ec ed ee ef f0 f1 f2 f3 f4 f5 f6 f7 f8 f9 fa fb fc fd fe ff 00 01 02 03 04 05 06 07 08 09 0a 0b 0c 0d 0e 0f 10 11 12 13 14 15 16 17 18 19 1a 1b 1c 1d 1e 1f 20 ffffffffffffffff 0
[cyc 10604] [GENERATE EXH 0]: MRC_ACK with qpn 0x5, psn 0x0a0b29
[cyc 10604] [GENERATE EXH 0]: MRC_ACK 1f 00 00 17 e5 e6 e7 e8 00 71 f4 d0 83 e8 5f f6 60 fa 8b 9e 40 5f 00 00 40 be 46 89 fe 7f 00 00 d0 fa 8b 9e 40 5f 00 00 44 5b 81 9e 40 5f 00 00 44 c0 46 89 fe 7f 00 00 87 16 85 9e 40 5f 00 00 000000000000000f 1
[cyc 10604] [APPEND PAYLOAD 0]: moving to state HEADER
[cyc 10604] [TX IP UDP META MERGER 0]: port 0xc000
[cyc 10605] [R SHIFT BY OCTET IN] c1 c2 c3 c4 c5 c6 c7 c8 c9 ca cb cc cd ce cf d0 d1 d2 d3 d4 d5 d6 d7 d8 d9 da db dc dd de df e0 e1 e2 e3 e4 e5 e6 e7 e8 e9 ea eb ec ed ee ef f0 f1 f2 f3 f4 f5 f6 f7 f8 f9 fa fb fc fd fe ff 00 ffffffffffffffff 0
[cyc 10605] [R SHIFT BY OCTET OUT] 8d 8e 8f 90 91 92 93 94 95 96 97 98 99 9a 9b 9c 9d 9e 9f a0 a1 a2 a3 a4 a5 a6 a7 a8 a9 aa ab ac ad ae af b0 b1 b2 b3 b4 b5 b6 b7 b8 b9 ba bb bc bd be bf c0 c1 c2 c3 c4 c5 c6 c7 c8 c9 ca cb cc ffffffffffffffff 0
[cyc 10605] [STRIP MRC headers IN 0] 8d 8e 8f 90 91 92 93 94 95 96 97 98 99 9a 9b 9c 9d 9e 9f a0 a1 a2 a3 a4 a5 a6 a7 a8 a9 aa ab ac ad ae af b0 b1 b2 b3 b4 b5 b6 b7 b8 b9 ba bb bc bd be bf c0 c1 c2 c3 c4 c5 c6 c7 c8 c9 ca cb cc ffffffffffffffff 0
[cyc 10605] [STRIP MRC headers OUT 0] 51 52 53 54 55 56 57 58 59 5a 5b 5c 5d 5e 5f 60 61 62 63 64 65 66 67 68 69 6a 6b 6c 6d 6e 6f 70 71 72 73 74 75 76 77 78 79 7a 7b 7c 7d 7e 7f 80 81 82 83 84 85 86 87 88 89 8a 8b 8c 8d 8e 8f 90 ffffffffffffffff 0
[cyc 10605] [R SHIFT BY OCTET IN] 51 52 53 54 55 56 57 58 59 5a 5b 5c 5d 5e 5f 60 61 62 63 64 65 66 67 68 69 6a 6b 6c 6d 6e 6f 70 71 72 73 74 75 76 77 78 79 7a 7b 7c 7d 7e 7f 80 81 82 83 84 85 86 87 88 89 8a 8b 8c 8d 8e 8f 90 ffffffffffffffff 0
[cyc 10605] [R SHIFT BY OCTET OUT] 21 22 23 24 25 26 27 28 29 2a 2b 2c 2d 2e 2f 30 31 32 33 34 35 36 37 38 39 3a 3b 3c 3d 3e 3f 40 41 42 43 44 45 46 47 48 49 4a 4b 4c 4d 4e 4f 50 51 52 53 54 55 56 57 58 59 5a 5b 5c 5d 5e 5f 60 ffffffffffffffff 0
[cyc 10605] [APPEND PAYLOAD 0]: moving to state INFO
[cyc 10605] [GENERATE IBH 0]: input meta, opcode 0xd1 valid psn 0x0a0b29
[cyc 10605] [PREPEND IBH HEADER 0]: going to state PARTIAL_HEADER
[cyc 10606] [R SHIFT BY OCTET IN] 01 02 03 04 05 06 07 08 09 0a 0b 0c 0d 0e 0f 10 11 12 13 14 15 16 17 18 19 1a 1b 1c 1d 1e 1f 20 21 22 23 24 25 26 27 28 29 2a 2b 2c 2d 2e 2f 30 31 32 33 34 35 36 37 38 39 3a 3b 3c 3d 3e 3f 40 ffffffffffffffff 0
[cyc 10606] [R SHIFT BY OCTET OUT] cd ce cf d0 d1 d2 d3 d4 d5 d6 d7 d8 d9 da db dc dd de df e0 e1 e2 e3 e4 e5 e6 e7 e8 e9 ea eb ec ed ee ef f0 f1 f2 f3 f4 f5 f6 f7 f8 f9 fa fb fc fd fe ff 00 01 02 03 04 05 06 07 08 09 0a 0b 0c ffffffffffffffff 0
[cyc 10606] [STRIP MRC headers IN 0] cd ce cf d0 d1 d2 d3 d4 d5 d6 d7 d8 d9 da db dc dd de df e0 e1 e2 e3 e4 e5 e6 e7 e8 e9 ea eb ec ed ee ef f0 f1 f2 f3 f4 f5 f6 f7 f8 f9 fa fb fc fd fe ff 00 01 02 03 04 05 06 07 08 09 0a 0b 0c ffffffffffffffff 0
[cyc 10606] [STRIP MRC headers OUT 0] 91 92 93 94 95 96 97 98 99 9a 9b 9c 9d 9e 9f a0 a1 a2 a3 a4 a5 a6 a7 a8 a9 aa ab ac ad ae af b0 b1 b2 b3 b4 b5 b6 b7 b8 b9 ba bb bc bd be bf c0 c1 c2 c3 c4 c5 c6 c7 c8 c9 ca cb cc cd ce cf d0 ffffffffffffffff 0
[cyc 10606] [R SHIFT BY OCTET IN] 91 92 93 94 95 96 97 98 99 9a 9b 9c 9d 9e 9f a0 a1 a2 a3 a4 a5 a6 a7 a8 a9 aa ab ac ad ae af b0 b1 b2 b3 b4 b5 b6 b7 b8 b9 ba bb bc bd be bf c0 c1 c2 c3 c4 c5 c6 c7 c8 c9 ca cb cc cd ce cf d0 ffffffffffffffff 0
[cyc 10606] [R SHIFT BY OCTET OUT] 61 62 63 64 65 66 67 68 69 6a 6b 6c 6d 6e 6f 70 71 72 73 74 75 76 77 78 79 7a 7b 7c 7d 7e 7f 80 81 82 83 84 85 86 87 88 89 8a 8b 8c 8d 8e 8f 90 91 92 93 94 95 96 97 98 99 9a 9b 9c 9d 9e 9f a0 ffffffffffffffff 0
[cyc 10606] [PREPEND IBH HEADER 0]: IBH PARTIAL PAYLOAD
[cyc 10606] 00 00 00 00 00 00 00 00 00 00 00 00 1f 00 00 17 e5 e6 e7 e8 00 71 f4 d0 83 e8 5f f6 60 fa 8b 9e 40 5f 00 00 40 be 46 89 fe 7f 00 00 d0 fa 8b 9e 40 5f 00 00 44 5b 81 9e 40 5f 00 00 44 c0 46 89 000000000000ffff 1
[cyc 10606] [PREPEND IBH HEADER 0]: IBH PARTIAL HEADER
[cyc 10606] d1 00 ff ff 00 00 00 42 00 0a 0b 29 1f 00 00 17 e5 e6 e7 e8 00 71 f4 d0 83 e8 5f f6 60 fa 8b 9e 40 5f 00 00 40 be 46 89 fe 7f 00 00 d0 fa 8b 9e 40 5f 00 00 44 5b 81 9e 40 5f 00 00 44 c0 46 89 000000000000ffff 1
[cyc 10607] [R SHIFT BY OCTET IN] 41 42 43 44 45 46 47 48 49 4a 4b 4c 4d 4e 4f 50 51 52 53 54 55 56 57 58 59 5a 5b 5c 5d 5e 5f 60 61 62 63 64 65 66 67 68 69 6a 6b 6c 6d 6e 6f 70 71 72 73 74 75 76 77 78 79 7a 7b 7c 7d 7e 7f 80 ffffffffffffffff 0
[cyc 10607] [R SHIFT BY OCTET OUT] 0d 0e 0f 10 11 12 13 14 15 16 17 18 19 1a 1b 1c 1d 1e 1f 20 21 22 23 24 25 26 27 28 29 2a 2b 2c 2d 2e 2f 30 31 32 33 34 35 36 37 38 39 3a 3b 3c 3d 3e 3f 40 41 42 43 44 45 46 47 48 49 4a 4b 4c ffffffffffffffff 0
[cyc 10607] [STRIP MRC headers IN 0] 0d 0e 0f 10 11 12 13 14 15 16 17 18 19 1a 1b 1c 1d 1e 1f 20 21 22 23 24 25 26 27 28 29 2a 2b 2c 2d 2e 2f 30 31 32 33 34 35 36 37 38 39 3a 3b 3c 3d 3e 3f 40 41 42 43 44 45 46 47 48 49 4a 4b 4c ffffffffffffffff 0
[cyc 10607] [STRIP MRC headers OUT 0] d1 d2 d3 d4 d5 d6 d7 d8 d9 da db dc dd de df e0 e1 e2 e3 e4 e5 e6 e7 e8 e9 ea eb ec ed ee ef f0 f1 f2 f3 f4 f5 f6 f7 f8 f9 fa fb fc fd fe ff 00 01 02 03 04 05 06 07 08 09 0a 0b 0c 0d 0e 0f 10 ffffffffffffffff 0
[cyc 10607] [R SHIFT BY OCTET IN] d1 d2 d3 d4 d5 d6 d7 d8 d9 da db dc dd de df e0 e1 e2 e3 e4 e5 e6 e7 e8 e9 ea eb ec ed ee ef f0 f1 f2 f3 f4 f5 f6 f7 f8 f9 fa fb fc fd fe ff 00 01 02 03 04 05 06 07 08 09 0a 0b 0c 0d 0e 0f 10 ffffffffffffffff 0
[cyc 10607] [R SHIFT BY OCTET OUT] a1 a2 a3 a4 a5 a6 a7 a8 a9 aa ab ac ad ae af b0 b1 b2 b3 b4 b5 b6 b7 b8 b9 ba bb bc bd be bf c0 c1 c2 c3 c4 c5 c6 c7 c8 c9 ca cb cc cd ce cf d0 d1 d2 d3 d4 d5 d6 d7 d8 d9 da db dc dd de df e0 ffffffffffffffff 0
[cyc 10608] [R SHIFT BY OCTET IN] 81 82 83 84 85 86 87 88 89 8a 8b 8c 8d 8e 8f 90 91 92 93 94 95 96 97 98 99 9a 9b 9c 9d 9e 9f a0 a1 a2 a3 a4 a5 a6 a7 a8 a9 aa ab ac ad ae af b0 b1 b2 b3 b4 b5 b6 b7 b8 b9 ba bb bc bd be bf c0 ffffffffffffffff 0
[cyc 10608] [R SHIFT BY OCTET OUT] 4d 4e 4f 50 51 52 53 54 55 56 57 58 59 5a 5b 5c 5d 5e 5f 60 61 62 63 64 65 66 67 68 69 6a 6b 6c 6d 6e 6f 70 71 72 73 74 75 76 77 78 79 7a 7b 7c 7d 7e 7f 80 81 82 83 84 85 86 87 88 89 8a 8b 8c ffffffffffffffff 0
[cyc 10608] [STRIP MRC headers IN 0] 4d 4e 4f 50 51 52 53 54 55 56 57 58 59 5a 5b 5c 5d 5e 5f 60 61 62 63 64 65 66 67 68 69 6a 6b 6c 6d 6e 6f 70 71 72 73 74 75 76 77 78 79 7a 7b 7c 7d 7e 7f 80 81 82 83 84 85 86 87 88 89 8a 8b 8c ffffffffffffffff 0
[cyc 10608] [STRIP MRC headers OUT 0] 11 12 13 14 15 16 17 18 19 1a 1b 1c 1d 1e 1f 20 21 22 23 24 25 26 27 28 29 2a 2b 2c 2d 2e 2f 30 31 32 33 34 35 36 37 38 39 3a 3b 3c 3d 3e 3f 40 41 42 43 44 45 46 47 48 49 4a 4b 4c 4d 4e 4f 50 ffffffffffffffff 0
[cyc 10608] [R SHIFT BY OCTET IN] 11 12 13 14 15 16 17 18 19 1a 1b 1c 1d 1e 1f 20 21 22 23 24 25 26 27 28 29 2a 2b 2c 2d 2e 2f 30 31 32 33 34 35 36 37 38 39 3a 3b 3c 3d 3e 3f 40 41 42 43 44 45 46 47 48 49 4a 4b 4c 4d 4e 4f 50 ffffffffffffffff 0
[cyc 10608] [R SHIFT BY OCTET OUT] e1 e2 e3 e4 e5 e6 e7 e8 e9 ea eb ec ed ee ef f0 f1 f2 f3 f4 f5 f6 f7 f8 f9 fa fb fc fd fe ff 00 01 02 03 04 05 06 07 08 09 0a 0b 0c 0d 0e 0f 10 11 12 13 14 15 16 17 18 19 1a 1b 1c 1d 1e 1f 20 ffffffffffffffff 0
[cyc 10609] [R SHIFT BY OCTET IN] c1 c2 c3 c4 c5 c6 c7 c8 c9 ca cb cc cd ce cf d0 d1 d2 d3 d4 d5 d6 d7 d8 d9 da db dc dd de df e0 e1 e2 e3 e4 e5 e6 e7 e8 e9 ea eb ec ed ee ef f0 f1 f2 f3 f4 f5 f6 f7 f8 f9 fa fb fc fd fe ff 00 ffffffffffffffff 0
[cyc 10609] [R SHIFT BY OCTET OUT] 8d 8e 8f 90 91 92 93 94 95 96 97 98 99 9a 9b 9c 9d 9e 9f a0 a1 a2 a3 a4 a5 a6 a7 a8 a9 aa ab ac ad ae af b0 b1 b2 b3 b4 b5 b6 b7 b8 b9 ba bb bc bd be bf c0 c1 c2 c3 c4 c5 c6 c7 c8 c9 ca cb cc ffffffffffffffff 0
[cyc 10609] [STRIP MRC headers IN 0] 8d 8e 8f 90 91 92 93 94 95 96 97 98 99 9a 9b 9c 9d 9e 9f a0 a1 a2 a3 a4 a5 a6 a7 a8 a9 aa ab ac ad ae af b0 b1 b2 b3 b4 b5 b6 b7 b8 b9 ba bb bc bd be bf c0 c1 c2 c3 c4 c5 c6 c7 c8 c9 ca cb cc ffffffffffffffff 0
[cyc 10609] [STRIP MRC headers OUT 0] 51 52 53 54 55 56 57 58 59 5a 5b 5c 5d 5e 5f 60 61 62 63 64 65 66 67 68 69 6a 6b 6c 6d 6e 6f 70 71 72 73 74 75 76 77 78 79 7a 7b 7c 7d 7e 7f 80 81 82 83 84 85 86 87 88 89 8a 8b 8c 8d 8e 8f 90 ffffffffffffffff 0
[cyc 10609] [R SHIFT BY OCTET IN] 51 52 53 54 55 56 57 58 59 5a 5b 5c 5d 5e 5f 60 61 62 63 64 65 66 67 68 69 6a 6b 6c 6d 6e 6f 70 71 72 73 74 75 76 77 78 79 7a 7b 7c 7d 7e 7f 80 81 82 83 84 85 86 87 88 89 8a 8b 8c 8d 8e 8f 90 ffffffffffffffff 0
[cyc 10609] [R SHIFT BY OCTET OUT] 21 22 23 24 25 26 27 28 29 2a 2b 2c 2d 2e 2f 30 31 32 33 34 35 36 37 38 39 3a 3b 3c 3d 3e 3f 40 41 42 43 44 45 46 47 48 49 4a 4b 4c 4d 4e 4f 50 51 52 53 54 55 56 57 58 59 5a 5b 5c 5d 5e 5f 60 ffffffffffffffff 0
[cyc 10610] [R SHIFT BY OCTET IN] 01 02 03 04 05 06 07 08 09 0a 0b 0c 0d 0e 0f 10 11 12 13 14 15 16 17 18 19 1a 1b 1c 1d 1e 1f 20 21 22 23 24 25 26 27 28 29 2a 2b 2c 2d 2e 2f 30 31 32 33 34 35 36 37 38 39 3a 3b 3c 3d 3e 3f 40 ffffffffffffffff 0
[cyc 10610] [R SHIFT BY OCTET OUT] cd ce cf d0 d1 d2 d3 d4 d5 d6 d7 d8 d9 da db dc dd de df e0 e1 e2 e3 e4 e5 e6 e7 e8 e9 ea eb ec ed ee ef f0 f1 f2 f3 f4 f5 f6 f7 f8 f9 fa fb fc fd fe ff 00 01 02 03 04 05 06 07 08 09 0a 0b 0c ffffffffffffffff 0
[cyc 10610] [STRIP MRC headers IN 0] cd ce cf d0 d1 d2 d3 d4 d5 d6 d7 d8 d9 da db dc dd de df e0 e1 e2 e3 e4 e5 e6 e7 e8 e9 ea eb ec ed ee ef f0 f1 f2 f3 f4 f5 f6 f7 f8 f9 fa fb fc fd fe ff 00 01 02 03 04 05 06 07 08 09 0a 0b 0c ffffffffffffffff 0
[cyc 10610] [STRIP MRC headers OUT 0] 91 92 93 94 95 96 97 98 99 9a 9b 9c 9d 9e 9f a0 a1 a2 a3 a4 a5 a6 a7 a8 a9 aa ab ac ad ae af b0 b1 b2 b3 b4 b5 b6 b7 b8 b9 ba bb bc bd be bf c0 c1 c2 c3 c4 c5 c6 c7 c8 c9 ca cb cc cd ce cf d0 ffffffffffffffff 0
[cyc 10610] [R SHIFT BY OCTET IN] 91 92 93 94 95 96 97 98 99 9a 9b 9c 9d 9e 9f a0 a1 a2 a3 a4 a5 a6 a7 a8 a9 aa ab ac ad ae af b0 b1 b2 b3 b4 b5 b6 b7 b8 b9 ba bb bc bd be bf c0 c1 c2 c3 c4 c5 c6 c7 c8 c9 ca cb cc cd ce cf d0 ffffffffffffffff 0
[cyc 10610] [R SHIFT BY OCTET OUT] 61 62 63 64 65 66 67 68 69 6a 6b 6c 6d 6e 6f 70 71 72 73 74 75 76 77 78 79 7a 7b 7c 7d 7e 7f 80 81 82 83 84 85 86 87 88 89 8a 8b 8c 8d 8e 8f 90 91 92 93 94 95 96 97 98 99 9a 9b 9c 9d 9e 9f a0 ffffffffffffffff 0
[cyc 10611] [R SHIFT BY OCTET IN] 41 42 43 44 45 46 47 48 49 4a 4b 4c 4d 4e 4f 50 51 52 53 54 55 56 57 58 59 5a 5b 5c 5d 5e 5f 60 61 62 63 64 65 66 67 68 69 6a 6b 6c 6d 6e 6f 70 71 72 73 74 75 76 77 78 79 7a 7b 7c 7d 7e 7f 80 ffffffffffffffff 0
[cyc 10611] [R SHIFT BY OCTET OUT] 0d 0e 0f 10 11 12 13 14 15 16 17 18 19 1a 1b 1c 1d 1e 1f 20 21 22 23 24 25 26 27 28 29 2a 2b 2c 2d 2e 2f 30 31 32 33 34 35 36 37 38 39 3a 3b 3c 3d 3e 3f 40 41 42 43 44 45 46 47 48 49 4a 4b 4c ffffffffffffffff 0
[cyc 10611] [STRIP MRC headers IN 0] 0d 0e 0f 10 11 12 13 14 15 16 17 18 19 1a 1b 1c 1d 1e 1f 20 21 22 23 24 25 26 27 28 29 2a 2b 2c 2d 2e 2f 30 31 32 33 34 35 36 37 38 39 3a 3b 3c 3d 3e 3f 40 41 42 43 44 45 46 47 48 49 4a 4b 4c ffffffffffffffff 0
[cyc 10611] [STRIP MRC headers OUT 0] d1 d2 d3 d4 d5 d6 d7 d8 d9 da db dc dd de df e0 e1 e2 e3 e4 e5 e6 e7 e8 e9 ea eb ec ed ee ef f0 f1 f2 f3 f4 f5 f6 f7 f8 f9 fa fb fc fd fe ff 00 01 02 03 04 05 06 07 08 09 0a 0b 0c 0d 0e 0f 10 ffffffffffffffff 0
[cyc 10611] [R SHIFT BY OCTET IN] d1 d2 d3 d4 d5 d6 d7 d8 d9 da db dc dd de df e0 e1 e2 e3 e4 e5 e6 e7 e8 e9 ea eb ec ed ee ef f0 f1 f2 f3 f4 f5 f6 f7 f8 f9 fa fb fc fd fe ff 00 01 02 03 04 05 06 07 08 09 0a 0b 0c 0d 0e 0f 10 ffffffffffffffff 0
[cyc 10611] [R SHIFT BY OCTET OUT] a1 a2 a3 a4 a5 a6 a7 a8 a9 aa ab ac ad ae af b0 b1 b2 b3 b4 b5 b6 b7 b8 b9 ba bb bc bd be bf c0 c1 c2 c3 c4 c5 c6 c7 c8 c9 ca cb cc cd ce cf d0 d1 d2 d3 d4 d5 d6 d7 d8 d9 da db dc dd de df e0 ffffffffffffffff 0
[cyc 10612] [R SHIFT BY OCTET IN] 81 82 83 84 85 86 87 88 89 8a 8b 8c 8d 8e 8f 90 91 92 93 94 95 96 97 98 99 9a 9b 9c 9d 9e 9f a0 a1 a2 a3 a4 a5 a6 a7 a8 a9 aa ab ac ad ae af b0 b1 b2 b3 b4 b5 b6 b7 b8 b9 ba bb bc bd be bf c0 ffffffffffffffff 0
[cyc 10612] [R SHIFT BY OCTET OUT] 4d 4e 4f 50 51 52 53 54 55 56 57 58 59 5a 5b 5c 5d 5e 5f 60 61 62 63 64 65 66 67 68 69 6a 6b 6c 6d 6e 6f 70 71 72 73 74 75 76 77 78 79 7a 7b 7c 7d 7e 7f 80 81 82 83 84 85 86 87 88 89 8a 8b 8c ffffffffffffffff 0
[cyc 10612] [STRIP MRC headers IN 0] 4d 4e 4f 50 51 52 53 54 55 56 57 58 59 5a 5b 5c 5d 5e 5f 60 61 62 63 64 65 66 67 68 69 6a 6b 6c 6d 6e 6f 70 71 72 73 74 75 76 77 78 79 7a 7b 7c 7d 7e 7f 80 81 82 83 84 85 86 87 88 89 8a 8b 8c ffffffffffffffff 0
[cyc 10612] [STRIP MRC headers OUT 0] 11 12 13 14 15 16 17 18 19 1a 1b 1c 1d 1e 1f 20 21 22 23 24 25 26 27 28 29 2a 2b 2c 2d 2e 2f 30 31 32 33 34 35 36 37 38 39 3a 3b 3c 3d 3e 3f 40 41 42 43 44 45 46 47 48 49 4a 4b 4c 4d 4e 4f 50 ffffffffffffffff 0
[cyc 10612] [R SHIFT BY OCTET IN] 11 12 13 14 15 16 17 18 19 1a 1b 1c 1d 1e 1f 20 21 22 23 24 25 26 27 28 29 2a 2b 2c 2d 2e 2f 30 31 32 33 34 35 36 37 38 39 3a 3b 3c 3d 3e 3f 40 41 42 43 44 45 46 47 48 49 4a 4b 4c 4d 4e 4f 50 ffffffffffffffff 0
[cyc 10612] [R SHIFT BY OCTET OUT] e1 e2 e3 e4 e5 e6 e7 e8 e9 ea eb ec ed ee ef f0 f1 f2 f3 f4 f5 f6 f7 f8 f9 fa fb fc fd fe ff 00 01 02 03 04 05 06 07 08 09 0a 0b 0c 0d 0e 0f 10 11 12 13 14 15 16 17 18 19 1a 1b 1c 1d 1e 1f 20 ffffffffffffffff 0
[cyc 10613] [TB] last beat of packet 0 (17 beat(s))
[cyc 10613] [R SHIFT BY OCTET IN] c1 c2 c3 c4 c5 c6 c7 c8 c9 ca cb cc cd ce cf d0 d1 d2 d3 d4 d5 d6 d7 d8 d9 da db dc dd de df e0 00 00 00 00 00 00 00 00 00 00 00 00 00 00 00 00 00 00 00 00 00 00 00 00 00 00 00 00 00 00 00 00 00000000ffffffff 1  <- last
[cyc 10613] [R SHIFT BY OCTET OUT] 8d 8e 8f 90 91 92 93 94 95 96 97 98 99 9a 9b 9c 9d 9e 9f a0 a1 a2 a3 a4 a5 a6 a7 a8 a9 aa ab ac ad ae af b0 b1 b2 b3 b4 b5 b6 b7 b8 b9 ba bb bc bd be bf c0 c1 c2 c3 c4 c5 c6 c7 c8 c9 ca cb cc ffffffffffffffff 0
[cyc 10613] [STRIP MRC headers IN 0] 8d 8e 8f 90 91 92 93 94 95 96 97 98 99 9a 9b 9c 9d 9e 9f a0 a1 a2 a3 a4 a5 a6 a7 a8 a9 aa ab ac ad ae af b0 b1 b2 b3 b4 b5 b6 b7 b8 b9 ba bb bc bd be bf c0 c1 c2 c3 c4 c5 c6 c7 c8 c9 ca cb cc ffffffffffffffff 0
[cyc 10613] [STRIP MRC headers OUT 0] 51 52 53 54 55 56 57 58 59 5a 5b 5c 5d 5e 5f 60 61 62 63 64 65 66 67 68 69 6a 6b 6c 6d 6e 6f 70 71 72 73 74 75 76 77 78 79 7a 7b 7c 7d 7e 7f 80 81 82 83 84 85 86 87 88 89 8a 8b 8c 8d 8e 8f 90 ffffffffffffffff 0
[cyc 10613] [R SHIFT BY OCTET IN] 51 52 53 54 55 56 57 58 59 5a 5b 5c 5d 5e 5f 60 61 62 63 64 65 66 67 68 69 6a 6b 6c 6d 6e 6f 70 71 72 73 74 75 76 77 78 79 7a 7b 7c 7d 7e 7f 80 81 82 83 84 85 86 87 88 89 8a 8b 8c 8d 8e 8f 90 ffffffffffffffff 0
[cyc 10613] [R SHIFT BY OCTET OUT] 21 22 23 24 25 26 27 28 29 2a 2b 2c 2d 2e 2f 30 31 32 33 34 35 36 37 38 39 3a 3b 3c 3d 3e 3f 40 41 42 43 44 45 46 47 48 49 4a 4b 4c 4d 4e 4f 50 51 52 53 54 55 56 57 58 59 5a 5b 5c 5d 5e 5f 60 ffffffffffffffff 0
[cyc 10614] [TB] first beat of packet 1 (TEST 10b: PROBE in the middle)
[cyc 10614] [TB] last beat of packet 1 (1 beat(s))
[cyc 10614] [RX PROCESS IBH 0]: input psn 0x0
[cyc 10614] [RX PROCESS IBH 0]: process IBH opcode: de (ctrl)
[cyc 10614] [R SHIFT BY OCTET OUT] cd ce cf d0 d1 d2 d3 d4 d5 d6 d7 d8 d9 da db dc dd de df e0 00 00 00 00 00 00 00 00 00 00 00 00 00 00 00 00 00 00 00 00 00 00 00 00 00 00 00 00 00 00 00 00 00 00 00 00 00 00 00 00 00 00 00 00 00000000000fffff 1  <- last
[cyc 10614] [STRIP MRC headers IN 0] cd ce cf d0 d1 d2 d3 d4 d5 d6 d7 d8 d9 da db dc dd de df e0 00 00 00 00 00 00 00 00 00 00 00 00 00 00 00 00 00 00 00 00 00 00 00 00 00 00 00 00 00 00 00 00 00 00 00 00 00 00 00 00 00 00 00 00 00000000000fffff 1  <- last
[cyc 10614] [STRIP MRC headers OUT 0] 91 92 93 94 95 96 97 98 99 9a 9b 9c 9d 9e 9f a0 a1 a2 a3 a4 a5 a6 a7 a8 a9 aa ab ac ad ae af b0 b1 b2 b3 b4 b5 b6 b7 b8 b9 ba bb bc bd be bf c0 c1 c2 c3 c4 c5 c6 c7 c8 c9 ca cb cc cd ce cf d0 ffffffffffffffff 0
[cyc 10614] [R SHIFT BY OCTET IN] 91 92 93 94 95 96 97 98 99 9a 9b 9c 9d 9e 9f a0 a1 a2 a3 a4 a5 a6 a7 a8 a9 aa ab ac ad ae af b0 b1 b2 b3 b4 b5 b6 b7 b8 b9 ba bb bc bd be bf c0 c1 c2 c3 c4 c5 c6 c7 c8 c9 ca cb cc cd ce cf d0 ffffffffffffffff 0
[cyc 10614] [R SHIFT BY OCTET OUT] 61 62 63 64 65 66 67 68 69 6a 6b 6c 6d 6e 6f 70 71 72 73 74 75 76 77 78 79 7a 7b 7c 7d 7e 7f 80 81 82 83 84 85 86 87 88 89 8a 8b 8c 8d 8e 8f 90 91 92 93 94 95 96 97 98 99 9a 9b 9c 9d 9e 9f a0 ffffffffffffffff 0
[cyc 10615] [TB] first beat of packet 2 (TEST 10c: LAST_IMM)
[cyc 10615] [RX PROCESS IBH 0]: input psn 0x0a0b2a
[cyc 10615] [RX PROCESS IBH 0]: process IBH opcode: c9
[cyc 10615] [R SHIFT BY OCTET IN] de 00 ff ff 00 00 00 05 00 00 00 00 00 00 00 00 00 02 00 00 00 42 00 05 00 00 00 00 00 00 00 00 00 00 00 00 00 00 00 00 00 00 00 00 00 00 00 00 00 00 00 00 00 00 00 00 00 00 00 00 00 00 00 00 000000000fffffff 1  <- last
[cyc 10615] [STRIP MRC headers OUT 0] d1 d2 d3 d4 d5 d6 d7 d8 d9 da db dc dd de df e0 00 00 00 00 00 00 00 00 00 00 00 00 00 00 00 00 00 00 00 00 00 00 00 00 00 00 00 00 00 00 00 00 00 00 00 00 00 00 00 00 00 00 00 00 00 00 00 00 000000000000ffff 1  <- last
[cyc 10615] [R SHIFT BY OCTET IN] d1 d2 d3 d4 d5 d6 d7 d8 d9 da db dc dd de df e0 e1 e2 e3 e4 e5 e6 e7 e8 e9 ea eb ec ed ee ef f0 f1 f2 f3 f4 f5 f6 f7 f8 f9 fa fb fc fd fe ff 00 01 02 03 04 05 06 07 08 09 0a 0b 0c 0d 0e 0f 10 ffffffffffffffff 0
[cyc 10615] [R SHIFT BY OCTET OUT] a1 a2 a3 a4 a5 a6 a7 a8 a9 aa ab ac ad ae af b0 b1 b2 b3 b4 b5 b6 b7 b8 b9 ba bb bc bd be bf c0 c1 c2 c3 c4 c5 c6 c7 c8 c9 ca cb cc cd ce cf d0 d1 d2 d3 d4 d5 d6 d7 d8 d9 da db dc dd de df e0 ffffffffffffffff 0
[cyc 10616] [R SHIFT BY OCTET OUT] 00 00 00 00 00 02 00 00 00 42 00 05 00 00 00 00 00 00 00 00 00 00 00 00 00 00 00 00 00 00 00 00 00 00 00 00 00 00 00 00 00 00 00 00 00 00 00 00 00 00 00 00 00 00 00 00 00 00 00 00 00 00 00 00 000000000000ffff 1  <- last
[cyc 10616] [RX PROCESS CTRL IN] 00 00 00 00 00 02 00 00 00 42 00 05 00 00 00 00 00 00 00 00 00 00 00 00 00 00 00 00 00 00 00 00 00 00 00 00 00 00 00 00 00 00 00 00 00 00 00 00 00 00 00 00 00 00 00 00 00 00 00 00 00 00 00 00 000000000000ffff 1  <- last
[cyc 10616] [RX CTRL FSM 0]: PROBE qp 0x5 probe_id 0x2
[cyc 10616] [R SHIFT BY OCTET IN] 11 12 13 14 15 16 17 18 19 1a 1b 1c 1d 1e 1f 20 21 22 23 24 25 26 27 28 29 2a 2b 2c 2d 2e 2f 30 31 32 33 34 35 36 37 38 39 3a 3b 3c 3d 3e 3f 40 41 42 43 44 45 46 47 48 49 4a 4b 4c 4d 4e 4f 50 ffffffffffffffff 0
[cyc 10616] [R SHIFT BY OCTET OUT] e1 e2 e3 e4 e5 e6 e7 e8 e9 ea eb ec ed ee ef f0 f1 f2 f3 f4 f5 f6 f7 f8 f9 fa fb fc fd fe ff 00 01 02 03 04 05 06 07 08 09 0a 0b 0c 0d 0e 0f 10 11 12 13 14 15 16 17 18 19 1a 1b 1c 1d 1e 1f 20 ffffffffffffffff 0
[cyc 10617] [TB] last beat of packet 2 (3 beat(s))
[cyc 10617] [R SHIFT BY OCTET IN] c9 00 ff ff 00 00 00 05 80 0a 0b 2a 00 00 00 17 00 00 00 00 00 05 14 00 00 00 12 34 00 00 04 64 c0 de 00 28 e2 e3 e4 e5 e6 e7 e8 e9 ea eb ec ed ee ef f0 f1 f2 f3 f4 f5 f6 f7 f8 f9 fa fb fc fd ffffffffffffffff 0
[cyc 10617] [R SHIFT BY OCTET IN] 51 52 53 54 55 56 57 58 59 5a 5b 5c 5d 5e 5f 60 61 62 63 64 65 66 67 68 69 6a 6b 6c 6d 6e 6f 70 71 72 73 74 75 76 77 78 79 7a 7b 7c 7d 7e 7f 80 81 82 83 84 85 86 87 88 89 8a 8b 8c 8d 8e 8f 90 ffffffffffffffff 0
[cyc 10617] [R SHIFT BY OCTET OUT] 21 22 23 24 25 26 27 28 29 2a 2b 2c 2d 2e 2f 30 31 32 33 34 35 36 37 38 39 3a 3b 3c 3d 3e 3f 40 41 42 43 44 45 46 47 48 49 4a 4b 4c 4d 4e 4f 50 51 52 53 54 55 56 57 58 59 5a 5b 5c 5d 5e 5f 60 ffffffffffffffff 0
[TB] All packets fed, running 300 more cycles...
[cyc 10618] [R SHIFT BY OCTET IN] fe ff 00 01 02 03 04 05 06 07 08 09 0a 0b 0c 0d 0e 0f 10 11 12 13 14 15 16 17 18 19 1a 1b 1c 1d 1e 1f 20 21 22 23 24 25 26 27 28 29 2a 2b 2c 2d 2e 2f 30 31 32 33 34 35 36 37 38 39 3a 3b 3c 3d ffffffffffffffff 0
[cyc 10618] [R SHIFT BY OCTET OUT] 00 00 00 17 00 00 00 00 00 05 14 00 00 00 12 34 00 00 04 64 c0 de 00 28 e2 e3 e4 e5 e6 e7 e8 e9 ea eb ec ed ee ef f0 f1 f2 f3 f4 f5 f6 f7 f8 f9 fa fb fc fd fe ff 00 01 02 03 04 05 06 07 08 09 ffffffffffffffff 0
[cyc 10618] [STRIP MRC headers IN 0] 00 00 00 17 00 00 00 00 00 05 14 00 00 00 12 34 00 00 04 64 c0 de 00 28 e2 e3 e4 e5 e6 e7 e8 e9 ea eb ec ed ee ef f0 f1 f2 f3 f4 f5 f6 f7 f8 f9 fa fb fc fd fe ff 00 01 02 03 04 05 06 07 08 09 ffffffffffffffff 0
[cyc 10618] [R SHIFT BY OCTET IN] 91 92 93 94 95 96 97 98 99 9a 9b 9c 9d 9e 9f a0 a1 a2 a3 a4 a5 a6 a7 a8 a9 aa ab ac ad ae af b0 b1 b2 b3 b4 b5 b6 b7 b8 b9 ba bb bc bd be bf c0 c1 c2 c3 c4 c5 c6 c7 c8 c9 ca cb cc cd ce cf d0 ffffffffffffffff 0
[cyc 10618] [R SHIFT BY OCTET OUT] 61 62 63 64 65 66 67 68 69 6a 6b 6c 6d 6e 6f 70 71 72 73 74 75 76 77 78 79 7a 7b 7c 7d 7e 7f 80 81 82 83 84 85 86 87 88 89 8a 8b 8c 8d 8e 8f 90 91 92 93 94 95 96 97 98 99 9a 9b 9c 9d 9e 9f a0 ffffffffffffffff 0
[cyc 10619] [R SHIFT BY OCTET IN] 3e 3f 40 41 42 43 44 45 00 00 00 00 00 00 00 00 00 00 00 00 00 00 00 00 00 00 00 00 00 00 00 00 00 00 00 00 00 00 00 00 00 00 00 00 00 00 00 00 00 00 00 00 00 00 00 00 00 00 00 00 00 00 00 00 00000000000000ff 1  <- last
[cyc 10619] [R SHIFT BY OCTET OUT] 0a 0b 0c 0d 0e 0f 10 11 12 13 14 15 16 17 18 19 1a 1b 1c 1d 1e 1f 20 21 22 23 24 25 26 27 28 29 2a 2b 2c 2d 2e 2f 30 31 32 33 34 35 36 37 38 39 3a 3b 3c 3d 3e 3f 40 41 42 43 44 45 00 00 00 00 0fffffffffffffff 1  <- last
[cyc 10619] [STRIP MRC headers IN 0] 0a 0b 0c 0d 0e 0f 10 11 12 13 14 15 16 17 18 19 1a 1b 1c 1d 1e 1f 20 21 22 23 24 25 26 27 28 29 2a 2b 2c 2d 2e 2f 30 31 32 33 34 35 36 37 38 39 3a 3b 3c 3d 3e 3f 40 41 42 43 44 45 00 00 00 00 0fffffffffffffff 1  <- last
[cyc 10619] [STRIP MRC headers OUT 0] 00 00 00 00 00 05 14 00 00 00 12 34 00 00 04 64 c0 de 00 28 e2 e3 e4 e5 e6 e7 e8 e9 ea eb ec ed ee ef f0 f1 f2 f3 f4 f5 f6 f7 f8 f9 fa fb fc fd fe ff 00 01 02 03 04 05 06 07 08 09 0a 0b 0c 0d ffffffffffffffff 0
[cyc 10619] [R SHIFT BY OCTET IN] d1 d2 d3 d4 d5 d6 d7 d8 d9 da db dc dd de df e0 00 00 00 00 00 00 00 00 00 00 00 00 00 00 00 00 00 00 00 00 00 00 00 00 00 00 00 00 00 00 00 00 00 00 00 00 00 00 00 00 00 00 00 00 00 00 00 00 000000000000ffff 1  <- last
[cyc 10619] [R SHIFT BY OCTET OUT] a1 a2 a3 a4 a5 a6 a7 a8 a9 aa ab ac ad ae af b0 b1 b2 b3 b4 b5 b6 b7 b8 b9 ba bb bc bd be bf c0 c1 c2 c3 c4 c5 c6 c7 c8 c9 ca cb cc cd ce cf d0 d1 d2 d3 d4 d5 d6 d7 d8 d9 da db dc dd de df e0 ffffffffffffffff 1  <- last
[cyc 10620] [STRIP MRC headers OUT 0] 0e 0f 10 11 12 13 14 15 16 17 18 19 1a 1b 1c 1d 1e 1f 20 21 22 23 24 25 26 27 28 29 2a 2b 2c 2d 2e 2f 30 31 32 33 34 35 36 37 38 39 3a 3b 3c 3d 3e 3f 40 41 42 43 44 45 00 00 00 00 00 00 00 00 00ffffffffffffff 1  <- last
[cyc 10620] [RX IBH FSM 0]: epsn: 0x0a0b2a, 658218, packet psn: 0x0a0b2a, 658218, oldest outstanding psn: 0x8a0b2a, 9046826
[cyc 10622] [META MERGER 0]: reading from ack event with qpn 5, psn 658218
[cyc 10623] [R SHIFT BY OCTET IN] 00 00 00 00 00 05 14 00 00 00 12 34 00 00 04 64 c0 de 00 28 e2 e3 e4 e5 e6 e7 e8 e9 ea eb ec ed ee ef f0 f1 f2 f3 f4 f5 f6 f7 f8 f9 fa fb fc fd fe ff 00 01 02 03 04 05 06 07 08 09 0a 0b 0c 0d ffffffffffffffff 0
[cyc 10624] [R SHIFT BY OCTET IN] 0e 0f 10 11 12 13 14 15 16 17 18 19 1a 1b 1c 1d 1e 1f 20 21 22 23 24 25 26 27 28 29 2a 2b 2c 2d 2e 2f 30 31 32 33 34 35 36 37 38 39 3a 3b 3c 3d 3e 3f 40 41 42 43 44 45 00 00 00 00 00 00 00 00 00ffffffffffffff 1  <- last
[cyc 10624] [R SHIFT BY OCTET OUT] e2 e3 e4 e5 e6 e7 e8 e9 ea eb ec ed ee ef f0 f1 f2 f3 f4 f5 f6 f7 f8 f9 fa fb fc fd fe ff 00 01 02 03 04 05 06 07 08 09 0a 0b 0c 0d 0e 0f 10 11 12 13 14 15 16 17 18 19 1a 1b 1c 1d 1e 1f 20 21 ffffffffffffffff 0
[cyc 10625] [R SHIFT BY OCTET OUT] 22 23 24 25 26 27 28 29 2a 2b 2c 2d 2e 2f 30 31 32 33 34 35 36 37 38 39 3a 3b 3c 3d 3e 3f 40 41 42 43 44 45 00 00 00 00 00 00 00 00 00 00 00 00 00 00 00 00 00 00 00 00 00 00 00 00 00 00 00 00 0000000fffffffff 1  <- last
[cyc 10625] [GENERATE EXH 0]: MRC_ACK with qpn 0x5, psn 0x0a0b2a
[cyc 10625] [GENERATE EXH 0]: MRC_ACK 1f 00 00 18 26 27 28 29 00 71 f4 d0 83 e8 5f f6 60 fa 8b 9e 40 5f 00 00 40 be 46 89 fe 7f 00 00 d0 fa 8b 9e 40 5f 00 00 44 5b 81 9e 40 5f 00 00 44 c0 46 89 fe 7f 00 00 87 16 85 9e 40 5f 00 00 000000000000000f 1
[cyc 10625] [APPEND PAYLOAD 0]: moving to state HEADER
[cyc 10625] [TX IP UDP META MERGER 0]: port 0xc000
[cyc 10626] [APPEND PAYLOAD 0]: moving to state INFO
[cyc 10626] [GENERATE IBH 0]: input meta, opcode 0x209 valid psn 0x0a0b2a
[cyc 10626] [PREPEND IBH HEADER 0]: going to state PARTIAL_HEADER
[cyc 10627] [PREPEND IBH HEADER 0]: IBH PARTIAL PAYLOAD
[cyc 10627] 00 00 00 00 00 00 00 00 00 00 00 00 1f 00 00 18 26 27 28 29 00 71 f4 d0 83 e8 5f f6 60 fa 8b 9e 40 5f 00 00 40 be 46 89 fe 7f 00 00 d0 fa 8b 9e 40 5f 00 00 44 5b 81 9e 40 5f 00 00 44 c0 46 89 000000000000ffff 1
[cyc 10627] [PREPEND IBH HEADER 0]: IBH PARTIAL HEADER
[cyc 10627] d1 00 ff ff 00 00 00 42 00 0a 0b 2a 1f 00 00 18 26 27 28 29 00 71 f4 d0 83 e8 5f f6 60 fa 8b 9e 40 5f 00 00 40 be 46 89 fe 7f 00 00 d0 fa 8b 9e 40 5f 00 00 44 5b 81 9e 40 5f 00 00 44 c0 46 89 000000000000ffff 1

[TB] ---- Outputs (cycle they left the module) ----
[TB] cyc 10603 m_axis_mem_write_cmd: op=RC_RDMA_WRITE_FIRST qpn=0x5 addr=0x51000 len=1024 lst=0 host=1
[TB] cyc 10623 m_axis_mem_write_cmd: op=MRC_RDMA_WRITE_LAST_IMM qpn=0x5 addr=0x51400 len=100 lst=1 host=1
[TB] cyc 10620 m_axis_mem_write_data: 1024 B
      0000: e1 e2 e3 e4 e5 e6 e7 e8 e9 ea eb ec ed ee ef f0 
      0010: f1 f2 f3 f4 f5 f6 f7 f8 f9 fa fb fc fd fe ff 00 
      0020: 01 02 03 04 05 06 07 08 09 0a 0b 0c 0d 0e 0f 10 
      0030: 11 12 13 14 15 16 17 18 19 1a 1b 1c 1d 1e 1f 20 
      ... (960 more bytes)
[TB] cyc 10626 m_axis_mem_write_data: 100 B
      0000: e2 e3 e4 e5 e6 e7 e8 e9 ea eb ec ed ee ef f0 f1 
      0010: f2 f3 f4 f5 f6 f7 f8 f9 fa fb fc fd fe ff 00 01 
      0020: 02 03 04 05 06 07 08 09 0a 0b 0c 0d 0e 0f 10 11 
      0030: 12 13 14 15 16 17 18 19 1a 1b 1c 1d 1e 1f 20 21 
      ... (36 more bytes)
[TB] cyc 10607 m_axis_tx_data packet (16 B), meta: dst ip=0xa000002 length=20
      0000: d1 00 ff ff 00 00 00 42 00 0a 0b 29 1f 00 00 17 
[TB] cyc 10628 m_axis_tx_data packet (16 B), meta: dst ip=0xa000002 length=20
      0000: d1 00 ff ff 00 00 00 42 00 0a 0b 2a 1f 00 00 18 

[TB] ---- Checks ----
[TB] Packet 0: TEST 10a: FIRST of an IMM message
  [PASS] a memory write command was issued for it
[TB]   memory command at cycle 10603
  [PASS] memCmd.op_code = 0xc6
  [PASS] memCmd.qpn     = 0x5
  [PASS] memCmd.addr    = 0x51000
  [PASS] memCmd.len     = 1024
  [PASS] memCmd.lst     = 0x0
  [PASS] payload data reached memory
[TB]   payload in memory by cycle 10620
  [PASS] bytes written to memory = 1024
  [PASS] memory data is identical to the payload that was sent
  [PASS] a reply (ACK/NAK) was sent for it
[TB]   reply at cycle 10607
  [PASS] tx meta: destination IP = 0xa000002
  [PASS] tx meta: UDP length (BTH+AETH+ICRC) = 20
[TB]   parsed reply: MRC_ACK  DestQP=0x42  PSN=0xa0b29  AETH.syndrome=0x1f (ACK)  AETH.MSN=0x17
  [PASS] reply length in bytes = 16
  [PASS] reply BTH.opcode (MRC_ACK) = 0xd1
  [PASS] reply BTH.DestQP (remote QPN) = 0x42
  [PASS] reply BTH.PSN = 0xa0b29
  [PASS] reply AETH.syndrome (ACK) = 0x1f
  [PASS] reply AETH.MSN = 0x17
[TB] Packet 1: TEST 10b: PROBE in the middle
[TB]   control packet: no memory write, no reply expected (checked below)
[TB] Packet 2: TEST 10c: LAST_IMM
  [PASS] a memory write command was issued for it
[TB]   memory command at cycle 10623
  [PASS] memCmd.op_code = 0xc9
  [PASS] memCmd.qpn     = 0x5
  [PASS] memCmd.addr    = 0x51400
  [PASS] memCmd.len     = 100
  [PASS] memCmd.lst     = 0x1
  [PASS] payload data reached memory
[TB]   payload in memory by cycle 10626
  [PASS] bytes written to memory = 100
  [PASS] memory data is identical to the payload that was sent
  [PASS] a reply (ACK/NAK) was sent for it
[TB]   reply at cycle 10628
  [PASS] tx meta: destination IP = 0xa000002
  [PASS] tx meta: UDP length (BTH+AETH+ICRC) = 20
[TB]   parsed reply: MRC_ACK  DestQP=0x42  PSN=0xa0b2a  AETH.syndrome=0x1f (ACK)  AETH.MSN=0x18
  [PASS] reply length in bytes = 16
  [PASS] reply BTH.opcode (MRC_ACK) = 0xd1
  [PASS] reply BTH.DestQP (remote QPN) = 0x42
  [PASS] reply BTH.PSN = 0xa0b2a
  [PASS] reply AETH.syndrome (ACK) = 0x1f
  [PASS] reply AETH.MSN = 0x18
[TB] Whole group
  [PASS] unexpected memory write commands = 0
  [PASS] unexpected memory payloads = 0
  [PASS] no memory data beat left without TLAST
  [PASS] unexpected packets sent back = 0
  [PASS] tx meta entries = tx packets = 2
  [PASS] control packets that reached rx_ctrl_fsm (printed "]: PROBE qp") = 1
  [PASS] invalid-PSN drop counter increase over the group = 0
  [PASS] ackMeta to the host (only used for our own requests) = 0
  [PASS] module consumed the whole input
  [PASS] no memory READ command issued

=====================================================================
  GROUP: TEST 10d: ONLY_IMM
=====================================================================
[TB] Packet 0: TEST 10d: ONLY_IMM
[TB]   state before: epsn=0xa0b2b last_psn=0xa0b2a
[TB]   MRC_RDMA_WRITE_ONLY_IMM  DestQP=0x5  PSN=0xa0b2b, 658219  RETH.vaddr=0x52000  RETH.len=300  payload=300 B  UDP length=348  (then drain and check)
      0000: cb 00 ff ff 00 00 00 05 80 0a 0b 2b 00 00 00 18 
      0010: 00 00 00 00 00 05 20 00 00 00 12 34 00 00 01 2c 
      0020: c0 de 00 29 e3 e4 e5 e6 e7 e8 e9 ea eb ec ed ee 
      0030: ef f0 f1 f2 f3 f4 f5 f6 f7 f8 f9 fa fb fc fd fe 
      ... (272 more bytes)

[TB] Feeding 1 packet(s)... (module prints follow)
[cyc 10918] [TB] first beat of packet 0 (TEST 10d: ONLY_IMM)
[cyc 10918] [RX PROCESS IBH 0]: input psn 0x0a0b2b
[cyc 10918] [RX PROCESS IBH 0]: process IBH opcode: cb
[cyc 10918] [R SHIFT BY OCTET IN] cb 00 ff ff 00 00 00 05 80 0a 0b 2b 00 00 00 18 00 00 00 00 00 05 20 00 00 00 12 34 00 00 01 2c c0 de 00 29 e3 e4 e5 e6 e7 e8 e9 ea eb ec ed ee ef f0 f1 f2 f3 f4 f5 f6 f7 f8 f9 fa fb fc fd fe ffffffffffffffff 0
[cyc 10919] [R SHIFT BY OCTET IN] ff 00 01 02 03 04 05 06 07 08 09 0a 0b 0c 0d 0e 0f 10 11 12 13 14 15 16 17 18 19 1a 1b 1c 1d 1e 1f 20 21 22 23 24 25 26 27 28 29 2a 2b 2c 2d 2e 2f 30 31 32 33 34 35 36 37 38 39 3a 3b 3c 3d 3e ffffffffffffffff 0
[cyc 10919] [R SHIFT BY OCTET OUT] 00 00 00 18 00 00 00 00 00 05 20 00 00 00 12 34 00 00 01 2c c0 de 00 29 e3 e4 e5 e6 e7 e8 e9 ea eb ec ed ee ef f0 f1 f2 f3 f4 f5 f6 f7 f8 f9 fa fb fc fd fe ff 00 01 02 03 04 05 06 07 08 09 0a ffffffffffffffff 0
[cyc 10919] [STRIP MRC headers IN 0] 00 00 00 18 00 00 00 00 00 05 20 00 00 00 12 34 00 00 01 2c c0 de 00 29 e3 e4 e5 e6 e7 e8 e9 ea eb ec ed ee ef f0 f1 f2 f3 f4 f5 f6 f7 f8 f9 fa fb fc fd fe ff 00 01 02 03 04 05 06 07 08 09 0a ffffffffffffffff 0
[cyc 10920] [R SHIFT BY OCTET IN] 3f 40 41 42 43 44 45 46 47 48 49 4a 4b 4c 4d 4e 4f 50 51 52 53 54 55 56 57 58 59 5a 5b 5c 5d 5e 5f 60 61 62 63 64 65 66 67 68 69 6a 6b 6c 6d 6e 6f 70 71 72 73 74 75 76 77 78 79 7a 7b 7c 7d 7e ffffffffffffffff 0
[cyc 10920] [R SHIFT BY OCTET OUT] 0b 0c 0d 0e 0f 10 11 12 13 14 15 16 17 18 19 1a 1b 1c 1d 1e 1f 20 21 22 23 24 25 26 27 28 29 2a 2b 2c 2d 2e 2f 30 31 32 33 34 35 36 37 38 39 3a 3b 3c 3d 3e 3f 40 41 42 43 44 45 46 47 48 49 4a ffffffffffffffff 0
[cyc 10920] [STRIP MRC headers IN 0] 0b 0c 0d 0e 0f 10 11 12 13 14 15 16 17 18 19 1a 1b 1c 1d 1e 1f 20 21 22 23 24 25 26 27 28 29 2a 2b 2c 2d 2e 2f 30 31 32 33 34 35 36 37 38 39 3a 3b 3c 3d 3e 3f 40 41 42 43 44 45 46 47 48 49 4a ffffffffffffffff 0
[cyc 10920] [STRIP MRC headers OUT 0] 00 00 00 00 00 05 20 00 00 00 12 34 00 00 01 2c c0 de 00 29 e3 e4 e5 e6 e7 e8 e9 ea eb ec ed ee ef f0 f1 f2 f3 f4 f5 f6 f7 f8 f9 fa fb fc fd fe ff 00 01 02 03 04 05 06 07 08 09 0a 0b 0c 0d 0e ffffffffffffffff 0
[cyc 10921] [R SHIFT BY OCTET IN] 7f 80 81 82 83 84 85 86 87 88 89 8a 8b 8c 8d 8e 8f 90 91 92 93 94 95 96 97 98 99 9a 9b 9c 9d 9e 9f a0 a1 a2 a3 a4 a5 a6 a7 a8 a9 aa ab ac ad ae af b0 b1 b2 b3 b4 b5 b6 b7 b8 b9 ba bb bc bd be ffffffffffffffff 0
[cyc 10921] [R SHIFT BY OCTET OUT] 4b 4c 4d 4e 4f 50 51 52 53 54 55 56 57 58 59 5a 5b 5c 5d 5e 5f 60 61 62 63 64 65 66 67 68 69 6a 6b 6c 6d 6e 6f 70 71 72 73 74 75 76 77 78 79 7a 7b 7c 7d 7e 7f 80 81 82 83 84 85 86 87 88 89 8a ffffffffffffffff 0
[cyc 10921] [STRIP MRC headers IN 0] 4b 4c 4d 4e 4f 50 51 52 53 54 55 56 57 58 59 5a 5b 5c 5d 5e 5f 60 61 62 63 64 65 66 67 68 69 6a 6b 6c 6d 6e 6f 70 71 72 73 74 75 76 77 78 79 7a 7b 7c 7d 7e 7f 80 81 82 83 84 85 86 87 88 89 8a ffffffffffffffff 0
[cyc 10921] [STRIP MRC headers OUT 0] 0f 10 11 12 13 14 15 16 17 18 19 1a 1b 1c 1d 1e 1f 20 21 22 23 24 25 26 27 28 29 2a 2b 2c 2d 2e 2f 30 31 32 33 34 35 36 37 38 39 3a 3b 3c 3d 3e 3f 40 41 42 43 44 45 46 47 48 49 4a 4b 4c 4d 4e ffffffffffffffff 0
[cyc 10921] [RX IBH FSM 0]: epsn: 0x0a0b2b, 658219, packet psn: 0x0a0b2b, 658219, oldest outstanding psn: 0x8a0b2b, 9046827
[cyc 10922] [R SHIFT BY OCTET IN] bf c0 c1 c2 c3 c4 c5 c6 c7 c8 c9 ca cb cc cd ce cf d0 d1 d2 d3 d4 d5 d6 d7 d8 d9 da db dc dd de df e0 e1 e2 e3 e4 e5 e6 e7 e8 e9 ea eb ec ed ee ef f0 f1 f2 f3 f4 f5 f6 f7 f8 f9 fa fb fc fd fe ffffffffffffffff 0
[cyc 10922] [R SHIFT BY OCTET OUT] 8b 8c 8d 8e 8f 90 91 92 93 94 95 96 97 98 99 9a 9b 9c 9d 9e 9f a0 a1 a2 a3 a4 a5 a6 a7 a8 a9 aa ab ac ad ae af b0 b1 b2 b3 b4 b5 b6 b7 b8 b9 ba bb bc bd be bf c0 c1 c2 c3 c4 c5 c6 c7 c8 c9 ca ffffffffffffffff 0
[cyc 10922] [STRIP MRC headers IN 0] 8b 8c 8d 8e 8f 90 91 92 93 94 95 96 97 98 99 9a 9b 9c 9d 9e 9f a0 a1 a2 a3 a4 a5 a6 a7 a8 a9 aa ab ac ad ae af b0 b1 b2 b3 b4 b5 b6 b7 b8 b9 ba bb bc bd be bf c0 c1 c2 c3 c4 c5 c6 c7 c8 c9 ca ffffffffffffffff 0
[cyc 10922] [STRIP MRC headers OUT 0] 4f 50 51 52 53 54 55 56 57 58 59 5a 5b 5c 5d 5e 5f 60 61 62 63 64 65 66 67 68 69 6a 6b 6c 6d 6e 6f 70 71 72 73 74 75 76 77 78 79 7a 7b 7c 7d 7e 7f 80 81 82 83 84 85 86 87 88 89 8a 8b 8c 8d 8e ffffffffffffffff 0
[cyc 10923] [TB] last beat of packet 0 (6 beat(s))
[cyc 10923] [R SHIFT BY OCTET IN] ff 00 01 02 03 04 05 06 07 08 09 0a 0b 0c 0d 0e 00 00 00 00 00 00 00 00 00 00 00 00 00 00 00 00 00 00 00 00 00 00 00 00 00 00 00 00 00 00 00 00 00 00 00 00 00 00 00 00 00 00 00 00 00 00 00 00 000000000000ffff 1  <- last
[cyc 10923] [R SHIFT BY OCTET OUT] cb cc cd ce cf d0 d1 d2 d3 d4 d5 d6 d7 d8 d9 da db dc dd de df e0 e1 e2 e3 e4 e5 e6 e7 e8 e9 ea eb ec ed ee ef f0 f1 f2 f3 f4 f5 f6 f7 f8 f9 fa fb fc fd fe ff 00 01 02 03 04 05 06 07 08 09 0a ffffffffffffffff 0
[cyc 10923] [STRIP MRC headers IN 0] cb cc cd ce cf d0 d1 d2 d3 d4 d5 d6 d7 d8 d9 da db dc dd de df e0 e1 e2 e3 e4 e5 e6 e7 e8 e9 ea eb ec ed ee ef f0 f1 f2 f3 f4 f5 f6 f7 f8 f9 fa fb fc fd fe ff 00 01 02 03 04 05 06 07 08 09 0a ffffffffffffffff 0
[cyc 10923] [STRIP MRC headers OUT 0] 8f 90 91 92 93 94 95 96 97 98 99 9a 9b 9c 9d 9e 9f a0 a1 a2 a3 a4 a5 a6 a7 a8 a9 aa ab ac ad ae af b0 b1 b2 b3 b4 b5 b6 b7 b8 b9 ba bb bc bd be bf c0 c1 c2 c3 c4 c5 c6 c7 c8 c9 ca cb cc cd ce ffffffffffffffff 0
[cyc 10923] [META MERGER 0]: reading from ack event with qpn 0x5, psn 0x0a0b2b
[TB] All packets fed, running 300 more cycles...
[cyc 10924] [R SHIFT BY OCTET OUT] 0b 0c 0d 0e 00 00 00 00 00 00 00 00 00 00 00 00 00 00 00 00 00 00 00 00 00 00 00 00 00 00 00 00 00 00 00 00 00 00 00 00 00 00 00 00 00 00 00 00 00 00 00 00 00 00 00 00 00 00 00 00 00 00 00 00 000000000000000f 1  <- last
[cyc 10924] [STRIP MRC headers IN 0] 0b 0c 0d 0e 00 00 00 00 00 00 00 00 00 00 00 00 00 00 00 00 00 00 00 00 00 00 00 00 00 00 00 00 00 00 00 00 00 00 00 00 00 00 00 00 00 00 00 00 00 00 00 00 00 00 00 00 00 00 00 00 00 00 00 00 000000000000000f 1  <- last
[cyc 10924] [STRIP MRC headers OUT 0] cf d0 d1 d2 d3 d4 d5 d6 d7 d8 d9 da db dc dd de df e0 e1 e2 e3 e4 e5 e6 e7 e8 e9 ea eb ec ed ee ef f0 f1 f2 f3 f4 f5 f6 f7 f8 f9 fa fb fc fd fe ff 00 01 02 03 04 05 06 07 08 09 0a 0b 0c 0d 0e ffffffffffffffff 1  <- last
[cyc 10924] [R SHIFT BY OCTET IN] 00 00 00 00 00 05 20 00 00 00 12 34 00 00 01 2c c0 de 00 29 e3 e4 e5 e6 e7 e8 e9 ea eb ec ed ee ef f0 f1 f2 f3 f4 f5 f6 f7 f8 f9 fa fb fc fd fe ff 00 01 02 03 04 05 06 07 08 09 0a 0b 0c 0d 0e ffffffffffffffff 0
[cyc 10925] [R SHIFT BY OCTET IN] 0f 10 11 12 13 14 15 16 17 18 19 1a 1b 1c 1d 1e 1f 20 21 22 23 24 25 26 27 28 29 2a 2b 2c 2d 2e 2f 30 31 32 33 34 35 36 37 38 39 3a 3b 3c 3d 3e 3f 40 41 42 43 44 45 46 47 48 49 4a 4b 4c 4d 4e ffffffffffffffff 0
[cyc 10925] [R SHIFT BY OCTET OUT] e3 e4 e5 e6 e7 e8 e9 ea eb ec ed ee ef f0 f1 f2 f3 f4 f5 f6 f7 f8 f9 fa fb fc fd fe ff 00 01 02 03 04 05 06 07 08 09 0a 0b 0c 0d 0e 0f 10 11 12 13 14 15 16 17 18 19 1a 1b 1c 1d 1e 1f 20 21 22 ffffffffffffffff 0
[cyc 10926] [R SHIFT BY OCTET IN] 4f 50 51 52 53 54 55 56 57 58 59 5a 5b 5c 5d 5e 5f 60 61 62 63 64 65 66 67 68 69 6a 6b 6c 6d 6e 6f 70 71 72 73 74 75 76 77 78 79 7a 7b 7c 7d 7e 7f 80 81 82 83 84 85 86 87 88 89 8a 8b 8c 8d 8e ffffffffffffffff 0
[cyc 10926] [R SHIFT BY OCTET OUT] 23 24 25 26 27 28 29 2a 2b 2c 2d 2e 2f 30 31 32 33 34 35 36 37 38 39 3a 3b 3c 3d 3e 3f 40 41 42 43 44 45 46 47 48 49 4a 4b 4c 4d 4e 4f 50 51 52 53 54 55 56 57 58 59 5a 5b 5c 5d 5e 5f 60 61 62 ffffffffffffffff 0
[cyc 10926] [GENERATE EXH 0]: MRC_ACK with qpn 0x5, psn 0x0a0b2b
[cyc 10926] [GENERATE EXH 0]: MRC_ACK 1f 00 00 19 27 28 29 2a 00 71 f4 d0 83 e8 5f f6 60 fa 8b 9e 40 5f 00 00 40 be 46 89 fe 7f 00 00 d0 fa 8b 9e 40 5f 00 00 44 5b 81 9e 40 5f 00 00 44 c0 46 89 fe 7f 00 00 87 16 85 9e 40 5f 00 00 000000000000000f 1
[cyc 10926] [APPEND PAYLOAD 0]: moving to state HEADER
[cyc 10926] [TX IP UDP META MERGER 0]: port 0xc000
[cyc 10927] [R SHIFT BY OCTET IN] 8f 90 91 92 93 94 95 96 97 98 99 9a 9b 9c 9d 9e 9f a0 a1 a2 a3 a4 a5 a6 a7 a8 a9 aa ab ac ad ae af b0 b1 b2 b3 b4 b5 b6 b7 b8 b9 ba bb bc bd be bf c0 c1 c2 c3 c4 c5 c6 c7 c8 c9 ca cb cc cd ce ffffffffffffffff 0
[cyc 10927] [R SHIFT BY OCTET OUT] 63 64 65 66 67 68 69 6a 6b 6c 6d 6e 6f 70 71 72 73 74 75 76 77 78 79 7a 7b 7c 7d 7e 7f 80 81 82 83 84 85 86 87 88 89 8a 8b 8c 8d 8e 8f 90 91 92 93 94 95 96 97 98 99 9a 9b 9c 9d 9e 9f a0 a1 a2 ffffffffffffffff 0
[cyc 10927] [APPEND PAYLOAD 0]: moving to state INFO
[cyc 10927] [GENERATE IBH 0]: input meta, opcode 0xd1 valid psn 0x0a0b2b
[cyc 10927] [PREPEND IBH HEADER 0]: going to state PARTIAL_HEADER
[cyc 10928] [R SHIFT BY OCTET IN] cf d0 d1 d2 d3 d4 d5 d6 d7 d8 d9 da db dc dd de df e0 e1 e2 e3 e4 e5 e6 e7 e8 e9 ea eb ec ed ee ef f0 f1 f2 f3 f4 f5 f6 f7 f8 f9 fa fb fc fd fe ff 00 01 02 03 04 05 06 07 08 09 0a 0b 0c 0d 0e ffffffffffffffff 1  <- last
[cyc 10928] [R SHIFT BY OCTET OUT] a3 a4 a5 a6 a7 a8 a9 aa ab ac ad ae af b0 b1 b2 b3 b4 b5 b6 b7 b8 b9 ba bb bc bd be bf c0 c1 c2 c3 c4 c5 c6 c7 c8 c9 ca cb cc cd ce cf d0 d1 d2 d3 d4 d5 d6 d7 d8 d9 da db dc dd de df e0 e1 e2 ffffffffffffffff 0
[cyc 10928] [PREPEND IBH HEADER 0]: IBH PARTIAL PAYLOAD
[cyc 10928] 00 00 00 00 00 00 00 00 00 00 00 00 1f 00 00 19 27 28 29 2a 00 71 f4 d0 83 e8 5f f6 60 fa 8b 9e 40 5f 00 00 40 be 46 89 fe 7f 00 00 d0 fa 8b 9e 40 5f 00 00 44 5b 81 9e 40 5f 00 00 44 c0 46 89 000000000000ffff 1
[cyc 10928] [PREPEND IBH HEADER 0]: IBH PARTIAL HEADER
[cyc 10928] d1 00 ff ff 00 00 00 42 00 0a 0b 2b 1f 00 00 19 27 28 29 2a 00 71 f4 d0 83 e8 5f f6 60 fa 8b 9e 40 5f 00 00 40 be 46 89 fe 7f 00 00 d0 fa 8b 9e 40 5f 00 00 44 5b 81 9e 40 5f 00 00 44 c0 46 89 000000000000ffff 1
[cyc 10929] [R SHIFT BY OCTET OUT] e3 e4 e5 e6 e7 e8 e9 ea eb ec ed ee ef f0 f1 f2 f3 f4 f5 f6 f7 f8 f9 fa fb fc fd fe ff 00 01 02 03 04 05 06 07 08 09 0a 0b 0c 0d 0e 00 00 00 00 00 00 00 00 00 00 00 00 00 00 00 00 00 00 00 00 00000fffffffffff 1  <- last

[TB] ---- Outputs (cycle they left the module) ----
[TB] cyc 10924 m_axis_mem_write_cmd: op=MRC_RDMA_WRITE_ONLY_IMM qpn=0x5 addr=0x52000 len=300 lst=1 host=1
[TB] cyc 10930 m_axis_mem_write_data: 300 B
      0000: e3 e4 e5 e6 e7 e8 e9 ea eb ec ed ee ef f0 f1 f2 
      0010: f3 f4 f5 f6 f7 f8 f9 fa fb fc fd fe ff 00 01 02 
      0020: 03 04 05 06 07 08 09 0a 0b 0c 0d 0e 0f 10 11 12 
      0030: 13 14 15 16 17 18 19 1a 1b 1c 1d 1e 1f 20 21 22 
      ... (236 more bytes)
[TB] cyc 10929 m_axis_tx_data packet (16 B), meta: dst ip=0xa000002 length=20
      0000: d1 00 ff ff 00 00 00 42 00 0a 0b 2b 1f 00 00 19 

[TB] ---- Checks ----
[TB] Packet 0: TEST 10d: ONLY_IMM
  [PASS] a memory write command was issued for it
[TB]   memory command at cycle 10924
  [PASS] memCmd.op_code = 0xcb
  [PASS] memCmd.qpn     = 0x5
  [PASS] memCmd.addr    = 0x52000
  [PASS] memCmd.len     = 300
  [PASS] memCmd.lst     = 0x1
  [PASS] payload data reached memory
[TB]   payload in memory by cycle 10930
  [PASS] bytes written to memory = 300
  [PASS] memory data is identical to the payload that was sent
  [PASS] a reply (ACK/NAK) was sent for it
[TB]   reply at cycle 10929
  [PASS] tx meta: destination IP = 0xa000002
  [PASS] tx meta: UDP length (BTH+AETH+ICRC) = 20
[TB]   parsed reply: MRC_ACK  DestQP=0x42  PSN=0xa0b2b  AETH.syndrome=0x1f (ACK)  AETH.MSN=0x19
  [PASS] reply length in bytes = 16
  [PASS] reply BTH.opcode (MRC_ACK) = 0xd1
  [PASS] reply BTH.DestQP (remote QPN) = 0x42
  [PASS] reply BTH.PSN = 0xa0b2b
  [PASS] reply AETH.syndrome (ACK) = 0x1f
  [PASS] reply AETH.MSN = 0x19
[TB] Whole group
  [PASS] unexpected memory write commands = 0
  [PASS] unexpected memory payloads = 0
  [PASS] no memory data beat left without TLAST
  [PASS] unexpected packets sent back = 0
  [PASS] tx meta entries = tx packets = 1
  [PASS] invalid-PSN drop counter increase over the group = 0
  [PASS] ackMeta to the host (only used for our own requests) = 0
  [PASS] module consumed the whole input
  [PASS] no memory READ command issued

=====================================================================
  GROUP: TEST 11a: SACK truncated to 12 B  ->  TEST 11b: SACK with only the BTH
=====================================================================
[TB] Packet 0: TEST 11a: SACK truncated to 12 B
[TB]   MRC_SACK  DestQP=0x5  PSN=0x100  header=12 B  UDP length=36  (next packet back to back)
      0000: dc 00 ff ff 00 00 00 05 00 00 01 00 00 00 00 00 
      0010: e0 00 01 00 00 05 00 42 
[TB] Packet 1: TEST 11b: SACK with only the BTH
[TB]   MRC_SACK  DestQP=0x5  PSN=0x100  header=0 B  UDP length=24  (then drain and check)
      0000: dc 00 ff ff 00 00 00 05 00 00 01 00 

[TB] Feeding 2 packet(s)... (module prints follow)
[cyc 11224] [TB] first beat of packet 0 (TEST 11a: SACK truncated to 12 B)
[cyc 11224] [TB] last beat of packet 0 (1 beat(s))
[cyc 11224] [RX PROCESS IBH 0]: input psn 0x100
[cyc 11224] [RX PROCESS IBH 0]: process IBH opcode: dc (ctrl)
[cyc 11224] [R SHIFT BY OCTET IN] dc 00 ff ff 00 00 00 05 00 00 01 00 00 00 00 00 e0 00 01 00 00 05 00 42 00 00 00 00 00 00 00 00 00 00 00 00 00 00 00 00 00 00 00 00 00 00 00 00 00 00 00 00 00 00 00 00 00 00 00 00 00 00 00 00 0000000000ffffff 1  <- last
[cyc 11225] [TB] first beat of packet 1 (TEST 11b: SACK with only the BTH)
[cyc 11225] [TB] last beat of packet 1 (1 beat(s))
[cyc 11225] [RX PROCESS IBH 0]: input psn 0x100
[cyc 11225] [RX PROCESS IBH 0]: process IBH opcode: dc (ctrl)
[cyc 11225] [R SHIFT BY OCTET OUT] 00 00 00 00 e0 00 01 00 00 05 00 42 00 00 00 00 00 00 00 00 00 00 00 00 00 00 00 00 00 00 00 00 00 00 00 00 00 00 00 00 00 00 00 00 00 00 00 00 00 00 00 00 00 00 00 00 00 00 00 00 00 00 00 00 0000000000000fff 1  <- last
[cyc 11225] [RX PROCESS CTRL IN] 00 00 00 00 e0 00 01 00 00 05 00 42 00 00 00 00 00 00 00 00 00 00 00 00 00 00 00 00 00 00 00 00 00 00 00 00 00 00 00 00 00 00 00 00 00 00 00 00 00 00 00 00 00 00 00 00 00 00 00 00 00 00 00 00 0000000000000fff 1  <- last
[cyc 11225] [RX CTRL FSM 0]: short control packet, opcode 0xdc udp length 36, dropped
[TB] All packets fed, running 300 more cycles...
[cyc 11226] [R SHIFT BY OCTET IN] dc 00 ff ff 00 00 00 05 00 00 01 00 00 00 00 00 00 00 00 00 00 00 00 00 00 00 00 00 00 00 00 00 00 00 00 00 00 00 00 00 00 00 00 00 00 00 00 00 00 00 00 00 00 00 00 00 00 00 00 00 00 00 00 00 0000000000000fff 1  <- last
[cyc 11227] [R SHIFT BY OCTET OUT] 00 00 00 00 00 00 00 00 00 00 00 00 00 00 00 00 00 00 00 00 00 00 00 00 00 00 00 00 00 00 00 00 00 00 00 00 00 00 00 00 00 00 00 00 00 00 00 00 00 00 00 00 00 00 00 00 00 00 00 00 00 00 00 00 0000000000000000 1  <- last
[cyc 11227] [RX PROCESS CTRL IN] 00 00 00 00 00 00 00 00 00 00 00 00 00 00 00 00 00 00 00 00 00 00 00 00 00 00 00 00 00 00 00 00 00 00 00 00 00 00 00 00 00 00 00 00 00 00 00 00 00 00 00 00 00 00 00 00 00 00 00 00 00 00 00 00 0000000000000000 1  <- last
[cyc 11227] [RX CTRL FSM 0]: short control packet, opcode 0xdc udp length 24, dropped

[TB] ---- Outputs (cycle they left the module) ----

[TB] ---- Checks ----
[TB] Packet 0: TEST 11a: SACK truncated to 12 B
[TB]   control packet: no memory write, no reply expected (checked below)
[TB] Packet 1: TEST 11b: SACK with only the BTH
[TB]   control packet: no memory write, no reply expected (checked below)
[TB] Whole group
  [PASS] unexpected memory write commands = 0
  [PASS] unexpected memory payloads = 0
  [PASS] no memory data beat left without TLAST
  [PASS] unexpected packets sent back = 0
  [PASS] tx meta entries = tx packets = 0
  [PASS] control packets that reached rx_ctrl_fsm (printed "short control packet") = 2
  [PASS] invalid-PSN drop counter increase over the group = 0
  [PASS] ackMeta to the host (only used for our own requests) = 0
  [PASS] module consumed the whole input
  [PASS] no memory READ command issued

=====================================================================
  GROUP: TEST 12a: ONLY ahead of epsn
=====================================================================
[TB] Packet 0: TEST 12a: ONLY ahead of epsn
[TB]   state before: epsn=0xa0b2c last_psn=0xa0b2b
[TB]   RC_RDMA_WRITE_ONLY  DestQP=0x5  PSN=0xa0bc2, 658370  RETH.vaddr=0x2000  RETH.len=1024  payload=1024 B  UDP length=1068  (then drain and check)
      0000: ca 00 ff ff 00 00 00 05 80 0a 0b c2 00 00 00 00 
      0010: 00 00 00 00 00 00 20 00 00 00 12 34 00 00 04 00 
      0020: ee ef f0 f1 f2 f3 f4 f5 f6 f7 f8 f9 fa fb fc fd 
      0030: fe ff 00 01 02 03 04 05 06 07 08 09 0a 0b 0c 0d 
      ... (992 more bytes)

[TB] Feeding 1 packet(s)... (module prints follow)
[cyc 11526] [TB] first beat of packet 0 (TEST 12a: ONLY ahead of epsn)
[cyc 11526] [RX PROCESS IBH 0]: input psn 0x0a0bc2
[cyc 11526] [RX PROCESS IBH 0]: process IBH opcode: ca
[cyc 11526] [R SHIFT BY OCTET IN] ca 00 ff ff 00 00 00 05 80 0a 0b c2 00 00 00 00 00 00 00 00 00 00 20 00 00 00 12 34 00 00 04 00 ee ef f0 f1 f2 f3 f4 f5 f6 f7 f8 f9 fa fb fc fd fe ff 00 01 02 03 04 05 06 07 08 09 0a 0b 0c 0d ffffffffffffffff 0
[cyc 11527] [R SHIFT BY OCTET IN] 0e 0f 10 11 12 13 14 15 16 17 18 19 1a 1b 1c 1d 1e 1f 20 21 22 23 24 25 26 27 28 29 2a 2b 2c 2d 2e 2f 30 31 32 33 34 35 36 37 38 39 3a 3b 3c 3d 3e 3f 40 41 42 43 44 45 46 47 48 49 4a 4b 4c 4d ffffffffffffffff 0
[cyc 11527] [R SHIFT BY OCTET OUT] 00 00 00 00 00 00 00 00 00 00 20 00 00 00 12 34 00 00 04 00 ee ef f0 f1 f2 f3 f4 f5 f6 f7 f8 f9 fa fb fc fd fe ff 00 01 02 03 04 05 06 07 08 09 0a 0b 0c 0d 0e 0f 10 11 12 13 14 15 16 17 18 19 ffffffffffffffff 0
[cyc 11527] [STRIP MRC headers IN 0] 00 00 00 00 00 00 00 00 00 00 20 00 00 00 12 34 00 00 04 00 ee ef f0 f1 f2 f3 f4 f5 f6 f7 f8 f9 fa fb fc fd fe ff 00 01 02 03 04 05 06 07 08 09 0a 0b 0c 0d 0e 0f 10 11 12 13 14 15 16 17 18 19 ffffffffffffffff 0
[cyc 11528] [R SHIFT BY OCTET IN] 4e 4f 50 51 52 53 54 55 56 57 58 59 5a 5b 5c 5d 5e 5f 60 61 62 63 64 65 66 67 68 69 6a 6b 6c 6d 6e 6f 70 71 72 73 74 75 76 77 78 79 7a 7b 7c 7d 7e 7f 80 81 82 83 84 85 86 87 88 89 8a 8b 8c 8d ffffffffffffffff 0
[cyc 11528] [R SHIFT BY OCTET OUT] 1a 1b 1c 1d 1e 1f 20 21 22 23 24 25 26 27 28 29 2a 2b 2c 2d 2e 2f 30 31 32 33 34 35 36 37 38 39 3a 3b 3c 3d 3e 3f 40 41 42 43 44 45 46 47 48 49 4a 4b 4c 4d 4e 4f 50 51 52 53 54 55 56 57 58 59 ffffffffffffffff 0
[cyc 11528] [STRIP MRC headers IN 0] 1a 1b 1c 1d 1e 1f 20 21 22 23 24 25 26 27 28 29 2a 2b 2c 2d 2e 2f 30 31 32 33 34 35 36 37 38 39 3a 3b 3c 3d 3e 3f 40 41 42 43 44 45 46 47 48 49 4a 4b 4c 4d 4e 4f 50 51 52 53 54 55 56 57 58 59 ffffffffffffffff 0
[cyc 11528] [STRIP MRC headers OUT 0] 00 00 00 00 00 00 20 00 00 00 12 34 00 00 04 00 ee ef f0 f1 f2 f3 f4 f5 f6 f7 f8 f9 fa fb fc fd fe ff 00 01 02 03 04 05 06 07 08 09 0a 0b 0c 0d 0e 0f 10 11 12 13 14 15 16 17 18 19 1a 1b 1c 1d ffffffffffffffff 0
[cyc 11529] [R SHIFT BY OCTET IN] 8e 8f 90 91 92 93 94 95 96 97 98 99 9a 9b 9c 9d 9e 9f a0 a1 a2 a3 a4 a5 a6 a7 a8 a9 aa ab ac ad ae af b0 b1 b2 b3 b4 b5 b6 b7 b8 b9 ba bb bc bd be bf c0 c1 c2 c3 c4 c5 c6 c7 c8 c9 ca cb cc cd ffffffffffffffff 0
[cyc 11529] [R SHIFT BY OCTET OUT] 5a 5b 5c 5d 5e 5f 60 61 62 63 64 65 66 67 68 69 6a 6b 6c 6d 6e 6f 70 71 72 73 74 75 76 77 78 79 7a 7b 7c 7d 7e 7f 80 81 82 83 84 85 86 87 88 89 8a 8b 8c 8d 8e 8f 90 91 92 93 94 95 96 97 98 99 ffffffffffffffff 0
[cyc 11529] [STRIP MRC headers IN 0] 5a 5b 5c 5d 5e 5f 60 61 62 63 64 65 66 67 68 69 6a 6b 6c 6d 6e 6f 70 71 72 73 74 75 76 77 78 79 7a 7b 7c 7d 7e 7f 80 81 82 83 84 85 86 87 88 89 8a 8b 8c 8d 8e 8f 90 91 92 93 94 95 96 97 98 99 ffffffffffffffff 0
[cyc 11529] [STRIP MRC headers OUT 0] 1e 1f 20 21 22 23 24 25 26 27 28 29 2a 2b 2c 2d 2e 2f 30 31 32 33 34 35 36 37 38 39 3a 3b 3c 3d 3e 3f 40 41 42 43 44 45 46 47 48 49 4a 4b 4c 4d 4e 4f 50 51 52 53 54 55 56 57 58 59 5a 5b 5c 5d ffffffffffffffff 0
[cyc 11529] [RX IBH FSM 0]: epsn: 0x0a0b2c, 658220, packet psn: 0x0a0bc2, 658370, oldest outstanding psn: 0x8a0b2c, 9046828
[cyc 11529] [RX IBH FSM 0]: dropping invalid psn 0x0a0bc2 with retry 0x7
[cyc 11529] [RX IBH FSM 0]: sending NAK on epsn 0x0a0b2c
[cyc 11529] [META MERGER 0]: reading from ack event with qpn 0x5, psn 0x0a0b2c
[cyc 11530] [R SHIFT BY OCTET IN] ce cf d0 d1 d2 d3 d4 d5 d6 d7 d8 d9 da db dc dd de df e0 e1 e2 e3 e4 e5 e6 e7 e8 e9 ea eb ec ed ee ef f0 f1 f2 f3 f4 f5 f6 f7 f8 f9 fa fb fc fd fe ff 00 01 02 03 04 05 06 07 08 09 0a 0b 0c 0d ffffffffffffffff 0
[cyc 11530] [R SHIFT BY OCTET OUT] 9a 9b 9c 9d 9e 9f a0 a1 a2 a3 a4 a5 a6 a7 a8 a9 aa ab ac ad ae af b0 b1 b2 b3 b4 b5 b6 b7 b8 b9 ba bb bc bd be bf c0 c1 c2 c3 c4 c5 c6 c7 c8 c9 ca cb cc cd ce cf d0 d1 d2 d3 d4 d5 d6 d7 d8 d9 ffffffffffffffff 0
[cyc 11530] [STRIP MRC headers IN 0] 9a 9b 9c 9d 9e 9f a0 a1 a2 a3 a4 a5 a6 a7 a8 a9 aa ab ac ad ae af b0 b1 b2 b3 b4 b5 b6 b7 b8 b9 ba bb bc bd be bf c0 c1 c2 c3 c4 c5 c6 c7 c8 c9 ca cb cc cd ce cf d0 d1 d2 d3 d4 d5 d6 d7 d8 d9 ffffffffffffffff 0
[cyc 11530] [STRIP MRC headers OUT 0] 5e 5f 60 61 62 63 64 65 66 67 68 69 6a 6b 6c 6d 6e 6f 70 71 72 73 74 75 76 77 78 79 7a 7b 7c 7d 7e 7f 80 81 82 83 84 85 86 87 88 89 8a 8b 8c 8d 8e 8f 90 91 92 93 94 95 96 97 98 99 9a 9b 9c 9d ffffffffffffffff 0
[cyc 11531] [R SHIFT BY OCTET IN] 0e 0f 10 11 12 13 14 15 16 17 18 19 1a 1b 1c 1d 1e 1f 20 21 22 23 24 25 26 27 28 29 2a 2b 2c 2d 2e 2f 30 31 32 33 34 35 36 37 38 39 3a 3b 3c 3d 3e 3f 40 41 42 43 44 45 46 47 48 49 4a 4b 4c 4d ffffffffffffffff 0
[cyc 11531] [R SHIFT BY OCTET OUT] da db dc dd de df e0 e1 e2 e3 e4 e5 e6 e7 e8 e9 ea eb ec ed ee ef f0 f1 f2 f3 f4 f5 f6 f7 f8 f9 fa fb fc fd fe ff 00 01 02 03 04 05 06 07 08 09 0a 0b 0c 0d 0e 0f 10 11 12 13 14 15 16 17 18 19 ffffffffffffffff 0
[cyc 11531] [STRIP MRC headers IN 0] da db dc dd de df e0 e1 e2 e3 e4 e5 e6 e7 e8 e9 ea eb ec ed ee ef f0 f1 f2 f3 f4 f5 f6 f7 f8 f9 fa fb fc fd fe ff 00 01 02 03 04 05 06 07 08 09 0a 0b 0c 0d 0e 0f 10 11 12 13 14 15 16 17 18 19 ffffffffffffffff 0
[cyc 11531] [STRIP MRC headers OUT 0] 9e 9f a0 a1 a2 a3 a4 a5 a6 a7 a8 a9 aa ab ac ad ae af b0 b1 b2 b3 b4 b5 b6 b7 b8 b9 ba bb bc bd be bf c0 c1 c2 c3 c4 c5 c6 c7 c8 c9 ca cb cc cd ce cf d0 d1 d2 d3 d4 d5 d6 d7 d8 d9 da db dc dd ffffffffffffffff 0
[cyc 11531] [GENERATE EXH 0]: psn seq error
[cyc 11531] [GENERATE EXH 0]: MRC_ACK with qpn 0x5, psn 0x0a0b2c
[cyc 11531] [GENERATE EXH 0]: MRC_ACK 60 00 00 19 40 5f 00 00 00 71 f4 d0 83 e8 5f f6 60 fa 8b 9e 40 5f 00 00 40 be 46 89 fe 7f 00 00 d0 fa 8b 9e 40 5f 00 00 44 5b 81 9e 40 5f 00 00 44 c0 46 89 fe 7f 00 00 87 16 85 9e 40 5f 00 00 000000000000000f 1
[cyc 11531] [APPEND PAYLOAD 0]: moving to state HEADER
[cyc 11531] [TX IP UDP META MERGER 0]: port 0xc000
[cyc 11532] [R SHIFT BY OCTET IN] 4e 4f 50 51 52 53 54 55 56 57 58 59 5a 5b 5c 5d 5e 5f 60 61 62 63 64 65 66 67 68 69 6a 6b 6c 6d 6e 6f 70 71 72 73 74 75 76 77 78 79 7a 7b 7c 7d 7e 7f 80 81 82 83 84 85 86 87 88 89 8a 8b 8c 8d ffffffffffffffff 0
[cyc 11532] [R SHIFT BY OCTET OUT] 1a 1b 1c 1d 1e 1f 20 21 22 23 24 25 26 27 28 29 2a 2b 2c 2d 2e 2f 30 31 32 33 34 35 36 37 38 39 3a 3b 3c 3d 3e 3f 40 41 42 43 44 45 46 47 48 49 4a 4b 4c 4d 4e 4f 50 51 52 53 54 55 56 57 58 59 ffffffffffffffff 0
[cyc 11532] [STRIP MRC headers IN 0] 1a 1b 1c 1d 1e 1f 20 21 22 23 24 25 26 27 28 29 2a 2b 2c 2d 2e 2f 30 31 32 33 34 35 36 37 38 39 3a 3b 3c 3d 3e 3f 40 41 42 43 44 45 46 47 48 49 4a 4b 4c 4d 4e 4f 50 51 52 53 54 55 56 57 58 59 ffffffffffffffff 0
[cyc 11532] [STRIP MRC headers OUT 0] de df e0 e1 e2 e3 e4 e5 e6 e7 e8 e9 ea eb ec ed ee ef f0 f1 f2 f3 f4 f5 f6 f7 f8 f9 fa fb fc fd fe ff 00 01 02 03 04 05 06 07 08 09 0a 0b 0c 0d 0e 0f 10 11 12 13 14 15 16 17 18 19 1a 1b 1c 1d ffffffffffffffff 0
[cyc 11532] [APPEND PAYLOAD 0]: moving to state INFO
[cyc 11532] [GENERATE IBH 0]: input meta, opcode 0xd1 valid psn 0x0a0b2c
[cyc 11532] [PREPEND IBH HEADER 0]: going to state PARTIAL_HEADER
[cyc 11533] [R SHIFT BY OCTET IN] 8e 8f 90 91 92 93 94 95 96 97 98 99 9a 9b 9c 9d 9e 9f a0 a1 a2 a3 a4 a5 a6 a7 a8 a9 aa ab ac ad ae af b0 b1 b2 b3 b4 b5 b6 b7 b8 b9 ba bb bc bd be bf c0 c1 c2 c3 c4 c5 c6 c7 c8 c9 ca cb cc cd ffffffffffffffff 0
[cyc 11533] [R SHIFT BY OCTET OUT] 5a 5b 5c 5d 5e 5f 60 61 62 63 64 65 66 67 68 69 6a 6b 6c 6d 6e 6f 70 71 72 73 74 75 76 77 78 79 7a 7b 7c 7d 7e 7f 80 81 82 83 84 85 86 87 88 89 8a 8b 8c 8d 8e 8f 90 91 92 93 94 95 96 97 98 99 ffffffffffffffff 0
[cyc 11533] [STRIP MRC headers IN 0] 5a 5b 5c 5d 5e 5f 60 61 62 63 64 65 66 67 68 69 6a 6b 6c 6d 6e 6f 70 71 72 73 74 75 76 77 78 79 7a 7b 7c 7d 7e 7f 80 81 82 83 84 85 86 87 88 89 8a 8b 8c 8d 8e 8f 90 91 92 93 94 95 96 97 98 99 ffffffffffffffff 0
[cyc 11533] [STRIP MRC headers OUT 0] 1e 1f 20 21 22 23 24 25 26 27 28 29 2a 2b 2c 2d 2e 2f 30 31 32 33 34 35 36 37 38 39 3a 3b 3c 3d 3e 3f 40 41 42 43 44 45 46 47 48 49 4a 4b 4c 4d 4e 4f 50 51 52 53 54 55 56 57 58 59 5a 5b 5c 5d ffffffffffffffff 0
[cyc 11533] [PREPEND IBH HEADER 0]: IBH PARTIAL PAYLOAD
[cyc 11533] 00 00 00 00 00 00 00 00 00 00 00 00 60 00 00 19 40 5f 00 00 00 71 f4 d0 83 e8 5f f6 60 fa 8b 9e 40 5f 00 00 40 be 46 89 fe 7f 00 00 d0 fa 8b 9e 40 5f 00 00 44 5b 81 9e 40 5f 00 00 44 c0 46 89 000000000000ffff 1
[cyc 11533] [PREPEND IBH HEADER 0]: IBH PARTIAL HEADER
[cyc 11533] d1 00 ff ff 00 00 00 42 00 0a 0b 2c 60 00 00 19 40 5f 00 00 00 71 f4 d0 83 e8 5f f6 60 fa 8b 9e 40 5f 00 00 40 be 46 89 fe 7f 00 00 d0 fa 8b 9e 40 5f 00 00 44 5b 81 9e 40 5f 00 00 44 c0 46 89 000000000000ffff 1
[cyc 11534] [R SHIFT BY OCTET IN] ce cf d0 d1 d2 d3 d4 d5 d6 d7 d8 d9 da db dc dd de df e0 e1 e2 e3 e4 e5 e6 e7 e8 e9 ea eb ec ed ee ef f0 f1 f2 f3 f4 f5 f6 f7 f8 f9 fa fb fc fd fe ff 00 01 02 03 04 05 06 07 08 09 0a 0b 0c 0d ffffffffffffffff 0
[cyc 11534] [R SHIFT BY OCTET OUT] 9a 9b 9c 9d 9e 9f a0 a1 a2 a3 a4 a5 a6 a7 a8 a9 aa ab ac ad ae af b0 b1 b2 b3 b4 b5 b6 b7 b8 b9 ba bb bc bd be bf c0 c1 c2 c3 c4 c5 c6 c7 c8 c9 ca cb cc cd ce cf d0 d1 d2 d3 d4 d5 d6 d7 d8 d9 ffffffffffffffff 0
[cyc 11534] [STRIP MRC headers IN 0] 9a 9b 9c 9d 9e 9f a0 a1 a2 a3 a4 a5 a6 a7 a8 a9 aa ab ac ad ae af b0 b1 b2 b3 b4 b5 b6 b7 b8 b9 ba bb bc bd be bf c0 c1 c2 c3 c4 c5 c6 c7 c8 c9 ca cb cc cd ce cf d0 d1 d2 d3 d4 d5 d6 d7 d8 d9 ffffffffffffffff 0
[cyc 11534] [STRIP MRC headers OUT 0] 5e 5f 60 61 62 63 64 65 66 67 68 69 6a 6b 6c 6d 6e 6f 70 71 72 73 74 75 76 77 78 79 7a 7b 7c 7d 7e 7f 80 81 82 83 84 85 86 87 88 89 8a 8b 8c 8d 8e 8f 90 91 92 93 94 95 96 97 98 99 9a 9b 9c 9d ffffffffffffffff 0
[cyc 11535] [R SHIFT BY OCTET IN] 0e 0f 10 11 12 13 14 15 16 17 18 19 1a 1b 1c 1d 1e 1f 20 21 22 23 24 25 26 27 28 29 2a 2b 2c 2d 2e 2f 30 31 32 33 34 35 36 37 38 39 3a 3b 3c 3d 3e 3f 40 41 42 43 44 45 46 47 48 49 4a 4b 4c 4d ffffffffffffffff 0
[cyc 11535] [R SHIFT BY OCTET OUT] da db dc dd de df e0 e1 e2 e3 e4 e5 e6 e7 e8 e9 ea eb ec ed ee ef f0 f1 f2 f3 f4 f5 f6 f7 f8 f9 fa fb fc fd fe ff 00 01 02 03 04 05 06 07 08 09 0a 0b 0c 0d 0e 0f 10 11 12 13 14 15 16 17 18 19 ffffffffffffffff 0
[cyc 11535] [STRIP MRC headers IN 0] da db dc dd de df e0 e1 e2 e3 e4 e5 e6 e7 e8 e9 ea eb ec ed ee ef f0 f1 f2 f3 f4 f5 f6 f7 f8 f9 fa fb fc fd fe ff 00 01 02 03 04 05 06 07 08 09 0a 0b 0c 0d 0e 0f 10 11 12 13 14 15 16 17 18 19 ffffffffffffffff 0
[cyc 11535] [STRIP MRC headers OUT 0] 9e 9f a0 a1 a2 a3 a4 a5 a6 a7 a8 a9 aa ab ac ad ae af b0 b1 b2 b3 b4 b5 b6 b7 b8 b9 ba bb bc bd be bf c0 c1 c2 c3 c4 c5 c6 c7 c8 c9 ca cb cc cd ce cf d0 d1 d2 d3 d4 d5 d6 d7 d8 d9 da db dc dd ffffffffffffffff 0
[cyc 11536] [R SHIFT BY OCTET IN] 4e 4f 50 51 52 53 54 55 56 57 58 59 5a 5b 5c 5d 5e 5f 60 61 62 63 64 65 66 67 68 69 6a 6b 6c 6d 6e 6f 70 71 72 73 74 75 76 77 78 79 7a 7b 7c 7d 7e 7f 80 81 82 83 84 85 86 87 88 89 8a 8b 8c 8d ffffffffffffffff 0
[cyc 11536] [R SHIFT BY OCTET OUT] 1a 1b 1c 1d 1e 1f 20 21 22 23 24 25 26 27 28 29 2a 2b 2c 2d 2e 2f 30 31 32 33 34 35 36 37 38 39 3a 3b 3c 3d 3e 3f 40 41 42 43 44 45 46 47 48 49 4a 4b 4c 4d 4e 4f 50 51 52 53 54 55 56 57 58 59 ffffffffffffffff 0
[cyc 11536] [STRIP MRC headers IN 0] 1a 1b 1c 1d 1e 1f 20 21 22 23 24 25 26 27 28 29 2a 2b 2c 2d 2e 2f 30 31 32 33 34 35 36 37 38 39 3a 3b 3c 3d 3e 3f 40 41 42 43 44 45 46 47 48 49 4a 4b 4c 4d 4e 4f 50 51 52 53 54 55 56 57 58 59 ffffffffffffffff 0
[cyc 11536] [STRIP MRC headers OUT 0] de df e0 e1 e2 e3 e4 e5 e6 e7 e8 e9 ea eb ec ed ee ef f0 f1 f2 f3 f4 f5 f6 f7 f8 f9 fa fb fc fd fe ff 00 01 02 03 04 05 06 07 08 09 0a 0b 0c 0d 0e 0f 10 11 12 13 14 15 16 17 18 19 1a 1b 1c 1d ffffffffffffffff 0
[cyc 11537] [R SHIFT BY OCTET IN] 8e 8f 90 91 92 93 94 95 96 97 98 99 9a 9b 9c 9d 9e 9f a0 a1 a2 a3 a4 a5 a6 a7 a8 a9 aa ab ac ad ae af b0 b1 b2 b3 b4 b5 b6 b7 b8 b9 ba bb bc bd be bf c0 c1 c2 c3 c4 c5 c6 c7 c8 c9 ca cb cc cd ffffffffffffffff 0
[cyc 11537] [R SHIFT BY OCTET OUT] 5a 5b 5c 5d 5e 5f 60 61 62 63 64 65 66 67 68 69 6a 6b 6c 6d 6e 6f 70 71 72 73 74 75 76 77 78 79 7a 7b 7c 7d 7e 7f 80 81 82 83 84 85 86 87 88 89 8a 8b 8c 8d 8e 8f 90 91 92 93 94 95 96 97 98 99 ffffffffffffffff 0
[cyc 11537] [STRIP MRC headers IN 0] 5a 5b 5c 5d 5e 5f 60 61 62 63 64 65 66 67 68 69 6a 6b 6c 6d 6e 6f 70 71 72 73 74 75 76 77 78 79 7a 7b 7c 7d 7e 7f 80 81 82 83 84 85 86 87 88 89 8a 8b 8c 8d 8e 8f 90 91 92 93 94 95 96 97 98 99 ffffffffffffffff 0
[cyc 11537] [STRIP MRC headers OUT 0] 1e 1f 20 21 22 23 24 25 26 27 28 29 2a 2b 2c 2d 2e 2f 30 31 32 33 34 35 36 37 38 39 3a 3b 3c 3d 3e 3f 40 41 42 43 44 45 46 47 48 49 4a 4b 4c 4d 4e 4f 50 51 52 53 54 55 56 57 58 59 5a 5b 5c 5d ffffffffffffffff 0
[cyc 11538] [R SHIFT BY OCTET IN] ce cf d0 d1 d2 d3 d4 d5 d6 d7 d8 d9 da db dc dd de df e0 e1 e2 e3 e4 e5 e6 e7 e8 e9 ea eb ec ed ee ef f0 f1 f2 f3 f4 f5 f6 f7 f8 f9 fa fb fc fd fe ff 00 01 02 03 04 05 06 07 08 09 0a 0b 0c 0d ffffffffffffffff 0
[cyc 11538] [R SHIFT BY OCTET OUT] 9a 9b 9c 9d 9e 9f a0 a1 a2 a3 a4 a5 a6 a7 a8 a9 aa ab ac ad ae af b0 b1 b2 b3 b4 b5 b6 b7 b8 b9 ba bb bc bd be bf c0 c1 c2 c3 c4 c5 c6 c7 c8 c9 ca cb cc cd ce cf d0 d1 d2 d3 d4 d5 d6 d7 d8 d9 ffffffffffffffff 0
[cyc 11538] [STRIP MRC headers IN 0] 9a 9b 9c 9d 9e 9f a0 a1 a2 a3 a4 a5 a6 a7 a8 a9 aa ab ac ad ae af b0 b1 b2 b3 b4 b5 b6 b7 b8 b9 ba bb bc bd be bf c0 c1 c2 c3 c4 c5 c6 c7 c8 c9 ca cb cc cd ce cf d0 d1 d2 d3 d4 d5 d6 d7 d8 d9 ffffffffffffffff 0
[cyc 11538] [STRIP MRC headers OUT 0] 5e 5f 60 61 62 63 64 65 66 67 68 69 6a 6b 6c 6d 6e 6f 70 71 72 73 74 75 76 77 78 79 7a 7b 7c 7d 7e 7f 80 81 82 83 84 85 86 87 88 89 8a 8b 8c 8d 8e 8f 90 91 92 93 94 95 96 97 98 99 9a 9b 9c 9d ffffffffffffffff 0
[cyc 11539] [R SHIFT BY OCTET IN] 0e 0f 10 11 12 13 14 15 16 17 18 19 1a 1b 1c 1d 1e 1f 20 21 22 23 24 25 26 27 28 29 2a 2b 2c 2d 2e 2f 30 31 32 33 34 35 36 37 38 39 3a 3b 3c 3d 3e 3f 40 41 42 43 44 45 46 47 48 49 4a 4b 4c 4d ffffffffffffffff 0
[cyc 11539] [R SHIFT BY OCTET OUT] da db dc dd de df e0 e1 e2 e3 e4 e5 e6 e7 e8 e9 ea eb ec ed ee ef f0 f1 f2 f3 f4 f5 f6 f7 f8 f9 fa fb fc fd fe ff 00 01 02 03 04 05 06 07 08 09 0a 0b 0c 0d 0e 0f 10 11 12 13 14 15 16 17 18 19 ffffffffffffffff 0
[cyc 11539] [STRIP MRC headers IN 0] da db dc dd de df e0 e1 e2 e3 e4 e5 e6 e7 e8 e9 ea eb ec ed ee ef f0 f1 f2 f3 f4 f5 f6 f7 f8 f9 fa fb fc fd fe ff 00 01 02 03 04 05 06 07 08 09 0a 0b 0c 0d 0e 0f 10 11 12 13 14 15 16 17 18 19 ffffffffffffffff 0
[cyc 11539] [STRIP MRC headers OUT 0] 9e 9f a0 a1 a2 a3 a4 a5 a6 a7 a8 a9 aa ab ac ad ae af b0 b1 b2 b3 b4 b5 b6 b7 b8 b9 ba bb bc bd be bf c0 c1 c2 c3 c4 c5 c6 c7 c8 c9 ca cb cc cd ce cf d0 d1 d2 d3 d4 d5 d6 d7 d8 d9 da db dc dd ffffffffffffffff 0
[cyc 11540] [R SHIFT BY OCTET IN] 4e 4f 50 51 52 53 54 55 56 57 58 59 5a 5b 5c 5d 5e 5f 60 61 62 63 64 65 66 67 68 69 6a 6b 6c 6d 6e 6f 70 71 72 73 74 75 76 77 78 79 7a 7b 7c 7d 7e 7f 80 81 82 83 84 85 86 87 88 89 8a 8b 8c 8d ffffffffffffffff 0
[cyc 11540] [R SHIFT BY OCTET OUT] 1a 1b 1c 1d 1e 1f 20 21 22 23 24 25 26 27 28 29 2a 2b 2c 2d 2e 2f 30 31 32 33 34 35 36 37 38 39 3a 3b 3c 3d 3e 3f 40 41 42 43 44 45 46 47 48 49 4a 4b 4c 4d 4e 4f 50 51 52 53 54 55 56 57 58 59 ffffffffffffffff 0
[cyc 11540] [STRIP MRC headers IN 0] 1a 1b 1c 1d 1e 1f 20 21 22 23 24 25 26 27 28 29 2a 2b 2c 2d 2e 2f 30 31 32 33 34 35 36 37 38 39 3a 3b 3c 3d 3e 3f 40 41 42 43 44 45 46 47 48 49 4a 4b 4c 4d 4e 4f 50 51 52 53 54 55 56 57 58 59 ffffffffffffffff 0
[cyc 11540] [STRIP MRC headers OUT 0] de df e0 e1 e2 e3 e4 e5 e6 e7 e8 e9 ea eb ec ed ee ef f0 f1 f2 f3 f4 f5 f6 f7 f8 f9 fa fb fc fd fe ff 00 01 02 03 04 05 06 07 08 09 0a 0b 0c 0d 0e 0f 10 11 12 13 14 15 16 17 18 19 1a 1b 1c 1d ffffffffffffffff 0
[cyc 11541] [R SHIFT BY OCTET IN] 8e 8f 90 91 92 93 94 95 96 97 98 99 9a 9b 9c 9d 9e 9f a0 a1 a2 a3 a4 a5 a6 a7 a8 a9 aa ab ac ad ae af b0 b1 b2 b3 b4 b5 b6 b7 b8 b9 ba bb bc bd be bf c0 c1 c2 c3 c4 c5 c6 c7 c8 c9 ca cb cc cd ffffffffffffffff 0
[cyc 11541] [R SHIFT BY OCTET OUT] 5a 5b 5c 5d 5e 5f 60 61 62 63 64 65 66 67 68 69 6a 6b 6c 6d 6e 6f 70 71 72 73 74 75 76 77 78 79 7a 7b 7c 7d 7e 7f 80 81 82 83 84 85 86 87 88 89 8a 8b 8c 8d 8e 8f 90 91 92 93 94 95 96 97 98 99 ffffffffffffffff 0
[cyc 11541] [STRIP MRC headers IN 0] 5a 5b 5c 5d 5e 5f 60 61 62 63 64 65 66 67 68 69 6a 6b 6c 6d 6e 6f 70 71 72 73 74 75 76 77 78 79 7a 7b 7c 7d 7e 7f 80 81 82 83 84 85 86 87 88 89 8a 8b 8c 8d 8e 8f 90 91 92 93 94 95 96 97 98 99 ffffffffffffffff 0
[cyc 11541] [STRIP MRC headers OUT 0] 1e 1f 20 21 22 23 24 25 26 27 28 29 2a 2b 2c 2d 2e 2f 30 31 32 33 34 35 36 37 38 39 3a 3b 3c 3d 3e 3f 40 41 42 43 44 45 46 47 48 49 4a 4b 4c 4d 4e 4f 50 51 52 53 54 55 56 57 58 59 5a 5b 5c 5d ffffffffffffffff 0
[cyc 11542] [TB] last beat of packet 0 (17 beat(s))
[cyc 11542] [R SHIFT BY OCTET IN] ce cf d0 d1 d2 d3 d4 d5 d6 d7 d8 d9 da db dc dd de df e0 e1 e2 e3 e4 e5 e6 e7 e8 e9 ea eb ec ed 00 00 00 00 00 00 00 00 00 00 00 00 00 00 00 00 00 00 00 00 00 00 00 00 00 00 00 00 00 00 00 00 00000000ffffffff 1  <- last
[cyc 11542] [R SHIFT BY OCTET OUT] 9a 9b 9c 9d 9e 9f a0 a1 a2 a3 a4 a5 a6 a7 a8 a9 aa ab ac ad ae af b0 b1 b2 b3 b4 b5 b6 b7 b8 b9 ba bb bc bd be bf c0 c1 c2 c3 c4 c5 c6 c7 c8 c9 ca cb cc cd ce cf d0 d1 d2 d3 d4 d5 d6 d7 d8 d9 ffffffffffffffff 0
[cyc 11542] [STRIP MRC headers IN 0] 9a 9b 9c 9d 9e 9f a0 a1 a2 a3 a4 a5 a6 a7 a8 a9 aa ab ac ad ae af b0 b1 b2 b3 b4 b5 b6 b7 b8 b9 ba bb bc bd be bf c0 c1 c2 c3 c4 c5 c6 c7 c8 c9 ca cb cc cd ce cf d0 d1 d2 d3 d4 d5 d6 d7 d8 d9 ffffffffffffffff 0
[cyc 11542] [STRIP MRC headers OUT 0] 5e 5f 60 61 62 63 64 65 66 67 68 69 6a 6b 6c 6d 6e 6f 70 71 72 73 74 75 76 77 78 79 7a 7b 7c 7d 7e 7f 80 81 82 83 84 85 86 87 88 89 8a 8b 8c 8d 8e 8f 90 91 92 93 94 95 96 97 98 99 9a 9b 9c 9d ffffffffffffffff 0
[TB] All packets fed, running 300 more cycles...
[cyc 11543] [R SHIFT BY OCTET OUT] da db dc dd de df e0 e1 e2 e3 e4 e5 e6 e7 e8 e9 ea eb ec ed 00 00 00 00 00 00 00 00 00 00 00 00 00 00 00 00 00 00 00 00 00 00 00 00 00 00 00 00 00 00 00 00 00 00 00 00 00 00 00 00 00 00 00 00 00000000000fffff 1  <- last
[cyc 11543] [STRIP MRC headers IN 0] da db dc dd de df e0 e1 e2 e3 e4 e5 e6 e7 e8 e9 ea eb ec ed 00 00 00 00 00 00 00 00 00 00 00 00 00 00 00 00 00 00 00 00 00 00 00 00 00 00 00 00 00 00 00 00 00 00 00 00 00 00 00 00 00 00 00 00 00000000000fffff 1  <- last
[cyc 11543] [STRIP MRC headers OUT 0] 9e 9f a0 a1 a2 a3 a4 a5 a6 a7 a8 a9 aa ab ac ad ae af b0 b1 b2 b3 b4 b5 b6 b7 b8 b9 ba bb bc bd be bf c0 c1 c2 c3 c4 c5 c6 c7 c8 c9 ca cb cc cd ce cf d0 d1 d2 d3 d4 d5 d6 d7 d8 d9 da db dc dd ffffffffffffffff 0
[cyc 11544] [STRIP MRC headers OUT 0] de df e0 e1 e2 e3 e4 e5 e6 e7 e8 e9 ea eb ec ed 00 00 00 00 00 00 00 00 00 00 00 00 00 00 00 00 00 00 00 00 00 00 00 00 00 00 00 00 00 00 00 00 00 00 00 00 00 00 00 00 00 00 00 00 00 00 00 00 000000000000ffff 1  <- last

[TB] ---- Outputs (cycle they left the module) ----
[TB] cyc 11534 m_axis_tx_data packet (16 B), meta: dst ip=0xa000002 length=20
      0000: d1 00 ff ff 00 00 00 42 00 0a 0b 2c 60 00 00 19 

[TB] ---- Checks ----
[TB] Packet 0: TEST 12a: ONLY ahead of epsn
[TB]   no memory write expected
  [PASS] a reply (ACK/NAK) was sent for it
[TB]   reply at cycle 11534
  [PASS] tx meta: destination IP = 0xa000002
  [PASS] tx meta: UDP length (BTH+AETH+ICRC) = 20
[TB]   parsed reply: MRC_ACK  DestQP=0x42  PSN=0xa0b2c  AETH.syndrome=0x60 (NAK: PSN sequence error)  AETH.MSN=0x19
  [PASS] reply length in bytes = 16
  [PASS] reply BTH.opcode (MRC_ACK) = 0xd1
  [PASS] reply BTH.DestQP (remote QPN) = 0x42
  [PASS] reply BTH.PSN = 0xa0b2c
  [PASS] reply AETH.syndrome (NAK seq err) = 0x60
  [PASS] reply AETH.MSN = 0x19
[TB] Whole group
  [PASS] unexpected memory write commands = 0
  [PASS] unexpected memory payloads = 0
  [PASS] no memory data beat left without TLAST
  [PASS] unexpected packets sent back = 0
  [PASS] tx meta entries = tx packets = 1
  [PASS] invalid-PSN drop counter increase over the group = 1
  [PASS] ackMeta to the host (only used for our own requests) = 0
  [PASS] module consumed the whole input
  [PASS] no memory READ command issued

=====================================================================
  GROUP: TEST 12b: ONLY ahead of epsn
=====================================================================
[TB] Packet 0: TEST 12b: ONLY ahead of epsn
[TB]   state before: epsn=0xa0b2c last_psn=0xa0b2b
[TB]   RC_RDMA_WRITE_ONLY  DestQP=0x5  PSN=0xa0bc2, 658370  RETH.vaddr=0x2000  RETH.len=1024  payload=1024 B  UDP length=1068  (then drain and check)
      0000: ca 00 ff ff 00 00 00 05 80 0a 0b c2 00 00 00 00 
      0010: 00 00 00 00 00 00 20 00 00 00 12 34 00 00 04 00 
      0020: ee ef f0 f1 f2 f3 f4 f5 f6 f7 f8 f9 fa fb fc fd 
      0030: fe ff 00 01 02 03 04 05 06 07 08 09 0a 0b 0c 0d 
      ... (992 more bytes)

[TB] Feeding 1 packet(s)... (module prints follow)
[cyc 11843] [TB] first beat of packet 0 (TEST 12b: ONLY ahead of epsn)
[cyc 11843] [RX PROCESS IBH 0]: input psn 0x0a0bc2
[cyc 11843] [RX PROCESS IBH 0]: process IBH opcode: ca
[cyc 11843] [R SHIFT BY OCTET IN] ca 00 ff ff 00 00 00 05 80 0a 0b c2 00 00 00 00 00 00 00 00 00 00 20 00 00 00 12 34 00 00 04 00 ee ef f0 f1 f2 f3 f4 f5 f6 f7 f8 f9 fa fb fc fd fe ff 00 01 02 03 04 05 06 07 08 09 0a 0b 0c 0d ffffffffffffffff 0
[cyc 11844] [R SHIFT BY OCTET IN] 0e 0f 10 11 12 13 14 15 16 17 18 19 1a 1b 1c 1d 1e 1f 20 21 22 23 24 25 26 27 28 29 2a 2b 2c 2d 2e 2f 30 31 32 33 34 35 36 37 38 39 3a 3b 3c 3d 3e 3f 40 41 42 43 44 45 46 47 48 49 4a 4b 4c 4d ffffffffffffffff 0
[cyc 11844] [R SHIFT BY OCTET OUT] 00 00 00 00 00 00 00 00 00 00 20 00 00 00 12 34 00 00 04 00 ee ef f0 f1 f2 f3 f4 f5 f6 f7 f8 f9 fa fb fc fd fe ff 00 01 02 03 04 05 06 07 08 09 0a 0b 0c 0d 0e 0f 10 11 12 13 14 15 16 17 18 19 ffffffffffffffff 0
[cyc 11844] [STRIP MRC headers IN 0] 00 00 00 00 00 00 00 00 00 00 20 00 00 00 12 34 00 00 04 00 ee ef f0 f1 f2 f3 f4 f5 f6 f7 f8 f9 fa fb fc fd fe ff 00 01 02 03 04 05 06 07 08 09 0a 0b 0c 0d 0e 0f 10 11 12 13 14 15 16 17 18 19 ffffffffffffffff 0
[cyc 11845] [R SHIFT BY OCTET IN] 4e 4f 50 51 52 53 54 55 56 57 58 59 5a 5b 5c 5d 5e 5f 60 61 62 63 64 65 66 67 68 69 6a 6b 6c 6d 6e 6f 70 71 72 73 74 75 76 77 78 79 7a 7b 7c 7d 7e 7f 80 81 82 83 84 85 86 87 88 89 8a 8b 8c 8d ffffffffffffffff 0
[cyc 11845] [R SHIFT BY OCTET OUT] 1a 1b 1c 1d 1e 1f 20 21 22 23 24 25 26 27 28 29 2a 2b 2c 2d 2e 2f 30 31 32 33 34 35 36 37 38 39 3a 3b 3c 3d 3e 3f 40 41 42 43 44 45 46 47 48 49 4a 4b 4c 4d 4e 4f 50 51 52 53 54 55 56 57 58 59 ffffffffffffffff 0
[cyc 11845] [STRIP MRC headers IN 0] 1a 1b 1c 1d 1e 1f 20 21 22 23 24 25 26 27 28 29 2a 2b 2c 2d 2e 2f 30 31 32 33 34 35 36 37 38 39 3a 3b 3c 3d 3e 3f 40 41 42 43 44 45 46 47 48 49 4a 4b 4c 4d 4e 4f 50 51 52 53 54 55 56 57 58 59 ffffffffffffffff 0
[cyc 11845] [STRIP MRC headers OUT 0] 00 00 00 00 00 00 20 00 00 00 12 34 00 00 04 00 ee ef f0 f1 f2 f3 f4 f5 f6 f7 f8 f9 fa fb fc fd fe ff 00 01 02 03 04 05 06 07 08 09 0a 0b 0c 0d 0e 0f 10 11 12 13 14 15 16 17 18 19 1a 1b 1c 1d ffffffffffffffff 0
[cyc 11846] [R SHIFT BY OCTET IN] 8e 8f 90 91 92 93 94 95 96 97 98 99 9a 9b 9c 9d 9e 9f a0 a1 a2 a3 a4 a5 a6 a7 a8 a9 aa ab ac ad ae af b0 b1 b2 b3 b4 b5 b6 b7 b8 b9 ba bb bc bd be bf c0 c1 c2 c3 c4 c5 c6 c7 c8 c9 ca cb cc cd ffffffffffffffff 0
[cyc 11846] [R SHIFT BY OCTET OUT] 5a 5b 5c 5d 5e 5f 60 61 62 63 64 65 66 67 68 69 6a 6b 6c 6d 6e 6f 70 71 72 73 74 75 76 77 78 79 7a 7b 7c 7d 7e 7f 80 81 82 83 84 85 86 87 88 89 8a 8b 8c 8d 8e 8f 90 91 92 93 94 95 96 97 98 99 ffffffffffffffff 0
[cyc 11846] [STRIP MRC headers IN 0] 5a 5b 5c 5d 5e 5f 60 61 62 63 64 65 66 67 68 69 6a 6b 6c 6d 6e 6f 70 71 72 73 74 75 76 77 78 79 7a 7b 7c 7d 7e 7f 80 81 82 83 84 85 86 87 88 89 8a 8b 8c 8d 8e 8f 90 91 92 93 94 95 96 97 98 99 ffffffffffffffff 0
[cyc 11846] [STRIP MRC headers OUT 0] 1e 1f 20 21 22 23 24 25 26 27 28 29 2a 2b 2c 2d 2e 2f 30 31 32 33 34 35 36 37 38 39 3a 3b 3c 3d 3e 3f 40 41 42 43 44 45 46 47 48 49 4a 4b 4c 4d 4e 4f 50 51 52 53 54 55 56 57 58 59 5a 5b 5c 5d ffffffffffffffff 0
[cyc 11846] [RX IBH FSM 0]: epsn: 0x0a0b2c, 658220, packet psn: 0x0a0bc2, 658370, oldest outstanding psn: 0x8a0b2c, 9046828
[cyc 11846] [RX IBH FSM 0]: dropping invalid psn 0x0a0bc2 with retry 0x6
[cyc 11847] [R SHIFT BY OCTET IN] ce cf d0 d1 d2 d3 d4 d5 d6 d7 d8 d9 da db dc dd de df e0 e1 e2 e3 e4 e5 e6 e7 e8 e9 ea eb ec ed ee ef f0 f1 f2 f3 f4 f5 f6 f7 f8 f9 fa fb fc fd fe ff 00 01 02 03 04 05 06 07 08 09 0a 0b 0c 0d ffffffffffffffff 0
[cyc 11847] [R SHIFT BY OCTET OUT] 9a 9b 9c 9d 9e 9f a0 a1 a2 a3 a4 a5 a6 a7 a8 a9 aa ab ac ad ae af b0 b1 b2 b3 b4 b5 b6 b7 b8 b9 ba bb bc bd be bf c0 c1 c2 c3 c4 c5 c6 c7 c8 c9 ca cb cc cd ce cf d0 d1 d2 d3 d4 d5 d6 d7 d8 d9 ffffffffffffffff 0
[cyc 11847] [STRIP MRC headers IN 0] 9a 9b 9c 9d 9e 9f a0 a1 a2 a3 a4 a5 a6 a7 a8 a9 aa ab ac ad ae af b0 b1 b2 b3 b4 b5 b6 b7 b8 b9 ba bb bc bd be bf c0 c1 c2 c3 c4 c5 c6 c7 c8 c9 ca cb cc cd ce cf d0 d1 d2 d3 d4 d5 d6 d7 d8 d9 ffffffffffffffff 0
[cyc 11847] [STRIP MRC headers OUT 0] 5e 5f 60 61 62 63 64 65 66 67 68 69 6a 6b 6c 6d 6e 6f 70 71 72 73 74 75 76 77 78 79 7a 7b 7c 7d 7e 7f 80 81 82 83 84 85 86 87 88 89 8a 8b 8c 8d 8e 8f 90 91 92 93 94 95 96 97 98 99 9a 9b 9c 9d ffffffffffffffff 0
[cyc 11848] [R SHIFT BY OCTET IN] 0e 0f 10 11 12 13 14 15 16 17 18 19 1a 1b 1c 1d 1e 1f 20 21 22 23 24 25 26 27 28 29 2a 2b 2c 2d 2e 2f 30 31 32 33 34 35 36 37 38 39 3a 3b 3c 3d 3e 3f 40 41 42 43 44 45 46 47 48 49 4a 4b 4c 4d ffffffffffffffff 0
[cyc 11848] [R SHIFT BY OCTET OUT] da db dc dd de df e0 e1 e2 e3 e4 e5 e6 e7 e8 e9 ea eb ec ed ee ef f0 f1 f2 f3 f4 f5 f6 f7 f8 f9 fa fb fc fd fe ff 00 01 02 03 04 05 06 07 08 09 0a 0b 0c 0d 0e 0f 10 11 12 13 14 15 16 17 18 19 ffffffffffffffff 0
[cyc 11848] [STRIP MRC headers IN 0] da db dc dd de df e0 e1 e2 e3 e4 e5 e6 e7 e8 e9 ea eb ec ed ee ef f0 f1 f2 f3 f4 f5 f6 f7 f8 f9 fa fb fc fd fe ff 00 01 02 03 04 05 06 07 08 09 0a 0b 0c 0d 0e 0f 10 11 12 13 14 15 16 17 18 19 ffffffffffffffff 0
[cyc 11848] [STRIP MRC headers OUT 0] 9e 9f a0 a1 a2 a3 a4 a5 a6 a7 a8 a9 aa ab ac ad ae af b0 b1 b2 b3 b4 b5 b6 b7 b8 b9 ba bb bc bd be bf c0 c1 c2 c3 c4 c5 c6 c7 c8 c9 ca cb cc cd ce cf d0 d1 d2 d3 d4 d5 d6 d7 d8 d9 da db dc dd ffffffffffffffff 0
[cyc 11849] [R SHIFT BY OCTET IN] 4e 4f 50 51 52 53 54 55 56 57 58 59 5a 5b 5c 5d 5e 5f 60 61 62 63 64 65 66 67 68 69 6a 6b 6c 6d 6e 6f 70 71 72 73 74 75 76 77 78 79 7a 7b 7c 7d 7e 7f 80 81 82 83 84 85 86 87 88 89 8a 8b 8c 8d ffffffffffffffff 0
[cyc 11849] [R SHIFT BY OCTET OUT] 1a 1b 1c 1d 1e 1f 20 21 22 23 24 25 26 27 28 29 2a 2b 2c 2d 2e 2f 30 31 32 33 34 35 36 37 38 39 3a 3b 3c 3d 3e 3f 40 41 42 43 44 45 46 47 48 49 4a 4b 4c 4d 4e 4f 50 51 52 53 54 55 56 57 58 59 ffffffffffffffff 0
[cyc 11849] [STRIP MRC headers IN 0] 1a 1b 1c 1d 1e 1f 20 21 22 23 24 25 26 27 28 29 2a 2b 2c 2d 2e 2f 30 31 32 33 34 35 36 37 38 39 3a 3b 3c 3d 3e 3f 40 41 42 43 44 45 46 47 48 49 4a 4b 4c 4d 4e 4f 50 51 52 53 54 55 56 57 58 59 ffffffffffffffff 0
[cyc 11849] [STRIP MRC headers OUT 0] de df e0 e1 e2 e3 e4 e5 e6 e7 e8 e9 ea eb ec ed ee ef f0 f1 f2 f3 f4 f5 f6 f7 f8 f9 fa fb fc fd fe ff 00 01 02 03 04 05 06 07 08 09 0a 0b 0c 0d 0e 0f 10 11 12 13 14 15 16 17 18 19 1a 1b 1c 1d ffffffffffffffff 0
[cyc 11850] [R SHIFT BY OCTET IN] 8e 8f 90 91 92 93 94 95 96 97 98 99 9a 9b 9c 9d 9e 9f a0 a1 a2 a3 a4 a5 a6 a7 a8 a9 aa ab ac ad ae af b0 b1 b2 b3 b4 b5 b6 b7 b8 b9 ba bb bc bd be bf c0 c1 c2 c3 c4 c5 c6 c7 c8 c9 ca cb cc cd ffffffffffffffff 0
[cyc 11850] [R SHIFT BY OCTET OUT] 5a 5b 5c 5d 5e 5f 60 61 62 63 64 65 66 67 68 69 6a 6b 6c 6d 6e 6f 70 71 72 73 74 75 76 77 78 79 7a 7b 7c 7d 7e 7f 80 81 82 83 84 85 86 87 88 89 8a 8b 8c 8d 8e 8f 90 91 92 93 94 95 96 97 98 99 ffffffffffffffff 0
[cyc 11850] [STRIP MRC headers IN 0] 5a 5b 5c 5d 5e 5f 60 61 62 63 64 65 66 67 68 69 6a 6b 6c 6d 6e 6f 70 71 72 73 74 75 76 77 78 79 7a 7b 7c 7d 7e 7f 80 81 82 83 84 85 86 87 88 89 8a 8b 8c 8d 8e 8f 90 91 92 93 94 95 96 97 98 99 ffffffffffffffff 0
[cyc 11850] [STRIP MRC headers OUT 0] 1e 1f 20 21 22 23 24 25 26 27 28 29 2a 2b 2c 2d 2e 2f 30 31 32 33 34 35 36 37 38 39 3a 3b 3c 3d 3e 3f 40 41 42 43 44 45 46 47 48 49 4a 4b 4c 4d 4e 4f 50 51 52 53 54 55 56 57 58 59 5a 5b 5c 5d ffffffffffffffff 0
[cyc 11851] [R SHIFT BY OCTET IN] ce cf d0 d1 d2 d3 d4 d5 d6 d7 d8 d9 da db dc dd de df e0 e1 e2 e3 e4 e5 e6 e7 e8 e9 ea eb ec ed ee ef f0 f1 f2 f3 f4 f5 f6 f7 f8 f9 fa fb fc fd fe ff 00 01 02 03 04 05 06 07 08 09 0a 0b 0c 0d ffffffffffffffff 0
[cyc 11851] [R SHIFT BY OCTET OUT] 9a 9b 9c 9d 9e 9f a0 a1 a2 a3 a4 a5 a6 a7 a8 a9 aa ab ac ad ae af b0 b1 b2 b3 b4 b5 b6 b7 b8 b9 ba bb bc bd be bf c0 c1 c2 c3 c4 c5 c6 c7 c8 c9 ca cb cc cd ce cf d0 d1 d2 d3 d4 d5 d6 d7 d8 d9 ffffffffffffffff 0
[cyc 11851] [STRIP MRC headers IN 0] 9a 9b 9c 9d 9e 9f a0 a1 a2 a3 a4 a5 a6 a7 a8 a9 aa ab ac ad ae af b0 b1 b2 b3 b4 b5 b6 b7 b8 b9 ba bb bc bd be bf c0 c1 c2 c3 c4 c5 c6 c7 c8 c9 ca cb cc cd ce cf d0 d1 d2 d3 d4 d5 d6 d7 d8 d9 ffffffffffffffff 0
[cyc 11851] [STRIP MRC headers OUT 0] 5e 5f 60 61 62 63 64 65 66 67 68 69 6a 6b 6c 6d 6e 6f 70 71 72 73 74 75 76 77 78 79 7a 7b 7c 7d 7e 7f 80 81 82 83 84 85 86 87 88 89 8a 8b 8c 8d 8e 8f 90 91 92 93 94 95 96 97 98 99 9a 9b 9c 9d ffffffffffffffff 0
[cyc 11852] [R SHIFT BY OCTET IN] 0e 0f 10 11 12 13 14 15 16 17 18 19 1a 1b 1c 1d 1e 1f 20 21 22 23 24 25 26 27 28 29 2a 2b 2c 2d 2e 2f 30 31 32 33 34 35 36 37 38 39 3a 3b 3c 3d 3e 3f 40 41 42 43 44 45 46 47 48 49 4a 4b 4c 4d ffffffffffffffff 0
[cyc 11852] [R SHIFT BY OCTET OUT] da db dc dd de df e0 e1 e2 e3 e4 e5 e6 e7 e8 e9 ea eb ec ed ee ef f0 f1 f2 f3 f4 f5 f6 f7 f8 f9 fa fb fc fd fe ff 00 01 02 03 04 05 06 07 08 09 0a 0b 0c 0d 0e 0f 10 11 12 13 14 15 16 17 18 19 ffffffffffffffff 0
[cyc 11852] [STRIP MRC headers IN 0] da db dc dd de df e0 e1 e2 e3 e4 e5 e6 e7 e8 e9 ea eb ec ed ee ef f0 f1 f2 f3 f4 f5 f6 f7 f8 f9 fa fb fc fd fe ff 00 01 02 03 04 05 06 07 08 09 0a 0b 0c 0d 0e 0f 10 11 12 13 14 15 16 17 18 19 ffffffffffffffff 0
[cyc 11852] [STRIP MRC headers OUT 0] 9e 9f a0 a1 a2 a3 a4 a5 a6 a7 a8 a9 aa ab ac ad ae af b0 b1 b2 b3 b4 b5 b6 b7 b8 b9 ba bb bc bd be bf c0 c1 c2 c3 c4 c5 c6 c7 c8 c9 ca cb cc cd ce cf d0 d1 d2 d3 d4 d5 d6 d7 d8 d9 da db dc dd ffffffffffffffff 0
[cyc 11853] [R SHIFT BY OCTET IN] 4e 4f 50 51 52 53 54 55 56 57 58 59 5a 5b 5c 5d 5e 5f 60 61 62 63 64 65 66 67 68 69 6a 6b 6c 6d 6e 6f 70 71 72 73 74 75 76 77 78 79 7a 7b 7c 7d 7e 7f 80 81 82 83 84 85 86 87 88 89 8a 8b 8c 8d ffffffffffffffff 0
[cyc 11853] [R SHIFT BY OCTET OUT] 1a 1b 1c 1d 1e 1f 20 21 22 23 24 25 26 27 28 29 2a 2b 2c 2d 2e 2f 30 31 32 33 34 35 36 37 38 39 3a 3b 3c 3d 3e 3f 40 41 42 43 44 45 46 47 48 49 4a 4b 4c 4d 4e 4f 50 51 52 53 54 55 56 57 58 59 ffffffffffffffff 0
[cyc 11853] [STRIP MRC headers IN 0] 1a 1b 1c 1d 1e 1f 20 21 22 23 24 25 26 27 28 29 2a 2b 2c 2d 2e 2f 30 31 32 33 34 35 36 37 38 39 3a 3b 3c 3d 3e 3f 40 41 42 43 44 45 46 47 48 49 4a 4b 4c 4d 4e 4f 50 51 52 53 54 55 56 57 58 59 ffffffffffffffff 0
[cyc 11853] [STRIP MRC headers OUT 0] de df e0 e1 e2 e3 e4 e5 e6 e7 e8 e9 ea eb ec ed ee ef f0 f1 f2 f3 f4 f5 f6 f7 f8 f9 fa fb fc fd fe ff 00 01 02 03 04 05 06 07 08 09 0a 0b 0c 0d 0e 0f 10 11 12 13 14 15 16 17 18 19 1a 1b 1c 1d ffffffffffffffff 0
[cyc 11854] [R SHIFT BY OCTET IN] 8e 8f 90 91 92 93 94 95 96 97 98 99 9a 9b 9c 9d 9e 9f a0 a1 a2 a3 a4 a5 a6 a7 a8 a9 aa ab ac ad ae af b0 b1 b2 b3 b4 b5 b6 b7 b8 b9 ba bb bc bd be bf c0 c1 c2 c3 c4 c5 c6 c7 c8 c9 ca cb cc cd ffffffffffffffff 0
[cyc 11854] [R SHIFT BY OCTET OUT] 5a 5b 5c 5d 5e 5f 60 61 62 63 64 65 66 67 68 69 6a 6b 6c 6d 6e 6f 70 71 72 73 74 75 76 77 78 79 7a 7b 7c 7d 7e 7f 80 81 82 83 84 85 86 87 88 89 8a 8b 8c 8d 8e 8f 90 91 92 93 94 95 96 97 98 99 ffffffffffffffff 0
[cyc 11854] [STRIP MRC headers IN 0] 5a 5b 5c 5d 5e 5f 60 61 62 63 64 65 66 67 68 69 6a 6b 6c 6d 6e 6f 70 71 72 73 74 75 76 77 78 79 7a 7b 7c 7d 7e 7f 80 81 82 83 84 85 86 87 88 89 8a 8b 8c 8d 8e 8f 90 91 92 93 94 95 96 97 98 99 ffffffffffffffff 0
[cyc 11854] [STRIP MRC headers OUT 0] 1e 1f 20 21 22 23 24 25 26 27 28 29 2a 2b 2c 2d 2e 2f 30 31 32 33 34 35 36 37 38 39 3a 3b 3c 3d 3e 3f 40 41 42 43 44 45 46 47 48 49 4a 4b 4c 4d 4e 4f 50 51 52 53 54 55 56 57 58 59 5a 5b 5c 5d ffffffffffffffff 0
[cyc 11855] [R SHIFT BY OCTET IN] ce cf d0 d1 d2 d3 d4 d5 d6 d7 d8 d9 da db dc dd de df e0 e1 e2 e3 e4 e5 e6 e7 e8 e9 ea eb ec ed ee ef f0 f1 f2 f3 f4 f5 f6 f7 f8 f9 fa fb fc fd fe ff 00 01 02 03 04 05 06 07 08 09 0a 0b 0c 0d ffffffffffffffff 0
[cyc 11855] [R SHIFT BY OCTET OUT] 9a 9b 9c 9d 9e 9f a0 a1 a2 a3 a4 a5 a6 a7 a8 a9 aa ab ac ad ae af b0 b1 b2 b3 b4 b5 b6 b7 b8 b9 ba bb bc bd be bf c0 c1 c2 c3 c4 c5 c6 c7 c8 c9 ca cb cc cd ce cf d0 d1 d2 d3 d4 d5 d6 d7 d8 d9 ffffffffffffffff 0
[cyc 11855] [STRIP MRC headers IN 0] 9a 9b 9c 9d 9e 9f a0 a1 a2 a3 a4 a5 a6 a7 a8 a9 aa ab ac ad ae af b0 b1 b2 b3 b4 b5 b6 b7 b8 b9 ba bb bc bd be bf c0 c1 c2 c3 c4 c5 c6 c7 c8 c9 ca cb cc cd ce cf d0 d1 d2 d3 d4 d5 d6 d7 d8 d9 ffffffffffffffff 0
[cyc 11855] [STRIP MRC headers OUT 0] 5e 5f 60 61 62 63 64 65 66 67 68 69 6a 6b 6c 6d 6e 6f 70 71 72 73 74 75 76 77 78 79 7a 7b 7c 7d 7e 7f 80 81 82 83 84 85 86 87 88 89 8a 8b 8c 8d 8e 8f 90 91 92 93 94 95 96 97 98 99 9a 9b 9c 9d ffffffffffffffff 0
[cyc 11856] [R SHIFT BY OCTET IN] 0e 0f 10 11 12 13 14 15 16 17 18 19 1a 1b 1c 1d 1e 1f 20 21 22 23 24 25 26 27 28 29 2a 2b 2c 2d 2e 2f 30 31 32 33 34 35 36 37 38 39 3a 3b 3c 3d 3e 3f 40 41 42 43 44 45 46 47 48 49 4a 4b 4c 4d ffffffffffffffff 0
[cyc 11856] [R SHIFT BY OCTET OUT] da db dc dd de df e0 e1 e2 e3 e4 e5 e6 e7 e8 e9 ea eb ec ed ee ef f0 f1 f2 f3 f4 f5 f6 f7 f8 f9 fa fb fc fd fe ff 00 01 02 03 04 05 06 07 08 09 0a 0b 0c 0d 0e 0f 10 11 12 13 14 15 16 17 18 19 ffffffffffffffff 0
[cyc 11856] [STRIP MRC headers IN 0] da db dc dd de df e0 e1 e2 e3 e4 e5 e6 e7 e8 e9 ea eb ec ed ee ef f0 f1 f2 f3 f4 f5 f6 f7 f8 f9 fa fb fc fd fe ff 00 01 02 03 04 05 06 07 08 09 0a 0b 0c 0d 0e 0f 10 11 12 13 14 15 16 17 18 19 ffffffffffffffff 0
[cyc 11856] [STRIP MRC headers OUT 0] 9e 9f a0 a1 a2 a3 a4 a5 a6 a7 a8 a9 aa ab ac ad ae af b0 b1 b2 b3 b4 b5 b6 b7 b8 b9 ba bb bc bd be bf c0 c1 c2 c3 c4 c5 c6 c7 c8 c9 ca cb cc cd ce cf d0 d1 d2 d3 d4 d5 d6 d7 d8 d9 da db dc dd ffffffffffffffff 0
[cyc 11857] [R SHIFT BY OCTET IN] 4e 4f 50 51 52 53 54 55 56 57 58 59 5a 5b 5c 5d 5e 5f 60 61 62 63 64 65 66 67 68 69 6a 6b 6c 6d 6e 6f 70 71 72 73 74 75 76 77 78 79 7a 7b 7c 7d 7e 7f 80 81 82 83 84 85 86 87 88 89 8a 8b 8c 8d ffffffffffffffff 0
[cyc 11857] [R SHIFT BY OCTET OUT] 1a 1b 1c 1d 1e 1f 20 21 22 23 24 25 26 27 28 29 2a 2b 2c 2d 2e 2f 30 31 32 33 34 35 36 37 38 39 3a 3b 3c 3d 3e 3f 40 41 42 43 44 45 46 47 48 49 4a 4b 4c 4d 4e 4f 50 51 52 53 54 55 56 57 58 59 ffffffffffffffff 0
[cyc 11857] [STRIP MRC headers IN 0] 1a 1b 1c 1d 1e 1f 20 21 22 23 24 25 26 27 28 29 2a 2b 2c 2d 2e 2f 30 31 32 33 34 35 36 37 38 39 3a 3b 3c 3d 3e 3f 40 41 42 43 44 45 46 47 48 49 4a 4b 4c 4d 4e 4f 50 51 52 53 54 55 56 57 58 59 ffffffffffffffff 0
[cyc 11857] [STRIP MRC headers OUT 0] de df e0 e1 e2 e3 e4 e5 e6 e7 e8 e9 ea eb ec ed ee ef f0 f1 f2 f3 f4 f5 f6 f7 f8 f9 fa fb fc fd fe ff 00 01 02 03 04 05 06 07 08 09 0a 0b 0c 0d 0e 0f 10 11 12 13 14 15 16 17 18 19 1a 1b 1c 1d ffffffffffffffff 0
[cyc 11858] [R SHIFT BY OCTET IN] 8e 8f 90 91 92 93 94 95 96 97 98 99 9a 9b 9c 9d 9e 9f a0 a1 a2 a3 a4 a5 a6 a7 a8 a9 aa ab ac ad ae af b0 b1 b2 b3 b4 b5 b6 b7 b8 b9 ba bb bc bd be bf c0 c1 c2 c3 c4 c5 c6 c7 c8 c9 ca cb cc cd ffffffffffffffff 0
[cyc 11858] [R SHIFT BY OCTET OUT] 5a 5b 5c 5d 5e 5f 60 61 62 63 64 65 66 67 68 69 6a 6b 6c 6d 6e 6f 70 71 72 73 74 75 76 77 78 79 7a 7b 7c 7d 7e 7f 80 81 82 83 84 85 86 87 88 89 8a 8b 8c 8d 8e 8f 90 91 92 93 94 95 96 97 98 99 ffffffffffffffff 0
[cyc 11858] [STRIP MRC headers IN 0] 5a 5b 5c 5d 5e 5f 60 61 62 63 64 65 66 67 68 69 6a 6b 6c 6d 6e 6f 70 71 72 73 74 75 76 77 78 79 7a 7b 7c 7d 7e 7f 80 81 82 83 84 85 86 87 88 89 8a 8b 8c 8d 8e 8f 90 91 92 93 94 95 96 97 98 99 ffffffffffffffff 0
[cyc 11858] [STRIP MRC headers OUT 0] 1e 1f 20 21 22 23 24 25 26 27 28 29 2a 2b 2c 2d 2e 2f 30 31 32 33 34 35 36 37 38 39 3a 3b 3c 3d 3e 3f 40 41 42 43 44 45 46 47 48 49 4a 4b 4c 4d 4e 4f 50 51 52 53 54 55 56 57 58 59 5a 5b 5c 5d ffffffffffffffff 0
[cyc 11859] [TB] last beat of packet 0 (17 beat(s))
[cyc 11859] [R SHIFT BY OCTET IN] ce cf d0 d1 d2 d3 d4 d5 d6 d7 d8 d9 da db dc dd de df e0 e1 e2 e3 e4 e5 e6 e7 e8 e9 ea eb ec ed 00 00 00 00 00 00 00 00 00 00 00 00 00 00 00 00 00 00 00 00 00 00 00 00 00 00 00 00 00 00 00 00 00000000ffffffff 1  <- last
[cyc 11859] [R SHIFT BY OCTET OUT] 9a 9b 9c 9d 9e 9f a0 a1 a2 a3 a4 a5 a6 a7 a8 a9 aa ab ac ad ae af b0 b1 b2 b3 b4 b5 b6 b7 b8 b9 ba bb bc bd be bf c0 c1 c2 c3 c4 c5 c6 c7 c8 c9 ca cb cc cd ce cf d0 d1 d2 d3 d4 d5 d6 d7 d8 d9 ffffffffffffffff 0
[cyc 11859] [STRIP MRC headers IN 0] 9a 9b 9c 9d 9e 9f a0 a1 a2 a3 a4 a5 a6 a7 a8 a9 aa ab ac ad ae af b0 b1 b2 b3 b4 b5 b6 b7 b8 b9 ba bb bc bd be bf c0 c1 c2 c3 c4 c5 c6 c7 c8 c9 ca cb cc cd ce cf d0 d1 d2 d3 d4 d5 d6 d7 d8 d9 ffffffffffffffff 0
[cyc 11859] [STRIP MRC headers OUT 0] 5e 5f 60 61 62 63 64 65 66 67 68 69 6a 6b 6c 6d 6e 6f 70 71 72 73 74 75 76 77 78 79 7a 7b 7c 7d 7e 7f 80 81 82 83 84 85 86 87 88 89 8a 8b 8c 8d 8e 8f 90 91 92 93 94 95 96 97 98 99 9a 9b 9c 9d ffffffffffffffff 0
[TB] All packets fed, running 300 more cycles...
[cyc 11860] [R SHIFT BY OCTET OUT] da db dc dd de df e0 e1 e2 e3 e4 e5 e6 e7 e8 e9 ea eb ec ed 00 00 00 00 00 00 00 00 00 00 00 00 00 00 00 00 00 00 00 00 00 00 00 00 00 00 00 00 00 00 00 00 00 00 00 00 00 00 00 00 00 00 00 00 00000000000fffff 1  <- last
[cyc 11860] [STRIP MRC headers IN 0] da db dc dd de df e0 e1 e2 e3 e4 e5 e6 e7 e8 e9 ea eb ec ed 00 00 00 00 00 00 00 00 00 00 00 00 00 00 00 00 00 00 00 00 00 00 00 00 00 00 00 00 00 00 00 00 00 00 00 00 00 00 00 00 00 00 00 00 00000000000fffff 1  <- last
[cyc 11860] [STRIP MRC headers OUT 0] 9e 9f a0 a1 a2 a3 a4 a5 a6 a7 a8 a9 aa ab ac ad ae af b0 b1 b2 b3 b4 b5 b6 b7 b8 b9 ba bb bc bd be bf c0 c1 c2 c3 c4 c5 c6 c7 c8 c9 ca cb cc cd ce cf d0 d1 d2 d3 d4 d5 d6 d7 d8 d9 da db dc dd ffffffffffffffff 0
[cyc 11861] [STRIP MRC headers OUT 0] de df e0 e1 e2 e3 e4 e5 e6 e7 e8 e9 ea eb ec ed 00 00 00 00 00 00 00 00 00 00 00 00 00 00 00 00 00 00 00 00 00 00 00 00 00 00 00 00 00 00 00 00 00 00 00 00 00 00 00 00 00 00 00 00 00 00 00 00 000000000000ffff 1  <- last

[TB] ---- Outputs (cycle they left the module) ----

[TB] ---- Checks ----
[TB] Packet 0: TEST 12b: ONLY ahead of epsn
[TB]   no memory write expected
[TB]   no reply expected
[TB] Whole group
  [PASS] unexpected memory write commands = 0
  [PASS] unexpected memory payloads = 0
  [PASS] no memory data beat left without TLAST
  [PASS] unexpected packets sent back = 0
  [PASS] tx meta entries = tx packets = 0
  [PASS] invalid-PSN drop counter increase over the group = 1
  [PASS] ackMeta to the host (only used for our own requests) = 0
  [PASS] module consumed the whole input
  [PASS] no memory READ command issued

=====================================================================
  GROUP: TEST 12c: ONLY ahead of epsn
=====================================================================
[TB] Packet 0: TEST 12c: ONLY ahead of epsn
[TB]   state before: epsn=0xa0b2c last_psn=0xa0b2b
[TB]   RC_RDMA_WRITE_ONLY  DestQP=0x5  PSN=0xa0bc2, 658370  RETH.vaddr=0x2000  RETH.len=1024  payload=1024 B  UDP length=1068  (then drain and check)
      0000: ca 00 ff ff 00 00 00 05 80 0a 0b c2 00 00 00 00 
      0010: 00 00 00 00 00 00 20 00 00 00 12 34 00 00 04 00 
      0020: ee ef f0 f1 f2 f3 f4 f5 f6 f7 f8 f9 fa fb fc fd 
      0030: fe ff 00 01 02 03 04 05 06 07 08 09 0a 0b 0c 0d 
      ... (992 more bytes)

[TB] Feeding 1 packet(s)... (module prints follow)
[cyc 12160] [TB] first beat of packet 0 (TEST 12c: ONLY ahead of epsn)
[cyc 12160] [RX PROCESS IBH 0]: input psn 0x0a0bc2
[cyc 12160] [RX PROCESS IBH 0]: process IBH opcode: ca
[cyc 12160] [R SHIFT BY OCTET IN] ca 00 ff ff 00 00 00 05 80 0a 0b c2 00 00 00 00 00 00 00 00 00 00 20 00 00 00 12 34 00 00 04 00 ee ef f0 f1 f2 f3 f4 f5 f6 f7 f8 f9 fa fb fc fd fe ff 00 01 02 03 04 05 06 07 08 09 0a 0b 0c 0d ffffffffffffffff 0
[cyc 12161] [R SHIFT BY OCTET IN] 0e 0f 10 11 12 13 14 15 16 17 18 19 1a 1b 1c 1d 1e 1f 20 21 22 23 24 25 26 27 28 29 2a 2b 2c 2d 2e 2f 30 31 32 33 34 35 36 37 38 39 3a 3b 3c 3d 3e 3f 40 41 42 43 44 45 46 47 48 49 4a 4b 4c 4d ffffffffffffffff 0
[cyc 12161] [R SHIFT BY OCTET OUT] 00 00 00 00 00 00 00 00 00 00 20 00 00 00 12 34 00 00 04 00 ee ef f0 f1 f2 f3 f4 f5 f6 f7 f8 f9 fa fb fc fd fe ff 00 01 02 03 04 05 06 07 08 09 0a 0b 0c 0d 0e 0f 10 11 12 13 14 15 16 17 18 19 ffffffffffffffff 0
[cyc 12161] [STRIP MRC headers IN 0] 00 00 00 00 00 00 00 00 00 00 20 00 00 00 12 34 00 00 04 00 ee ef f0 f1 f2 f3 f4 f5 f6 f7 f8 f9 fa fb fc fd fe ff 00 01 02 03 04 05 06 07 08 09 0a 0b 0c 0d 0e 0f 10 11 12 13 14 15 16 17 18 19 ffffffffffffffff 0
[cyc 12162] [R SHIFT BY OCTET IN] 4e 4f 50 51 52 53 54 55 56 57 58 59 5a 5b 5c 5d 5e 5f 60 61 62 63 64 65 66 67 68 69 6a 6b 6c 6d 6e 6f 70 71 72 73 74 75 76 77 78 79 7a 7b 7c 7d 7e 7f 80 81 82 83 84 85 86 87 88 89 8a 8b 8c 8d ffffffffffffffff 0
[cyc 12162] [R SHIFT BY OCTET OUT] 1a 1b 1c 1d 1e 1f 20 21 22 23 24 25 26 27 28 29 2a 2b 2c 2d 2e 2f 30 31 32 33 34 35 36 37 38 39 3a 3b 3c 3d 3e 3f 40 41 42 43 44 45 46 47 48 49 4a 4b 4c 4d 4e 4f 50 51 52 53 54 55 56 57 58 59 ffffffffffffffff 0
[cyc 12162] [STRIP MRC headers IN 0] 1a 1b 1c 1d 1e 1f 20 21 22 23 24 25 26 27 28 29 2a 2b 2c 2d 2e 2f 30 31 32 33 34 35 36 37 38 39 3a 3b 3c 3d 3e 3f 40 41 42 43 44 45 46 47 48 49 4a 4b 4c 4d 4e 4f 50 51 52 53 54 55 56 57 58 59 ffffffffffffffff 0
[cyc 12162] [STRIP MRC headers OUT 0] 00 00 00 00 00 00 20 00 00 00 12 34 00 00 04 00 ee ef f0 f1 f2 f3 f4 f5 f6 f7 f8 f9 fa fb fc fd fe ff 00 01 02 03 04 05 06 07 08 09 0a 0b 0c 0d 0e 0f 10 11 12 13 14 15 16 17 18 19 1a 1b 1c 1d ffffffffffffffff 0
[cyc 12163] [R SHIFT BY OCTET IN] 8e 8f 90 91 92 93 94 95 96 97 98 99 9a 9b 9c 9d 9e 9f a0 a1 a2 a3 a4 a5 a6 a7 a8 a9 aa ab ac ad ae af b0 b1 b2 b3 b4 b5 b6 b7 b8 b9 ba bb bc bd be bf c0 c1 c2 c3 c4 c5 c6 c7 c8 c9 ca cb cc cd ffffffffffffffff 0
[cyc 12163] [R SHIFT BY OCTET OUT] 5a 5b 5c 5d 5e 5f 60 61 62 63 64 65 66 67 68 69 6a 6b 6c 6d 6e 6f 70 71 72 73 74 75 76 77 78 79 7a 7b 7c 7d 7e 7f 80 81 82 83 84 85 86 87 88 89 8a 8b 8c 8d 8e 8f 90 91 92 93 94 95 96 97 98 99 ffffffffffffffff 0
[cyc 12163] [STRIP MRC headers IN 0] 5a 5b 5c 5d 5e 5f 60 61 62 63 64 65 66 67 68 69 6a 6b 6c 6d 6e 6f 70 71 72 73 74 75 76 77 78 79 7a 7b 7c 7d 7e 7f 80 81 82 83 84 85 86 87 88 89 8a 8b 8c 8d 8e 8f 90 91 92 93 94 95 96 97 98 99 ffffffffffffffff 0
[cyc 12163] [STRIP MRC headers OUT 0] 1e 1f 20 21 22 23 24 25 26 27 28 29 2a 2b 2c 2d 2e 2f 30 31 32 33 34 35 36 37 38 39 3a 3b 3c 3d 3e 3f 40 41 42 43 44 45 46 47 48 49 4a 4b 4c 4d 4e 4f 50 51 52 53 54 55 56 57 58 59 5a 5b 5c 5d ffffffffffffffff 0
[cyc 12163] [RX IBH FSM 0]: epsn: 0x0a0b2c, 658220, packet psn: 0x0a0bc2, 658370, oldest outstanding psn: 0x8a0b2c, 9046828
[cyc 12163] [RX IBH FSM 0]: dropping invalid psn 0x0a0bc2 with retry 0x6
[cyc 12164] [R SHIFT BY OCTET IN] ce cf d0 d1 d2 d3 d4 d5 d6 d7 d8 d9 da db dc dd de df e0 e1 e2 e3 e4 e5 e6 e7 e8 e9 ea eb ec ed ee ef f0 f1 f2 f3 f4 f5 f6 f7 f8 f9 fa fb fc fd fe ff 00 01 02 03 04 05 06 07 08 09 0a 0b 0c 0d ffffffffffffffff 0
[cyc 12164] [R SHIFT BY OCTET OUT] 9a 9b 9c 9d 9e 9f a0 a1 a2 a3 a4 a5 a6 a7 a8 a9 aa ab ac ad ae af b0 b1 b2 b3 b4 b5 b6 b7 b8 b9 ba bb bc bd be bf c0 c1 c2 c3 c4 c5 c6 c7 c8 c9 ca cb cc cd ce cf d0 d1 d2 d3 d4 d5 d6 d7 d8 d9 ffffffffffffffff 0
[cyc 12164] [STRIP MRC headers IN 0] 9a 9b 9c 9d 9e 9f a0 a1 a2 a3 a4 a5 a6 a7 a8 a9 aa ab ac ad ae af b0 b1 b2 b3 b4 b5 b6 b7 b8 b9 ba bb bc bd be bf c0 c1 c2 c3 c4 c5 c6 c7 c8 c9 ca cb cc cd ce cf d0 d1 d2 d3 d4 d5 d6 d7 d8 d9 ffffffffffffffff 0
[cyc 12164] [STRIP MRC headers OUT 0] 5e 5f 60 61 62 63 64 65 66 67 68 69 6a 6b 6c 6d 6e 6f 70 71 72 73 74 75 76 77 78 79 7a 7b 7c 7d 7e 7f 80 81 82 83 84 85 86 87 88 89 8a 8b 8c 8d 8e 8f 90 91 92 93 94 95 96 97 98 99 9a 9b 9c 9d ffffffffffffffff 0
[cyc 12165] [R SHIFT BY OCTET IN] 0e 0f 10 11 12 13 14 15 16 17 18 19 1a 1b 1c 1d 1e 1f 20 21 22 23 24 25 26 27 28 29 2a 2b 2c 2d 2e 2f 30 31 32 33 34 35 36 37 38 39 3a 3b 3c 3d 3e 3f 40 41 42 43 44 45 46 47 48 49 4a 4b 4c 4d ffffffffffffffff 0
[cyc 12165] [R SHIFT BY OCTET OUT] da db dc dd de df e0 e1 e2 e3 e4 e5 e6 e7 e8 e9 ea eb ec ed ee ef f0 f1 f2 f3 f4 f5 f6 f7 f8 f9 fa fb fc fd fe ff 00 01 02 03 04 05 06 07 08 09 0a 0b 0c 0d 0e 0f 10 11 12 13 14 15 16 17 18 19 ffffffffffffffff 0
[cyc 12165] [STRIP MRC headers IN 0] da db dc dd de df e0 e1 e2 e3 e4 e5 e6 e7 e8 e9 ea eb ec ed ee ef f0 f1 f2 f3 f4 f5 f6 f7 f8 f9 fa fb fc fd fe ff 00 01 02 03 04 05 06 07 08 09 0a 0b 0c 0d 0e 0f 10 11 12 13 14 15 16 17 18 19 ffffffffffffffff 0
[cyc 12165] [STRIP MRC headers OUT 0] 9e 9f a0 a1 a2 a3 a4 a5 a6 a7 a8 a9 aa ab ac ad ae af b0 b1 b2 b3 b4 b5 b6 b7 b8 b9 ba bb bc bd be bf c0 c1 c2 c3 c4 c5 c6 c7 c8 c9 ca cb cc cd ce cf d0 d1 d2 d3 d4 d5 d6 d7 d8 d9 da db dc dd ffffffffffffffff 0
[cyc 12166] [R SHIFT BY OCTET IN] 4e 4f 50 51 52 53 54 55 56 57 58 59 5a 5b 5c 5d 5e 5f 60 61 62 63 64 65 66 67 68 69 6a 6b 6c 6d 6e 6f 70 71 72 73 74 75 76 77 78 79 7a 7b 7c 7d 7e 7f 80 81 82 83 84 85 86 87 88 89 8a 8b 8c 8d ffffffffffffffff 0
[cyc 12166] [R SHIFT BY OCTET OUT] 1a 1b 1c 1d 1e 1f 20 21 22 23 24 25 26 27 28 29 2a 2b 2c 2d 2e 2f 30 31 32 33 34 35 36 37 38 39 3a 3b 3c 3d 3e 3f 40 41 42 43 44 45 46 47 48 49 4a 4b 4c 4d 4e 4f 50 51 52 53 54 55 56 57 58 59 ffffffffffffffff 0
[cyc 12166] [STRIP MRC headers IN 0] 1a 1b 1c 1d 1e 1f 20 21 22 23 24 25 26 27 28 29 2a 2b 2c 2d 2e 2f 30 31 32 33 34 35 36 37 38 39 3a 3b 3c 3d 3e 3f 40 41 42 43 44 45 46 47 48 49 4a 4b 4c 4d 4e 4f 50 51 52 53 54 55 56 57 58 59 ffffffffffffffff 0
[cyc 12166] [STRIP MRC headers OUT 0] de df e0 e1 e2 e3 e4 e5 e6 e7 e8 e9 ea eb ec ed ee ef f0 f1 f2 f3 f4 f5 f6 f7 f8 f9 fa fb fc fd fe ff 00 01 02 03 04 05 06 07 08 09 0a 0b 0c 0d 0e 0f 10 11 12 13 14 15 16 17 18 19 1a 1b 1c 1d ffffffffffffffff 0
[cyc 12167] [R SHIFT BY OCTET IN] 8e 8f 90 91 92 93 94 95 96 97 98 99 9a 9b 9c 9d 9e 9f a0 a1 a2 a3 a4 a5 a6 a7 a8 a9 aa ab ac ad ae af b0 b1 b2 b3 b4 b5 b6 b7 b8 b9 ba bb bc bd be bf c0 c1 c2 c3 c4 c5 c6 c7 c8 c9 ca cb cc cd ffffffffffffffff 0
[cyc 12167] [R SHIFT BY OCTET OUT] 5a 5b 5c 5d 5e 5f 60 61 62 63 64 65 66 67 68 69 6a 6b 6c 6d 6e 6f 70 71 72 73 74 75 76 77 78 79 7a 7b 7c 7d 7e 7f 80 81 82 83 84 85 86 87 88 89 8a 8b 8c 8d 8e 8f 90 91 92 93 94 95 96 97 98 99 ffffffffffffffff 0
[cyc 12167] [STRIP MRC headers IN 0] 5a 5b 5c 5d 5e 5f 60 61 62 63 64 65 66 67 68 69 6a 6b 6c 6d 6e 6f 70 71 72 73 74 75 76 77 78 79 7a 7b 7c 7d 7e 7f 80 81 82 83 84 85 86 87 88 89 8a 8b 8c 8d 8e 8f 90 91 92 93 94 95 96 97 98 99 ffffffffffffffff 0
[cyc 12167] [STRIP MRC headers OUT 0] 1e 1f 20 21 22 23 24 25 26 27 28 29 2a 2b 2c 2d 2e 2f 30 31 32 33 34 35 36 37 38 39 3a 3b 3c 3d 3e 3f 40 41 42 43 44 45 46 47 48 49 4a 4b 4c 4d 4e 4f 50 51 52 53 54 55 56 57 58 59 5a 5b 5c 5d ffffffffffffffff 0
[cyc 12168] [R SHIFT BY OCTET IN] ce cf d0 d1 d2 d3 d4 d5 d6 d7 d8 d9 da db dc dd de df e0 e1 e2 e3 e4 e5 e6 e7 e8 e9 ea eb ec ed ee ef f0 f1 f2 f3 f4 f5 f6 f7 f8 f9 fa fb fc fd fe ff 00 01 02 03 04 05 06 07 08 09 0a 0b 0c 0d ffffffffffffffff 0
[cyc 12168] [R SHIFT BY OCTET OUT] 9a 9b 9c 9d 9e 9f a0 a1 a2 a3 a4 a5 a6 a7 a8 a9 aa ab ac ad ae af b0 b1 b2 b3 b4 b5 b6 b7 b8 b9 ba bb bc bd be bf c0 c1 c2 c3 c4 c5 c6 c7 c8 c9 ca cb cc cd ce cf d0 d1 d2 d3 d4 d5 d6 d7 d8 d9 ffffffffffffffff 0
[cyc 12168] [STRIP MRC headers IN 0] 9a 9b 9c 9d 9e 9f a0 a1 a2 a3 a4 a5 a6 a7 a8 a9 aa ab ac ad ae af b0 b1 b2 b3 b4 b5 b6 b7 b8 b9 ba bb bc bd be bf c0 c1 c2 c3 c4 c5 c6 c7 c8 c9 ca cb cc cd ce cf d0 d1 d2 d3 d4 d5 d6 d7 d8 d9 ffffffffffffffff 0
[cyc 12168] [STRIP MRC headers OUT 0] 5e 5f 60 61 62 63 64 65 66 67 68 69 6a 6b 6c 6d 6e 6f 70 71 72 73 74 75 76 77 78 79 7a 7b 7c 7d 7e 7f 80 81 82 83 84 85 86 87 88 89 8a 8b 8c 8d 8e 8f 90 91 92 93 94 95 96 97 98 99 9a 9b 9c 9d ffffffffffffffff 0
[cyc 12169] [R SHIFT BY OCTET IN] 0e 0f 10 11 12 13 14 15 16 17 18 19 1a 1b 1c 1d 1e 1f 20 21 22 23 24 25 26 27 28 29 2a 2b 2c 2d 2e 2f 30 31 32 33 34 35 36 37 38 39 3a 3b 3c 3d 3e 3f 40 41 42 43 44 45 46 47 48 49 4a 4b 4c 4d ffffffffffffffff 0
[cyc 12169] [R SHIFT BY OCTET OUT] da db dc dd de df e0 e1 e2 e3 e4 e5 e6 e7 e8 e9 ea eb ec ed ee ef f0 f1 f2 f3 f4 f5 f6 f7 f8 f9 fa fb fc fd fe ff 00 01 02 03 04 05 06 07 08 09 0a 0b 0c 0d 0e 0f 10 11 12 13 14 15 16 17 18 19 ffffffffffffffff 0
[cyc 12169] [STRIP MRC headers IN 0] da db dc dd de df e0 e1 e2 e3 e4 e5 e6 e7 e8 e9 ea eb ec ed ee ef f0 f1 f2 f3 f4 f5 f6 f7 f8 f9 fa fb fc fd fe ff 00 01 02 03 04 05 06 07 08 09 0a 0b 0c 0d 0e 0f 10 11 12 13 14 15 16 17 18 19 ffffffffffffffff 0
[cyc 12169] [STRIP MRC headers OUT 0] 9e 9f a0 a1 a2 a3 a4 a5 a6 a7 a8 a9 aa ab ac ad ae af b0 b1 b2 b3 b4 b5 b6 b7 b8 b9 ba bb bc bd be bf c0 c1 c2 c3 c4 c5 c6 c7 c8 c9 ca cb cc cd ce cf d0 d1 d2 d3 d4 d5 d6 d7 d8 d9 da db dc dd ffffffffffffffff 0
[cyc 12170] [R SHIFT BY OCTET IN] 4e 4f 50 51 52 53 54 55 56 57 58 59 5a 5b 5c 5d 5e 5f 60 61 62 63 64 65 66 67 68 69 6a 6b 6c 6d 6e 6f 70 71 72 73 74 75 76 77 78 79 7a 7b 7c 7d 7e 7f 80 81 82 83 84 85 86 87 88 89 8a 8b 8c 8d ffffffffffffffff 0
[cyc 12170] [R SHIFT BY OCTET OUT] 1a 1b 1c 1d 1e 1f 20 21 22 23 24 25 26 27 28 29 2a 2b 2c 2d 2e 2f 30 31 32 33 34 35 36 37 38 39 3a 3b 3c 3d 3e 3f 40 41 42 43 44 45 46 47 48 49 4a 4b 4c 4d 4e 4f 50 51 52 53 54 55 56 57 58 59 ffffffffffffffff 0
[cyc 12170] [STRIP MRC headers IN 0] 1a 1b 1c 1d 1e 1f 20 21 22 23 24 25 26 27 28 29 2a 2b 2c 2d 2e 2f 30 31 32 33 34 35 36 37 38 39 3a 3b 3c 3d 3e 3f 40 41 42 43 44 45 46 47 48 49 4a 4b 4c 4d 4e 4f 50 51 52 53 54 55 56 57 58 59 ffffffffffffffff 0
[cyc 12170] [STRIP MRC headers OUT 0] de df e0 e1 e2 e3 e4 e5 e6 e7 e8 e9 ea eb ec ed ee ef f0 f1 f2 f3 f4 f5 f6 f7 f8 f9 fa fb fc fd fe ff 00 01 02 03 04 05 06 07 08 09 0a 0b 0c 0d 0e 0f 10 11 12 13 14 15 16 17 18 19 1a 1b 1c 1d ffffffffffffffff 0
[cyc 12171] [R SHIFT BY OCTET IN] 8e 8f 90 91 92 93 94 95 96 97 98 99 9a 9b 9c 9d 9e 9f a0 a1 a2 a3 a4 a5 a6 a7 a8 a9 aa ab ac ad ae af b0 b1 b2 b3 b4 b5 b6 b7 b8 b9 ba bb bc bd be bf c0 c1 c2 c3 c4 c5 c6 c7 c8 c9 ca cb cc cd ffffffffffffffff 0
[cyc 12171] [R SHIFT BY OCTET OUT] 5a 5b 5c 5d 5e 5f 60 61 62 63 64 65 66 67 68 69 6a 6b 6c 6d 6e 6f 70 71 72 73 74 75 76 77 78 79 7a 7b 7c 7d 7e 7f 80 81 82 83 84 85 86 87 88 89 8a 8b 8c 8d 8e 8f 90 91 92 93 94 95 96 97 98 99 ffffffffffffffff 0
[cyc 12171] [STRIP MRC headers IN 0] 5a 5b 5c 5d 5e 5f 60 61 62 63 64 65 66 67 68 69 6a 6b 6c 6d 6e 6f 70 71 72 73 74 75 76 77 78 79 7a 7b 7c 7d 7e 7f 80 81 82 83 84 85 86 87 88 89 8a 8b 8c 8d 8e 8f 90 91 92 93 94 95 96 97 98 99 ffffffffffffffff 0
[cyc 12171] [STRIP MRC headers OUT 0] 1e 1f 20 21 22 23 24 25 26 27 28 29 2a 2b 2c 2d 2e 2f 30 31 32 33 34 35 36 37 38 39 3a 3b 3c 3d 3e 3f 40 41 42 43 44 45 46 47 48 49 4a 4b 4c 4d 4e 4f 50 51 52 53 54 55 56 57 58 59 5a 5b 5c 5d ffffffffffffffff 0
[cyc 12172] [R SHIFT BY OCTET IN] ce cf d0 d1 d2 d3 d4 d5 d6 d7 d8 d9 da db dc dd de df e0 e1 e2 e3 e4 e5 e6 e7 e8 e9 ea eb ec ed ee ef f0 f1 f2 f3 f4 f5 f6 f7 f8 f9 fa fb fc fd fe ff 00 01 02 03 04 05 06 07 08 09 0a 0b 0c 0d ffffffffffffffff 0
[cyc 12172] [R SHIFT BY OCTET OUT] 9a 9b 9c 9d 9e 9f a0 a1 a2 a3 a4 a5 a6 a7 a8 a9 aa ab ac ad ae af b0 b1 b2 b3 b4 b5 b6 b7 b8 b9 ba bb bc bd be bf c0 c1 c2 c3 c4 c5 c6 c7 c8 c9 ca cb cc cd ce cf d0 d1 d2 d3 d4 d5 d6 d7 d8 d9 ffffffffffffffff 0
[cyc 12172] [STRIP MRC headers IN 0] 9a 9b 9c 9d 9e 9f a0 a1 a2 a3 a4 a5 a6 a7 a8 a9 aa ab ac ad ae af b0 b1 b2 b3 b4 b5 b6 b7 b8 b9 ba bb bc bd be bf c0 c1 c2 c3 c4 c5 c6 c7 c8 c9 ca cb cc cd ce cf d0 d1 d2 d3 d4 d5 d6 d7 d8 d9 ffffffffffffffff 0
[cyc 12172] [STRIP MRC headers OUT 0] 5e 5f 60 61 62 63 64 65 66 67 68 69 6a 6b 6c 6d 6e 6f 70 71 72 73 74 75 76 77 78 79 7a 7b 7c 7d 7e 7f 80 81 82 83 84 85 86 87 88 89 8a 8b 8c 8d 8e 8f 90 91 92 93 94 95 96 97 98 99 9a 9b 9c 9d ffffffffffffffff 0
[cyc 12173] [R SHIFT BY OCTET IN] 0e 0f 10 11 12 13 14 15 16 17 18 19 1a 1b 1c 1d 1e 1f 20 21 22 23 24 25 26 27 28 29 2a 2b 2c 2d 2e 2f 30 31 32 33 34 35 36 37 38 39 3a 3b 3c 3d 3e 3f 40 41 42 43 44 45 46 47 48 49 4a 4b 4c 4d ffffffffffffffff 0
[cyc 12173] [R SHIFT BY OCTET OUT] da db dc dd de df e0 e1 e2 e3 e4 e5 e6 e7 e8 e9 ea eb ec ed ee ef f0 f1 f2 f3 f4 f5 f6 f7 f8 f9 fa fb fc fd fe ff 00 01 02 03 04 05 06 07 08 09 0a 0b 0c 0d 0e 0f 10 11 12 13 14 15 16 17 18 19 ffffffffffffffff 0
[cyc 12173] [STRIP MRC headers IN 0] da db dc dd de df e0 e1 e2 e3 e4 e5 e6 e7 e8 e9 ea eb ec ed ee ef f0 f1 f2 f3 f4 f5 f6 f7 f8 f9 fa fb fc fd fe ff 00 01 02 03 04 05 06 07 08 09 0a 0b 0c 0d 0e 0f 10 11 12 13 14 15 16 17 18 19 ffffffffffffffff 0
[cyc 12173] [STRIP MRC headers OUT 0] 9e 9f a0 a1 a2 a3 a4 a5 a6 a7 a8 a9 aa ab ac ad ae af b0 b1 b2 b3 b4 b5 b6 b7 b8 b9 ba bb bc bd be bf c0 c1 c2 c3 c4 c5 c6 c7 c8 c9 ca cb cc cd ce cf d0 d1 d2 d3 d4 d5 d6 d7 d8 d9 da db dc dd ffffffffffffffff 0
[cyc 12174] [R SHIFT BY OCTET IN] 4e 4f 50 51 52 53 54 55 56 57 58 59 5a 5b 5c 5d 5e 5f 60 61 62 63 64 65 66 67 68 69 6a 6b 6c 6d 6e 6f 70 71 72 73 74 75 76 77 78 79 7a 7b 7c 7d 7e 7f 80 81 82 83 84 85 86 87 88 89 8a 8b 8c 8d ffffffffffffffff 0
[cyc 12174] [R SHIFT BY OCTET OUT] 1a 1b 1c 1d 1e 1f 20 21 22 23 24 25 26 27 28 29 2a 2b 2c 2d 2e 2f 30 31 32 33 34 35 36 37 38 39 3a 3b 3c 3d 3e 3f 40 41 42 43 44 45 46 47 48 49 4a 4b 4c 4d 4e 4f 50 51 52 53 54 55 56 57 58 59 ffffffffffffffff 0
[cyc 12174] [STRIP MRC headers IN 0] 1a 1b 1c 1d 1e 1f 20 21 22 23 24 25 26 27 28 29 2a 2b 2c 2d 2e 2f 30 31 32 33 34 35 36 37 38 39 3a 3b 3c 3d 3e 3f 40 41 42 43 44 45 46 47 48 49 4a 4b 4c 4d 4e 4f 50 51 52 53 54 55 56 57 58 59 ffffffffffffffff 0
[cyc 12174] [STRIP MRC headers OUT 0] de df e0 e1 e2 e3 e4 e5 e6 e7 e8 e9 ea eb ec ed ee ef f0 f1 f2 f3 f4 f5 f6 f7 f8 f9 fa fb fc fd fe ff 00 01 02 03 04 05 06 07 08 09 0a 0b 0c 0d 0e 0f 10 11 12 13 14 15 16 17 18 19 1a 1b 1c 1d ffffffffffffffff 0
[cyc 12175] [R SHIFT BY OCTET IN] 8e 8f 90 91 92 93 94 95 96 97 98 99 9a 9b 9c 9d 9e 9f a0 a1 a2 a3 a4 a5 a6 a7 a8 a9 aa ab ac ad ae af b0 b1 b2 b3 b4 b5 b6 b7 b8 b9 ba bb bc bd be bf c0 c1 c2 c3 c4 c5 c6 c7 c8 c9 ca cb cc cd ffffffffffffffff 0
[cyc 12175] [R SHIFT BY OCTET OUT] 5a 5b 5c 5d 5e 5f 60 61 62 63 64 65 66 67 68 69 6a 6b 6c 6d 6e 6f 70 71 72 73 74 75 76 77 78 79 7a 7b 7c 7d 7e 7f 80 81 82 83 84 85 86 87 88 89 8a 8b 8c 8d 8e 8f 90 91 92 93 94 95 96 97 98 99 ffffffffffffffff 0
[cyc 12175] [STRIP MRC headers IN 0] 5a 5b 5c 5d 5e 5f 60 61 62 63 64 65 66 67 68 69 6a 6b 6c 6d 6e 6f 70 71 72 73 74 75 76 77 78 79 7a 7b 7c 7d 7e 7f 80 81 82 83 84 85 86 87 88 89 8a 8b 8c 8d 8e 8f 90 91 92 93 94 95 96 97 98 99 ffffffffffffffff 0
[cyc 12175] [STRIP MRC headers OUT 0] 1e 1f 20 21 22 23 24 25 26 27 28 29 2a 2b 2c 2d 2e 2f 30 31 32 33 34 35 36 37 38 39 3a 3b 3c 3d 3e 3f 40 41 42 43 44 45 46 47 48 49 4a 4b 4c 4d 4e 4f 50 51 52 53 54 55 56 57 58 59 5a 5b 5c 5d ffffffffffffffff 0
[cyc 12176] [TB] last beat of packet 0 (17 beat(s))
[cyc 12176] [R SHIFT BY OCTET IN] ce cf d0 d1 d2 d3 d4 d5 d6 d7 d8 d9 da db dc dd de df e0 e1 e2 e3 e4 e5 e6 e7 e8 e9 ea eb ec ed 00 00 00 00 00 00 00 00 00 00 00 00 00 00 00 00 00 00 00 00 00 00 00 00 00 00 00 00 00 00 00 00 00000000ffffffff 1  <- last
[cyc 12176] [R SHIFT BY OCTET OUT] 9a 9b 9c 9d 9e 9f a0 a1 a2 a3 a4 a5 a6 a7 a8 a9 aa ab ac ad ae af b0 b1 b2 b3 b4 b5 b6 b7 b8 b9 ba bb bc bd be bf c0 c1 c2 c3 c4 c5 c6 c7 c8 c9 ca cb cc cd ce cf d0 d1 d2 d3 d4 d5 d6 d7 d8 d9 ffffffffffffffff 0
[cyc 12176] [STRIP MRC headers IN 0] 9a 9b 9c 9d 9e 9f a0 a1 a2 a3 a4 a5 a6 a7 a8 a9 aa ab ac ad ae af b0 b1 b2 b3 b4 b5 b6 b7 b8 b9 ba bb bc bd be bf c0 c1 c2 c3 c4 c5 c6 c7 c8 c9 ca cb cc cd ce cf d0 d1 d2 d3 d4 d5 d6 d7 d8 d9 ffffffffffffffff 0
[cyc 12176] [STRIP MRC headers OUT 0] 5e 5f 60 61 62 63 64 65 66 67 68 69 6a 6b 6c 6d 6e 6f 70 71 72 73 74 75 76 77 78 79 7a 7b 7c 7d 7e 7f 80 81 82 83 84 85 86 87 88 89 8a 8b 8c 8d 8e 8f 90 91 92 93 94 95 96 97 98 99 9a 9b 9c 9d ffffffffffffffff 0
[TB] All packets fed, running 300 more cycles...
[cyc 12177] [R SHIFT BY OCTET OUT] da db dc dd de df e0 e1 e2 e3 e4 e5 e6 e7 e8 e9 ea eb ec ed 00 00 00 00 00 00 00 00 00 00 00 00 00 00 00 00 00 00 00 00 00 00 00 00 00 00 00 00 00 00 00 00 00 00 00 00 00 00 00 00 00 00 00 00 00000000000fffff 1  <- last
[cyc 12177] [STRIP MRC headers IN 0] da db dc dd de df e0 e1 e2 e3 e4 e5 e6 e7 e8 e9 ea eb ec ed 00 00 00 00 00 00 00 00 00 00 00 00 00 00 00 00 00 00 00 00 00 00 00 00 00 00 00 00 00 00 00 00 00 00 00 00 00 00 00 00 00 00 00 00 00000000000fffff 1  <- last
[cyc 12177] [STRIP MRC headers OUT 0] 9e 9f a0 a1 a2 a3 a4 a5 a6 a7 a8 a9 aa ab ac ad ae af b0 b1 b2 b3 b4 b5 b6 b7 b8 b9 ba bb bc bd be bf c0 c1 c2 c3 c4 c5 c6 c7 c8 c9 ca cb cc cd ce cf d0 d1 d2 d3 d4 d5 d6 d7 d8 d9 da db dc dd ffffffffffffffff 0
[cyc 12178] [STRIP MRC headers OUT 0] de df e0 e1 e2 e3 e4 e5 e6 e7 e8 e9 ea eb ec ed 00 00 00 00 00 00 00 00 00 00 00 00 00 00 00 00 00 00 00 00 00 00 00 00 00 00 00 00 00 00 00 00 00 00 00 00 00 00 00 00 00 00 00 00 00 00 00 00 000000000000ffff 1  <- last

[TB] ---- Outputs (cycle they left the module) ----

[TB] ---- Checks ----
[TB] Packet 0: TEST 12c: ONLY ahead of epsn
[TB]   no memory write expected
[TB]   no reply expected
[TB] Whole group
  [PASS] unexpected memory write commands = 0
  [PASS] unexpected memory payloads = 0
  [PASS] no memory data beat left without TLAST
  [PASS] unexpected packets sent back = 0
  [PASS] tx meta entries = tx packets = 0
  [PASS] invalid-PSN drop counter increase over the group = 1
  [PASS] ackMeta to the host (only used for our own requests) = 0
  [PASS] module consumed the whole input
  [PASS] no memory READ command issued

=====================================================================
  GROUP: TEST 12d: ONLY in order (resets NAK)
=====================================================================
[TB] Packet 0: TEST 12d: ONLY in order (resets NAK)
[TB]   state before: epsn=0xa0b2c last_psn=0xa0b2b
[TB]   RC_RDMA_WRITE_ONLY  DestQP=0x5  PSN=0xa0b2c, 658220  RETH.vaddr=0x2000  RETH.len=1024  payload=1024 B  UDP length=1068  (then drain and check)
      0000: ca 00 ff ff 00 00 00 05 80 0a 0b 2c 00 00 00 19 
      0010: 00 00 00 00 00 00 20 00 00 00 12 34 00 00 04 00 
      0020: 11 12 13 14 15 16 17 18 19 1a 1b 1c 1d 1e 1f 20 
      0030: 21 22 23 24 25 26 27 28 29 2a 2b 2c 2d 2e 2f 30 
      ... (992 more bytes)

[TB] Feeding 1 packet(s)... (module prints follow)
[cyc 12477] [TB] first beat of packet 0 (TEST 12d: ONLY in order (resets NAK))
[cyc 12477] [RX PROCESS IBH 0]: input psn 0x0a0b2c
[cyc 12477] [RX PROCESS IBH 0]: process IBH opcode: ca
[cyc 12477] [R SHIFT BY OCTET IN] ca 00 ff ff 00 00 00 05 80 0a 0b 2c 00 00 00 19 00 00 00 00 00 00 20 00 00 00 12 34 00 00 04 00 11 12 13 14 15 16 17 18 19 1a 1b 1c 1d 1e 1f 20 21 22 23 24 25 26 27 28 29 2a 2b 2c 2d 2e 2f 30 ffffffffffffffff 0
[cyc 12478] [R SHIFT BY OCTET IN] 31 32 33 34 35 36 37 38 39 3a 3b 3c 3d 3e 3f 40 41 42 43 44 45 46 47 48 49 4a 4b 4c 4d 4e 4f 50 51 52 53 54 55 56 57 58 59 5a 5b 5c 5d 5e 5f 60 61 62 63 64 65 66 67 68 69 6a 6b 6c 6d 6e 6f 70 ffffffffffffffff 0
[cyc 12478] [R SHIFT BY OCTET OUT] 00 00 00 19 00 00 00 00 00 00 20 00 00 00 12 34 00 00 04 00 11 12 13 14 15 16 17 18 19 1a 1b 1c 1d 1e 1f 20 21 22 23 24 25 26 27 28 29 2a 2b 2c 2d 2e 2f 30 31 32 33 34 35 36 37 38 39 3a 3b 3c ffffffffffffffff 0
[cyc 12478] [STRIP MRC headers IN 0] 00 00 00 19 00 00 00 00 00 00 20 00 00 00 12 34 00 00 04 00 11 12 13 14 15 16 17 18 19 1a 1b 1c 1d 1e 1f 20 21 22 23 24 25 26 27 28 29 2a 2b 2c 2d 2e 2f 30 31 32 33 34 35 36 37 38 39 3a 3b 3c ffffffffffffffff 0
[cyc 12479] [R SHIFT BY OCTET IN] 71 72 73 74 75 76 77 78 79 7a 7b 7c 7d 7e 7f 80 81 82 83 84 85 86 87 88 89 8a 8b 8c 8d 8e 8f 90 91 92 93 94 95 96 97 98 99 9a 9b 9c 9d 9e 9f a0 a1 a2 a3 a4 a5 a6 a7 a8 a9 aa ab ac ad ae af b0 ffffffffffffffff 0
[cyc 12479] [R SHIFT BY OCTET OUT] 3d 3e 3f 40 41 42 43 44 45 46 47 48 49 4a 4b 4c 4d 4e 4f 50 51 52 53 54 55 56 57 58 59 5a 5b 5c 5d 5e 5f 60 61 62 63 64 65 66 67 68 69 6a 6b 6c 6d 6e 6f 70 71 72 73 74 75 76 77 78 79 7a 7b 7c ffffffffffffffff 0
[cyc 12479] [STRIP MRC headers IN 0] 3d 3e 3f 40 41 42 43 44 45 46 47 48 49 4a 4b 4c 4d 4e 4f 50 51 52 53 54 55 56 57 58 59 5a 5b 5c 5d 5e 5f 60 61 62 63 64 65 66 67 68 69 6a 6b 6c 6d 6e 6f 70 71 72 73 74 75 76 77 78 79 7a 7b 7c ffffffffffffffff 0
[cyc 12479] [STRIP MRC headers OUT 0] 00 00 00 00 00 00 20 00 00 00 12 34 00 00 04 00 11 12 13 14 15 16 17 18 19 1a 1b 1c 1d 1e 1f 20 21 22 23 24 25 26 27 28 29 2a 2b 2c 2d 2e 2f 30 31 32 33 34 35 36 37 38 39 3a 3b 3c 3d 3e 3f 40 ffffffffffffffff 0
[cyc 12480] [R SHIFT BY OCTET IN] b1 b2 b3 b4 b5 b6 b7 b8 b9 ba bb bc bd be bf c0 c1 c2 c3 c4 c5 c6 c7 c8 c9 ca cb cc cd ce cf d0 d1 d2 d3 d4 d5 d6 d7 d8 d9 da db dc dd de df e0 e1 e2 e3 e4 e5 e6 e7 e8 e9 ea eb ec ed ee ef f0 ffffffffffffffff 0
[cyc 12480] [R SHIFT BY OCTET OUT] 7d 7e 7f 80 81 82 83 84 85 86 87 88 89 8a 8b 8c 8d 8e 8f 90 91 92 93 94 95 96 97 98 99 9a 9b 9c 9d 9e 9f a0 a1 a2 a3 a4 a5 a6 a7 a8 a9 aa ab ac ad ae af b0 b1 b2 b3 b4 b5 b6 b7 b8 b9 ba bb bc ffffffffffffffff 0
[cyc 12480] [STRIP MRC headers IN 0] 7d 7e 7f 80 81 82 83 84 85 86 87 88 89 8a 8b 8c 8d 8e 8f 90 91 92 93 94 95 96 97 98 99 9a 9b 9c 9d 9e 9f a0 a1 a2 a3 a4 a5 a6 a7 a8 a9 aa ab ac ad ae af b0 b1 b2 b3 b4 b5 b6 b7 b8 b9 ba bb bc ffffffffffffffff 0
[cyc 12480] [STRIP MRC headers OUT 0] 41 42 43 44 45 46 47 48 49 4a 4b 4c 4d 4e 4f 50 51 52 53 54 55 56 57 58 59 5a 5b 5c 5d 5e 5f 60 61 62 63 64 65 66 67 68 69 6a 6b 6c 6d 6e 6f 70 71 72 73 74 75 76 77 78 79 7a 7b 7c 7d 7e 7f 80 ffffffffffffffff 0
[cyc 12480] [RX IBH FSM 0]: epsn: 0x0a0b2c, 658220, packet psn: 0x0a0b2c, 658220, oldest outstanding psn: 0x8a0b2c, 9046828
[cyc 12481] [R SHIFT BY OCTET IN] f1 f2 f3 f4 f5 f6 f7 f8 f9 fa fb fc fd fe ff 00 01 02 03 04 05 06 07 08 09 0a 0b 0c 0d 0e 0f 10 11 12 13 14 15 16 17 18 19 1a 1b 1c 1d 1e 1f 20 21 22 23 24 25 26 27 28 29 2a 2b 2c 2d 2e 2f 30 ffffffffffffffff 0
[cyc 12481] [R SHIFT BY OCTET OUT] bd be bf c0 c1 c2 c3 c4 c5 c6 c7 c8 c9 ca cb cc cd ce cf d0 d1 d2 d3 d4 d5 d6 d7 d8 d9 da db dc dd de df e0 e1 e2 e3 e4 e5 e6 e7 e8 e9 ea eb ec ed ee ef f0 f1 f2 f3 f4 f5 f6 f7 f8 f9 fa fb fc ffffffffffffffff 0
[cyc 12481] [STRIP MRC headers IN 0] bd be bf c0 c1 c2 c3 c4 c5 c6 c7 c8 c9 ca cb cc cd ce cf d0 d1 d2 d3 d4 d5 d6 d7 d8 d9 da db dc dd de df e0 e1 e2 e3 e4 e5 e6 e7 e8 e9 ea eb ec ed ee ef f0 f1 f2 f3 f4 f5 f6 f7 f8 f9 fa fb fc ffffffffffffffff 0
[cyc 12481] [STRIP MRC headers OUT 0] 81 82 83 84 85 86 87 88 89 8a 8b 8c 8d 8e 8f 90 91 92 93 94 95 96 97 98 99 9a 9b 9c 9d 9e 9f a0 a1 a2 a3 a4 a5 a6 a7 a8 a9 aa ab ac ad ae af b0 b1 b2 b3 b4 b5 b6 b7 b8 b9 ba bb bc bd be bf c0 ffffffffffffffff 0
[cyc 12482] [R SHIFT BY OCTET IN] 31 32 33 34 35 36 37 38 39 3a 3b 3c 3d 3e 3f 40 41 42 43 44 45 46 47 48 49 4a 4b 4c 4d 4e 4f 50 51 52 53 54 55 56 57 58 59 5a 5b 5c 5d 5e 5f 60 61 62 63 64 65 66 67 68 69 6a 6b 6c 6d 6e 6f 70 ffffffffffffffff 0
[cyc 12482] [R SHIFT BY OCTET OUT] fd fe ff 00 01 02 03 04 05 06 07 08 09 0a 0b 0c 0d 0e 0f 10 11 12 13 14 15 16 17 18 19 1a 1b 1c 1d 1e 1f 20 21 22 23 24 25 26 27 28 29 2a 2b 2c 2d 2e 2f 30 31 32 33 34 35 36 37 38 39 3a 3b 3c ffffffffffffffff 0
[cyc 12482] [STRIP MRC headers IN 0] fd fe ff 00 01 02 03 04 05 06 07 08 09 0a 0b 0c 0d 0e 0f 10 11 12 13 14 15 16 17 18 19 1a 1b 1c 1d 1e 1f 20 21 22 23 24 25 26 27 28 29 2a 2b 2c 2d 2e 2f 30 31 32 33 34 35 36 37 38 39 3a 3b 3c ffffffffffffffff 0
[cyc 12482] [STRIP MRC headers OUT 0] c1 c2 c3 c4 c5 c6 c7 c8 c9 ca cb cc cd ce cf d0 d1 d2 d3 d4 d5 d6 d7 d8 d9 da db dc dd de df e0 e1 e2 e3 e4 e5 e6 e7 e8 e9 ea eb ec ed ee ef f0 f1 f2 f3 f4 f5 f6 f7 f8 f9 fa fb fc fd fe ff 00 ffffffffffffffff 0
[cyc 12482] [META MERGER 0]: reading from ack event with qpn 0x5, psn 0x0a0b2c
[cyc 12483] [R SHIFT BY OCTET IN] 71 72 73 74 75 76 77 78 79 7a 7b 7c 7d 7e 7f 80 81 82 83 84 85 86 87 88 89 8a 8b 8c 8d 8e 8f 90 91 92 93 94 95 96 97 98 99 9a 9b 9c 9d 9e 9f a0 a1 a2 a3 a4 a5 a6 a7 a8 a9 aa ab ac ad ae af b0 ffffffffffffffff 0
[cyc 12483] [R SHIFT BY OCTET OUT] 3d 3e 3f 40 41 42 43 44 45 46 47 48 49 4a 4b 4c 4d 4e 4f 50 51 52 53 54 55 56 57 58 59 5a 5b 5c 5d 5e 5f 60 61 62 63 64 65 66 67 68 69 6a 6b 6c 6d 6e 6f 70 71 72 73 74 75 76 77 78 79 7a 7b 7c ffffffffffffffff 0
[cyc 12483] [STRIP MRC headers IN 0] 3d 3e 3f 40 41 42 43 44 45 46 47 48 49 4a 4b 4c 4d 4e 4f 50 51 52 53 54 55 56 57 58 59 5a 5b 5c 5d 5e 5f 60 61 62 63 64 65 66 67 68 69 6a 6b 6c 6d 6e 6f 70 71 72 73 74 75 76 77 78 79 7a 7b 7c ffffffffffffffff 0
[cyc 12483] [STRIP MRC headers OUT 0] 01 02 03 04 05 06 07 08 09 0a 0b 0c 0d 0e 0f 10 11 12 13 14 15 16 17 18 19 1a 1b 1c 1d 1e 1f 20 21 22 23 24 25 26 27 28 29 2a 2b 2c 2d 2e 2f 30 31 32 33 34 35 36 37 38 39 3a 3b 3c 3d 3e 3f 40 ffffffffffffffff 0
[cyc 12483] [R SHIFT BY OCTET IN] 00 00 00 00 00 00 20 00 00 00 12 34 00 00 04 00 11 12 13 14 15 16 17 18 19 1a 1b 1c 1d 1e 1f 20 21 22 23 24 25 26 27 28 29 2a 2b 2c 2d 2e 2f 30 31 32 33 34 35 36 37 38 39 3a 3b 3c 3d 3e 3f 40 ffffffffffffffff 0
[cyc 12484] [R SHIFT BY OCTET IN] b1 b2 b3 b4 b5 b6 b7 b8 b9 ba bb bc bd be bf c0 c1 c2 c3 c4 c5 c6 c7 c8 c9 ca cb cc cd ce cf d0 d1 d2 d3 d4 d5 d6 d7 d8 d9 da db dc dd de df e0 e1 e2 e3 e4 e5 e6 e7 e8 e9 ea eb ec ed ee ef f0 ffffffffffffffff 0
[cyc 12484] [R SHIFT BY OCTET OUT] 7d 7e 7f 80 81 82 83 84 85 86 87 88 89 8a 8b 8c 8d 8e 8f 90 91 92 93 94 95 96 97 98 99 9a 9b 9c 9d 9e 9f a0 a1 a2 a3 a4 a5 a6 a7 a8 a9 aa ab ac ad ae af b0 b1 b2 b3 b4 b5 b6 b7 b8 b9 ba bb bc ffffffffffffffff 0
[cyc 12484] [STRIP MRC headers IN 0] 7d 7e 7f 80 81 82 83 84 85 86 87 88 89 8a 8b 8c 8d 8e 8f 90 91 92 93 94 95 96 97 98 99 9a 9b 9c 9d 9e 9f a0 a1 a2 a3 a4 a5 a6 a7 a8 a9 aa ab ac ad ae af b0 b1 b2 b3 b4 b5 b6 b7 b8 b9 ba bb bc ffffffffffffffff 0
[cyc 12484] [STRIP MRC headers OUT 0] 41 42 43 44 45 46 47 48 49 4a 4b 4c 4d 4e 4f 50 51 52 53 54 55 56 57 58 59 5a 5b 5c 5d 5e 5f 60 61 62 63 64 65 66 67 68 69 6a 6b 6c 6d 6e 6f 70 71 72 73 74 75 76 77 78 79 7a 7b 7c 7d 7e 7f 80 ffffffffffffffff 0
[cyc 12484] [R SHIFT BY OCTET IN] 41 42 43 44 45 46 47 48 49 4a 4b 4c 4d 4e 4f 50 51 52 53 54 55 56 57 58 59 5a 5b 5c 5d 5e 5f 60 61 62 63 64 65 66 67 68 69 6a 6b 6c 6d 6e 6f 70 71 72 73 74 75 76 77 78 79 7a 7b 7c 7d 7e 7f 80 ffffffffffffffff 0
[cyc 12484] [R SHIFT BY OCTET OUT] 11 12 13 14 15 16 17 18 19 1a 1b 1c 1d 1e 1f 20 21 22 23 24 25 26 27 28 29 2a 2b 2c 2d 2e 2f 30 31 32 33 34 35 36 37 38 39 3a 3b 3c 3d 3e 3f 40 41 42 43 44 45 46 47 48 49 4a 4b 4c 4d 4e 4f 50 ffffffffffffffff 0
[cyc 12485] [R SHIFT BY OCTET IN] f1 f2 f3 f4 f5 f6 f7 f8 f9 fa fb fc fd fe ff 00 01 02 03 04 05 06 07 08 09 0a 0b 0c 0d 0e 0f 10 11 12 13 14 15 16 17 18 19 1a 1b 1c 1d 1e 1f 20 21 22 23 24 25 26 27 28 29 2a 2b 2c 2d 2e 2f 30 ffffffffffffffff 0
[cyc 12485] [R SHIFT BY OCTET OUT] bd be bf c0 c1 c2 c3 c4 c5 c6 c7 c8 c9 ca cb cc cd ce cf d0 d1 d2 d3 d4 d5 d6 d7 d8 d9 da db dc dd de df e0 e1 e2 e3 e4 e5 e6 e7 e8 e9 ea eb ec ed ee ef f0 f1 f2 f3 f4 f5 f6 f7 f8 f9 fa fb fc ffffffffffffffff 0
[cyc 12485] [STRIP MRC headers IN 0] bd be bf c0 c1 c2 c3 c4 c5 c6 c7 c8 c9 ca cb cc cd ce cf d0 d1 d2 d3 d4 d5 d6 d7 d8 d9 da db dc dd de df e0 e1 e2 e3 e4 e5 e6 e7 e8 e9 ea eb ec ed ee ef f0 f1 f2 f3 f4 f5 f6 f7 f8 f9 fa fb fc ffffffffffffffff 0
[cyc 12485] [STRIP MRC headers OUT 0] 81 82 83 84 85 86 87 88 89 8a 8b 8c 8d 8e 8f 90 91 92 93 94 95 96 97 98 99 9a 9b 9c 9d 9e 9f a0 a1 a2 a3 a4 a5 a6 a7 a8 a9 aa ab ac ad ae af b0 b1 b2 b3 b4 b5 b6 b7 b8 b9 ba bb bc bd be bf c0 ffffffffffffffff 0
[cyc 12485] [R SHIFT BY OCTET IN] 81 82 83 84 85 86 87 88 89 8a 8b 8c 8d 8e 8f 90 91 92 93 94 95 96 97 98 99 9a 9b 9c 9d 9e 9f a0 a1 a2 a3 a4 a5 a6 a7 a8 a9 aa ab ac ad ae af b0 b1 b2 b3 b4 b5 b6 b7 b8 b9 ba bb bc bd be bf c0 ffffffffffffffff 0
[cyc 12485] [R SHIFT BY OCTET OUT] 51 52 53 54 55 56 57 58 59 5a 5b 5c 5d 5e 5f 60 61 62 63 64 65 66 67 68 69 6a 6b 6c 6d 6e 6f 70 71 72 73 74 75 76 77 78 79 7a 7b 7c 7d 7e 7f 80 81 82 83 84 85 86 87 88 89 8a 8b 8c 8d 8e 8f 90 ffffffffffffffff 0
[cyc 12485] [GENERATE EXH 0]: MRC_ACK with qpn 0x5, psn 0x0a0b2c
[cyc 12485] [GENERATE EXH 0]: MRC_ACK 1f 00 00 1a 55 56 57 58 00 71 f4 d0 83 e8 5f f6 60 fa 8b 9e 40 5f 00 00 40 be 46 89 fe 7f 00 00 d0 fa 8b 9e 40 5f 00 00 44 5b 81 9e 40 5f 00 00 44 c0 46 89 fe 7f 00 00 87 16 85 9e 40 5f 00 00 000000000000000f 1
[cyc 12485] [APPEND PAYLOAD 0]: moving to state HEADER
[cyc 12485] [TX IP UDP META MERGER 0]: port 0xc000
[cyc 12486] [R SHIFT BY OCTET IN] 31 32 33 34 35 36 37 38 39 3a 3b 3c 3d 3e 3f 40 41 42 43 44 45 46 47 48 49 4a 4b 4c 4d 4e 4f 50 51 52 53 54 55 56 57 58 59 5a 5b 5c 5d 5e 5f 60 61 62 63 64 65 66 67 68 69 6a 6b 6c 6d 6e 6f 70 ffffffffffffffff 0
[cyc 12486] [R SHIFT BY OCTET OUT] fd fe ff 00 01 02 03 04 05 06 07 08 09 0a 0b 0c 0d 0e 0f 10 11 12 13 14 15 16 17 18 19 1a 1b 1c 1d 1e 1f 20 21 22 23 24 25 26 27 28 29 2a 2b 2c 2d 2e 2f 30 31 32 33 34 35 36 37 38 39 3a 3b 3c ffffffffffffffff 0
[cyc 12486] [STRIP MRC headers IN 0] fd fe ff 00 01 02 03 04 05 06 07 08 09 0a 0b 0c 0d 0e 0f 10 11 12 13 14 15 16 17 18 19 1a 1b 1c 1d 1e 1f 20 21 22 23 24 25 26 27 28 29 2a 2b 2c 2d 2e 2f 30 31 32 33 34 35 36 37 38 39 3a 3b 3c ffffffffffffffff 0
[cyc 12486] [STRIP MRC headers OUT 0] c1 c2 c3 c4 c5 c6 c7 c8 c9 ca cb cc cd ce cf d0 d1 d2 d3 d4 d5 d6 d7 d8 d9 da db dc dd de df e0 e1 e2 e3 e4 e5 e6 e7 e8 e9 ea eb ec ed ee ef f0 f1 f2 f3 f4 f5 f6 f7 f8 f9 fa fb fc fd fe ff 00 ffffffffffffffff 0
[cyc 12486] [R SHIFT BY OCTET IN] c1 c2 c3 c4 c5 c6 c7 c8 c9 ca cb cc cd ce cf d0 d1 d2 d3 d4 d5 d6 d7 d8 d9 da db dc dd de df e0 e1 e2 e3 e4 e5 e6 e7 e8 e9 ea eb ec ed ee ef f0 f1 f2 f3 f4 f5 f6 f7 f8 f9 fa fb fc fd fe ff 00 ffffffffffffffff 0
[cyc 12486] [R SHIFT BY OCTET OUT] 91 92 93 94 95 96 97 98 99 9a 9b 9c 9d 9e 9f a0 a1 a2 a3 a4 a5 a6 a7 a8 a9 aa ab ac ad ae af b0 b1 b2 b3 b4 b5 b6 b7 b8 b9 ba bb bc bd be bf c0 c1 c2 c3 c4 c5 c6 c7 c8 c9 ca cb cc cd ce cf d0 ffffffffffffffff 0
[cyc 12486] [APPEND PAYLOAD 0]: moving to state INFO
[cyc 12486] [GENERATE IBH 0]: input meta, opcode 0xd1 valid psn 0x0a0b2c
[cyc 12486] [PREPEND IBH HEADER 0]: going to state PARTIAL_HEADER
[cyc 12487] [R SHIFT BY OCTET IN] 71 72 73 74 75 76 77 78 79 7a 7b 7c 7d 7e 7f 80 81 82 83 84 85 86 87 88 89 8a 8b 8c 8d 8e 8f 90 91 92 93 94 95 96 97 98 99 9a 9b 9c 9d 9e 9f a0 a1 a2 a3 a4 a5 a6 a7 a8 a9 aa ab ac ad ae af b0 ffffffffffffffff 0
[cyc 12487] [R SHIFT BY OCTET OUT] 3d 3e 3f 40 41 42 43 44 45 46 47 48 49 4a 4b 4c 4d 4e 4f 50 51 52 53 54 55 56 57 58 59 5a 5b 5c 5d 5e 5f 60 61 62 63 64 65 66 67 68 69 6a 6b 6c 6d 6e 6f 70 71 72 73 74 75 76 77 78 79 7a 7b 7c ffffffffffffffff 0
[cyc 12487] [STRIP MRC headers IN 0] 3d 3e 3f 40 41 42 43 44 45 46 47 48 49 4a 4b 4c 4d 4e 4f 50 51 52 53 54 55 56 57 58 59 5a 5b 5c 5d 5e 5f 60 61 62 63 64 65 66 67 68 69 6a 6b 6c 6d 6e 6f 70 71 72 73 74 75 76 77 78 79 7a 7b 7c ffffffffffffffff 0
[cyc 12487] [STRIP MRC headers OUT 0] 01 02 03 04 05 06 07 08 09 0a 0b 0c 0d 0e 0f 10 11 12 13 14 15 16 17 18 19 1a 1b 1c 1d 1e 1f 20 21 22 23 24 25 26 27 28 29 2a 2b 2c 2d 2e 2f 30 31 32 33 34 35 36 37 38 39 3a 3b 3c 3d 3e 3f 40 ffffffffffffffff 0
[cyc 12487] [R SHIFT BY OCTET IN] 01 02 03 04 05 06 07 08 09 0a 0b 0c 0d 0e 0f 10 11 12 13 14 15 16 17 18 19 1a 1b 1c 1d 1e 1f 20 21 22 23 24 25 26 27 28 29 2a 2b 2c 2d 2e 2f 30 31 32 33 34 35 36 37 38 39 3a 3b 3c 3d 3e 3f 40 ffffffffffffffff 0
[cyc 12487] [R SHIFT BY OCTET OUT] d1 d2 d3 d4 d5 d6 d7 d8 d9 da db dc dd de df e0 e1 e2 e3 e4 e5 e6 e7 e8 e9 ea eb ec ed ee ef f0 f1 f2 f3 f4 f5 f6 f7 f8 f9 fa fb fc fd fe ff 00 01 02 03 04 05 06 07 08 09 0a 0b 0c 0d 0e 0f 10 ffffffffffffffff 0
[cyc 12487] [PREPEND IBH HEADER 0]: IBH PARTIAL PAYLOAD
[cyc 12487] 00 00 00 00 00 00 00 00 00 00 00 00 1f 00 00 1a 55 56 57 58 00 71 f4 d0 83 e8 5f f6 60 fa 8b 9e 40 5f 00 00 40 be 46 89 fe 7f 00 00 d0 fa 8b 9e 40 5f 00 00 44 5b 81 9e 40 5f 00 00 44 c0 46 89 000000000000ffff 1
[cyc 12487] [PREPEND IBH HEADER 0]: IBH PARTIAL HEADER
[cyc 12487] d1 00 ff ff 00 00 00 42 00 0a 0b 2c 1f 00 00 1a 55 56 57 58 00 71 f4 d0 83 e8 5f f6 60 fa 8b 9e 40 5f 00 00 40 be 46 89 fe 7f 00 00 d0 fa 8b 9e 40 5f 00 00 44 5b 81 9e 40 5f 00 00 44 c0 46 89 000000000000ffff 1
[cyc 12488] [R SHIFT BY OCTET IN] b1 b2 b3 b4 b5 b6 b7 b8 b9 ba bb bc bd be bf c0 c1 c2 c3 c4 c5 c6 c7 c8 c9 ca cb cc cd ce cf d0 d1 d2 d3 d4 d5 d6 d7 d8 d9 da db dc dd de df e0 e1 e2 e3 e4 e5 e6 e7 e8 e9 ea eb ec ed ee ef f0 ffffffffffffffff 0
[cyc 12488] [R SHIFT BY OCTET OUT] 7d 7e 7f 80 81 82 83 84 85 86 87 88 89 8a 8b 8c 8d 8e 8f 90 91 92 93 94 95 96 97 98 99 9a 9b 9c 9d 9e 9f a0 a1 a2 a3 a4 a5 a6 a7 a8 a9 aa ab ac ad ae af b0 b1 b2 b3 b4 b5 b6 b7 b8 b9 ba bb bc ffffffffffffffff 0
[cyc 12488] [STRIP MRC headers IN 0] 7d 7e 7f 80 81 82 83 84 85 86 87 88 89 8a 8b 8c 8d 8e 8f 90 91 92 93 94 95 96 97 98 99 9a 9b 9c 9d 9e 9f a0 a1 a2 a3 a4 a5 a6 a7 a8 a9 aa ab ac ad ae af b0 b1 b2 b3 b4 b5 b6 b7 b8 b9 ba bb bc ffffffffffffffff 0
[cyc 12488] [STRIP MRC headers OUT 0] 41 42 43 44 45 46 47 48 49 4a 4b 4c 4d 4e 4f 50 51 52 53 54 55 56 57 58 59 5a 5b 5c 5d 5e 5f 60 61 62 63 64 65 66 67 68 69 6a 6b 6c 6d 6e 6f 70 71 72 73 74 75 76 77 78 79 7a 7b 7c 7d 7e 7f 80 ffffffffffffffff 0
[cyc 12488] [R SHIFT BY OCTET IN] 41 42 43 44 45 46 47 48 49 4a 4b 4c 4d 4e 4f 50 51 52 53 54 55 56 57 58 59 5a 5b 5c 5d 5e 5f 60 61 62 63 64 65 66 67 68 69 6a 6b 6c 6d 6e 6f 70 71 72 73 74 75 76 77 78 79 7a 7b 7c 7d 7e 7f 80 ffffffffffffffff 0
[cyc 12488] [R SHIFT BY OCTET OUT] 11 12 13 14 15 16 17 18 19 1a 1b 1c 1d 1e 1f 20 21 22 23 24 25 26 27 28 29 2a 2b 2c 2d 2e 2f 30 31 32 33 34 35 36 37 38 39 3a 3b 3c 3d 3e 3f 40 41 42 43 44 45 46 47 48 49 4a 4b 4c 4d 4e 4f 50 ffffffffffffffff 0
[cyc 12489] [R SHIFT BY OCTET IN] f1 f2 f3 f4 f5 f6 f7 f8 f9 fa fb fc fd fe ff 00 01 02 03 04 05 06 07 08 09 0a 0b 0c 0d 0e 0f 10 11 12 13 14 15 16 17 18 19 1a 1b 1c 1d 1e 1f 20 21 22 23 24 25 26 27 28 29 2a 2b 2c 2d 2e 2f 30 ffffffffffffffff 0
[cyc 12489] [R SHIFT BY OCTET OUT] bd be bf c0 c1 c2 c3 c4 c5 c6 c7 c8 c9 ca cb cc cd ce cf d0 d1 d2 d3 d4 d5 d6 d7 d8 d9 da db dc dd de df e0 e1 e2 e3 e4 e5 e6 e7 e8 e9 ea eb ec ed ee ef f0 f1 f2 f3 f4 f5 f6 f7 f8 f9 fa fb fc ffffffffffffffff 0
[cyc 12489] [STRIP MRC headers IN 0] bd be bf c0 c1 c2 c3 c4 c5 c6 c7 c8 c9 ca cb cc cd ce cf d0 d1 d2 d3 d4 d5 d6 d7 d8 d9 da db dc dd de df e0 e1 e2 e3 e4 e5 e6 e7 e8 e9 ea eb ec ed ee ef f0 f1 f2 f3 f4 f5 f6 f7 f8 f9 fa fb fc ffffffffffffffff 0
[cyc 12489] [STRIP MRC headers OUT 0] 81 82 83 84 85 86 87 88 89 8a 8b 8c 8d 8e 8f 90 91 92 93 94 95 96 97 98 99 9a 9b 9c 9d 9e 9f a0 a1 a2 a3 a4 a5 a6 a7 a8 a9 aa ab ac ad ae af b0 b1 b2 b3 b4 b5 b6 b7 b8 b9 ba bb bc bd be bf c0 ffffffffffffffff 0
[cyc 12489] [R SHIFT BY OCTET IN] 81 82 83 84 85 86 87 88 89 8a 8b 8c 8d 8e 8f 90 91 92 93 94 95 96 97 98 99 9a 9b 9c 9d 9e 9f a0 a1 a2 a3 a4 a5 a6 a7 a8 a9 aa ab ac ad ae af b0 b1 b2 b3 b4 b5 b6 b7 b8 b9 ba bb bc bd be bf c0 ffffffffffffffff 0
[cyc 12489] [R SHIFT BY OCTET OUT] 51 52 53 54 55 56 57 58 59 5a 5b 5c 5d 5e 5f 60 61 62 63 64 65 66 67 68 69 6a 6b 6c 6d 6e 6f 70 71 72 73 74 75 76 77 78 79 7a 7b 7c 7d 7e 7f 80 81 82 83 84 85 86 87 88 89 8a 8b 8c 8d 8e 8f 90 ffffffffffffffff 0
[cyc 12490] [R SHIFT BY OCTET IN] 31 32 33 34 35 36 37 38 39 3a 3b 3c 3d 3e 3f 40 41 42 43 44 45 46 47 48 49 4a 4b 4c 4d 4e 4f 50 51 52 53 54 55 56 57 58 59 5a 5b 5c 5d 5e 5f 60 61 62 63 64 65 66 67 68 69 6a 6b 6c 6d 6e 6f 70 ffffffffffffffff 0
[cyc 12490] [R SHIFT BY OCTET OUT] fd fe ff 00 01 02 03 04 05 06 07 08 09 0a 0b 0c 0d 0e 0f 10 11 12 13 14 15 16 17 18 19 1a 1b 1c 1d 1e 1f 20 21 22 23 24 25 26 27 28 29 2a 2b 2c 2d 2e 2f 30 31 32 33 34 35 36 37 38 39 3a 3b 3c ffffffffffffffff 0
[cyc 12490] [STRIP MRC headers IN 0] fd fe ff 00 01 02 03 04 05 06 07 08 09 0a 0b 0c 0d 0e 0f 10 11 12 13 14 15 16 17 18 19 1a 1b 1c 1d 1e 1f 20 21 22 23 24 25 26 27 28 29 2a 2b 2c 2d 2e 2f 30 31 32 33 34 35 36 37 38 39 3a 3b 3c ffffffffffffffff 0
[cyc 12490] [STRIP MRC headers OUT 0] c1 c2 c3 c4 c5 c6 c7 c8 c9 ca cb cc cd ce cf d0 d1 d2 d3 d4 d5 d6 d7 d8 d9 da db dc dd de df e0 e1 e2 e3 e4 e5 e6 e7 e8 e9 ea eb ec ed ee ef f0 f1 f2 f3 f4 f5 f6 f7 f8 f9 fa fb fc fd fe ff 00 ffffffffffffffff 0
[cyc 12490] [R SHIFT BY OCTET IN] c1 c2 c3 c4 c5 c6 c7 c8 c9 ca cb cc cd ce cf d0 d1 d2 d3 d4 d5 d6 d7 d8 d9 da db dc dd de df e0 e1 e2 e3 e4 e5 e6 e7 e8 e9 ea eb ec ed ee ef f0 f1 f2 f3 f4 f5 f6 f7 f8 f9 fa fb fc fd fe ff 00 ffffffffffffffff 0
[cyc 12490] [R SHIFT BY OCTET OUT] 91 92 93 94 95 96 97 98 99 9a 9b 9c 9d 9e 9f a0 a1 a2 a3 a4 a5 a6 a7 a8 a9 aa ab ac ad ae af b0 b1 b2 b3 b4 b5 b6 b7 b8 b9 ba bb bc bd be bf c0 c1 c2 c3 c4 c5 c6 c7 c8 c9 ca cb cc cd ce cf d0 ffffffffffffffff 0
[cyc 12491] [R SHIFT BY OCTET IN] 71 72 73 74 75 76 77 78 79 7a 7b 7c 7d 7e 7f 80 81 82 83 84 85 86 87 88 89 8a 8b 8c 8d 8e 8f 90 91 92 93 94 95 96 97 98 99 9a 9b 9c 9d 9e 9f a0 a1 a2 a3 a4 a5 a6 a7 a8 a9 aa ab ac ad ae af b0 ffffffffffffffff 0
[cyc 12491] [R SHIFT BY OCTET OUT] 3d 3e 3f 40 41 42 43 44 45 46 47 48 49 4a 4b 4c 4d 4e 4f 50 51 52 53 54 55 56 57 58 59 5a 5b 5c 5d 5e 5f 60 61 62 63 64 65 66 67 68 69 6a 6b 6c 6d 6e 6f 70 71 72 73 74 75 76 77 78 79 7a 7b 7c ffffffffffffffff 0
[cyc 12491] [STRIP MRC headers IN 0] 3d 3e 3f 40 41 42 43 44 45 46 47 48 49 4a 4b 4c 4d 4e 4f 50 51 52 53 54 55 56 57 58 59 5a 5b 5c 5d 5e 5f 60 61 62 63 64 65 66 67 68 69 6a 6b 6c 6d 6e 6f 70 71 72 73 74 75 76 77 78 79 7a 7b 7c ffffffffffffffff 0
[cyc 12491] [STRIP MRC headers OUT 0] 01 02 03 04 05 06 07 08 09 0a 0b 0c 0d 0e 0f 10 11 12 13 14 15 16 17 18 19 1a 1b 1c 1d 1e 1f 20 21 22 23 24 25 26 27 28 29 2a 2b 2c 2d 2e 2f 30 31 32 33 34 35 36 37 38 39 3a 3b 3c 3d 3e 3f 40 ffffffffffffffff 0
[cyc 12491] [R SHIFT BY OCTET IN] 01 02 03 04 05 06 07 08 09 0a 0b 0c 0d 0e 0f 10 11 12 13 14 15 16 17 18 19 1a 1b 1c 1d 1e 1f 20 21 22 23 24 25 26 27 28 29 2a 2b 2c 2d 2e 2f 30 31 32 33 34 35 36 37 38 39 3a 3b 3c 3d 3e 3f 40 ffffffffffffffff 0
[cyc 12491] [R SHIFT BY OCTET OUT] d1 d2 d3 d4 d5 d6 d7 d8 d9 da db dc dd de df e0 e1 e2 e3 e4 e5 e6 e7 e8 e9 ea eb ec ed ee ef f0 f1 f2 f3 f4 f5 f6 f7 f8 f9 fa fb fc fd fe ff 00 01 02 03 04 05 06 07 08 09 0a 0b 0c 0d 0e 0f 10 ffffffffffffffff 0
[cyc 12492] [R SHIFT BY OCTET IN] b1 b2 b3 b4 b5 b6 b7 b8 b9 ba bb bc bd be bf c0 c1 c2 c3 c4 c5 c6 c7 c8 c9 ca cb cc cd ce cf d0 d1 d2 d3 d4 d5 d6 d7 d8 d9 da db dc dd de df e0 e1 e2 e3 e4 e5 e6 e7 e8 e9 ea eb ec ed ee ef f0 ffffffffffffffff 0
[cyc 12492] [R SHIFT BY OCTET OUT] 7d 7e 7f 80 81 82 83 84 85 86 87 88 89 8a 8b 8c 8d 8e 8f 90 91 92 93 94 95 96 97 98 99 9a 9b 9c 9d 9e 9f a0 a1 a2 a3 a4 a5 a6 a7 a8 a9 aa ab ac ad ae af b0 b1 b2 b3 b4 b5 b6 b7 b8 b9 ba bb bc ffffffffffffffff 0
[cyc 12492] [STRIP MRC headers IN 0] 7d 7e 7f 80 81 82 83 84 85 86 87 88 89 8a 8b 8c 8d 8e 8f 90 91 92 93 94 95 96 97 98 99 9a 9b 9c 9d 9e 9f a0 a1 a2 a3 a4 a5 a6 a7 a8 a9 aa ab ac ad ae af b0 b1 b2 b3 b4 b5 b6 b7 b8 b9 ba bb bc ffffffffffffffff 0
[cyc 12492] [STRIP MRC headers OUT 0] 41 42 43 44 45 46 47 48 49 4a 4b 4c 4d 4e 4f 50 51 52 53 54 55 56 57 58 59 5a 5b 5c 5d 5e 5f 60 61 62 63 64 65 66 67 68 69 6a 6b 6c 6d 6e 6f 70 71 72 73 74 75 76 77 78 79 7a 7b 7c 7d 7e 7f 80 ffffffffffffffff 0
[cyc 12492] [R SHIFT BY OCTET IN] 41 42 43 44 45 46 47 48 49 4a 4b 4c 4d 4e 4f 50 51 52 53 54 55 56 57 58 59 5a 5b 5c 5d 5e 5f 60 61 62 63 64 65 66 67 68 69 6a 6b 6c 6d 6e 6f 70 71 72 73 74 75 76 77 78 79 7a 7b 7c 7d 7e 7f 80 ffffffffffffffff 0
[cyc 12492] [R SHIFT BY OCTET OUT] 11 12 13 14 15 16 17 18 19 1a 1b 1c 1d 1e 1f 20 21 22 23 24 25 26 27 28 29 2a 2b 2c 2d 2e 2f 30 31 32 33 34 35 36 37 38 39 3a 3b 3c 3d 3e 3f 40 41 42 43 44 45 46 47 48 49 4a 4b 4c 4d 4e 4f 50 ffffffffffffffff 0
[cyc 12493] [TB] last beat of packet 0 (17 beat(s))
[cyc 12493] [R SHIFT BY OCTET IN] f1 f2 f3 f4 f5 f6 f7 f8 f9 fa fb fc fd fe ff 00 01 02 03 04 05 06 07 08 09 0a 0b 0c 0d 0e 0f 10 00 00 00 00 00 00 00 00 00 00 00 00 00 00 00 00 00 00 00 00 00 00 00 00 00 00 00 00 00 00 00 00 00000000ffffffff 1  <- last
[cyc 12493] [R SHIFT BY OCTET OUT] bd be bf c0 c1 c2 c3 c4 c5 c6 c7 c8 c9 ca cb cc cd ce cf d0 d1 d2 d3 d4 d5 d6 d7 d8 d9 da db dc dd de df e0 e1 e2 e3 e4 e5 e6 e7 e8 e9 ea eb ec ed ee ef f0 f1 f2 f3 f4 f5 f6 f7 f8 f9 fa fb fc ffffffffffffffff 0
[cyc 12493] [STRIP MRC headers IN 0] bd be bf c0 c1 c2 c3 c4 c5 c6 c7 c8 c9 ca cb cc cd ce cf d0 d1 d2 d3 d4 d5 d6 d7 d8 d9 da db dc dd de df e0 e1 e2 e3 e4 e5 e6 e7 e8 e9 ea eb ec ed ee ef f0 f1 f2 f3 f4 f5 f6 f7 f8 f9 fa fb fc ffffffffffffffff 0
[cyc 12493] [STRIP MRC headers OUT 0] 81 82 83 84 85 86 87 88 89 8a 8b 8c 8d 8e 8f 90 91 92 93 94 95 96 97 98 99 9a 9b 9c 9d 9e 9f a0 a1 a2 a3 a4 a5 a6 a7 a8 a9 aa ab ac ad ae af b0 b1 b2 b3 b4 b5 b6 b7 b8 b9 ba bb bc bd be bf c0 ffffffffffffffff 0
[cyc 12493] [R SHIFT BY OCTET IN] 81 82 83 84 85 86 87 88 89 8a 8b 8c 8d 8e 8f 90 91 92 93 94 95 96 97 98 99 9a 9b 9c 9d 9e 9f a0 a1 a2 a3 a4 a5 a6 a7 a8 a9 aa ab ac ad ae af b0 b1 b2 b3 b4 b5 b6 b7 b8 b9 ba bb bc bd be bf c0 ffffffffffffffff 0
[cyc 12493] [R SHIFT BY OCTET OUT] 51 52 53 54 55 56 57 58 59 5a 5b 5c 5d 5e 5f 60 61 62 63 64 65 66 67 68 69 6a 6b 6c 6d 6e 6f 70 71 72 73 74 75 76 77 78 79 7a 7b 7c 7d 7e 7f 80 81 82 83 84 85 86 87 88 89 8a 8b 8c 8d 8e 8f 90 ffffffffffffffff 0
[TB] All packets fed, running 300 more cycles...
[cyc 12494] [R SHIFT BY OCTET OUT] fd fe ff 00 01 02 03 04 05 06 07 08 09 0a 0b 0c 0d 0e 0f 10 00 00 00 00 00 00 00 00 00 00 00 00 00 00 00 00 00 00 00 00 00 00 00 00 00 00 00 00 00 00 00 00 00 00 00 00 00 00 00 00 00 00 00 00 00000000000fffff 1  <- last
[cyc 12494] [STRIP MRC headers IN 0] fd fe ff 00 01 02 03 04 05 06 07 08 09 0a 0b 0c 0d 0e 0f 10 00 00 00 00 00 00 00 00 00 00 00 00 00 00 00 00 00 00 00 00 00 00 00 00 00 00 00 00 00 00 00 00 00 00 00 00 00 00 00 00 00 00 00 00 00000000000fffff 1  <- last
[cyc 12494] [STRIP MRC headers OUT 0] c1 c2 c3 c4 c5 c6 c7 c8 c9 ca cb cc cd ce cf d0 d1 d2 d3 d4 d5 d6 d7 d8 d9 da db dc dd de df e0 e1 e2 e3 e4 e5 e6 e7 e8 e9 ea eb ec ed ee ef f0 f1 f2 f3 f4 f5 f6 f7 f8 f9 fa fb fc fd fe ff 00 ffffffffffffffff 0
[cyc 12494] [R SHIFT BY OCTET IN] c1 c2 c3 c4 c5 c6 c7 c8 c9 ca cb cc cd ce cf d0 d1 d2 d3 d4 d5 d6 d7 d8 d9 da db dc dd de df e0 e1 e2 e3 e4 e5 e6 e7 e8 e9 ea eb ec ed ee ef f0 f1 f2 f3 f4 f5 f6 f7 f8 f9 fa fb fc fd fe ff 00 ffffffffffffffff 0
[cyc 12494] [R SHIFT BY OCTET OUT] 91 92 93 94 95 96 97 98 99 9a 9b 9c 9d 9e 9f a0 a1 a2 a3 a4 a5 a6 a7 a8 a9 aa ab ac ad ae af b0 b1 b2 b3 b4 b5 b6 b7 b8 b9 ba bb bc bd be bf c0 c1 c2 c3 c4 c5 c6 c7 c8 c9 ca cb cc cd ce cf d0 ffffffffffffffff 0
[cyc 12495] [STRIP MRC headers OUT 0] 01 02 03 04 05 06 07 08 09 0a 0b 0c 0d 0e 0f 10 00 00 00 00 00 00 00 00 00 00 00 00 00 00 00 00 00 00 00 00 00 00 00 00 00 00 00 00 00 00 00 00 00 00 00 00 00 00 00 00 00 00 00 00 00 00 00 00 000000000000ffff 1  <- last
[cyc 12495] [R SHIFT BY OCTET IN] 01 02 03 04 05 06 07 08 09 0a 0b 0c 0d 0e 0f 10 11 12 13 14 15 16 17 18 19 1a 1b 1c 1d 1e 1f 20 21 22 23 24 25 26 27 28 29 2a 2b 2c 2d 2e 2f 30 31 32 33 34 35 36 37 38 39 3a 3b 3c 3d 3e 3f 40 ffffffffffffffff 0
[cyc 12495] [R SHIFT BY OCTET OUT] d1 d2 d3 d4 d5 d6 d7 d8 d9 da db dc dd de df e0 e1 e2 e3 e4 e5 e6 e7 e8 e9 ea eb ec ed ee ef f0 f1 f2 f3 f4 f5 f6 f7 f8 f9 fa fb fc fd fe ff 00 01 02 03 04 05 06 07 08 09 0a 0b 0c 0d 0e 0f 10 ffffffffffffffff 0
[cyc 12496] [R SHIFT BY OCTET IN] 41 42 43 44 45 46 47 48 49 4a 4b 4c 4d 4e 4f 50 51 52 53 54 55 56 57 58 59 5a 5b 5c 5d 5e 5f 60 61 62 63 64 65 66 67 68 69 6a 6b 6c 6d 6e 6f 70 71 72 73 74 75 76 77 78 79 7a 7b 7c 7d 7e 7f 80 ffffffffffffffff 0
[cyc 12496] [R SHIFT BY OCTET OUT] 11 12 13 14 15 16 17 18 19 1a 1b 1c 1d 1e 1f 20 21 22 23 24 25 26 27 28 29 2a 2b 2c 2d 2e 2f 30 31 32 33 34 35 36 37 38 39 3a 3b 3c 3d 3e 3f 40 41 42 43 44 45 46 47 48 49 4a 4b 4c 4d 4e 4f 50 ffffffffffffffff 0
[cyc 12497] [R SHIFT BY OCTET IN] 81 82 83 84 85 86 87 88 89 8a 8b 8c 8d 8e 8f 90 91 92 93 94 95 96 97 98 99 9a 9b 9c 9d 9e 9f a0 a1 a2 a3 a4 a5 a6 a7 a8 a9 aa ab ac ad ae af b0 b1 b2 b3 b4 b5 b6 b7 b8 b9 ba bb bc bd be bf c0 ffffffffffffffff 0
[cyc 12497] [R SHIFT BY OCTET OUT] 51 52 53 54 55 56 57 58 59 5a 5b 5c 5d 5e 5f 60 61 62 63 64 65 66 67 68 69 6a 6b 6c 6d 6e 6f 70 71 72 73 74 75 76 77 78 79 7a 7b 7c 7d 7e 7f 80 81 82 83 84 85 86 87 88 89 8a 8b 8c 8d 8e 8f 90 ffffffffffffffff 0
[cyc 12498] [R SHIFT BY OCTET IN] c1 c2 c3 c4 c5 c6 c7 c8 c9 ca cb cc cd ce cf d0 d1 d2 d3 d4 d5 d6 d7 d8 d9 da db dc dd de df e0 e1 e2 e3 e4 e5 e6 e7 e8 e9 ea eb ec ed ee ef f0 f1 f2 f3 f4 f5 f6 f7 f8 f9 fa fb fc fd fe ff 00 ffffffffffffffff 0
[cyc 12498] [R SHIFT BY OCTET OUT] 91 92 93 94 95 96 97 98 99 9a 9b 9c 9d 9e 9f a0 a1 a2 a3 a4 a5 a6 a7 a8 a9 aa ab ac ad ae af b0 b1 b2 b3 b4 b5 b6 b7 b8 b9 ba bb bc bd be bf c0 c1 c2 c3 c4 c5 c6 c7 c8 c9 ca cb cc cd ce cf d0 ffffffffffffffff 0
[cyc 12499] [R SHIFT BY OCTET IN] 01 02 03 04 05 06 07 08 09 0a 0b 0c 0d 0e 0f 10 00 00 00 00 00 00 00 00 00 00 00 00 00 00 00 00 00 00 00 00 00 00 00 00 00 00 00 00 00 00 00 00 00 00 00 00 00 00 00 00 00 00 00 00 00 00 00 00 000000000000ffff 1  <- last
[cyc 12499] [R SHIFT BY OCTET OUT] d1 d2 d3 d4 d5 d6 d7 d8 d9 da db dc dd de df e0 e1 e2 e3 e4 e5 e6 e7 e8 e9 ea eb ec ed ee ef f0 f1 f2 f3 f4 f5 f6 f7 f8 f9 fa fb fc fd fe ff 00 01 02 03 04 05 06 07 08 09 0a 0b 0c 0d 0e 0f 10 ffffffffffffffff 1  <- last

[TB] ---- Outputs (cycle they left the module) ----
[TB] cyc 12483 m_axis_mem_write_cmd: op=RC_RDMA_WRITE_ONLY qpn=0x5 addr=0x2000 len=1024 lst=1 host=1
[TB] cyc 12500 m_axis_mem_write_data: 1024 B
      0000: 11 12 13 14 15 16 17 18 19 1a 1b 1c 1d 1e 1f 20 
      0010: 21 22 23 24 25 26 27 28 29 2a 2b 2c 2d 2e 2f 30 
      0020: 31 32 33 34 35 36 37 38 39 3a 3b 3c 3d 3e 3f 40 
      0030: 41 42 43 44 45 46 47 48 49 4a 4b 4c 4d 4e 4f 50 
      ... (960 more bytes)
[TB] cyc 12488 m_axis_tx_data packet (16 B), meta: dst ip=0xa000002 length=20
      0000: d1 00 ff ff 00 00 00 42 00 0a 0b 2c 1f 00 00 1a 

[TB] ---- Checks ----
[TB] Packet 0: TEST 12d: ONLY in order (resets NAK)
  [PASS] a memory write command was issued for it
[TB]   memory command at cycle 12483
  [PASS] memCmd.op_code = 0xca
  [PASS] memCmd.qpn     = 0x5
  [PASS] memCmd.addr    = 0x2000
  [PASS] memCmd.len     = 1024
  [PASS] memCmd.lst     = 0x1
  [PASS] payload data reached memory
[TB]   payload in memory by cycle 12500
  [PASS] bytes written to memory = 1024
  [PASS] memory data is identical to the payload that was sent
  [PASS] a reply (ACK/NAK) was sent for it
[TB]   reply at cycle 12488
  [PASS] tx meta: destination IP = 0xa000002
  [PASS] tx meta: UDP length (BTH+AETH+ICRC) = 20
[TB]   parsed reply: MRC_ACK  DestQP=0x42  PSN=0xa0b2c  AETH.syndrome=0x1f (ACK)  AETH.MSN=0x1a
  [PASS] reply length in bytes = 16
  [PASS] reply BTH.opcode (MRC_ACK) = 0xd1
  [PASS] reply BTH.DestQP (remote QPN) = 0x42
  [PASS] reply BTH.PSN = 0xa0b2c
  [PASS] reply AETH.syndrome (ACK) = 0x1f
  [PASS] reply AETH.MSN = 0x1a
[TB] Whole group
  [PASS] unexpected memory write commands = 0
  [PASS] unexpected memory payloads = 0
  [PASS] no memory data beat left without TLAST
  [PASS] unexpected packets sent back = 0
  [PASS] tx meta entries = tx packets = 1
  [PASS] invalid-PSN drop counter increase over the group = 0
  [PASS] ackMeta to the host (only used for our own requests) = 0
  [PASS] module consumed the whole input
  [PASS] no memory READ command issued

=====================================================================
  GROUP: TEST 12e: ONLY ahead of epsn
=====================================================================
[TB] Packet 0: TEST 12e: ONLY ahead of epsn
[TB]   state before: epsn=0xa0b2d last_psn=0xa0b2c
[TB]   RC_RDMA_WRITE_ONLY  DestQP=0x5  PSN=0xa0bc3, 658371  RETH.vaddr=0x2000  RETH.len=1024  payload=1024 B  UDP length=1068  (then drain and check)
      0000: ca 00 ff ff 00 00 00 05 80 0a 0b c3 00 00 00 00 
      0010: 00 00 00 00 00 00 20 00 00 00 12 34 00 00 04 00 
      0020: ee ef f0 f1 f2 f3 f4 f5 f6 f7 f8 f9 fa fb fc fd 
      0030: fe ff 00 01 02 03 04 05 06 07 08 09 0a 0b 0c 0d 
      ... (992 more bytes)

[TB] Feeding 1 packet(s)... (module prints follow)
[cyc 12794] [TB] first beat of packet 0 (TEST 12e: ONLY ahead of epsn)
[cyc 12794] [RX PROCESS IBH 0]: input psn 0x0a0bc3
[cyc 12794] [RX PROCESS IBH 0]: process IBH opcode: ca
[cyc 12794] [R SHIFT BY OCTET IN] ca 00 ff ff 00 00 00 05 80 0a 0b c3 00 00 00 00 00 00 00 00 00 00 20 00 00 00 12 34 00 00 04 00 ee ef f0 f1 f2 f3 f4 f5 f6 f7 f8 f9 fa fb fc fd fe ff 00 01 02 03 04 05 06 07 08 09 0a 0b 0c 0d ffffffffffffffff 0
[cyc 12795] [R SHIFT BY OCTET IN] 0e 0f 10 11 12 13 14 15 16 17 18 19 1a 1b 1c 1d 1e 1f 20 21 22 23 24 25 26 27 28 29 2a 2b 2c 2d 2e 2f 30 31 32 33 34 35 36 37 38 39 3a 3b 3c 3d 3e 3f 40 41 42 43 44 45 46 47 48 49 4a 4b 4c 4d ffffffffffffffff 0
[cyc 12795] [R SHIFT BY OCTET OUT] 00 00 00 00 00 00 00 00 00 00 20 00 00 00 12 34 00 00 04 00 ee ef f0 f1 f2 f3 f4 f5 f6 f7 f8 f9 fa fb fc fd fe ff 00 01 02 03 04 05 06 07 08 09 0a 0b 0c 0d 0e 0f 10 11 12 13 14 15 16 17 18 19 ffffffffffffffff 0
[cyc 12795] [STRIP MRC headers IN 0] 00 00 00 00 00 00 00 00 00 00 20 00 00 00 12 34 00 00 04 00 ee ef f0 f1 f2 f3 f4 f5 f6 f7 f8 f9 fa fb fc fd fe ff 00 01 02 03 04 05 06 07 08 09 0a 0b 0c 0d 0e 0f 10 11 12 13 14 15 16 17 18 19 ffffffffffffffff 0
[cyc 12796] [R SHIFT BY OCTET IN] 4e 4f 50 51 52 53 54 55 56 57 58 59 5a 5b 5c 5d 5e 5f 60 61 62 63 64 65 66 67 68 69 6a 6b 6c 6d 6e 6f 70 71 72 73 74 75 76 77 78 79 7a 7b 7c 7d 7e 7f 80 81 82 83 84 85 86 87 88 89 8a 8b 8c 8d ffffffffffffffff 0
[cyc 12796] [R SHIFT BY OCTET OUT] 1a 1b 1c 1d 1e 1f 20 21 22 23 24 25 26 27 28 29 2a 2b 2c 2d 2e 2f 30 31 32 33 34 35 36 37 38 39 3a 3b 3c 3d 3e 3f 40 41 42 43 44 45 46 47 48 49 4a 4b 4c 4d 4e 4f 50 51 52 53 54 55 56 57 58 59 ffffffffffffffff 0
[cyc 12796] [STRIP MRC headers IN 0] 1a 1b 1c 1d 1e 1f 20 21 22 23 24 25 26 27 28 29 2a 2b 2c 2d 2e 2f 30 31 32 33 34 35 36 37 38 39 3a 3b 3c 3d 3e 3f 40 41 42 43 44 45 46 47 48 49 4a 4b 4c 4d 4e 4f 50 51 52 53 54 55 56 57 58 59 ffffffffffffffff 0
[cyc 12796] [STRIP MRC headers OUT 0] 00 00 00 00 00 00 20 00 00 00 12 34 00 00 04 00 ee ef f0 f1 f2 f3 f4 f5 f6 f7 f8 f9 fa fb fc fd fe ff 00 01 02 03 04 05 06 07 08 09 0a 0b 0c 0d 0e 0f 10 11 12 13 14 15 16 17 18 19 1a 1b 1c 1d ffffffffffffffff 0
[cyc 12797] [R SHIFT BY OCTET IN] 8e 8f 90 91 92 93 94 95 96 97 98 99 9a 9b 9c 9d 9e 9f a0 a1 a2 a3 a4 a5 a6 a7 a8 a9 aa ab ac ad ae af b0 b1 b2 b3 b4 b5 b6 b7 b8 b9 ba bb bc bd be bf c0 c1 c2 c3 c4 c5 c6 c7 c8 c9 ca cb cc cd ffffffffffffffff 0
[cyc 12797] [R SHIFT BY OCTET OUT] 5a 5b 5c 5d 5e 5f 60 61 62 63 64 65 66 67 68 69 6a 6b 6c 6d 6e 6f 70 71 72 73 74 75 76 77 78 79 7a 7b 7c 7d 7e 7f 80 81 82 83 84 85 86 87 88 89 8a 8b 8c 8d 8e 8f 90 91 92 93 94 95 96 97 98 99 ffffffffffffffff 0
[cyc 12797] [STRIP MRC headers IN 0] 5a 5b 5c 5d 5e 5f 60 61 62 63 64 65 66 67 68 69 6a 6b 6c 6d 6e 6f 70 71 72 73 74 75 76 77 78 79 7a 7b 7c 7d 7e 7f 80 81 82 83 84 85 86 87 88 89 8a 8b 8c 8d 8e 8f 90 91 92 93 94 95 96 97 98 99 ffffffffffffffff 0
[cyc 12797] [STRIP MRC headers OUT 0] 1e 1f 20 21 22 23 24 25 26 27 28 29 2a 2b 2c 2d 2e 2f 30 31 32 33 34 35 36 37 38 39 3a 3b 3c 3d 3e 3f 40 41 42 43 44 45 46 47 48 49 4a 4b 4c 4d 4e 4f 50 51 52 53 54 55 56 57 58 59 5a 5b 5c 5d ffffffffffffffff 0
[cyc 12797] [RX IBH FSM 0]: epsn: 0x0a0b2d, 658221, packet psn: 0x0a0bc3, 658371, oldest outstanding psn: 0x8a0b2d, 9046829
[cyc 12797] [RX IBH FSM 0]: dropping invalid psn 0x0a0bc3 with retry 0x7
[cyc 12797] [RX IBH FSM 0]: sending NAK on epsn 0x0a0b2d
[cyc 12797] [META MERGER 0]: reading from ack event with qpn 0x5, psn 0x0a0b2d
[cyc 12798] [R SHIFT BY OCTET IN] ce cf d0 d1 d2 d3 d4 d5 d6 d7 d8 d9 da db dc dd de df e0 e1 e2 e3 e4 e5 e6 e7 e8 e9 ea eb ec ed ee ef f0 f1 f2 f3 f4 f5 f6 f7 f8 f9 fa fb fc fd fe ff 00 01 02 03 04 05 06 07 08 09 0a 0b 0c 0d ffffffffffffffff 0
[cyc 12798] [R SHIFT BY OCTET OUT] 9a 9b 9c 9d 9e 9f a0 a1 a2 a3 a4 a5 a6 a7 a8 a9 aa ab ac ad ae af b0 b1 b2 b3 b4 b5 b6 b7 b8 b9 ba bb bc bd be bf c0 c1 c2 c3 c4 c5 c6 c7 c8 c9 ca cb cc cd ce cf d0 d1 d2 d3 d4 d5 d6 d7 d8 d9 ffffffffffffffff 0
[cyc 12798] [STRIP MRC headers IN 0] 9a 9b 9c 9d 9e 9f a0 a1 a2 a3 a4 a5 a6 a7 a8 a9 aa ab ac ad ae af b0 b1 b2 b3 b4 b5 b6 b7 b8 b9 ba bb bc bd be bf c0 c1 c2 c3 c4 c5 c6 c7 c8 c9 ca cb cc cd ce cf d0 d1 d2 d3 d4 d5 d6 d7 d8 d9 ffffffffffffffff 0
[cyc 12798] [STRIP MRC headers OUT 0] 5e 5f 60 61 62 63 64 65 66 67 68 69 6a 6b 6c 6d 6e 6f 70 71 72 73 74 75 76 77 78 79 7a 7b 7c 7d 7e 7f 80 81 82 83 84 85 86 87 88 89 8a 8b 8c 8d 8e 8f 90 91 92 93 94 95 96 97 98 99 9a 9b 9c 9d ffffffffffffffff 0
[cyc 12799] [R SHIFT BY OCTET IN] 0e 0f 10 11 12 13 14 15 16 17 18 19 1a 1b 1c 1d 1e 1f 20 21 22 23 24 25 26 27 28 29 2a 2b 2c 2d 2e 2f 30 31 32 33 34 35 36 37 38 39 3a 3b 3c 3d 3e 3f 40 41 42 43 44 45 46 47 48 49 4a 4b 4c 4d ffffffffffffffff 0
[cyc 12799] [R SHIFT BY OCTET OUT] da db dc dd de df e0 e1 e2 e3 e4 e5 e6 e7 e8 e9 ea eb ec ed ee ef f0 f1 f2 f3 f4 f5 f6 f7 f8 f9 fa fb fc fd fe ff 00 01 02 03 04 05 06 07 08 09 0a 0b 0c 0d 0e 0f 10 11 12 13 14 15 16 17 18 19 ffffffffffffffff 0
[cyc 12799] [STRIP MRC headers IN 0] da db dc dd de df e0 e1 e2 e3 e4 e5 e6 e7 e8 e9 ea eb ec ed ee ef f0 f1 f2 f3 f4 f5 f6 f7 f8 f9 fa fb fc fd fe ff 00 01 02 03 04 05 06 07 08 09 0a 0b 0c 0d 0e 0f 10 11 12 13 14 15 16 17 18 19 ffffffffffffffff 0
[cyc 12799] [STRIP MRC headers OUT 0] 9e 9f a0 a1 a2 a3 a4 a5 a6 a7 a8 a9 aa ab ac ad ae af b0 b1 b2 b3 b4 b5 b6 b7 b8 b9 ba bb bc bd be bf c0 c1 c2 c3 c4 c5 c6 c7 c8 c9 ca cb cc cd ce cf d0 d1 d2 d3 d4 d5 d6 d7 d8 d9 da db dc dd ffffffffffffffff 0
[cyc 12799] [GENERATE EXH 0]: psn seq error
[cyc 12799] [GENERATE EXH 0]: MRC_ACK with qpn 0x5, psn 0x0a0b2d
[cyc 12799] [GENERATE EXH 0]: MRC_ACK 60 00 00 1a 40 5f 00 00 00 71 f4 d0 83 e8 5f f6 60 fa 8b 9e 40 5f 00 00 40 be 46 89 fe 7f 00 00 d0 fa 8b 9e 40 5f 00 00 44 5b 81 9e 40 5f 00 00 44 c0 46 89 fe 7f 00 00 87 16 85 9e 40 5f 00 00 000000000000000f 1
[cyc 12799] [APPEND PAYLOAD 0]: moving to state HEADER
[cyc 12799] [TX IP UDP META MERGER 0]: port 0xc000
[cyc 12800] [R SHIFT BY OCTET IN] 4e 4f 50 51 52 53 54 55 56 57 58 59 5a 5b 5c 5d 5e 5f 60 61 62 63 64 65 66 67 68 69 6a 6b 6c 6d 6e 6f 70 71 72 73 74 75 76 77 78 79 7a 7b 7c 7d 7e 7f 80 81 82 83 84 85 86 87 88 89 8a 8b 8c 8d ffffffffffffffff 0
[cyc 12800] [R SHIFT BY OCTET OUT] 1a 1b 1c 1d 1e 1f 20 21 22 23 24 25 26 27 28 29 2a 2b 2c 2d 2e 2f 30 31 32 33 34 35 36 37 38 39 3a 3b 3c 3d 3e 3f 40 41 42 43 44 45 46 47 48 49 4a 4b 4c 4d 4e 4f 50 51 52 53 54 55 56 57 58 59 ffffffffffffffff 0
[cyc 12800] [STRIP MRC headers IN 0] 1a 1b 1c 1d 1e 1f 20 21 22 23 24 25 26 27 28 29 2a 2b 2c 2d 2e 2f 30 31 32 33 34 35 36 37 38 39 3a 3b 3c 3d 3e 3f 40 41 42 43 44 45 46 47 48 49 4a 4b 4c 4d 4e 4f 50 51 52 53 54 55 56 57 58 59 ffffffffffffffff 0
[cyc 12800] [STRIP MRC headers OUT 0] de df e0 e1 e2 e3 e4 e5 e6 e7 e8 e9 ea eb ec ed ee ef f0 f1 f2 f3 f4 f5 f6 f7 f8 f9 fa fb fc fd fe ff 00 01 02 03 04 05 06 07 08 09 0a 0b 0c 0d 0e 0f 10 11 12 13 14 15 16 17 18 19 1a 1b 1c 1d ffffffffffffffff 0
[cyc 12800] [APPEND PAYLOAD 0]: moving to state INFO
[cyc 12800] [GENERATE IBH 0]: input meta, opcode 0xd1 valid psn 0x0a0b2d
[cyc 12800] [PREPEND IBH HEADER 0]: going to state PARTIAL_HEADER
[cyc 12801] [R SHIFT BY OCTET IN] 8e 8f 90 91 92 93 94 95 96 97 98 99 9a 9b 9c 9d 9e 9f a0 a1 a2 a3 a4 a5 a6 a7 a8 a9 aa ab ac ad ae af b0 b1 b2 b3 b4 b5 b6 b7 b8 b9 ba bb bc bd be bf c0 c1 c2 c3 c4 c5 c6 c7 c8 c9 ca cb cc cd ffffffffffffffff 0
[cyc 12801] [R SHIFT BY OCTET OUT] 5a 5b 5c 5d 5e 5f 60 61 62 63 64 65 66 67 68 69 6a 6b 6c 6d 6e 6f 70 71 72 73 74 75 76 77 78 79 7a 7b 7c 7d 7e 7f 80 81 82 83 84 85 86 87 88 89 8a 8b 8c 8d 8e 8f 90 91 92 93 94 95 96 97 98 99 ffffffffffffffff 0
[cyc 12801] [STRIP MRC headers IN 0] 5a 5b 5c 5d 5e 5f 60 61 62 63 64 65 66 67 68 69 6a 6b 6c 6d 6e 6f 70 71 72 73 74 75 76 77 78 79 7a 7b 7c 7d 7e 7f 80 81 82 83 84 85 86 87 88 89 8a 8b 8c 8d 8e 8f 90 91 92 93 94 95 96 97 98 99 ffffffffffffffff 0
[cyc 12801] [STRIP MRC headers OUT 0] 1e 1f 20 21 22 23 24 25 26 27 28 29 2a 2b 2c 2d 2e 2f 30 31 32 33 34 35 36 37 38 39 3a 3b 3c 3d 3e 3f 40 41 42 43 44 45 46 47 48 49 4a 4b 4c 4d 4e 4f 50 51 52 53 54 55 56 57 58 59 5a 5b 5c 5d ffffffffffffffff 0
[cyc 12801] [PREPEND IBH HEADER 0]: IBH PARTIAL PAYLOAD
[cyc 12801] 00 00 00 00 00 00 00 00 00 00 00 00 60 00 00 1a 40 5f 00 00 00 71 f4 d0 83 e8 5f f6 60 fa 8b 9e 40 5f 00 00 40 be 46 89 fe 7f 00 00 d0 fa 8b 9e 40 5f 00 00 44 5b 81 9e 40 5f 00 00 44 c0 46 89 000000000000ffff 1
[cyc 12801] [PREPEND IBH HEADER 0]: IBH PARTIAL HEADER
[cyc 12801] d1 00 ff ff 00 00 00 42 00 0a 0b 2d 60 00 00 1a 40 5f 00 00 00 71 f4 d0 83 e8 5f f6 60 fa 8b 9e 40 5f 00 00 40 be 46 89 fe 7f 00 00 d0 fa 8b 9e 40 5f 00 00 44 5b 81 9e 40 5f 00 00 44 c0 46 89 000000000000ffff 1
[cyc 12802] [R SHIFT BY OCTET IN] ce cf d0 d1 d2 d3 d4 d5 d6 d7 d8 d9 da db dc dd de df e0 e1 e2 e3 e4 e5 e6 e7 e8 e9 ea eb ec ed ee ef f0 f1 f2 f3 f4 f5 f6 f7 f8 f9 fa fb fc fd fe ff 00 01 02 03 04 05 06 07 08 09 0a 0b 0c 0d ffffffffffffffff 0
[cyc 12802] [R SHIFT BY OCTET OUT] 9a 9b 9c 9d 9e 9f a0 a1 a2 a3 a4 a5 a6 a7 a8 a9 aa ab ac ad ae af b0 b1 b2 b3 b4 b5 b6 b7 b8 b9 ba bb bc bd be bf c0 c1 c2 c3 c4 c5 c6 c7 c8 c9 ca cb cc cd ce cf d0 d1 d2 d3 d4 d5 d6 d7 d8 d9 ffffffffffffffff 0
[cyc 12802] [STRIP MRC headers IN 0] 9a 9b 9c 9d 9e 9f a0 a1 a2 a3 a4 a5 a6 a7 a8 a9 aa ab ac ad ae af b0 b1 b2 b3 b4 b5 b6 b7 b8 b9 ba bb bc bd be bf c0 c1 c2 c3 c4 c5 c6 c7 c8 c9 ca cb cc cd ce cf d0 d1 d2 d3 d4 d5 d6 d7 d8 d9 ffffffffffffffff 0
[cyc 12802] [STRIP MRC headers OUT 0] 5e 5f 60 61 62 63 64 65 66 67 68 69 6a 6b 6c 6d 6e 6f 70 71 72 73 74 75 76 77 78 79 7a 7b 7c 7d 7e 7f 80 81 82 83 84 85 86 87 88 89 8a 8b 8c 8d 8e 8f 90 91 92 93 94 95 96 97 98 99 9a 9b 9c 9d ffffffffffffffff 0
[cyc 12803] [R SHIFT BY OCTET IN] 0e 0f 10 11 12 13 14 15 16 17 18 19 1a 1b 1c 1d 1e 1f 20 21 22 23 24 25 26 27 28 29 2a 2b 2c 2d 2e 2f 30 31 32 33 34 35 36 37 38 39 3a 3b 3c 3d 3e 3f 40 41 42 43 44 45 46 47 48 49 4a 4b 4c 4d ffffffffffffffff 0
[cyc 12803] [R SHIFT BY OCTET OUT] da db dc dd de df e0 e1 e2 e3 e4 e5 e6 e7 e8 e9 ea eb ec ed ee ef f0 f1 f2 f3 f4 f5 f6 f7 f8 f9 fa fb fc fd fe ff 00 01 02 03 04 05 06 07 08 09 0a 0b 0c 0d 0e 0f 10 11 12 13 14 15 16 17 18 19 ffffffffffffffff 0
[cyc 12803] [STRIP MRC headers IN 0] da db dc dd de df e0 e1 e2 e3 e4 e5 e6 e7 e8 e9 ea eb ec ed ee ef f0 f1 f2 f3 f4 f5 f6 f7 f8 f9 fa fb fc fd fe ff 00 01 02 03 04 05 06 07 08 09 0a 0b 0c 0d 0e 0f 10 11 12 13 14 15 16 17 18 19 ffffffffffffffff 0
[cyc 12803] [STRIP MRC headers OUT 0] 9e 9f a0 a1 a2 a3 a4 a5 a6 a7 a8 a9 aa ab ac ad ae af b0 b1 b2 b3 b4 b5 b6 b7 b8 b9 ba bb bc bd be bf c0 c1 c2 c3 c4 c5 c6 c7 c8 c9 ca cb cc cd ce cf d0 d1 d2 d3 d4 d5 d6 d7 d8 d9 da db dc dd ffffffffffffffff 0
[cyc 12804] [R SHIFT BY OCTET IN] 4e 4f 50 51 52 53 54 55 56 57 58 59 5a 5b 5c 5d 5e 5f 60 61 62 63 64 65 66 67 68 69 6a 6b 6c 6d 6e 6f 70 71 72 73 74 75 76 77 78 79 7a 7b 7c 7d 7e 7f 80 81 82 83 84 85 86 87 88 89 8a 8b 8c 8d ffffffffffffffff 0
[cyc 12804] [R SHIFT BY OCTET OUT] 1a 1b 1c 1d 1e 1f 20 21 22 23 24 25 26 27 28 29 2a 2b 2c 2d 2e 2f 30 31 32 33 34 35 36 37 38 39 3a 3b 3c 3d 3e 3f 40 41 42 43 44 45 46 47 48 49 4a 4b 4c 4d 4e 4f 50 51 52 53 54 55 56 57 58 59 ffffffffffffffff 0
[cyc 12804] [STRIP MRC headers IN 0] 1a 1b 1c 1d 1e 1f 20 21 22 23 24 25 26 27 28 29 2a 2b 2c 2d 2e 2f 30 31 32 33 34 35 36 37 38 39 3a 3b 3c 3d 3e 3f 40 41 42 43 44 45 46 47 48 49 4a 4b 4c 4d 4e 4f 50 51 52 53 54 55 56 57 58 59 ffffffffffffffff 0
[cyc 12804] [STRIP MRC headers OUT 0] de df e0 e1 e2 e3 e4 e5 e6 e7 e8 e9 ea eb ec ed ee ef f0 f1 f2 f3 f4 f5 f6 f7 f8 f9 fa fb fc fd fe ff 00 01 02 03 04 05 06 07 08 09 0a 0b 0c 0d 0e 0f 10 11 12 13 14 15 16 17 18 19 1a 1b 1c 1d ffffffffffffffff 0
[cyc 12805] [R SHIFT BY OCTET IN] 8e 8f 90 91 92 93 94 95 96 97 98 99 9a 9b 9c 9d 9e 9f a0 a1 a2 a3 a4 a5 a6 a7 a8 a9 aa ab ac ad ae af b0 b1 b2 b3 b4 b5 b6 b7 b8 b9 ba bb bc bd be bf c0 c1 c2 c3 c4 c5 c6 c7 c8 c9 ca cb cc cd ffffffffffffffff 0
[cyc 12805] [R SHIFT BY OCTET OUT] 5a 5b 5c 5d 5e 5f 60 61 62 63 64 65 66 67 68 69 6a 6b 6c 6d 6e 6f 70 71 72 73 74 75 76 77 78 79 7a 7b 7c 7d 7e 7f 80 81 82 83 84 85 86 87 88 89 8a 8b 8c 8d 8e 8f 90 91 92 93 94 95 96 97 98 99 ffffffffffffffff 0
[cyc 12805] [STRIP MRC headers IN 0] 5a 5b 5c 5d 5e 5f 60 61 62 63 64 65 66 67 68 69 6a 6b 6c 6d 6e 6f 70 71 72 73 74 75 76 77 78 79 7a 7b 7c 7d 7e 7f 80 81 82 83 84 85 86 87 88 89 8a 8b 8c 8d 8e 8f 90 91 92 93 94 95 96 97 98 99 ffffffffffffffff 0
[cyc 12805] [STRIP MRC headers OUT 0] 1e 1f 20 21 22 23 24 25 26 27 28 29 2a 2b 2c 2d 2e 2f 30 31 32 33 34 35 36 37 38 39 3a 3b 3c 3d 3e 3f 40 41 42 43 44 45 46 47 48 49 4a 4b 4c 4d 4e 4f 50 51 52 53 54 55 56 57 58 59 5a 5b 5c 5d ffffffffffffffff 0
[cyc 12806] [R SHIFT BY OCTET IN] ce cf d0 d1 d2 d3 d4 d5 d6 d7 d8 d9 da db dc dd de df e0 e1 e2 e3 e4 e5 e6 e7 e8 e9 ea eb ec ed ee ef f0 f1 f2 f3 f4 f5 f6 f7 f8 f9 fa fb fc fd fe ff 00 01 02 03 04 05 06 07 08 09 0a 0b 0c 0d ffffffffffffffff 0
[cyc 12806] [R SHIFT BY OCTET OUT] 9a 9b 9c 9d 9e 9f a0 a1 a2 a3 a4 a5 a6 a7 a8 a9 aa ab ac ad ae af b0 b1 b2 b3 b4 b5 b6 b7 b8 b9 ba bb bc bd be bf c0 c1 c2 c3 c4 c5 c6 c7 c8 c9 ca cb cc cd ce cf d0 d1 d2 d3 d4 d5 d6 d7 d8 d9 ffffffffffffffff 0
[cyc 12806] [STRIP MRC headers IN 0] 9a 9b 9c 9d 9e 9f a0 a1 a2 a3 a4 a5 a6 a7 a8 a9 aa ab ac ad ae af b0 b1 b2 b3 b4 b5 b6 b7 b8 b9 ba bb bc bd be bf c0 c1 c2 c3 c4 c5 c6 c7 c8 c9 ca cb cc cd ce cf d0 d1 d2 d3 d4 d5 d6 d7 d8 d9 ffffffffffffffff 0
[cyc 12806] [STRIP MRC headers OUT 0] 5e 5f 60 61 62 63 64 65 66 67 68 69 6a 6b 6c 6d 6e 6f 70 71 72 73 74 75 76 77 78 79 7a 7b 7c 7d 7e 7f 80 81 82 83 84 85 86 87 88 89 8a 8b 8c 8d 8e 8f 90 91 92 93 94 95 96 97 98 99 9a 9b 9c 9d ffffffffffffffff 0
[cyc 12807] [R SHIFT BY OCTET IN] 0e 0f 10 11 12 13 14 15 16 17 18 19 1a 1b 1c 1d 1e 1f 20 21 22 23 24 25 26 27 28 29 2a 2b 2c 2d 2e 2f 30 31 32 33 34 35 36 37 38 39 3a 3b 3c 3d 3e 3f 40 41 42 43 44 45 46 47 48 49 4a 4b 4c 4d ffffffffffffffff 0
[cyc 12807] [R SHIFT BY OCTET OUT] da db dc dd de df e0 e1 e2 e3 e4 e5 e6 e7 e8 e9 ea eb ec ed ee ef f0 f1 f2 f3 f4 f5 f6 f7 f8 f9 fa fb fc fd fe ff 00 01 02 03 04 05 06 07 08 09 0a 0b 0c 0d 0e 0f 10 11 12 13 14 15 16 17 18 19 ffffffffffffffff 0
[cyc 12807] [STRIP MRC headers IN 0] da db dc dd de df e0 e1 e2 e3 e4 e5 e6 e7 e8 e9 ea eb ec ed ee ef f0 f1 f2 f3 f4 f5 f6 f7 f8 f9 fa fb fc fd fe ff 00 01 02 03 04 05 06 07 08 09 0a 0b 0c 0d 0e 0f 10 11 12 13 14 15 16 17 18 19 ffffffffffffffff 0
[cyc 12807] [STRIP MRC headers OUT 0] 9e 9f a0 a1 a2 a3 a4 a5 a6 a7 a8 a9 aa ab ac ad ae af b0 b1 b2 b3 b4 b5 b6 b7 b8 b9 ba bb bc bd be bf c0 c1 c2 c3 c4 c5 c6 c7 c8 c9 ca cb cc cd ce cf d0 d1 d2 d3 d4 d5 d6 d7 d8 d9 da db dc dd ffffffffffffffff 0
[cyc 12808] [R SHIFT BY OCTET IN] 4e 4f 50 51 52 53 54 55 56 57 58 59 5a 5b 5c 5d 5e 5f 60 61 62 63 64 65 66 67 68 69 6a 6b 6c 6d 6e 6f 70 71 72 73 74 75 76 77 78 79 7a 7b 7c 7d 7e 7f 80 81 82 83 84 85 86 87 88 89 8a 8b 8c 8d ffffffffffffffff 0
[cyc 12808] [R SHIFT BY OCTET OUT] 1a 1b 1c 1d 1e 1f 20 21 22 23 24 25 26 27 28 29 2a 2b 2c 2d 2e 2f 30 31 32 33 34 35 36 37 38 39 3a 3b 3c 3d 3e 3f 40 41 42 43 44 45 46 47 48 49 4a 4b 4c 4d 4e 4f 50 51 52 53 54 55 56 57 58 59 ffffffffffffffff 0
[cyc 12808] [STRIP MRC headers IN 0] 1a 1b 1c 1d 1e 1f 20 21 22 23 24 25 26 27 28 29 2a 2b 2c 2d 2e 2f 30 31 32 33 34 35 36 37 38 39 3a 3b 3c 3d 3e 3f 40 41 42 43 44 45 46 47 48 49 4a 4b 4c 4d 4e 4f 50 51 52 53 54 55 56 57 58 59 ffffffffffffffff 0
[cyc 12808] [STRIP MRC headers OUT 0] de df e0 e1 e2 e3 e4 e5 e6 e7 e8 e9 ea eb ec ed ee ef f0 f1 f2 f3 f4 f5 f6 f7 f8 f9 fa fb fc fd fe ff 00 01 02 03 04 05 06 07 08 09 0a 0b 0c 0d 0e 0f 10 11 12 13 14 15 16 17 18 19 1a 1b 1c 1d ffffffffffffffff 0
[cyc 12809] [R SHIFT BY OCTET IN] 8e 8f 90 91 92 93 94 95 96 97 98 99 9a 9b 9c 9d 9e 9f a0 a1 a2 a3 a4 a5 a6 a7 a8 a9 aa ab ac ad ae af b0 b1 b2 b3 b4 b5 b6 b7 b8 b9 ba bb bc bd be bf c0 c1 c2 c3 c4 c5 c6 c7 c8 c9 ca cb cc cd ffffffffffffffff 0
[cyc 12809] [R SHIFT BY OCTET OUT] 5a 5b 5c 5d 5e 5f 60 61 62 63 64 65 66 67 68 69 6a 6b 6c 6d 6e 6f 70 71 72 73 74 75 76 77 78 79 7a 7b 7c 7d 7e 7f 80 81 82 83 84 85 86 87 88 89 8a 8b 8c 8d 8e 8f 90 91 92 93 94 95 96 97 98 99 ffffffffffffffff 0
[cyc 12809] [STRIP MRC headers IN 0] 5a 5b 5c 5d 5e 5f 60 61 62 63 64 65 66 67 68 69 6a 6b 6c 6d 6e 6f 70 71 72 73 74 75 76 77 78 79 7a 7b 7c 7d 7e 7f 80 81 82 83 84 85 86 87 88 89 8a 8b 8c 8d 8e 8f 90 91 92 93 94 95 96 97 98 99 ffffffffffffffff 0
[cyc 12809] [STRIP MRC headers OUT 0] 1e 1f 20 21 22 23 24 25 26 27 28 29 2a 2b 2c 2d 2e 2f 30 31 32 33 34 35 36 37 38 39 3a 3b 3c 3d 3e 3f 40 41 42 43 44 45 46 47 48 49 4a 4b 4c 4d 4e 4f 50 51 52 53 54 55 56 57 58 59 5a 5b 5c 5d ffffffffffffffff 0
[cyc 12810] [TB] last beat of packet 0 (17 beat(s))
[cyc 12810] [R SHIFT BY OCTET IN] ce cf d0 d1 d2 d3 d4 d5 d6 d7 d8 d9 da db dc dd de df e0 e1 e2 e3 e4 e5 e6 e7 e8 e9 ea eb ec ed 00 00 00 00 00 00 00 00 00 00 00 00 00 00 00 00 00 00 00 00 00 00 00 00 00 00 00 00 00 00 00 00 00000000ffffffff 1  <- last
[cyc 12810] [R SHIFT BY OCTET OUT] 9a 9b 9c 9d 9e 9f a0 a1 a2 a3 a4 a5 a6 a7 a8 a9 aa ab ac ad ae af b0 b1 b2 b3 b4 b5 b6 b7 b8 b9 ba bb bc bd be bf c0 c1 c2 c3 c4 c5 c6 c7 c8 c9 ca cb cc cd ce cf d0 d1 d2 d3 d4 d5 d6 d7 d8 d9 ffffffffffffffff 0
[cyc 12810] [STRIP MRC headers IN 0] 9a 9b 9c 9d 9e 9f a0 a1 a2 a3 a4 a5 a6 a7 a8 a9 aa ab ac ad ae af b0 b1 b2 b3 b4 b5 b6 b7 b8 b9 ba bb bc bd be bf c0 c1 c2 c3 c4 c5 c6 c7 c8 c9 ca cb cc cd ce cf d0 d1 d2 d3 d4 d5 d6 d7 d8 d9 ffffffffffffffff 0
[cyc 12810] [STRIP MRC headers OUT 0] 5e 5f 60 61 62 63 64 65 66 67 68 69 6a 6b 6c 6d 6e 6f 70 71 72 73 74 75 76 77 78 79 7a 7b 7c 7d 7e 7f 80 81 82 83 84 85 86 87 88 89 8a 8b 8c 8d 8e 8f 90 91 92 93 94 95 96 97 98 99 9a 9b 9c 9d ffffffffffffffff 0
[TB] All packets fed, running 300 more cycles...
[cyc 12811] [R SHIFT BY OCTET OUT] da db dc dd de df e0 e1 e2 e3 e4 e5 e6 e7 e8 e9 ea eb ec ed 00 00 00 00 00 00 00 00 00 00 00 00 00 00 00 00 00 00 00 00 00 00 00 00 00 00 00 00 00 00 00 00 00 00 00 00 00 00 00 00 00 00 00 00 00000000000fffff 1  <- last
[cyc 12811] [STRIP MRC headers IN 0] da db dc dd de df e0 e1 e2 e3 e4 e5 e6 e7 e8 e9 ea eb ec ed 00 00 00 00 00 00 00 00 00 00 00 00 00 00 00 00 00 00 00 00 00 00 00 00 00 00 00 00 00 00 00 00 00 00 00 00 00 00 00 00 00 00 00 00 00000000000fffff 1  <- last
[cyc 12811] [STRIP MRC headers OUT 0] 9e 9f a0 a1 a2 a3 a4 a5 a6 a7 a8 a9 aa ab ac ad ae af b0 b1 b2 b3 b4 b5 b6 b7 b8 b9 ba bb bc bd be bf c0 c1 c2 c3 c4 c5 c6 c7 c8 c9 ca cb cc cd ce cf d0 d1 d2 d3 d4 d5 d6 d7 d8 d9 da db dc dd ffffffffffffffff 0
[cyc 12812] [STRIP MRC headers OUT 0] de df e0 e1 e2 e3 e4 e5 e6 e7 e8 e9 ea eb ec ed 00 00 00 00 00 00 00 00 00 00 00 00 00 00 00 00 00 00 00 00 00 00 00 00 00 00 00 00 00 00 00 00 00 00 00 00 00 00 00 00 00 00 00 00 00 00 00 00 000000000000ffff 1  <- last

[TB] ---- Outputs (cycle they left the module) ----
[TB] cyc 12802 m_axis_tx_data packet (16 B), meta: dst ip=0xa000002 length=20
      0000: d1 00 ff ff 00 00 00 42 00 0a 0b 2d 60 00 00 1a 

[TB] ---- Checks ----
[TB] Packet 0: TEST 12e: ONLY ahead of epsn
[TB]   no memory write expected
  [PASS] a reply (ACK/NAK) was sent for it
[TB]   reply at cycle 12802
  [PASS] tx meta: destination IP = 0xa000002
  [PASS] tx meta: UDP length (BTH+AETH+ICRC) = 20
[TB]   parsed reply: MRC_ACK  DestQP=0x42  PSN=0xa0b2d  AETH.syndrome=0x60 (NAK: PSN sequence error)  AETH.MSN=0x1a
  [PASS] reply length in bytes = 16
  [PASS] reply BTH.opcode (MRC_ACK) = 0xd1
  [PASS] reply BTH.DestQP (remote QPN) = 0x42
  [PASS] reply BTH.PSN = 0xa0b2d
  [PASS] reply AETH.syndrome (NAK seq err) = 0x60
  [PASS] reply AETH.MSN = 0x1a
[TB] Whole group
  [PASS] unexpected memory write commands = 0
  [PASS] unexpected memory payloads = 0
  [PASS] no memory data beat left without TLAST
  [PASS] unexpected packets sent back = 0
  [PASS] tx meta entries = tx packets = 1
  [PASS] invalid-PSN drop counter increase over the group = 1
  [PASS] ackMeta to the host (only used for our own requests) = 0
  [PASS] module consumed the whole input
  [PASS] no memory READ command issued

=====================================================================
  GROUP: TEST 12f: ONLY ahead of epsn
=====================================================================
[TB] Packet 0: TEST 12f: ONLY ahead of epsn
[TB]   state before: epsn=0xa0b2d last_psn=0xa0b2c
[TB]   RC_RDMA_WRITE_ONLY  DestQP=0x5  PSN=0xa0bc3, 658371  RETH.vaddr=0x2000  RETH.len=1024  payload=1024 B  UDP length=1068  (then drain and check)
      0000: ca 00 ff ff 00 00 00 05 80 0a 0b c3 00 00 00 00 
      0010: 00 00 00 00 00 00 20 00 00 00 12 34 00 00 04 00 
      0020: ee ef f0 f1 f2 f3 f4 f5 f6 f7 f8 f9 fa fb fc fd 
      0030: fe ff 00 01 02 03 04 05 06 07 08 09 0a 0b 0c 0d 
      ... (992 more bytes)

[TB] Feeding 1 packet(s)... (module prints follow)
[cyc 13111] [TB] first beat of packet 0 (TEST 12f: ONLY ahead of epsn)
[cyc 13111] [RX PROCESS IBH 0]: input psn 0x0a0bc3
[cyc 13111] [RX PROCESS IBH 0]: process IBH opcode: ca
[cyc 13111] [R SHIFT BY OCTET IN] ca 00 ff ff 00 00 00 05 80 0a 0b c3 00 00 00 00 00 00 00 00 00 00 20 00 00 00 12 34 00 00 04 00 ee ef f0 f1 f2 f3 f4 f5 f6 f7 f8 f9 fa fb fc fd fe ff 00 01 02 03 04 05 06 07 08 09 0a 0b 0c 0d ffffffffffffffff 0
[cyc 13112] [R SHIFT BY OCTET IN] 0e 0f 10 11 12 13 14 15 16 17 18 19 1a 1b 1c 1d 1e 1f 20 21 22 23 24 25 26 27 28 29 2a 2b 2c 2d 2e 2f 30 31 32 33 34 35 36 37 38 39 3a 3b 3c 3d 3e 3f 40 41 42 43 44 45 46 47 48 49 4a 4b 4c 4d ffffffffffffffff 0
[cyc 13112] [R SHIFT BY OCTET OUT] 00 00 00 00 00 00 00 00 00 00 20 00 00 00 12 34 00 00 04 00 ee ef f0 f1 f2 f3 f4 f5 f6 f7 f8 f9 fa fb fc fd fe ff 00 01 02 03 04 05 06 07 08 09 0a 0b 0c 0d 0e 0f 10 11 12 13 14 15 16 17 18 19 ffffffffffffffff 0
[cyc 13112] [STRIP MRC headers IN 0] 00 00 00 00 00 00 00 00 00 00 20 00 00 00 12 34 00 00 04 00 ee ef f0 f1 f2 f3 f4 f5 f6 f7 f8 f9 fa fb fc fd fe ff 00 01 02 03 04 05 06 07 08 09 0a 0b 0c 0d 0e 0f 10 11 12 13 14 15 16 17 18 19 ffffffffffffffff 0
[cyc 13113] [R SHIFT BY OCTET IN] 4e 4f 50 51 52 53 54 55 56 57 58 59 5a 5b 5c 5d 5e 5f 60 61 62 63 64 65 66 67 68 69 6a 6b 6c 6d 6e 6f 70 71 72 73 74 75 76 77 78 79 7a 7b 7c 7d 7e 7f 80 81 82 83 84 85 86 87 88 89 8a 8b 8c 8d ffffffffffffffff 0
[cyc 13113] [R SHIFT BY OCTET OUT] 1a 1b 1c 1d 1e 1f 20 21 22 23 24 25 26 27 28 29 2a 2b 2c 2d 2e 2f 30 31 32 33 34 35 36 37 38 39 3a 3b 3c 3d 3e 3f 40 41 42 43 44 45 46 47 48 49 4a 4b 4c 4d 4e 4f 50 51 52 53 54 55 56 57 58 59 ffffffffffffffff 0
[cyc 13113] [STRIP MRC headers IN 0] 1a 1b 1c 1d 1e 1f 20 21 22 23 24 25 26 27 28 29 2a 2b 2c 2d 2e 2f 30 31 32 33 34 35 36 37 38 39 3a 3b 3c 3d 3e 3f 40 41 42 43 44 45 46 47 48 49 4a 4b 4c 4d 4e 4f 50 51 52 53 54 55 56 57 58 59 ffffffffffffffff 0
[cyc 13113] [STRIP MRC headers OUT 0] 00 00 00 00 00 00 20 00 00 00 12 34 00 00 04 00 ee ef f0 f1 f2 f3 f4 f5 f6 f7 f8 f9 fa fb fc fd fe ff 00 01 02 03 04 05 06 07 08 09 0a 0b 0c 0d 0e 0f 10 11 12 13 14 15 16 17 18 19 1a 1b 1c 1d ffffffffffffffff 0
[cyc 13114] [R SHIFT BY OCTET IN] 8e 8f 90 91 92 93 94 95 96 97 98 99 9a 9b 9c 9d 9e 9f a0 a1 a2 a3 a4 a5 a6 a7 a8 a9 aa ab ac ad ae af b0 b1 b2 b3 b4 b5 b6 b7 b8 b9 ba bb bc bd be bf c0 c1 c2 c3 c4 c5 c6 c7 c8 c9 ca cb cc cd ffffffffffffffff 0
[cyc 13114] [R SHIFT BY OCTET OUT] 5a 5b 5c 5d 5e 5f 60 61 62 63 64 65 66 67 68 69 6a 6b 6c 6d 6e 6f 70 71 72 73 74 75 76 77 78 79 7a 7b 7c 7d 7e 7f 80 81 82 83 84 85 86 87 88 89 8a 8b 8c 8d 8e 8f 90 91 92 93 94 95 96 97 98 99 ffffffffffffffff 0
[cyc 13114] [STRIP MRC headers IN 0] 5a 5b 5c 5d 5e 5f 60 61 62 63 64 65 66 67 68 69 6a 6b 6c 6d 6e 6f 70 71 72 73 74 75 76 77 78 79 7a 7b 7c 7d 7e 7f 80 81 82 83 84 85 86 87 88 89 8a 8b 8c 8d 8e 8f 90 91 92 93 94 95 96 97 98 99 ffffffffffffffff 0
[cyc 13114] [STRIP MRC headers OUT 0] 1e 1f 20 21 22 23 24 25 26 27 28 29 2a 2b 2c 2d 2e 2f 30 31 32 33 34 35 36 37 38 39 3a 3b 3c 3d 3e 3f 40 41 42 43 44 45 46 47 48 49 4a 4b 4c 4d 4e 4f 50 51 52 53 54 55 56 57 58 59 5a 5b 5c 5d ffffffffffffffff 0
[cyc 13114] [RX IBH FSM 0]: epsn: 0x0a0b2d, 658221, packet psn: 0x0a0bc3, 658371, oldest outstanding psn: 0x8a0b2d, 9046829
[cyc 13114] [RX IBH FSM 0]: dropping invalid psn 0x0a0bc3 with retry 0x6
[cyc 13115] [R SHIFT BY OCTET IN] ce cf d0 d1 d2 d3 d4 d5 d6 d7 d8 d9 da db dc dd de df e0 e1 e2 e3 e4 e5 e6 e7 e8 e9 ea eb ec ed ee ef f0 f1 f2 f3 f4 f5 f6 f7 f8 f9 fa fb fc fd fe ff 00 01 02 03 04 05 06 07 08 09 0a 0b 0c 0d ffffffffffffffff 0
[cyc 13115] [R SHIFT BY OCTET OUT] 9a 9b 9c 9d 9e 9f a0 a1 a2 a3 a4 a5 a6 a7 a8 a9 aa ab ac ad ae af b0 b1 b2 b3 b4 b5 b6 b7 b8 b9 ba bb bc bd be bf c0 c1 c2 c3 c4 c5 c6 c7 c8 c9 ca cb cc cd ce cf d0 d1 d2 d3 d4 d5 d6 d7 d8 d9 ffffffffffffffff 0
[cyc 13115] [STRIP MRC headers IN 0] 9a 9b 9c 9d 9e 9f a0 a1 a2 a3 a4 a5 a6 a7 a8 a9 aa ab ac ad ae af b0 b1 b2 b3 b4 b5 b6 b7 b8 b9 ba bb bc bd be bf c0 c1 c2 c3 c4 c5 c6 c7 c8 c9 ca cb cc cd ce cf d0 d1 d2 d3 d4 d5 d6 d7 d8 d9 ffffffffffffffff 0
[cyc 13115] [STRIP MRC headers OUT 0] 5e 5f 60 61 62 63 64 65 66 67 68 69 6a 6b 6c 6d 6e 6f 70 71 72 73 74 75 76 77 78 79 7a 7b 7c 7d 7e 7f 80 81 82 83 84 85 86 87 88 89 8a 8b 8c 8d 8e 8f 90 91 92 93 94 95 96 97 98 99 9a 9b 9c 9d ffffffffffffffff 0
[cyc 13116] [R SHIFT BY OCTET IN] 0e 0f 10 11 12 13 14 15 16 17 18 19 1a 1b 1c 1d 1e 1f 20 21 22 23 24 25 26 27 28 29 2a 2b 2c 2d 2e 2f 30 31 32 33 34 35 36 37 38 39 3a 3b 3c 3d 3e 3f 40 41 42 43 44 45 46 47 48 49 4a 4b 4c 4d ffffffffffffffff 0
[cyc 13116] [R SHIFT BY OCTET OUT] da db dc dd de df e0 e1 e2 e3 e4 e5 e6 e7 e8 e9 ea eb ec ed ee ef f0 f1 f2 f3 f4 f5 f6 f7 f8 f9 fa fb fc fd fe ff 00 01 02 03 04 05 06 07 08 09 0a 0b 0c 0d 0e 0f 10 11 12 13 14 15 16 17 18 19 ffffffffffffffff 0
[cyc 13116] [STRIP MRC headers IN 0] da db dc dd de df e0 e1 e2 e3 e4 e5 e6 e7 e8 e9 ea eb ec ed ee ef f0 f1 f2 f3 f4 f5 f6 f7 f8 f9 fa fb fc fd fe ff 00 01 02 03 04 05 06 07 08 09 0a 0b 0c 0d 0e 0f 10 11 12 13 14 15 16 17 18 19 ffffffffffffffff 0
[cyc 13116] [STRIP MRC headers OUT 0] 9e 9f a0 a1 a2 a3 a4 a5 a6 a7 a8 a9 aa ab ac ad ae af b0 b1 b2 b3 b4 b5 b6 b7 b8 b9 ba bb bc bd be bf c0 c1 c2 c3 c4 c5 c6 c7 c8 c9 ca cb cc cd ce cf d0 d1 d2 d3 d4 d5 d6 d7 d8 d9 da db dc dd ffffffffffffffff 0
[cyc 13117] [R SHIFT BY OCTET IN] 4e 4f 50 51 52 53 54 55 56 57 58 59 5a 5b 5c 5d 5e 5f 60 61 62 63 64 65 66 67 68 69 6a 6b 6c 6d 6e 6f 70 71 72 73 74 75 76 77 78 79 7a 7b 7c 7d 7e 7f 80 81 82 83 84 85 86 87 88 89 8a 8b 8c 8d ffffffffffffffff 0
[cyc 13117] [R SHIFT BY OCTET OUT] 1a 1b 1c 1d 1e 1f 20 21 22 23 24 25 26 27 28 29 2a 2b 2c 2d 2e 2f 30 31 32 33 34 35 36 37 38 39 3a 3b 3c 3d 3e 3f 40 41 42 43 44 45 46 47 48 49 4a 4b 4c 4d 4e 4f 50 51 52 53 54 55 56 57 58 59 ffffffffffffffff 0
[cyc 13117] [STRIP MRC headers IN 0] 1a 1b 1c 1d 1e 1f 20 21 22 23 24 25 26 27 28 29 2a 2b 2c 2d 2e 2f 30 31 32 33 34 35 36 37 38 39 3a 3b 3c 3d 3e 3f 40 41 42 43 44 45 46 47 48 49 4a 4b 4c 4d 4e 4f 50 51 52 53 54 55 56 57 58 59 ffffffffffffffff 0
[cyc 13117] [STRIP MRC headers OUT 0] de df e0 e1 e2 e3 e4 e5 e6 e7 e8 e9 ea eb ec ed ee ef f0 f1 f2 f3 f4 f5 f6 f7 f8 f9 fa fb fc fd fe ff 00 01 02 03 04 05 06 07 08 09 0a 0b 0c 0d 0e 0f 10 11 12 13 14 15 16 17 18 19 1a 1b 1c 1d ffffffffffffffff 0
[cyc 13118] [R SHIFT BY OCTET IN] 8e 8f 90 91 92 93 94 95 96 97 98 99 9a 9b 9c 9d 9e 9f a0 a1 a2 a3 a4 a5 a6 a7 a8 a9 aa ab ac ad ae af b0 b1 b2 b3 b4 b5 b6 b7 b8 b9 ba bb bc bd be bf c0 c1 c2 c3 c4 c5 c6 c7 c8 c9 ca cb cc cd ffffffffffffffff 0
[cyc 13118] [R SHIFT BY OCTET OUT] 5a 5b 5c 5d 5e 5f 60 61 62 63 64 65 66 67 68 69 6a 6b 6c 6d 6e 6f 70 71 72 73 74 75 76 77 78 79 7a 7b 7c 7d 7e 7f 80 81 82 83 84 85 86 87 88 89 8a 8b 8c 8d 8e 8f 90 91 92 93 94 95 96 97 98 99 ffffffffffffffff 0
[cyc 13118] [STRIP MRC headers IN 0] 5a 5b 5c 5d 5e 5f 60 61 62 63 64 65 66 67 68 69 6a 6b 6c 6d 6e 6f 70 71 72 73 74 75 76 77 78 79 7a 7b 7c 7d 7e 7f 80 81 82 83 84 85 86 87 88 89 8a 8b 8c 8d 8e 8f 90 91 92 93 94 95 96 97 98 99 ffffffffffffffff 0
[cyc 13118] [STRIP MRC headers OUT 0] 1e 1f 20 21 22 23 24 25 26 27 28 29 2a 2b 2c 2d 2e 2f 30 31 32 33 34 35 36 37 38 39 3a 3b 3c 3d 3e 3f 40 41 42 43 44 45 46 47 48 49 4a 4b 4c 4d 4e 4f 50 51 52 53 54 55 56 57 58 59 5a 5b 5c 5d ffffffffffffffff 0
[cyc 13119] [R SHIFT BY OCTET IN] ce cf d0 d1 d2 d3 d4 d5 d6 d7 d8 d9 da db dc dd de df e0 e1 e2 e3 e4 e5 e6 e7 e8 e9 ea eb ec ed ee ef f0 f1 f2 f3 f4 f5 f6 f7 f8 f9 fa fb fc fd fe ff 00 01 02 03 04 05 06 07 08 09 0a 0b 0c 0d ffffffffffffffff 0
[cyc 13119] [R SHIFT BY OCTET OUT] 9a 9b 9c 9d 9e 9f a0 a1 a2 a3 a4 a5 a6 a7 a8 a9 aa ab ac ad ae af b0 b1 b2 b3 b4 b5 b6 b7 b8 b9 ba bb bc bd be bf c0 c1 c2 c3 c4 c5 c6 c7 c8 c9 ca cb cc cd ce cf d0 d1 d2 d3 d4 d5 d6 d7 d8 d9 ffffffffffffffff 0
[cyc 13119] [STRIP MRC headers IN 0] 9a 9b 9c 9d 9e 9f a0 a1 a2 a3 a4 a5 a6 a7 a8 a9 aa ab ac ad ae af b0 b1 b2 b3 b4 b5 b6 b7 b8 b9 ba bb bc bd be bf c0 c1 c2 c3 c4 c5 c6 c7 c8 c9 ca cb cc cd ce cf d0 d1 d2 d3 d4 d5 d6 d7 d8 d9 ffffffffffffffff 0
[cyc 13119] [STRIP MRC headers OUT 0] 5e 5f 60 61 62 63 64 65 66 67 68 69 6a 6b 6c 6d 6e 6f 70 71 72 73 74 75 76 77 78 79 7a 7b 7c 7d 7e 7f 80 81 82 83 84 85 86 87 88 89 8a 8b 8c 8d 8e 8f 90 91 92 93 94 95 96 97 98 99 9a 9b 9c 9d ffffffffffffffff 0
[cyc 13120] [R SHIFT BY OCTET IN] 0e 0f 10 11 12 13 14 15 16 17 18 19 1a 1b 1c 1d 1e 1f 20 21 22 23 24 25 26 27 28 29 2a 2b 2c 2d 2e 2f 30 31 32 33 34 35 36 37 38 39 3a 3b 3c 3d 3e 3f 40 41 42 43 44 45 46 47 48 49 4a 4b 4c 4d ffffffffffffffff 0
[cyc 13120] [R SHIFT BY OCTET OUT] da db dc dd de df e0 e1 e2 e3 e4 e5 e6 e7 e8 e9 ea eb ec ed ee ef f0 f1 f2 f3 f4 f5 f6 f7 f8 f9 fa fb fc fd fe ff 00 01 02 03 04 05 06 07 08 09 0a 0b 0c 0d 0e 0f 10 11 12 13 14 15 16 17 18 19 ffffffffffffffff 0
[cyc 13120] [STRIP MRC headers IN 0] da db dc dd de df e0 e1 e2 e3 e4 e5 e6 e7 e8 e9 ea eb ec ed ee ef f0 f1 f2 f3 f4 f5 f6 f7 f8 f9 fa fb fc fd fe ff 00 01 02 03 04 05 06 07 08 09 0a 0b 0c 0d 0e 0f 10 11 12 13 14 15 16 17 18 19 ffffffffffffffff 0
[cyc 13120] [STRIP MRC headers OUT 0] 9e 9f a0 a1 a2 a3 a4 a5 a6 a7 a8 a9 aa ab ac ad ae af b0 b1 b2 b3 b4 b5 b6 b7 b8 b9 ba bb bc bd be bf c0 c1 c2 c3 c4 c5 c6 c7 c8 c9 ca cb cc cd ce cf d0 d1 d2 d3 d4 d5 d6 d7 d8 d9 da db dc dd ffffffffffffffff 0
[cyc 13121] [R SHIFT BY OCTET IN] 4e 4f 50 51 52 53 54 55 56 57 58 59 5a 5b 5c 5d 5e 5f 60 61 62 63 64 65 66 67 68 69 6a 6b 6c 6d 6e 6f 70 71 72 73 74 75 76 77 78 79 7a 7b 7c 7d 7e 7f 80 81 82 83 84 85 86 87 88 89 8a 8b 8c 8d ffffffffffffffff 0
[cyc 13121] [R SHIFT BY OCTET OUT] 1a 1b 1c 1d 1e 1f 20 21 22 23 24 25 26 27 28 29 2a 2b 2c 2d 2e 2f 30 31 32 33 34 35 36 37 38 39 3a 3b 3c 3d 3e 3f 40 41 42 43 44 45 46 47 48 49 4a 4b 4c 4d 4e 4f 50 51 52 53 54 55 56 57 58 59 ffffffffffffffff 0
[cyc 13121] [STRIP MRC headers IN 0] 1a 1b 1c 1d 1e 1f 20 21 22 23 24 25 26 27 28 29 2a 2b 2c 2d 2e 2f 30 31 32 33 34 35 36 37 38 39 3a 3b 3c 3d 3e 3f 40 41 42 43 44 45 46 47 48 49 4a 4b 4c 4d 4e 4f 50 51 52 53 54 55 56 57 58 59 ffffffffffffffff 0
[cyc 13121] [STRIP MRC headers OUT 0] de df e0 e1 e2 e3 e4 e5 e6 e7 e8 e9 ea eb ec ed ee ef f0 f1 f2 f3 f4 f5 f6 f7 f8 f9 fa fb fc fd fe ff 00 01 02 03 04 05 06 07 08 09 0a 0b 0c 0d 0e 0f 10 11 12 13 14 15 16 17 18 19 1a 1b 1c 1d ffffffffffffffff 0
[cyc 13122] [R SHIFT BY OCTET IN] 8e 8f 90 91 92 93 94 95 96 97 98 99 9a 9b 9c 9d 9e 9f a0 a1 a2 a3 a4 a5 a6 a7 a8 a9 aa ab ac ad ae af b0 b1 b2 b3 b4 b5 b6 b7 b8 b9 ba bb bc bd be bf c0 c1 c2 c3 c4 c5 c6 c7 c8 c9 ca cb cc cd ffffffffffffffff 0
[cyc 13122] [R SHIFT BY OCTET OUT] 5a 5b 5c 5d 5e 5f 60 61 62 63 64 65 66 67 68 69 6a 6b 6c 6d 6e 6f 70 71 72 73 74 75 76 77 78 79 7a 7b 7c 7d 7e 7f 80 81 82 83 84 85 86 87 88 89 8a 8b 8c 8d 8e 8f 90 91 92 93 94 95 96 97 98 99 ffffffffffffffff 0
[cyc 13122] [STRIP MRC headers IN 0] 5a 5b 5c 5d 5e 5f 60 61 62 63 64 65 66 67 68 69 6a 6b 6c 6d 6e 6f 70 71 72 73 74 75 76 77 78 79 7a 7b 7c 7d 7e 7f 80 81 82 83 84 85 86 87 88 89 8a 8b 8c 8d 8e 8f 90 91 92 93 94 95 96 97 98 99 ffffffffffffffff 0
[cyc 13122] [STRIP MRC headers OUT 0] 1e 1f 20 21 22 23 24 25 26 27 28 29 2a 2b 2c 2d 2e 2f 30 31 32 33 34 35 36 37 38 39 3a 3b 3c 3d 3e 3f 40 41 42 43 44 45 46 47 48 49 4a 4b 4c 4d 4e 4f 50 51 52 53 54 55 56 57 58 59 5a 5b 5c 5d ffffffffffffffff 0
[cyc 13123] [R SHIFT BY OCTET IN] ce cf d0 d1 d2 d3 d4 d5 d6 d7 d8 d9 da db dc dd de df e0 e1 e2 e3 e4 e5 e6 e7 e8 e9 ea eb ec ed ee ef f0 f1 f2 f3 f4 f5 f6 f7 f8 f9 fa fb fc fd fe ff 00 01 02 03 04 05 06 07 08 09 0a 0b 0c 0d ffffffffffffffff 0
[cyc 13123] [R SHIFT BY OCTET OUT] 9a 9b 9c 9d 9e 9f a0 a1 a2 a3 a4 a5 a6 a7 a8 a9 aa ab ac ad ae af b0 b1 b2 b3 b4 b5 b6 b7 b8 b9 ba bb bc bd be bf c0 c1 c2 c3 c4 c5 c6 c7 c8 c9 ca cb cc cd ce cf d0 d1 d2 d3 d4 d5 d6 d7 d8 d9 ffffffffffffffff 0
[cyc 13123] [STRIP MRC headers IN 0] 9a 9b 9c 9d 9e 9f a0 a1 a2 a3 a4 a5 a6 a7 a8 a9 aa ab ac ad ae af b0 b1 b2 b3 b4 b5 b6 b7 b8 b9 ba bb bc bd be bf c0 c1 c2 c3 c4 c5 c6 c7 c8 c9 ca cb cc cd ce cf d0 d1 d2 d3 d4 d5 d6 d7 d8 d9 ffffffffffffffff 0
[cyc 13123] [STRIP MRC headers OUT 0] 5e 5f 60 61 62 63 64 65 66 67 68 69 6a 6b 6c 6d 6e 6f 70 71 72 73 74 75 76 77 78 79 7a 7b 7c 7d 7e 7f 80 81 82 83 84 85 86 87 88 89 8a 8b 8c 8d 8e 8f 90 91 92 93 94 95 96 97 98 99 9a 9b 9c 9d ffffffffffffffff 0
[cyc 13124] [R SHIFT BY OCTET IN] 0e 0f 10 11 12 13 14 15 16 17 18 19 1a 1b 1c 1d 1e 1f 20 21 22 23 24 25 26 27 28 29 2a 2b 2c 2d 2e 2f 30 31 32 33 34 35 36 37 38 39 3a 3b 3c 3d 3e 3f 40 41 42 43 44 45 46 47 48 49 4a 4b 4c 4d ffffffffffffffff 0
[cyc 13124] [R SHIFT BY OCTET OUT] da db dc dd de df e0 e1 e2 e3 e4 e5 e6 e7 e8 e9 ea eb ec ed ee ef f0 f1 f2 f3 f4 f5 f6 f7 f8 f9 fa fb fc fd fe ff 00 01 02 03 04 05 06 07 08 09 0a 0b 0c 0d 0e 0f 10 11 12 13 14 15 16 17 18 19 ffffffffffffffff 0
[cyc 13124] [STRIP MRC headers IN 0] da db dc dd de df e0 e1 e2 e3 e4 e5 e6 e7 e8 e9 ea eb ec ed ee ef f0 f1 f2 f3 f4 f5 f6 f7 f8 f9 fa fb fc fd fe ff 00 01 02 03 04 05 06 07 08 09 0a 0b 0c 0d 0e 0f 10 11 12 13 14 15 16 17 18 19 ffffffffffffffff 0
[cyc 13124] [STRIP MRC headers OUT 0] 9e 9f a0 a1 a2 a3 a4 a5 a6 a7 a8 a9 aa ab ac ad ae af b0 b1 b2 b3 b4 b5 b6 b7 b8 b9 ba bb bc bd be bf c0 c1 c2 c3 c4 c5 c6 c7 c8 c9 ca cb cc cd ce cf d0 d1 d2 d3 d4 d5 d6 d7 d8 d9 da db dc dd ffffffffffffffff 0
[cyc 13125] [R SHIFT BY OCTET IN] 4e 4f 50 51 52 53 54 55 56 57 58 59 5a 5b 5c 5d 5e 5f 60 61 62 63 64 65 66 67 68 69 6a 6b 6c 6d 6e 6f 70 71 72 73 74 75 76 77 78 79 7a 7b 7c 7d 7e 7f 80 81 82 83 84 85 86 87 88 89 8a 8b 8c 8d ffffffffffffffff 0
[cyc 13125] [R SHIFT BY OCTET OUT] 1a 1b 1c 1d 1e 1f 20 21 22 23 24 25 26 27 28 29 2a 2b 2c 2d 2e 2f 30 31 32 33 34 35 36 37 38 39 3a 3b 3c 3d 3e 3f 40 41 42 43 44 45 46 47 48 49 4a 4b 4c 4d 4e 4f 50 51 52 53 54 55 56 57 58 59 ffffffffffffffff 0
[cyc 13125] [STRIP MRC headers IN 0] 1a 1b 1c 1d 1e 1f 20 21 22 23 24 25 26 27 28 29 2a 2b 2c 2d 2e 2f 30 31 32 33 34 35 36 37 38 39 3a 3b 3c 3d 3e 3f 40 41 42 43 44 45 46 47 48 49 4a 4b 4c 4d 4e 4f 50 51 52 53 54 55 56 57 58 59 ffffffffffffffff 0
[cyc 13125] [STRIP MRC headers OUT 0] de df e0 e1 e2 e3 e4 e5 e6 e7 e8 e9 ea eb ec ed ee ef f0 f1 f2 f3 f4 f5 f6 f7 f8 f9 fa fb fc fd fe ff 00 01 02 03 04 05 06 07 08 09 0a 0b 0c 0d 0e 0f 10 11 12 13 14 15 16 17 18 19 1a 1b 1c 1d ffffffffffffffff 0
[cyc 13126] [R SHIFT BY OCTET IN] 8e 8f 90 91 92 93 94 95 96 97 98 99 9a 9b 9c 9d 9e 9f a0 a1 a2 a3 a4 a5 a6 a7 a8 a9 aa ab ac ad ae af b0 b1 b2 b3 b4 b5 b6 b7 b8 b9 ba bb bc bd be bf c0 c1 c2 c3 c4 c5 c6 c7 c8 c9 ca cb cc cd ffffffffffffffff 0
[cyc 13126] [R SHIFT BY OCTET OUT] 5a 5b 5c 5d 5e 5f 60 61 62 63 64 65 66 67 68 69 6a 6b 6c 6d 6e 6f 70 71 72 73 74 75 76 77 78 79 7a 7b 7c 7d 7e 7f 80 81 82 83 84 85 86 87 88 89 8a 8b 8c 8d 8e 8f 90 91 92 93 94 95 96 97 98 99 ffffffffffffffff 0
[cyc 13126] [STRIP MRC headers IN 0] 5a 5b 5c 5d 5e 5f 60 61 62 63 64 65 66 67 68 69 6a 6b 6c 6d 6e 6f 70 71 72 73 74 75 76 77 78 79 7a 7b 7c 7d 7e 7f 80 81 82 83 84 85 86 87 88 89 8a 8b 8c 8d 8e 8f 90 91 92 93 94 95 96 97 98 99 ffffffffffffffff 0
[cyc 13126] [STRIP MRC headers OUT 0] 1e 1f 20 21 22 23 24 25 26 27 28 29 2a 2b 2c 2d 2e 2f 30 31 32 33 34 35 36 37 38 39 3a 3b 3c 3d 3e 3f 40 41 42 43 44 45 46 47 48 49 4a 4b 4c 4d 4e 4f 50 51 52 53 54 55 56 57 58 59 5a 5b 5c 5d ffffffffffffffff 0
[cyc 13127] [TB] last beat of packet 0 (17 beat(s))
[cyc 13127] [R SHIFT BY OCTET IN] ce cf d0 d1 d2 d3 d4 d5 d6 d7 d8 d9 da db dc dd de df e0 e1 e2 e3 e4 e5 e6 e7 e8 e9 ea eb ec ed 00 00 00 00 00 00 00 00 00 00 00 00 00 00 00 00 00 00 00 00 00 00 00 00 00 00 00 00 00 00 00 00 00000000ffffffff 1  <- last
[cyc 13127] [R SHIFT BY OCTET OUT] 9a 9b 9c 9d 9e 9f a0 a1 a2 a3 a4 a5 a6 a7 a8 a9 aa ab ac ad ae af b0 b1 b2 b3 b4 b5 b6 b7 b8 b9 ba bb bc bd be bf c0 c1 c2 c3 c4 c5 c6 c7 c8 c9 ca cb cc cd ce cf d0 d1 d2 d3 d4 d5 d6 d7 d8 d9 ffffffffffffffff 0
[cyc 13127] [STRIP MRC headers IN 0] 9a 9b 9c 9d 9e 9f a0 a1 a2 a3 a4 a5 a6 a7 a8 a9 aa ab ac ad ae af b0 b1 b2 b3 b4 b5 b6 b7 b8 b9 ba bb bc bd be bf c0 c1 c2 c3 c4 c5 c6 c7 c8 c9 ca cb cc cd ce cf d0 d1 d2 d3 d4 d5 d6 d7 d8 d9 ffffffffffffffff 0
[cyc 13127] [STRIP MRC headers OUT 0] 5e 5f 60 61 62 63 64 65 66 67 68 69 6a 6b 6c 6d 6e 6f 70 71 72 73 74 75 76 77 78 79 7a 7b 7c 7d 7e 7f 80 81 82 83 84 85 86 87 88 89 8a 8b 8c 8d 8e 8f 90 91 92 93 94 95 96 97 98 99 9a 9b 9c 9d ffffffffffffffff 0
[TB] All packets fed, running 300 more cycles...
[cyc 13128] [R SHIFT BY OCTET OUT] da db dc dd de df e0 e1 e2 e3 e4 e5 e6 e7 e8 e9 ea eb ec ed 00 00 00 00 00 00 00 00 00 00 00 00 00 00 00 00 00 00 00 00 00 00 00 00 00 00 00 00 00 00 00 00 00 00 00 00 00 00 00 00 00 00 00 00 00000000000fffff 1  <- last
[cyc 13128] [STRIP MRC headers IN 0] da db dc dd de df e0 e1 e2 e3 e4 e5 e6 e7 e8 e9 ea eb ec ed 00 00 00 00 00 00 00 00 00 00 00 00 00 00 00 00 00 00 00 00 00 00 00 00 00 00 00 00 00 00 00 00 00 00 00 00 00 00 00 00 00 00 00 00 00000000000fffff 1  <- last
[cyc 13128] [STRIP MRC headers OUT 0] 9e 9f a0 a1 a2 a3 a4 a5 a6 a7 a8 a9 aa ab ac ad ae af b0 b1 b2 b3 b4 b5 b6 b7 b8 b9 ba bb bc bd be bf c0 c1 c2 c3 c4 c5 c6 c7 c8 c9 ca cb cc cd ce cf d0 d1 d2 d3 d4 d5 d6 d7 d8 d9 da db dc dd ffffffffffffffff 0
[cyc 13129] [STRIP MRC headers OUT 0] de df e0 e1 e2 e3 e4 e5 e6 e7 e8 e9 ea eb ec ed 00 00 00 00 00 00 00 00 00 00 00 00 00 00 00 00 00 00 00 00 00 00 00 00 00 00 00 00 00 00 00 00 00 00 00 00 00 00 00 00 00 00 00 00 00 00 00 00 000000000000ffff 1  <- last

[TB] ---- Outputs (cycle they left the module) ----

[TB] ---- Checks ----
[TB] Packet 0: TEST 12f: ONLY ahead of epsn
[TB]   no memory write expected
[TB]   no reply expected
[TB] Whole group
  [PASS] unexpected memory write commands = 0
  [PASS] unexpected memory payloads = 0
  [PASS] no memory data beat left without TLAST
  [PASS] unexpected packets sent back = 0
  [PASS] tx meta entries = tx packets = 0
  [PASS] invalid-PSN drop counter increase over the group = 1
  [PASS] ackMeta to the host (only used for our own requests) = 0
  [PASS] module consumed the whole input
  [PASS] no memory READ command issued

=====================================================================
  GROUP: TEST 13a: ONLY in a burst  ->  TEST 13b: ONLY + TSETH in a burst  ->  TEST 13c: FIRST in a burst  ->  TEST 13d: MIDDLE in a burst  ->  TEST 13e: LAST in a burst
=====================================================================
[TB] Packet 0: TEST 13a: ONLY in a burst
[TB]   state before: epsn=0xa0b2d last_psn=0xa0b2c
[TB]   RC_RDMA_WRITE_ONLY  DestQP=0x5  PSN=0xa0b2d, 658221  RETH.vaddr=0x60000  RETH.len=500  payload=500 B  UDP length=544  (next packet back to back)
      0000: ca 00 ff ff 00 00 00 05 80 0a 0b 2d 00 00 00 1a 
      0010: 00 00 00 00 00 06 00 00 00 00 12 34 00 00 01 f4 
      0020: f1 f2 f3 f4 f5 f6 f7 f8 f9 fa fb fc fd fe ff 00 
      0030: 01 02 03 04 05 06 07 08 09 0a 0b 0c 0d 0e 0f 10 
      ... (468 more bytes)
[TB] Packet 1: TEST 13b: ONLY + TSETH in a burst
[TB]   state before: epsn=0xa0b2e last_psn=0xa0b2d
[TB]   RC_RDMA_WRITE_ONLY  DestQP=0x5  PSN=0xa0b2e, 658222  RETH.vaddr=0x61000  RETH.len=45  payload=45 B  UDP length=93  (next packet back to back)
      0000: ca 00 ff ff 00 00 00 05 90 0a 0b 2e 00 00 00 1b 
      0010: 00 00 00 01 00 00 00 00 00 06 10 00 00 00 12 34 
      0020: 00 00 00 2d f2 f3 f4 f5 f6 f7 f8 f9 fa fb fc fd 
      0030: fe ff 00 01 02 03 04 05 06 07 08 09 0a 0b 0c 0d 
      ... (17 more bytes)
[TB] Packet 2: TEST 13c: FIRST in a burst
[TB]   state before: epsn=0xa0b2f last_psn=0xa0b2e
[TB]   RC_RDMA_WRITE_FIRST  DestQP=0x5  PSN=0xa0b2f, 658223  RETH.vaddr=0x62000  RETH.len=2058  payload=1024 B  UDP length=1068  (next packet back to back)
      0000: c6 00 ff ff 00 00 00 05 80 0a 0b 2f 00 00 00 1c 
      0010: 00 00 00 00 00 06 20 00 00 00 12 34 00 00 08 0a 
      0020: f3 f4 f5 f6 f7 f8 f9 fa fb fc fd fe ff 00 01 02 
      0030: 03 04 05 06 07 08 09 0a 0b 0c 0d 0e 0f 10 11 12 
      ... (992 more bytes)
[TB] Packet 3: TEST 13d: MIDDLE in a burst
[TB]   state before: epsn=0xa0b30 last_psn=0xa0b2f
[TB]   RC_RDMA_WRITE_MIDDLE  DestQP=0x5  PSN=0xa0b30, 658224  RETH.vaddr=0x62400  RETH.len=2058  payload=1024 B  UDP length=1068  (next packet back to back)
      0000: c7 00 ff ff 00 00 00 05 80 0a 0b 30 00 00 00 1c 
      0010: 00 00 00 00 00 06 24 00 00 00 12 34 00 00 08 0a 
      0020: f4 f5 f6 f7 f8 f9 fa fb fc fd fe ff 00 01 02 03 
      0030: 04 05 06 07 08 09 0a 0b 0c 0d 0e 0f 10 11 12 13 
      ... (992 more bytes)
[TB] Packet 4: TEST 13e: LAST in a burst
[TB]   state before: epsn=0xa0b31 last_psn=0xa0b30
[TB]   RC_RDMA_WRITE_LAST  DestQP=0x5  PSN=0xa0b31, 658225  RETH.vaddr=0x62800  RETH.len=2058  payload=10 B  UDP length=54  (then drain and check)
      0000: c8 00 ff ff 00 00 00 05 80 0a 0b 31 00 00 00 1c 
      0010: 00 00 00 00 00 06 28 00 00 00 12 34 00 00 08 0a 
      0020: f5 f6 f7 f8 f9 fa fb fc fd fe 

[TB] Feeding 5 packet(s)... (module prints follow)
[cyc 13428] [TB] first beat of packet 0 (TEST 13a: ONLY in a burst)
[cyc 13428] [RX PROCESS IBH 0]: input psn 0x0a0b2d
[cyc 13428] [RX PROCESS IBH 0]: process IBH opcode: ca
[cyc 13428] [R SHIFT BY OCTET IN] ca 00 ff ff 00 00 00 05 80 0a 0b 2d 00 00 00 1a 00 00 00 00 00 06 00 00 00 00 12 34 00 00 01 f4 f1 f2 f3 f4 f5 f6 f7 f8 f9 fa fb fc fd fe ff 00 01 02 03 04 05 06 07 08 09 0a 0b 0c 0d 0e 0f 10 ffffffffffffffff 0
[cyc 13429] [R SHIFT BY OCTET IN] 11 12 13 14 15 16 17 18 19 1a 1b 1c 1d 1e 1f 20 21 22 23 24 25 26 27 28 29 2a 2b 2c 2d 2e 2f 30 31 32 33 34 35 36 37 38 39 3a 3b 3c 3d 3e 3f 40 41 42 43 44 45 46 47 48 49 4a 4b 4c 4d 4e 4f 50 ffffffffffffffff 0
[cyc 13429] [R SHIFT BY OCTET OUT] 00 00 00 1a 00 00 00 00 00 06 00 00 00 00 12 34 00 00 01 f4 f1 f2 f3 f4 f5 f6 f7 f8 f9 fa fb fc fd fe ff 00 01 02 03 04 05 06 07 08 09 0a 0b 0c 0d 0e 0f 10 11 12 13 14 15 16 17 18 19 1a 1b 1c ffffffffffffffff 0
[cyc 13429] [STRIP MRC headers IN 0] 00 00 00 1a 00 00 00 00 00 06 00 00 00 00 12 34 00 00 01 f4 f1 f2 f3 f4 f5 f6 f7 f8 f9 fa fb fc fd fe ff 00 01 02 03 04 05 06 07 08 09 0a 0b 0c 0d 0e 0f 10 11 12 13 14 15 16 17 18 19 1a 1b 1c ffffffffffffffff 0
[cyc 13430] [R SHIFT BY OCTET IN] 51 52 53 54 55 56 57 58 59 5a 5b 5c 5d 5e 5f 60 61 62 63 64 65 66 67 68 69 6a 6b 6c 6d 6e 6f 70 71 72 73 74 75 76 77 78 79 7a 7b 7c 7d 7e 7f 80 81 82 83 84 85 86 87 88 89 8a 8b 8c 8d 8e 8f 90 ffffffffffffffff 0
[cyc 13430] [R SHIFT BY OCTET OUT] 1d 1e 1f 20 21 22 23 24 25 26 27 28 29 2a 2b 2c 2d 2e 2f 30 31 32 33 34 35 36 37 38 39 3a 3b 3c 3d 3e 3f 40 41 42 43 44 45 46 47 48 49 4a 4b 4c 4d 4e 4f 50 51 52 53 54 55 56 57 58 59 5a 5b 5c ffffffffffffffff 0
[cyc 13430] [STRIP MRC headers IN 0] 1d 1e 1f 20 21 22 23 24 25 26 27 28 29 2a 2b 2c 2d 2e 2f 30 31 32 33 34 35 36 37 38 39 3a 3b 3c 3d 3e 3f 40 41 42 43 44 45 46 47 48 49 4a 4b 4c 4d 4e 4f 50 51 52 53 54 55 56 57 58 59 5a 5b 5c ffffffffffffffff 0
[cyc 13430] [STRIP MRC headers OUT 0] 00 00 00 00 00 06 00 00 00 00 12 34 00 00 01 f4 f1 f2 f3 f4 f5 f6 f7 f8 f9 fa fb fc fd fe ff 00 01 02 03 04 05 06 07 08 09 0a 0b 0c 0d 0e 0f 10 11 12 13 14 15 16 17 18 19 1a 1b 1c 1d 1e 1f 20 ffffffffffffffff 0
[cyc 13431] [R SHIFT BY OCTET IN] 91 92 93 94 95 96 97 98 99 9a 9b 9c 9d 9e 9f a0 a1 a2 a3 a4 a5 a6 a7 a8 a9 aa ab ac ad ae af b0 b1 b2 b3 b4 b5 b6 b7 b8 b9 ba bb bc bd be bf c0 c1 c2 c3 c4 c5 c6 c7 c8 c9 ca cb cc cd ce cf d0 ffffffffffffffff 0
[cyc 13431] [R SHIFT BY OCTET OUT] 5d 5e 5f 60 61 62 63 64 65 66 67 68 69 6a 6b 6c 6d 6e 6f 70 71 72 73 74 75 76 77 78 79 7a 7b 7c 7d 7e 7f 80 81 82 83 84 85 86 87 88 89 8a 8b 8c 8d 8e 8f 90 91 92 93 94 95 96 97 98 99 9a 9b 9c ffffffffffffffff 0
[cyc 13431] [STRIP MRC headers IN 0] 5d 5e 5f 60 61 62 63 64 65 66 67 68 69 6a 6b 6c 6d 6e 6f 70 71 72 73 74 75 76 77 78 79 7a 7b 7c 7d 7e 7f 80 81 82 83 84 85 86 87 88 89 8a 8b 8c 8d 8e 8f 90 91 92 93 94 95 96 97 98 99 9a 9b 9c ffffffffffffffff 0
[cyc 13431] [STRIP MRC headers OUT 0] 21 22 23 24 25 26 27 28 29 2a 2b 2c 2d 2e 2f 30 31 32 33 34 35 36 37 38 39 3a 3b 3c 3d 3e 3f 40 41 42 43 44 45 46 47 48 49 4a 4b 4c 4d 4e 4f 50 51 52 53 54 55 56 57 58 59 5a 5b 5c 5d 5e 5f 60 ffffffffffffffff 0
[cyc 13431] [RX IBH FSM 0]: epsn: 0x0a0b2d, 658221, packet psn: 0x0a0b2d, 658221, oldest outstanding psn: 0x8a0b2d, 9046829
[cyc 13432] [R SHIFT BY OCTET IN] d1 d2 d3 d4 d5 d6 d7 d8 d9 da db dc dd de df e0 e1 e2 e3 e4 e5 e6 e7 e8 e9 ea eb ec ed ee ef f0 f1 f2 f3 f4 f5 f6 f7 f8 f9 fa fb fc fd fe ff 00 01 02 03 04 05 06 07 08 09 0a 0b 0c 0d 0e 0f 10 ffffffffffffffff 0
[cyc 13432] [R SHIFT BY OCTET OUT] 9d 9e 9f a0 a1 a2 a3 a4 a5 a6 a7 a8 a9 aa ab ac ad ae af b0 b1 b2 b3 b4 b5 b6 b7 b8 b9 ba bb bc bd be bf c0 c1 c2 c3 c4 c5 c6 c7 c8 c9 ca cb cc cd ce cf d0 d1 d2 d3 d4 d5 d6 d7 d8 d9 da db dc ffffffffffffffff 0
[cyc 13432] [STRIP MRC headers IN 0] 9d 9e 9f a0 a1 a2 a3 a4 a5 a6 a7 a8 a9 aa ab ac ad ae af b0 b1 b2 b3 b4 b5 b6 b7 b8 b9 ba bb bc bd be bf c0 c1 c2 c3 c4 c5 c6 c7 c8 c9 ca cb cc cd ce cf d0 d1 d2 d3 d4 d5 d6 d7 d8 d9 da db dc ffffffffffffffff 0
[cyc 13432] [STRIP MRC headers OUT 0] 61 62 63 64 65 66 67 68 69 6a 6b 6c 6d 6e 6f 70 71 72 73 74 75 76 77 78 79 7a 7b 7c 7d 7e 7f 80 81 82 83 84 85 86 87 88 89 8a 8b 8c 8d 8e 8f 90 91 92 93 94 95 96 97 98 99 9a 9b 9c 9d 9e 9f a0 ffffffffffffffff 0
[cyc 13433] [R SHIFT BY OCTET IN] 11 12 13 14 15 16 17 18 19 1a 1b 1c 1d 1e 1f 20 21 22 23 24 25 26 27 28 29 2a 2b 2c 2d 2e 2f 30 31 32 33 34 35 36 37 38 39 3a 3b 3c 3d 3e 3f 40 41 42 43 44 45 46 47 48 49 4a 4b 4c 4d 4e 4f 50 ffffffffffffffff 0
[cyc 13433] [R SHIFT BY OCTET OUT] dd de df e0 e1 e2 e3 e4 e5 e6 e7 e8 e9 ea eb ec ed ee ef f0 f1 f2 f3 f4 f5 f6 f7 f8 f9 fa fb fc fd fe ff 00 01 02 03 04 05 06 07 08 09 0a 0b 0c 0d 0e 0f 10 11 12 13 14 15 16 17 18 19 1a 1b 1c ffffffffffffffff 0
[cyc 13433] [STRIP MRC headers IN 0] dd de df e0 e1 e2 e3 e4 e5 e6 e7 e8 e9 ea eb ec ed ee ef f0 f1 f2 f3 f4 f5 f6 f7 f8 f9 fa fb fc fd fe ff 00 01 02 03 04 05 06 07 08 09 0a 0b 0c 0d 0e 0f 10 11 12 13 14 15 16 17 18 19 1a 1b 1c ffffffffffffffff 0
[cyc 13433] [STRIP MRC headers OUT 0] a1 a2 a3 a4 a5 a6 a7 a8 a9 aa ab ac ad ae af b0 b1 b2 b3 b4 b5 b6 b7 b8 b9 ba bb bc bd be bf c0 c1 c2 c3 c4 c5 c6 c7 c8 c9 ca cb cc cd ce cf d0 d1 d2 d3 d4 d5 d6 d7 d8 d9 da db dc dd de df e0 ffffffffffffffff 0
[cyc 13433] [META MERGER 0]: reading from ack event with qpn 0x5, psn 0x0a0b2d
[cyc 13434] [R SHIFT BY OCTET IN] 51 52 53 54 55 56 57 58 59 5a 5b 5c 5d 5e 5f 60 61 62 63 64 65 66 67 68 69 6a 6b 6c 6d 6e 6f 70 71 72 73 74 75 76 77 78 79 7a 7b 7c 7d 7e 7f 80 81 82 83 84 85 86 87 88 89 8a 8b 8c 8d 8e 8f 90 ffffffffffffffff 0
[cyc 13434] [R SHIFT BY OCTET OUT] 1d 1e 1f 20 21 22 23 24 25 26 27 28 29 2a 2b 2c 2d 2e 2f 30 31 32 33 34 35 36 37 38 39 3a 3b 3c 3d 3e 3f 40 41 42 43 44 45 46 47 48 49 4a 4b 4c 4d 4e 4f 50 51 52 53 54 55 56 57 58 59 5a 5b 5c ffffffffffffffff 0
[cyc 13434] [STRIP MRC headers IN 0] 1d 1e 1f 20 21 22 23 24 25 26 27 28 29 2a 2b 2c 2d 2e 2f 30 31 32 33 34 35 36 37 38 39 3a 3b 3c 3d 3e 3f 40 41 42 43 44 45 46 47 48 49 4a 4b 4c 4d 4e 4f 50 51 52 53 54 55 56 57 58 59 5a 5b 5c ffffffffffffffff 0
[cyc 13434] [STRIP MRC headers OUT 0] e1 e2 e3 e4 e5 e6 e7 e8 e9 ea eb ec ed ee ef f0 f1 f2 f3 f4 f5 f6 f7 f8 f9 fa fb fc fd fe ff 00 01 02 03 04 05 06 07 08 09 0a 0b 0c 0d 0e 0f 10 11 12 13 14 15 16 17 18 19 1a 1b 1c 1d 1e 1f 20 ffffffffffffffff 0
[cyc 13434] [R SHIFT BY OCTET IN] 00 00 00 00 00 06 00 00 00 00 12 34 00 00 01 f4 f1 f2 f3 f4 f5 f6 f7 f8 f9 fa fb fc fd fe ff 00 01 02 03 04 05 06 07 08 09 0a 0b 0c 0d 0e 0f 10 11 12 13 14 15 16 17 18 19 1a 1b 1c 1d 1e 1f 20 ffffffffffffffff 0
[cyc 13435] [R SHIFT BY OCTET IN] 91 92 93 94 95 96 97 98 99 9a 9b 9c 9d 9e 9f a0 a1 a2 a3 a4 a5 a6 a7 a8 a9 aa ab ac ad ae af b0 b1 b2 b3 b4 b5 b6 b7 b8 b9 ba bb bc bd be bf c0 c1 c2 c3 c4 c5 c6 c7 c8 c9 ca cb cc cd ce cf d0 ffffffffffffffff 0
[cyc 13435] [R SHIFT BY OCTET OUT] 5d 5e 5f 60 61 62 63 64 65 66 67 68 69 6a 6b 6c 6d 6e 6f 70 71 72 73 74 75 76 77 78 79 7a 7b 7c 7d 7e 7f 80 81 82 83 84 85 86 87 88 89 8a 8b 8c 8d 8e 8f 90 91 92 93 94 95 96 97 98 99 9a 9b 9c ffffffffffffffff 0
[cyc 13435] [STRIP MRC headers IN 0] 5d 5e 5f 60 61 62 63 64 65 66 67 68 69 6a 6b 6c 6d 6e 6f 70 71 72 73 74 75 76 77 78 79 7a 7b 7c 7d 7e 7f 80 81 82 83 84 85 86 87 88 89 8a 8b 8c 8d 8e 8f 90 91 92 93 94 95 96 97 98 99 9a 9b 9c ffffffffffffffff 0
[cyc 13435] [STRIP MRC headers OUT 0] 21 22 23 24 25 26 27 28 29 2a 2b 2c 2d 2e 2f 30 31 32 33 34 35 36 37 38 39 3a 3b 3c 3d 3e 3f 40 41 42 43 44 45 46 47 48 49 4a 4b 4c 4d 4e 4f 50 51 52 53 54 55 56 57 58 59 5a 5b 5c 5d 5e 5f 60 ffffffffffffffff 0
[cyc 13435] [R SHIFT BY OCTET IN] 21 22 23 24 25 26 27 28 29 2a 2b 2c 2d 2e 2f 30 31 32 33 34 35 36 37 38 39 3a 3b 3c 3d 3e 3f 40 41 42 43 44 45 46 47 48 49 4a 4b 4c 4d 4e 4f 50 51 52 53 54 55 56 57 58 59 5a 5b 5c 5d 5e 5f 60 ffffffffffffffff 0
[cyc 13435] [R SHIFT BY OCTET OUT] f1 f2 f3 f4 f5 f6 f7 f8 f9 fa fb fc fd fe ff 00 01 02 03 04 05 06 07 08 09 0a 0b 0c 0d 0e 0f 10 11 12 13 14 15 16 17 18 19 1a 1b 1c 1d 1e 1f 20 21 22 23 24 25 26 27 28 29 2a 2b 2c 2d 2e 2f 30 ffffffffffffffff 0
[cyc 13436] [TB] last beat of packet 0 (9 beat(s))
[cyc 13436] [R SHIFT BY OCTET IN] d1 d2 d3 d4 d5 d6 d7 d8 d9 da db dc dd de df e0 e1 e2 e3 e4 00 00 00 00 00 00 00 00 00 00 00 00 00 00 00 00 00 00 00 00 00 00 00 00 00 00 00 00 00 00 00 00 00 00 00 00 00 00 00 00 00 00 00 00 00000000000fffff 1  <- last
[cyc 13436] [R SHIFT BY OCTET OUT] 9d 9e 9f a0 a1 a2 a3 a4 a5 a6 a7 a8 a9 aa ab ac ad ae af b0 b1 b2 b3 b4 b5 b6 b7 b8 b9 ba bb bc bd be bf c0 c1 c2 c3 c4 c5 c6 c7 c8 c9 ca cb cc cd ce cf d0 d1 d2 d3 d4 d5 d6 d7 d8 d9 da db dc ffffffffffffffff 0
[cyc 13436] [STRIP MRC headers IN 0] 9d 9e 9f a0 a1 a2 a3 a4 a5 a6 a7 a8 a9 aa ab ac ad ae af b0 b1 b2 b3 b4 b5 b6 b7 b8 b9 ba bb bc bd be bf c0 c1 c2 c3 c4 c5 c6 c7 c8 c9 ca cb cc cd ce cf d0 d1 d2 d3 d4 d5 d6 d7 d8 d9 da db dc ffffffffffffffff 0
[cyc 13436] [STRIP MRC headers OUT 0] 61 62 63 64 65 66 67 68 69 6a 6b 6c 6d 6e 6f 70 71 72 73 74 75 76 77 78 79 7a 7b 7c 7d 7e 7f 80 81 82 83 84 85 86 87 88 89 8a 8b 8c 8d 8e 8f 90 91 92 93 94 95 96 97 98 99 9a 9b 9c 9d 9e 9f a0 ffffffffffffffff 0
[cyc 13436] [R SHIFT BY OCTET IN] 61 62 63 64 65 66 67 68 69 6a 6b 6c 6d 6e 6f 70 71 72 73 74 75 76 77 78 79 7a 7b 7c 7d 7e 7f 80 81 82 83 84 85 86 87 88 89 8a 8b 8c 8d 8e 8f 90 91 92 93 94 95 96 97 98 99 9a 9b 9c 9d 9e 9f a0 ffffffffffffffff 0
[cyc 13436] [R SHIFT BY OCTET OUT] 31 32 33 34 35 36 37 38 39 3a 3b 3c 3d 3e 3f 40 41 42 43 44 45 46 47 48 49 4a 4b 4c 4d 4e 4f 50 51 52 53 54 55 56 57 58 59 5a 5b 5c 5d 5e 5f 60 61 62 63 64 65 66 67 68 69 6a 6b 6c 6d 6e 6f 70 ffffffffffffffff 0
[cyc 13436] [GENERATE EXH 0]: MRC_ACK with qpn 0x5, psn 0x0a0b2d
[cyc 13436] [GENERATE EXH 0]: MRC_ACK 1f 00 00 1b 35 36 37 38 00 71 f4 d0 83 e8 5f f6 60 fa 8b 9e 40 5f 00 00 40 be 46 89 fe 7f 00 00 d0 fa 8b 9e 40 5f 00 00 44 5b 81 9e 40 5f 00 00 44 c0 46 89 fe 7f 00 00 87 16 85 9e 40 5f 00 00 000000000000000f 1
[cyc 13436] [APPEND PAYLOAD 0]: moving to state HEADER
[cyc 13436] [TX IP UDP META MERGER 0]: port 0xc000
[cyc 13437] [TB] first beat of packet 1 (TEST 13b: ONLY + TSETH in a burst)
[cyc 13437] [RX PROCESS IBH 0]: input psn 0x0a0b2e
[cyc 13437] [RX PROCESS IBH 0]: process IBH opcode: ca
[cyc 13437] [R SHIFT BY OCTET OUT] dd de df e0 e1 e2 e3 e4 00 00 00 00 00 00 00 00 00 00 00 00 00 00 00 00 00 00 00 00 00 00 00 00 00 00 00 00 00 00 00 00 00 00 00 00 00 00 00 00 00 00 00 00 00 00 00 00 00 00 00 00 00 00 00 00 00000000000000ff 1  <- last
[cyc 13437] [STRIP MRC headers IN 0] dd de df e0 e1 e2 e3 e4 00 00 00 00 00 00 00 00 00 00 00 00 00 00 00 00 00 00 00 00 00 00 00 00 00 00 00 00 00 00 00 00 00 00 00 00 00 00 00 00 00 00 00 00 00 00 00 00 00 00 00 00 00 00 00 00 00000000000000ff 1  <- last
[cyc 13437] [STRIP MRC headers OUT 0] a1 a2 a3 a4 a5 a6 a7 a8 a9 aa ab ac ad ae af b0 b1 b2 b3 b4 b5 b6 b7 b8 b9 ba bb bc bd be bf c0 c1 c2 c3 c4 c5 c6 c7 c8 c9 ca cb cc cd ce cf d0 d1 d2 d3 d4 d5 d6 d7 d8 d9 da db dc dd de df e0 ffffffffffffffff 0
[cyc 13437] [R SHIFT BY OCTET IN] a1 a2 a3 a4 a5 a6 a7 a8 a9 aa ab ac ad ae af b0 b1 b2 b3 b4 b5 b6 b7 b8 b9 ba bb bc bd be bf c0 c1 c2 c3 c4 c5 c6 c7 c8 c9 ca cb cc cd ce cf d0 d1 d2 d3 d4 d5 d6 d7 d8 d9 da db dc dd de df e0 ffffffffffffffff 0
[cyc 13437] [R SHIFT BY OCTET OUT] 71 72 73 74 75 76 77 78 79 7a 7b 7c 7d 7e 7f 80 81 82 83 84 85 86 87 88 89 8a 8b 8c 8d 8e 8f 90 91 92 93 94 95 96 97 98 99 9a 9b 9c 9d 9e 9f a0 a1 a2 a3 a4 a5 a6 a7 a8 a9 aa ab ac ad ae af b0 ffffffffffffffff 0
[cyc 13437] [APPEND PAYLOAD 0]: moving to state INFO
[cyc 13437] [GENERATE IBH 0]: input meta, opcode 0xd1 valid psn 0x0a0b2d
[cyc 13437] [PREPEND IBH HEADER 0]: going to state PARTIAL_HEADER
[cyc 13438] [TB] last beat of packet 1 (2 beat(s))
[cyc 13438] [R SHIFT BY OCTET IN] ca 00 ff ff 00 00 00 05 90 0a 0b 2e 00 00 00 1b 00 00 00 01 00 00 00 00 00 06 10 00 00 00 12 34 00 00 00 2d f2 f3 f4 f5 f6 f7 f8 f9 fa fb fc fd fe ff 00 01 02 03 04 05 06 07 08 09 0a 0b 0c 0d ffffffffffffffff 0
[cyc 13438] [STRIP MRC headers OUT 0] e1 e2 e3 e4 00 00 00 00 00 00 00 00 00 00 00 00 00 00 00 00 00 00 00 00 00 00 00 00 00 00 00 00 00 00 00 00 00 00 00 00 00 00 00 00 00 00 00 00 00 00 00 00 00 00 00 00 00 00 00 00 00 00 00 00 000000000000000f 1  <- last
[cyc 13438] [R SHIFT BY OCTET IN] e1 e2 e3 e4 e5 e6 e7 e8 e9 ea eb ec ed ee ef f0 f1 f2 f3 f4 f5 f6 f7 f8 f9 fa fb fc fd fe ff 00 01 02 03 04 05 06 07 08 09 0a 0b 0c 0d 0e 0f 10 11 12 13 14 15 16 17 18 19 1a 1b 1c 1d 1e 1f 20 ffffffffffffffff 0
[cyc 13438] [R SHIFT BY OCTET OUT] b1 b2 b3 b4 b5 b6 b7 b8 b9 ba bb bc bd be bf c0 c1 c2 c3 c4 c5 c6 c7 c8 c9 ca cb cc cd ce cf d0 d1 d2 d3 d4 d5 d6 d7 d8 d9 da db dc dd de df e0 e1 e2 e3 e4 e5 e6 e7 e8 e9 ea eb ec ed ee ef f0 ffffffffffffffff 0
[cyc 13438] [PREPEND IBH HEADER 0]: IBH PARTIAL PAYLOAD
[cyc 13438] 00 00 00 00 00 00 00 00 00 00 00 00 1f 00 00 1b 35 36 37 38 00 71 f4 d0 83 e8 5f f6 60 fa 8b 9e 40 5f 00 00 40 be 46 89 fe 7f 00 00 d0 fa 8b 9e 40 5f 00 00 44 5b 81 9e 40 5f 00 00 44 c0 46 89 000000000000ffff 1
[cyc 13438] [PREPEND IBH HEADER 0]: IBH PARTIAL HEADER
[cyc 13438] d1 00 ff ff 00 00 00 42 00 0a 0b 2d 1f 00 00 1b 35 36 37 38 00 71 f4 d0 83 e8 5f f6 60 fa 8b 9e 40 5f 00 00 40 be 46 89 fe 7f 00 00 d0 fa 8b 9e 40 5f 00 00 44 5b 81 9e 40 5f 00 00 44 c0 46 89 000000000000ffff 1
[cyc 13439] [TB] first beat of packet 2 (TEST 13c: FIRST in a burst)
[cyc 13439] [RX PROCESS IBH 0]: input psn 0x0a0b2f
[cyc 13439] [RX PROCESS IBH 0]: process IBH opcode: c6
[cyc 13439] [R SHIFT BY OCTET IN] 0e 0f 10 11 12 13 14 15 16 17 18 19 1a 1b 1c 1d 1e 00 00 00 00 00 00 00 00 00 00 00 00 00 00 00 00 00 00 00 00 00 00 00 00 00 00 00 00 00 00 00 00 00 00 00 00 00 00 00 00 00 00 00 00 00 00 00 000000000001ffff 1  <- last
[cyc 13439] [R SHIFT BY OCTET OUT] 00 00 00 1b 00 00 00 01 00 00 00 00 00 06 10 00 00 00 12 34 00 00 00 2d f2 f3 f4 f5 f6 f7 f8 f9 fa fb fc fd fe ff 00 01 02 03 04 05 06 07 08 09 0a 0b 0c 0d 0e 0f 10 11 12 13 14 15 16 17 18 19 ffffffffffffffff 0
[cyc 13439] [R SHIFT BY OCTET IN] 21 22 23 24 25 26 27 28 29 2a 2b 2c 2d 2e 2f 30 31 32 33 34 35 36 37 38 39 3a 3b 3c 3d 3e 3f 40 41 42 43 44 45 46 47 48 49 4a 4b 4c 4d 4e 4f 50 51 52 53 54 55 56 57 58 59 5a 5b 5c 5d 5e 5f 60 ffffffffffffffff 0
[cyc 13439] [R SHIFT BY OCTET OUT] f1 f2 f3 f4 f5 f6 f7 f8 f9 fa fb fc fd fe ff 00 01 02 03 04 05 06 07 08 09 0a 0b 0c 0d 0e 0f 10 11 12 13 14 15 16 17 18 19 1a 1b 1c 1d 1e 1f 20 21 22 23 24 25 26 27 28 29 2a 2b 2c 2d 2e 2f 30 ffffffffffffffff 0
[cyc 13440] [R SHIFT BY OCTET OUT] 1a 1b 1c 1d 1e 00 00 00 00 00 00 00 00 00 00 00 00 00 00 00 00 00 00 00 00 00 00 00 00 00 00 00 00 00 00 00 00 00 00 00 00 00 00 00 00 00 00 00 00 00 00 00 00 00 00 00 00 00 00 00 00 00 00 00 000000000000001f 1  <- last
[cyc 13440] [STRIP MRC headers IN 0] 00 00 00 1b 00 00 00 01 00 00 00 00 00 06 10 00 00 00 12 34 00 00 00 2d f2 f3 f4 f5 f6 f7 f8 f9 fa fb fc fd fe ff 00 01 02 03 04 05 06 07 08 09 0a 0b 0c 0d 0e 0f 10 11 12 13 14 15 16 17 18 19 ffffffffffffffff 0
[cyc 13440] [R SHIFT BY OCTET IN] 61 62 63 64 65 66 67 68 69 6a 6b 6c 6d 6e 6f 70 71 72 73 74 75 76 77 78 79 7a 7b 7c 7d 7e 7f 80 81 82 83 84 85 86 87 88 89 8a 8b 8c 8d 8e 8f 90 91 92 93 94 95 96 97 98 99 9a 9b 9c 9d 9e 9f a0 ffffffffffffffff 0
[cyc 13440] [R SHIFT BY OCTET OUT] 31 32 33 34 35 36 37 38 39 3a 3b 3c 3d 3e 3f 40 41 42 43 44 45 46 47 48 49 4a 4b 4c 4d 4e 4f 50 51 52 53 54 55 56 57 58 59 5a 5b 5c 5d 5e 5f 60 61 62 63 64 65 66 67 68 69 6a 6b 6c 6d 6e 6f 70 ffffffffffffffff 0
[cyc 13441] [R SHIFT BY OCTET IN] c6 00 ff ff 00 00 00 05 80 0a 0b 2f 00 00 00 1c 00 00 00 00 00 06 20 00 00 00 12 34 00 00 08 0a f3 f4 f5 f6 f7 f8 f9 fa fb fc fd fe ff 00 01 02 03 04 05 06 07 08 09 0a 0b 0c 0d 0e 0f 10 11 12 ffffffffffffffff 0
[cyc 13441] [STRIP MRC headers IN 0] 1a 1b 1c 1d 1e 00 00 00 00 00 00 00 00 00 00 00 00 00 00 00 00 00 00 00 00 00 00 00 00 00 00 00 00 00 00 00 00 00 00 00 00 00 00 00 00 00 00 00 00 00 00 00 00 00 00 00 00 00 00 00 00 00 00 00 000000000000001f 1  <- last
[cyc 13441] [STRIP MRC headers OUT 0] 00 00 00 00 00 06 10 00 00 00 12 34 00 00 00 2d f2 f3 f4 f5 f6 f7 f8 f9 fa fb fc fd fe ff 00 01 02 03 04 05 06 07 08 09 0a 0b 0c 0d 0e 0f 10 11 12 13 14 15 16 17 18 19 1a 1b 1c 1d 1e 00 00 00 1fffffffffffffff 1  <- last
[cyc 13441] [R SHIFT BY OCTET IN] a1 a2 a3 a4 a5 a6 a7 a8 a9 aa ab ac ad ae af b0 b1 b2 b3 b4 b5 b6 b7 b8 b9 ba bb bc bd be bf c0 c1 c2 c3 c4 c5 c6 c7 c8 c9 ca cb cc cd ce cf d0 d1 d2 d3 d4 d5 d6 d7 d8 d9 da db dc dd de df e0 ffffffffffffffff 0
[cyc 13441] [R SHIFT BY OCTET OUT] 71 72 73 74 75 76 77 78 79 7a 7b 7c 7d 7e 7f 80 81 82 83 84 85 86 87 88 89 8a 8b 8c 8d 8e 8f 90 91 92 93 94 95 96 97 98 99 9a 9b 9c 9d 9e 9f a0 a1 a2 a3 a4 a5 a6 a7 a8 a9 aa ab ac ad ae af b0 ffffffffffffffff 0
[cyc 13442] [R SHIFT BY OCTET IN] 13 14 15 16 17 18 19 1a 1b 1c 1d 1e 1f 20 21 22 23 24 25 26 27 28 29 2a 2b 2c 2d 2e 2f 30 31 32 33 34 35 36 37 38 39 3a 3b 3c 3d 3e 3f 40 41 42 43 44 45 46 47 48 49 4a 4b 4c 4d 4e 4f 50 51 52 ffffffffffffffff 0
[cyc 13442] [R SHIFT BY OCTET OUT] 00 00 00 1c 00 00 00 00 00 06 20 00 00 00 12 34 00 00 08 0a f3 f4 f5 f6 f7 f8 f9 fa fb fc fd fe ff 00 01 02 03 04 05 06 07 08 09 0a 0b 0c 0d 0e 0f 10 11 12 13 14 15 16 17 18 19 1a 1b 1c 1d 1e ffffffffffffffff 0
[cyc 13442] [RX IBH FSM 0]: epsn: 0x0a0b2e, 658222, packet psn: 0x0a0b2e, 658222, oldest outstanding psn: 0x8a0b2e, 9046830
[cyc 13442] [R SHIFT BY OCTET IN] e1 e2 e3 e4 00 00 00 00 00 00 00 00 00 00 00 00 00 00 00 00 00 00 00 00 00 00 00 00 00 00 00 00 00 00 00 00 00 00 00 00 00 00 00 00 00 00 00 00 00 00 00 00 00 00 00 00 00 00 00 00 00 00 00 00 000000000000000f 1  <- last
[cyc 13442] [R SHIFT BY OCTET OUT] b1 b2 b3 b4 b5 b6 b7 b8 b9 ba bb bc bd be bf c0 c1 c2 c3 c4 c5 c6 c7 c8 c9 ca cb cc cd ce cf d0 d1 d2 d3 d4 d5 d6 d7 d8 d9 da db dc dd de df e0 e1 e2 e3 e4 00 00 00 00 00 00 00 00 00 00 00 00 000fffffffffffff 1  <- last
[cyc 13443] [R SHIFT BY OCTET IN] 53 54 55 56 57 58 59 5a 5b 5c 5d 5e 5f 60 61 62 63 64 65 66 67 68 69 6a 6b 6c 6d 6e 6f 70 71 72 73 74 75 76 77 78 79 7a 7b 7c 7d 7e 7f 80 81 82 83 84 85 86 87 88 89 8a 8b 8c 8d 8e 8f 90 91 92 ffffffffffffffff 0
[cyc 13443] [R SHIFT BY OCTET OUT] 1f 20 21 22 23 24 25 26 27 28 29 2a 2b 2c 2d 2e 2f 30 31 32 33 34 35 36 37 38 39 3a 3b 3c 3d 3e 3f 40 41 42 43 44 45 46 47 48 49 4a 4b 4c 4d 4e 4f 50 51 52 53 54 55 56 57 58 59 5a 5b 5c 5d 5e ffffffffffffffff 0
[cyc 13443] [STRIP MRC headers IN 0] 00 00 00 1c 00 00 00 00 00 06 20 00 00 00 12 34 00 00 08 0a f3 f4 f5 f6 f7 f8 f9 fa fb fc fd fe ff 00 01 02 03 04 05 06 07 08 09 0a 0b 0c 0d 0e 0f 10 11 12 13 14 15 16 17 18 19 1a 1b 1c 1d 1e ffffffffffffffff 0
[cyc 13444] [R SHIFT BY OCTET IN] 93 94 95 96 97 98 99 9a 9b 9c 9d 9e 9f a0 a1 a2 a3 a4 a5 a6 a7 a8 a9 aa ab ac ad ae af b0 b1 b2 b3 b4 b5 b6 b7 b8 b9 ba bb bc bd be bf c0 c1 c2 c3 c4 c5 c6 c7 c8 c9 ca cb cc cd ce cf d0 d1 d2 ffffffffffffffff 0
[cyc 13444] [R SHIFT BY OCTET OUT] 5f 60 61 62 63 64 65 66 67 68 69 6a 6b 6c 6d 6e 6f 70 71 72 73 74 75 76 77 78 79 7a 7b 7c 7d 7e 7f 80 81 82 83 84 85 86 87 88 89 8a 8b 8c 8d 8e 8f 90 91 92 93 94 95 96 97 98 99 9a 9b 9c 9d 9e ffffffffffffffff 0
[cyc 13444] [STRIP MRC headers IN 0] 1f 20 21 22 23 24 25 26 27 28 29 2a 2b 2c 2d 2e 2f 30 31 32 33 34 35 36 37 38 39 3a 3b 3c 3d 3e 3f 40 41 42 43 44 45 46 47 48 49 4a 4b 4c 4d 4e 4f 50 51 52 53 54 55 56 57 58 59 5a 5b 5c 5d 5e ffffffffffffffff 0
[cyc 13444] [STRIP MRC headers OUT 0] 00 00 00 00 00 06 20 00 00 00 12 34 00 00 08 0a f3 f4 f5 f6 f7 f8 f9 fa fb fc fd fe ff 00 01 02 03 04 05 06 07 08 09 0a 0b 0c 0d 0e 0f 10 11 12 13 14 15 16 17 18 19 1a 1b 1c 1d 1e 1f 20 21 22 ffffffffffffffff 0
[cyc 13444] [META MERGER 0]: reading from ack event with qpn 0x5, psn 0x0a0b2e
[cyc 13445] [R SHIFT BY OCTET IN] d3 d4 d5 d6 d7 d8 d9 da db dc dd de df e0 e1 e2 e3 e4 e5 e6 e7 e8 e9 ea eb ec ed ee ef f0 f1 f2 f3 f4 f5 f6 f7 f8 f9 fa fb fc fd fe ff 00 01 02 03 04 05 06 07 08 09 0a 0b 0c 0d 0e 0f 10 11 12 ffffffffffffffff 0
[cyc 13445] [R SHIFT BY OCTET OUT] 9f a0 a1 a2 a3 a4 a5 a6 a7 a8 a9 aa ab ac ad ae af b0 b1 b2 b3 b4 b5 b6 b7 b8 b9 ba bb bc bd be bf c0 c1 c2 c3 c4 c5 c6 c7 c8 c9 ca cb cc cd ce cf d0 d1 d2 d3 d4 d5 d6 d7 d8 d9 da db dc dd de ffffffffffffffff 0
[cyc 13445] [STRIP MRC headers IN 0] 5f 60 61 62 63 64 65 66 67 68 69 6a 6b 6c 6d 6e 6f 70 71 72 73 74 75 76 77 78 79 7a 7b 7c 7d 7e 7f 80 81 82 83 84 85 86 87 88 89 8a 8b 8c 8d 8e 8f 90 91 92 93 94 95 96 97 98 99 9a 9b 9c 9d 9e ffffffffffffffff 0
[cyc 13445] [STRIP MRC headers OUT 0] 23 24 25 26 27 28 29 2a 2b 2c 2d 2e 2f 30 31 32 33 34 35 36 37 38 39 3a 3b 3c 3d 3e 3f 40 41 42 43 44 45 46 47 48 49 4a 4b 4c 4d 4e 4f 50 51 52 53 54 55 56 57 58 59 5a 5b 5c 5d 5e 5f 60 61 62 ffffffffffffffff 0
[cyc 13445] [RX IBH FSM 0]: epsn: 0x0a0b2f, 658223, packet psn: 0x0a0b2f, 658223, oldest outstanding psn: 0x8a0b2f, 9046831
[cyc 13445] [R SHIFT BY OCTET IN] 00 00 00 00 00 06 10 00 00 00 12 34 00 00 00 2d f2 f3 f4 f5 f6 f7 f8 f9 fa fb fc fd fe ff 00 01 02 03 04 05 06 07 08 09 0a 0b 0c 0d 0e 0f 10 11 12 13 14 15 16 17 18 19 1a 1b 1c 1d 1e 00 00 00 1fffffffffffffff 1  <- last
[cyc 13446] [R SHIFT BY OCTET IN] 13 14 15 16 17 18 19 1a 1b 1c 1d 1e 1f 20 21 22 23 24 25 26 27 28 29 2a 2b 2c 2d 2e 2f 30 31 32 33 34 35 36 37 38 39 3a 3b 3c 3d 3e 3f 40 41 42 43 44 45 46 47 48 49 4a 4b 4c 4d 4e 4f 50 51 52 ffffffffffffffff 0
[cyc 13446] [R SHIFT BY OCTET OUT] df e0 e1 e2 e3 e4 e5 e6 e7 e8 e9 ea eb ec ed ee ef f0 f1 f2 f3 f4 f5 f6 f7 f8 f9 fa fb fc fd fe ff 00 01 02 03 04 05 06 07 08 09 0a 0b 0c 0d 0e 0f 10 11 12 13 14 15 16 17 18 19 1a 1b 1c 1d 1e ffffffffffffffff 0
[cyc 13446] [STRIP MRC headers IN 0] 9f a0 a1 a2 a3 a4 a5 a6 a7 a8 a9 aa ab ac ad ae af b0 b1 b2 b3 b4 b5 b6 b7 b8 b9 ba bb bc bd be bf c0 c1 c2 c3 c4 c5 c6 c7 c8 c9 ca cb cc cd ce cf d0 d1 d2 d3 d4 d5 d6 d7 d8 d9 da db dc dd de ffffffffffffffff 0
[cyc 13446] [STRIP MRC headers OUT 0] 63 64 65 66 67 68 69 6a 6b 6c 6d 6e 6f 70 71 72 73 74 75 76 77 78 79 7a 7b 7c 7d 7e 7f 80 81 82 83 84 85 86 87 88 89 8a 8b 8c 8d 8e 8f 90 91 92 93 94 95 96 97 98 99 9a 9b 9c 9d 9e 9f a0 a1 a2 ffffffffffffffff 0
[cyc 13446] [R SHIFT BY OCTET OUT] f2 f3 f4 f5 f6 f7 f8 f9 fa fb fc fd fe ff 00 01 02 03 04 05 06 07 08 09 0a 0b 0c 0d 0e 0f 10 11 12 13 14 15 16 17 18 19 1a 1b 1c 1d 1e 00 00 00 00 00 00 00 00 00 00 00 00 00 00 00 00 00 00 00 00001fffffffffff 1  <- last
[cyc 13447] [R SHIFT BY OCTET IN] 53 54 55 56 57 58 59 5a 5b 5c 5d 5e 5f 60 61 62 63 64 65 66 67 68 69 6a 6b 6c 6d 6e 6f 70 71 72 73 74 75 76 77 78 79 7a 7b 7c 7d 7e 7f 80 81 82 83 84 85 86 87 88 89 8a 8b 8c 8d 8e 8f 90 91 92 ffffffffffffffff 0
[cyc 13447] [R SHIFT BY OCTET OUT] 1f 20 21 22 23 24 25 26 27 28 29 2a 2b 2c 2d 2e 2f 30 31 32 33 34 35 36 37 38 39 3a 3b 3c 3d 3e 3f 40 41 42 43 44 45 46 47 48 49 4a 4b 4c 4d 4e 4f 50 51 52 53 54 55 56 57 58 59 5a 5b 5c 5d 5e ffffffffffffffff 0
[cyc 13447] [STRIP MRC headers IN 0] df e0 e1 e2 e3 e4 e5 e6 e7 e8 e9 ea eb ec ed ee ef f0 f1 f2 f3 f4 f5 f6 f7 f8 f9 fa fb fc fd fe ff 00 01 02 03 04 05 06 07 08 09 0a 0b 0c 0d 0e 0f 10 11 12 13 14 15 16 17 18 19 1a 1b 1c 1d 1e ffffffffffffffff 0
[cyc 13447] [STRIP MRC headers OUT 0] a3 a4 a5 a6 a7 a8 a9 aa ab ac ad ae af b0 b1 b2 b3 b4 b5 b6 b7 b8 b9 ba bb bc bd be bf c0 c1 c2 c3 c4 c5 c6 c7 c8 c9 ca cb cc cd ce cf d0 d1 d2 d3 d4 d5 d6 d7 d8 d9 da db dc dd de df e0 e1 e2 ffffffffffffffff 0
[cyc 13447] [META MERGER 0]: reading from ack event with qpn 0x5, psn 0x0a0b2f
[cyc 13448] [R SHIFT BY OCTET IN] 93 94 95 96 97 98 99 9a 9b 9c 9d 9e 9f a0 a1 a2 a3 a4 a5 a6 a7 a8 a9 aa ab ac ad ae af b0 b1 b2 b3 b4 b5 b6 b7 b8 b9 ba bb bc bd be bf c0 c1 c2 c3 c4 c5 c6 c7 c8 c9 ca cb cc cd ce cf d0 d1 d2 ffffffffffffffff 0
[cyc 13448] [R SHIFT BY OCTET OUT] 5f 60 61 62 63 64 65 66 67 68 69 6a 6b 6c 6d 6e 6f 70 71 72 73 74 75 76 77 78 79 7a 7b 7c 7d 7e 7f 80 81 82 83 84 85 86 87 88 89 8a 8b 8c 8d 8e 8f 90 91 92 93 94 95 96 97 98 99 9a 9b 9c 9d 9e ffffffffffffffff 0
[cyc 13448] [STRIP MRC headers IN 0] 1f 20 21 22 23 24 25 26 27 28 29 2a 2b 2c 2d 2e 2f 30 31 32 33 34 35 36 37 38 39 3a 3b 3c 3d 3e 3f 40 41 42 43 44 45 46 47 48 49 4a 4b 4c 4d 4e 4f 50 51 52 53 54 55 56 57 58 59 5a 5b 5c 5d 5e ffffffffffffffff 0
[cyc 13448] [STRIP MRC headers OUT 0] e3 e4 e5 e6 e7 e8 e9 ea eb ec ed ee ef f0 f1 f2 f3 f4 f5 f6 f7 f8 f9 fa fb fc fd fe ff 00 01 02 03 04 05 06 07 08 09 0a 0b 0c 0d 0e 0f 10 11 12 13 14 15 16 17 18 19 1a 1b 1c 1d 1e 1f 20 21 22 ffffffffffffffff 0
[cyc 13448] [R SHIFT BY OCTET IN] 00 00 00 00 00 06 20 00 00 00 12 34 00 00 08 0a f3 f4 f5 f6 f7 f8 f9 fa fb fc fd fe ff 00 01 02 03 04 05 06 07 08 09 0a 0b 0c 0d 0e 0f 10 11 12 13 14 15 16 17 18 19 1a 1b 1c 1d 1e 1f 20 21 22 ffffffffffffffff 0
[cyc 13448] [GENERATE EXH 0]: MRC_ACK with qpn 0x5, psn 0x0a0b2e
[cyc 13448] [GENERATE EXH 0]: MRC_ACK 1f 00 00 1c 00 06 20 00 00 71 f4 d0 83 e8 5f f6 60 fa 8b 9e 40 5f 00 00 40 be 46 89 fe 7f 00 00 d0 fa 8b 9e 40 5f 00 00 44 5b 81 9e 40 5f 00 00 44 c0 46 89 fe 7f 00 00 87 16 85 9e 40 5f 00 00 000000000000000f 1
[cyc 13448] [APPEND PAYLOAD 0]: moving to state HEADER
[cyc 13448] [TX IP UDP META MERGER 0]: port 0xc000
[cyc 13449] [R SHIFT BY OCTET IN] d3 d4 d5 d6 d7 d8 d9 da db dc dd de df e0 e1 e2 e3 e4 e5 e6 e7 e8 e9 ea eb ec ed ee ef f0 f1 f2 f3 f4 f5 f6 f7 f8 f9 fa fb fc fd fe ff 00 01 02 03 04 05 06 07 08 09 0a 0b 0c 0d 0e 0f 10 11 12 ffffffffffffffff 0
[cyc 13449] [R SHIFT BY OCTET OUT] 9f a0 a1 a2 a3 a4 a5 a6 a7 a8 a9 aa ab ac ad ae af b0 b1 b2 b3 b4 b5 b6 b7 b8 b9 ba bb bc bd be bf c0 c1 c2 c3 c4 c5 c6 c7 c8 c9 ca cb cc cd ce cf d0 d1 d2 d3 d4 d5 d6 d7 d8 d9 da db dc dd de ffffffffffffffff 0
[cyc 13449] [STRIP MRC headers IN 0] 5f 60 61 62 63 64 65 66 67 68 69 6a 6b 6c 6d 6e 6f 70 71 72 73 74 75 76 77 78 79 7a 7b 7c 7d 7e 7f 80 81 82 83 84 85 86 87 88 89 8a 8b 8c 8d 8e 8f 90 91 92 93 94 95 96 97 98 99 9a 9b 9c 9d 9e ffffffffffffffff 0
[cyc 13449] [STRIP MRC headers OUT 0] 23 24 25 26 27 28 29 2a 2b 2c 2d 2e 2f 30 31 32 33 34 35 36 37 38 39 3a 3b 3c 3d 3e 3f 40 41 42 43 44 45 46 47 48 49 4a 4b 4c 4d 4e 4f 50 51 52 53 54 55 56 57 58 59 5a 5b 5c 5d 5e 5f 60 61 62 ffffffffffffffff 0
[cyc 13449] [R SHIFT BY OCTET IN] 23 24 25 26 27 28 29 2a 2b 2c 2d 2e 2f 30 31 32 33 34 35 36 37 38 39 3a 3b 3c 3d 3e 3f 40 41 42 43 44 45 46 47 48 49 4a 4b 4c 4d 4e 4f 50 51 52 53 54 55 56 57 58 59 5a 5b 5c 5d 5e 5f 60 61 62 ffffffffffffffff 0
[cyc 13449] [R SHIFT BY OCTET OUT] f3 f4 f5 f6 f7 f8 f9 fa fb fc fd fe ff 00 01 02 03 04 05 06 07 08 09 0a 0b 0c 0d 0e 0f 10 11 12 13 14 15 16 17 18 19 1a 1b 1c 1d 1e 1f 20 21 22 23 24 25 26 27 28 29 2a 2b 2c 2d 2e 2f 30 31 32 ffffffffffffffff 0
[cyc 13449] [APPEND PAYLOAD 0]: moving to state INFO
[cyc 13449] [GENERATE IBH 0]: input meta, opcode 0xd1 valid psn 0x0a0b2e
[cyc 13449] [PREPEND IBH HEADER 0]: going to state PARTIAL_HEADER
[cyc 13450] [R SHIFT BY OCTET IN] 13 14 15 16 17 18 19 1a 1b 1c 1d 1e 1f 20 21 22 23 24 25 26 27 28 29 2a 2b 2c 2d 2e 2f 30 31 32 33 34 35 36 37 38 39 3a 3b 3c 3d 3e 3f 40 41 42 43 44 45 46 47 48 49 4a 4b 4c 4d 4e 4f 50 51 52 ffffffffffffffff 0
[cyc 13450] [R SHIFT BY OCTET OUT] df e0 e1 e2 e3 e4 e5 e6 e7 e8 e9 ea eb ec ed ee ef f0 f1 f2 f3 f4 f5 f6 f7 f8 f9 fa fb fc fd fe ff 00 01 02 03 04 05 06 07 08 09 0a 0b 0c 0d 0e 0f 10 11 12 13 14 15 16 17 18 19 1a 1b 1c 1d 1e ffffffffffffffff 0
[cyc 13450] [STRIP MRC headers IN 0] 9f a0 a1 a2 a3 a4 a5 a6 a7 a8 a9 aa ab ac ad ae af b0 b1 b2 b3 b4 b5 b6 b7 b8 b9 ba bb bc bd be bf c0 c1 c2 c3 c4 c5 c6 c7 c8 c9 ca cb cc cd ce cf d0 d1 d2 d3 d4 d5 d6 d7 d8 d9 da db dc dd de ffffffffffffffff 0
[cyc 13450] [STRIP MRC headers OUT 0] 63 64 65 66 67 68 69 6a 6b 6c 6d 6e 6f 70 71 72 73 74 75 76 77 78 79 7a 7b 7c 7d 7e 7f 80 81 82 83 84 85 86 87 88 89 8a 8b 8c 8d 8e 8f 90 91 92 93 94 95 96 97 98 99 9a 9b 9c 9d 9e 9f a0 a1 a2 ffffffffffffffff 0
[cyc 13450] [R SHIFT BY OCTET IN] 63 64 65 66 67 68 69 6a 6b 6c 6d 6e 6f 70 71 72 73 74 75 76 77 78 79 7a 7b 7c 7d 7e 7f 80 81 82 83 84 85 86 87 88 89 8a 8b 8c 8d 8e 8f 90 91 92 93 94 95 96 97 98 99 9a 9b 9c 9d 9e 9f a0 a1 a2 ffffffffffffffff 0
[cyc 13450] [R SHIFT BY OCTET OUT] 33 34 35 36 37 38 39 3a 3b 3c 3d 3e 3f 40 41 42 43 44 45 46 47 48 49 4a 4b 4c 4d 4e 4f 50 51 52 53 54 55 56 57 58 59 5a 5b 5c 5d 5e 5f 60 61 62 63 64 65 66 67 68 69 6a 6b 6c 6d 6e 6f 70 71 72 ffffffffffffffff 0
[cyc 13450] [PREPEND IBH HEADER 0]: IBH PARTIAL PAYLOAD
[cyc 13450] 00 00 00 00 00 00 00 00 00 00 00 00 1f 00 00 1c 00 06 20 00 00 71 f4 d0 83 e8 5f f6 60 fa 8b 9e 40 5f 00 00 40 be 46 89 fe 7f 00 00 d0 fa 8b 9e 40 5f 00 00 44 5b 81 9e 40 5f 00 00 44 c0 46 89 000000000000ffff 1
[cyc 13450] [PREPEND IBH HEADER 0]: IBH PARTIAL HEADER
[cyc 13450] d1 00 ff ff 00 00 00 42 00 0a 0b 2e 1f 00 00 1c 00 06 20 00 00 71 f4 d0 83 e8 5f f6 60 fa 8b 9e 40 5f 00 00 40 be 46 89 fe 7f 00 00 d0 fa 8b 9e 40 5f 00 00 44 5b 81 9e 40 5f 00 00 44 c0 46 89 000000000000ffff 1
[cyc 13451] [R SHIFT BY OCTET IN] 53 54 55 56 57 58 59 5a 5b 5c 5d 5e 5f 60 61 62 63 64 65 66 67 68 69 6a 6b 6c 6d 6e 6f 70 71 72 73 74 75 76 77 78 79 7a 7b 7c 7d 7e 7f 80 81 82 83 84 85 86 87 88 89 8a 8b 8c 8d 8e 8f 90 91 92 ffffffffffffffff 0
[cyc 13451] [R SHIFT BY OCTET OUT] 1f 20 21 22 23 24 25 26 27 28 29 2a 2b 2c 2d 2e 2f 30 31 32 33 34 35 36 37 38 39 3a 3b 3c 3d 3e 3f 40 41 42 43 44 45 46 47 48 49 4a 4b 4c 4d 4e 4f 50 51 52 53 54 55 56 57 58 59 5a 5b 5c 5d 5e ffffffffffffffff 0
[cyc 13451] [STRIP MRC headers IN 0] df e0 e1 e2 e3 e4 e5 e6 e7 e8 e9 ea eb ec ed ee ef f0 f1 f2 f3 f4 f5 f6 f7 f8 f9 fa fb fc fd fe ff 00 01 02 03 04 05 06 07 08 09 0a 0b 0c 0d 0e 0f 10 11 12 13 14 15 16 17 18 19 1a 1b 1c 1d 1e ffffffffffffffff 0
[cyc 13451] [STRIP MRC headers OUT 0] a3 a4 a5 a6 a7 a8 a9 aa ab ac ad ae af b0 b1 b2 b3 b4 b5 b6 b7 b8 b9 ba bb bc bd be bf c0 c1 c2 c3 c4 c5 c6 c7 c8 c9 ca cb cc cd ce cf d0 d1 d2 d3 d4 d5 d6 d7 d8 d9 da db dc dd de df e0 e1 e2 ffffffffffffffff 0
[cyc 13451] [R SHIFT BY OCTET IN] a3 a4 a5 a6 a7 a8 a9 aa ab ac ad ae af b0 b1 b2 b3 b4 b5 b6 b7 b8 b9 ba bb bc bd be bf c0 c1 c2 c3 c4 c5 c6 c7 c8 c9 ca cb cc cd ce cf d0 d1 d2 d3 d4 d5 d6 d7 d8 d9 da db dc dd de df e0 e1 e2 ffffffffffffffff 0
[cyc 13451] [R SHIFT BY OCTET OUT] 73 74 75 76 77 78 79 7a 7b 7c 7d 7e 7f 80 81 82 83 84 85 86 87 88 89 8a 8b 8c 8d 8e 8f 90 91 92 93 94 95 96 97 98 99 9a 9b 9c 9d 9e 9f a0 a1 a2 a3 a4 a5 a6 a7 a8 a9 aa ab ac ad ae af b0 b1 b2 ffffffffffffffff 0
[cyc 13451] [GENERATE EXH 0]: MRC_ACK with qpn 0x5, psn 0x0a0b2f
[cyc 13451] [GENERATE EXH 0]: MRC_ACK 1f 00 00 1c 77 78 79 7a 00 71 f4 d0 83 e8 5f f6 60 fa 8b 9e 40 5f 00 00 40 be 46 89 fe 7f 00 00 d0 fa 8b 9e 40 5f 00 00 44 5b 81 9e 40 5f 00 00 44 c0 46 89 fe 7f 00 00 87 16 85 9e 40 5f 00 00 000000000000000f 1
[cyc 13451] [APPEND PAYLOAD 0]: moving to state HEADER
[cyc 13451] [TX IP UDP META MERGER 0]: port 0xc000
[cyc 13452] [R SHIFT BY OCTET IN] 93 94 95 96 97 98 99 9a 9b 9c 9d 9e 9f a0 a1 a2 a3 a4 a5 a6 a7 a8 a9 aa ab ac ad ae af b0 b1 b2 b3 b4 b5 b6 b7 b8 b9 ba bb bc bd be bf c0 c1 c2 c3 c4 c5 c6 c7 c8 c9 ca cb cc cd ce cf d0 d1 d2 ffffffffffffffff 0
[cyc 13452] [R SHIFT BY OCTET OUT] 5f 60 61 62 63 64 65 66 67 68 69 6a 6b 6c 6d 6e 6f 70 71 72 73 74 75 76 77 78 79 7a 7b 7c 7d 7e 7f 80 81 82 83 84 85 86 87 88 89 8a 8b 8c 8d 8e 8f 90 91 92 93 94 95 96 97 98 99 9a 9b 9c 9d 9e ffffffffffffffff 0
[cyc 13452] [STRIP MRC headers IN 0] 1f 20 21 22 23 24 25 26 27 28 29 2a 2b 2c 2d 2e 2f 30 31 32 33 34 35 36 37 38 39 3a 3b 3c 3d 3e 3f 40 41 42 43 44 45 46 47 48 49 4a 4b 4c 4d 4e 4f 50 51 52 53 54 55 56 57 58 59 5a 5b 5c 5d 5e ffffffffffffffff 0
[cyc 13452] [STRIP MRC headers OUT 0] e3 e4 e5 e6 e7 e8 e9 ea eb ec ed ee ef f0 f1 f2 f3 f4 f5 f6 f7 f8 f9 fa fb fc fd fe ff 00 01 02 03 04 05 06 07 08 09 0a 0b 0c 0d 0e 0f 10 11 12 13 14 15 16 17 18 19 1a 1b 1c 1d 1e 1f 20 21 22 ffffffffffffffff 0
[cyc 13452] [R SHIFT BY OCTET IN] e3 e4 e5 e6 e7 e8 e9 ea eb ec ed ee ef f0 f1 f2 f3 f4 f5 f6 f7 f8 f9 fa fb fc fd fe ff 00 01 02 03 04 05 06 07 08 09 0a 0b 0c 0d 0e 0f 10 11 12 13 14 15 16 17 18 19 1a 1b 1c 1d 1e 1f 20 21 22 ffffffffffffffff 0
[cyc 13452] [R SHIFT BY OCTET OUT] b3 b4 b5 b6 b7 b8 b9 ba bb bc bd be bf c0 c1 c2 c3 c4 c5 c6 c7 c8 c9 ca cb cc cd ce cf d0 d1 d2 d3 d4 d5 d6 d7 d8 d9 da db dc dd de df e0 e1 e2 e3 e4 e5 e6 e7 e8 e9 ea eb ec ed ee ef f0 f1 f2 ffffffffffffffff 0
[cyc 13452] [APPEND PAYLOAD 0]: moving to state INFO
[cyc 13452] [GENERATE IBH 0]: input meta, opcode 0xd1 valid psn 0x0a0b2f
[cyc 13452] [PREPEND IBH HEADER 0]: going to state PARTIAL_HEADER
[cyc 13453] [R SHIFT BY OCTET IN] d3 d4 d5 d6 d7 d8 d9 da db dc dd de df e0 e1 e2 e3 e4 e5 e6 e7 e8 e9 ea eb ec ed ee ef f0 f1 f2 f3 f4 f5 f6 f7 f8 f9 fa fb fc fd fe ff 00 01 02 03 04 05 06 07 08 09 0a 0b 0c 0d 0e 0f 10 11 12 ffffffffffffffff 0
[cyc 13453] [R SHIFT BY OCTET OUT] 9f a0 a1 a2 a3 a4 a5 a6 a7 a8 a9 aa ab ac ad ae af b0 b1 b2 b3 b4 b5 b6 b7 b8 b9 ba bb bc bd be bf c0 c1 c2 c3 c4 c5 c6 c7 c8 c9 ca cb cc cd ce cf d0 d1 d2 d3 d4 d5 d6 d7 d8 d9 da db dc dd de ffffffffffffffff 0
[cyc 13453] [STRIP MRC headers IN 0] 5f 60 61 62 63 64 65 66 67 68 69 6a 6b 6c 6d 6e 6f 70 71 72 73 74 75 76 77 78 79 7a 7b 7c 7d 7e 7f 80 81 82 83 84 85 86 87 88 89 8a 8b 8c 8d 8e 8f 90 91 92 93 94 95 96 97 98 99 9a 9b 9c 9d 9e ffffffffffffffff 0
[cyc 13453] [STRIP MRC headers OUT 0] 23 24 25 26 27 28 29 2a 2b 2c 2d 2e 2f 30 31 32 33 34 35 36 37 38 39 3a 3b 3c 3d 3e 3f 40 41 42 43 44 45 46 47 48 49 4a 4b 4c 4d 4e 4f 50 51 52 53 54 55 56 57 58 59 5a 5b 5c 5d 5e 5f 60 61 62 ffffffffffffffff 0
[cyc 13453] [R SHIFT BY OCTET IN] 23 24 25 26 27 28 29 2a 2b 2c 2d 2e 2f 30 31 32 33 34 35 36 37 38 39 3a 3b 3c 3d 3e 3f 40 41 42 43 44 45 46 47 48 49 4a 4b 4c 4d 4e 4f 50 51 52 53 54 55 56 57 58 59 5a 5b 5c 5d 5e 5f 60 61 62 ffffffffffffffff 0
[cyc 13453] [R SHIFT BY OCTET OUT] f3 f4 f5 f6 f7 f8 f9 fa fb fc fd fe ff 00 01 02 03 04 05 06 07 08 09 0a 0b 0c 0d 0e 0f 10 11 12 13 14 15 16 17 18 19 1a 1b 1c 1d 1e 1f 20 21 22 23 24 25 26 27 28 29 2a 2b 2c 2d 2e 2f 30 31 32 ffffffffffffffff 0
[cyc 13453] [PREPEND IBH HEADER 0]: IBH PARTIAL PAYLOAD
[cyc 13453] 00 00 00 00 00 00 00 00 00 00 00 00 1f 00 00 1c 77 78 79 7a 00 71 f4 d0 83 e8 5f f6 60 fa 8b 9e 40 5f 00 00 40 be 46 89 fe 7f 00 00 d0 fa 8b 9e 40 5f 00 00 44 5b 81 9e 40 5f 00 00 44 c0 46 89 000000000000ffff 1
[cyc 13453] [PREPEND IBH HEADER 0]: IBH PARTIAL HEADER
[cyc 13453] d1 00 ff ff 00 00 00 42 00 0a 0b 2f 1f 00 00 1c 77 78 79 7a 00 71 f4 d0 83 e8 5f f6 60 fa 8b 9e 40 5f 00 00 40 be 46 89 fe 7f 00 00 d0 fa 8b 9e 40 5f 00 00 44 5b 81 9e 40 5f 00 00 44 c0 46 89 000000000000ffff 1
[cyc 13454] [R SHIFT BY OCTET IN] 13 14 15 16 17 18 19 1a 1b 1c 1d 1e 1f 20 21 22 23 24 25 26 27 28 29 2a 2b 2c 2d 2e 2f 30 31 32 33 34 35 36 37 38 39 3a 3b 3c 3d 3e 3f 40 41 42 43 44 45 46 47 48 49 4a 4b 4c 4d 4e 4f 50 51 52 ffffffffffffffff 0
[cyc 13454] [R SHIFT BY OCTET OUT] df e0 e1 e2 e3 e4 e5 e6 e7 e8 e9 ea eb ec ed ee ef f0 f1 f2 f3 f4 f5 f6 f7 f8 f9 fa fb fc fd fe ff 00 01 02 03 04 05 06 07 08 09 0a 0b 0c 0d 0e 0f 10 11 12 13 14 15 16 17 18 19 1a 1b 1c 1d 1e ffffffffffffffff 0
[cyc 13454] [STRIP MRC headers IN 0] 9f a0 a1 a2 a3 a4 a5 a6 a7 a8 a9 aa ab ac ad ae af b0 b1 b2 b3 b4 b5 b6 b7 b8 b9 ba bb bc bd be bf c0 c1 c2 c3 c4 c5 c6 c7 c8 c9 ca cb cc cd ce cf d0 d1 d2 d3 d4 d5 d6 d7 d8 d9 da db dc dd de ffffffffffffffff 0
[cyc 13454] [STRIP MRC headers OUT 0] 63 64 65 66 67 68 69 6a 6b 6c 6d 6e 6f 70 71 72 73 74 75 76 77 78 79 7a 7b 7c 7d 7e 7f 80 81 82 83 84 85 86 87 88 89 8a 8b 8c 8d 8e 8f 90 91 92 93 94 95 96 97 98 99 9a 9b 9c 9d 9e 9f a0 a1 a2 ffffffffffffffff 0
[cyc 13454] [R SHIFT BY OCTET IN] 63 64 65 66 67 68 69 6a 6b 6c 6d 6e 6f 70 71 72 73 74 75 76 77 78 79 7a 7b 7c 7d 7e 7f 80 81 82 83 84 85 86 87 88 89 8a 8b 8c 8d 8e 8f 90 91 92 93 94 95 96 97 98 99 9a 9b 9c 9d 9e 9f a0 a1 a2 ffffffffffffffff 0
[cyc 13454] [R SHIFT BY OCTET OUT] 33 34 35 36 37 38 39 3a 3b 3c 3d 3e 3f 40 41 42 43 44 45 46 47 48 49 4a 4b 4c 4d 4e 4f 50 51 52 53 54 55 56 57 58 59 5a 5b 5c 5d 5e 5f 60 61 62 63 64 65 66 67 68 69 6a 6b 6c 6d 6e 6f 70 71 72 ffffffffffffffff 0
[cyc 13455] [TB] last beat of packet 2 (17 beat(s))
[cyc 13455] [R SHIFT BY OCTET IN] 53 54 55 56 57 58 59 5a 5b 5c 5d 5e 5f 60 61 62 63 64 65 66 67 68 69 6a 6b 6c 6d 6e 6f 70 71 72 73 74 75 76 77 78 79 7a 7b 7c 7d 7e 7f 80 81 82 83 84 85 86 87 88 89 8a 8b 8c 8d 8e 8f 90 91 92 ffffffffffffffff 0
[cyc 13455] [R SHIFT BY OCTET OUT] 1f 20 21 22 23 24 25 26 27 28 29 2a 2b 2c 2d 2e 2f 30 31 32 33 34 35 36 37 38 39 3a 3b 3c 3d 3e 3f 40 41 42 43 44 45 46 47 48 49 4a 4b 4c 4d 4e 4f 50 51 52 53 54 55 56 57 58 59 5a 5b 5c 5d 5e ffffffffffffffff 0
[cyc 13455] [STRIP MRC headers IN 0] df e0 e1 e2 e3 e4 e5 e6 e7 e8 e9 ea eb ec ed ee ef f0 f1 f2 f3 f4 f5 f6 f7 f8 f9 fa fb fc fd fe ff 00 01 02 03 04 05 06 07 08 09 0a 0b 0c 0d 0e 0f 10 11 12 13 14 15 16 17 18 19 1a 1b 1c 1d 1e ffffffffffffffff 0
[cyc 13455] [STRIP MRC headers OUT 0] a3 a4 a5 a6 a7 a8 a9 aa ab ac ad ae af b0 b1 b2 b3 b4 b5 b6 b7 b8 b9 ba bb bc bd be bf c0 c1 c2 c3 c4 c5 c6 c7 c8 c9 ca cb cc cd ce cf d0 d1 d2 d3 d4 d5 d6 d7 d8 d9 da db dc dd de df e0 e1 e2 ffffffffffffffff 0
[cyc 13455] [R SHIFT BY OCTET IN] a3 a4 a5 a6 a7 a8 a9 aa ab ac ad ae af b0 b1 b2 b3 b4 b5 b6 b7 b8 b9 ba bb bc bd be bf c0 c1 c2 c3 c4 c5 c6 c7 c8 c9 ca cb cc cd ce cf d0 d1 d2 d3 d4 d5 d6 d7 d8 d9 da db dc dd de df e0 e1 e2 ffffffffffffffff 0
[cyc 13455] [R SHIFT BY OCTET OUT] 73 74 75 76 77 78 79 7a 7b 7c 7d 7e 7f 80 81 82 83 84 85 86 87 88 89 8a 8b 8c 8d 8e 8f 90 91 92 93 94 95 96 97 98 99 9a 9b 9c 9d 9e 9f a0 a1 a2 a3 a4 a5 a6 a7 a8 a9 aa ab ac ad ae af b0 b1 b2 ffffffffffffffff 0
[cyc 13456] [TB] first beat of packet 3 (TEST 13d: MIDDLE in a burst)
[cyc 13456] [RX PROCESS IBH 0]: input psn 0x0a0b30
[cyc 13456] [RX PROCESS IBH 0]: process IBH opcode: c7
[cyc 13456] [R SHIFT BY OCTET IN] 93 94 95 96 97 98 99 9a 9b 9c 9d 9e 9f a0 a1 a2 a3 a4 a5 a6 a7 a8 a9 aa ab ac ad ae af b0 b1 b2 b3 b4 b5 b6 b7 b8 b9 ba bb bc bd be bf c0 c1 c2 c3 c4 c5 c6 c7 c8 c9 ca cb cc cd ce cf d0 d1 d2 ffffffffffffffff 0
[cyc 13456] [R SHIFT BY OCTET OUT] 5f 60 61 62 63 64 65 66 67 68 69 6a 6b 6c 6d 6e 6f 70 71 72 73 74 75 76 77 78 79 7a 7b 7c 7d 7e 7f 80 81 82 83 84 85 86 87 88 89 8a 8b 8c 8d 8e 8f 90 91 92 93 94 95 96 97 98 99 9a 9b 9c 9d 9e ffffffffffffffff 0
[cyc 13456] [STRIP MRC headers IN 0] 1f 20 21 22 23 24 25 26 27 28 29 2a 2b 2c 2d 2e 2f 30 31 32 33 34 35 36 37 38 39 3a 3b 3c 3d 3e 3f 40 41 42 43 44 45 46 47 48 49 4a 4b 4c 4d 4e 4f 50 51 52 53 54 55 56 57 58 59 5a 5b 5c 5d 5e ffffffffffffffff 0
[cyc 13456] [STRIP MRC headers OUT 0] e3 e4 e5 e6 e7 e8 e9 ea eb ec ed ee ef f0 f1 f2 f3 f4 f5 f6 f7 f8 f9 fa fb fc fd fe ff 00 01 02 03 04 05 06 07 08 09 0a 0b 0c 0d 0e 0f 10 11 12 13 14 15 16 17 18 19 1a 1b 1c 1d 1e 1f 20 21 22 ffffffffffffffff 0
[cyc 13456] [R SHIFT BY OCTET IN] e3 e4 e5 e6 e7 e8 e9 ea eb ec ed ee ef f0 f1 f2 f3 f4 f5 f6 f7 f8 f9 fa fb fc fd fe ff 00 01 02 03 04 05 06 07 08 09 0a 0b 0c 0d 0e 0f 10 11 12 13 14 15 16 17 18 19 1a 1b 1c 1d 1e 1f 20 21 22 ffffffffffffffff 0
[cyc 13456] [R SHIFT BY OCTET OUT] b3 b4 b5 b6 b7 b8 b9 ba bb bc bd be bf c0 c1 c2 c3 c4 c5 c6 c7 c8 c9 ca cb cc cd ce cf d0 d1 d2 d3 d4 d5 d6 d7 d8 d9 da db dc dd de df e0 e1 e2 e3 e4 e5 e6 e7 e8 e9 ea eb ec ed ee ef f0 f1 f2 ffffffffffffffff 0
[cyc 13457] [R SHIFT BY OCTET IN] d3 d4 d5 d6 d7 d8 d9 da db dc dd de df e0 e1 e2 e3 e4 e5 e6 e7 e8 e9 ea eb ec ed ee ef f0 f1 f2 00 00 00 00 00 00 00 00 00 00 00 00 00 00 00 00 00 00 00 00 00 00 00 00 00 00 00 00 00 00 00 00 00000000ffffffff 1  <- last
[cyc 13457] [R SHIFT BY OCTET OUT] 9f a0 a1 a2 a3 a4 a5 a6 a7 a8 a9 aa ab ac ad ae af b0 b1 b2 b3 b4 b5 b6 b7 b8 b9 ba bb bc bd be bf c0 c1 c2 c3 c4 c5 c6 c7 c8 c9 ca cb cc cd ce cf d0 d1 d2 d3 d4 d5 d6 d7 d8 d9 da db dc dd de ffffffffffffffff 0
[cyc 13457] [STRIP MRC headers IN 0] 5f 60 61 62 63 64 65 66 67 68 69 6a 6b 6c 6d 6e 6f 70 71 72 73 74 75 76 77 78 79 7a 7b 7c 7d 7e 7f 80 81 82 83 84 85 86 87 88 89 8a 8b 8c 8d 8e 8f 90 91 92 93 94 95 96 97 98 99 9a 9b 9c 9d 9e ffffffffffffffff 0
[cyc 13457] [STRIP MRC headers OUT 0] 23 24 25 26 27 28 29 2a 2b 2c 2d 2e 2f 30 31 32 33 34 35 36 37 38 39 3a 3b 3c 3d 3e 3f 40 41 42 43 44 45 46 47 48 49 4a 4b 4c 4d 4e 4f 50 51 52 53 54 55 56 57 58 59 5a 5b 5c 5d 5e 5f 60 61 62 ffffffffffffffff 0
[cyc 13457] [R SHIFT BY OCTET IN] 23 24 25 26 27 28 29 2a 2b 2c 2d 2e 2f 30 31 32 33 34 35 36 37 38 39 3a 3b 3c 3d 3e 3f 40 41 42 43 44 45 46 47 48 49 4a 4b 4c 4d 4e 4f 50 51 52 53 54 55 56 57 58 59 5a 5b 5c 5d 5e 5f 60 61 62 ffffffffffffffff 0
[cyc 13457] [R SHIFT BY OCTET OUT] f3 f4 f5 f6 f7 f8 f9 fa fb fc fd fe ff 00 01 02 03 04 05 06 07 08 09 0a 0b 0c 0d 0e 0f 10 11 12 13 14 15 16 17 18 19 1a 1b 1c 1d 1e 1f 20 21 22 23 24 25 26 27 28 29 2a 2b 2c 2d 2e 2f 30 31 32 ffffffffffffffff 0
[cyc 13458] [R SHIFT BY OCTET OUT] df e0 e1 e2 e3 e4 e5 e6 e7 e8 e9 ea eb ec ed ee ef f0 f1 f2 00 00 00 00 00 00 00 00 00 00 00 00 00 00 00 00 00 00 00 00 00 00 00 00 00 00 00 00 00 00 00 00 00 00 00 00 00 00 00 00 00 00 00 00 00000000000fffff 1  <- last
[cyc 13458] [STRIP MRC headers IN 0] 9f a0 a1 a2 a3 a4 a5 a6 a7 a8 a9 aa ab ac ad ae af b0 b1 b2 b3 b4 b5 b6 b7 b8 b9 ba bb bc bd be bf c0 c1 c2 c3 c4 c5 c6 c7 c8 c9 ca cb cc cd ce cf d0 d1 d2 d3 d4 d5 d6 d7 d8 d9 da db dc dd de ffffffffffffffff 0
[cyc 13458] [STRIP MRC headers OUT 0] 63 64 65 66 67 68 69 6a 6b 6c 6d 6e 6f 70 71 72 73 74 75 76 77 78 79 7a 7b 7c 7d 7e 7f 80 81 82 83 84 85 86 87 88 89 8a 8b 8c 8d 8e 8f 90 91 92 93 94 95 96 97 98 99 9a 9b 9c 9d 9e 9f a0 a1 a2 ffffffffffffffff 0
[cyc 13458] [R SHIFT BY OCTET IN] 63 64 65 66 67 68 69 6a 6b 6c 6d 6e 6f 70 71 72 73 74 75 76 77 78 79 7a 7b 7c 7d 7e 7f 80 81 82 83 84 85 86 87 88 89 8a 8b 8c 8d 8e 8f 90 91 92 93 94 95 96 97 98 99 9a 9b 9c 9d 9e 9f a0 a1 a2 ffffffffffffffff 0
[cyc 13458] [R SHIFT BY OCTET OUT] 33 34 35 36 37 38 39 3a 3b 3c 3d 3e 3f 40 41 42 43 44 45 46 47 48 49 4a 4b 4c 4d 4e 4f 50 51 52 53 54 55 56 57 58 59 5a 5b 5c 5d 5e 5f 60 61 62 63 64 65 66 67 68 69 6a 6b 6c 6d 6e 6f 70 71 72 ffffffffffffffff 0
[cyc 13459] [R SHIFT BY OCTET IN] c7 00 ff ff 00 00 00 05 80 0a 0b 30 00 00 00 1c 00 00 00 00 00 06 24 00 00 00 12 34 00 00 08 0a f4 f5 f6 f7 f8 f9 fa fb fc fd fe ff 00 01 02 03 04 05 06 07 08 09 0a 0b 0c 0d 0e 0f 10 11 12 13 ffffffffffffffff 0
[cyc 13459] [STRIP MRC headers IN 0] df e0 e1 e2 e3 e4 e5 e6 e7 e8 e9 ea eb ec ed ee ef f0 f1 f2 00 00 00 00 00 00 00 00 00 00 00 00 00 00 00 00 00 00 00 00 00 00 00 00 00 00 00 00 00 00 00 00 00 00 00 00 00 00 00 00 00 00 00 00 00000000000fffff 1  <- last
[cyc 13459] [STRIP MRC headers OUT 0] a3 a4 a5 a6 a7 a8 a9 aa ab ac ad ae af b0 b1 b2 b3 b4 b5 b6 b7 b8 b9 ba bb bc bd be bf c0 c1 c2 c3 c4 c5 c6 c7 c8 c9 ca cb cc cd ce cf d0 d1 d2 d3 d4 d5 d6 d7 d8 d9 da db dc dd de df e0 e1 e2 ffffffffffffffff 0
[cyc 13459] [R SHIFT BY OCTET IN] a3 a4 a5 a6 a7 a8 a9 aa ab ac ad ae af b0 b1 b2 b3 b4 b5 b6 b7 b8 b9 ba bb bc bd be bf c0 c1 c2 c3 c4 c5 c6 c7 c8 c9 ca cb cc cd ce cf d0 d1 d2 d3 d4 d5 d6 d7 d8 d9 da db dc dd de df e0 e1 e2 ffffffffffffffff 0
[cyc 13459] [R SHIFT BY OCTET OUT] 73 74 75 76 77 78 79 7a 7b 7c 7d 7e 7f 80 81 82 83 84 85 86 87 88 89 8a 8b 8c 8d 8e 8f 90 91 92 93 94 95 96 97 98 99 9a 9b 9c 9d 9e 9f a0 a1 a2 a3 a4 a5 a6 a7 a8 a9 aa ab ac ad ae af b0 b1 b2 ffffffffffffffff 0
[cyc 13460] [R SHIFT BY OCTET IN] 14 15 16 17 18 19 1a 1b 1c 1d 1e 1f 20 21 22 23 24 25 26 27 28 29 2a 2b 2c 2d 2e 2f 30 31 32 33 34 35 36 37 38 39 3a 3b 3c 3d 3e 3f 40 41 42 43 44 45 46 47 48 49 4a 4b 4c 4d 4e 4f 50 51 52 53 ffffffffffffffff 0
[cyc 13460] [R SHIFT BY OCTET OUT] 00 00 00 1c 00 00 00 00 00 06 24 00 00 00 12 34 00 00 08 0a f4 f5 f6 f7 f8 f9 fa fb fc fd fe ff 00 01 02 03 04 05 06 07 08 09 0a 0b 0c 0d 0e 0f 10 11 12 13 14 15 16 17 18 19 1a 1b 1c 1d 1e 1f ffffffffffffffff 0
[cyc 13460] [STRIP MRC headers OUT 0] e3 e4 e5 e6 e7 e8 e9 ea eb ec ed ee ef f0 f1 f2 00 00 00 00 00 00 00 00 00 00 00 00 00 00 00 00 00 00 00 00 00 00 00 00 00 00 00 00 00 00 00 00 00 00 00 00 00 00 00 00 00 00 00 00 00 00 00 00 000000000000ffff 1  <- last
[cyc 13460] [R SHIFT BY OCTET IN] e3 e4 e5 e6 e7 e8 e9 ea eb ec ed ee ef f0 f1 f2 f3 f4 f5 f6 f7 f8 f9 fa fb fc fd fe ff 00 01 02 03 04 05 06 07 08 09 0a 0b 0c 0d 0e 0f 10 11 12 13 14 15 16 17 18 19 1a 1b 1c 1d 1e 1f 20 21 22 ffffffffffffffff 0
[cyc 13460] [R SHIFT BY OCTET OUT] b3 b4 b5 b6 b7 b8 b9 ba bb bc bd be bf c0 c1 c2 c3 c4 c5 c6 c7 c8 c9 ca cb cc cd ce cf d0 d1 d2 d3 d4 d5 d6 d7 d8 d9 da db dc dd de df e0 e1 e2 e3 e4 e5 e6 e7 e8 e9 ea eb ec ed ee ef f0 f1 f2 ffffffffffffffff 0
[cyc 13461] [R SHIFT BY OCTET IN] 54 55 56 57 58 59 5a 5b 5c 5d 5e 5f 60 61 62 63 64 65 66 67 68 69 6a 6b 6c 6d 6e 6f 70 71 72 73 74 75 76 77 78 79 7a 7b 7c 7d 7e 7f 80 81 82 83 84 85 86 87 88 89 8a 8b 8c 8d 8e 8f 90 91 92 93 ffffffffffffffff 0
[cyc 13461] [R SHIFT BY OCTET OUT] 20 21 22 23 24 25 26 27 28 29 2a 2b 2c 2d 2e 2f 30 31 32 33 34 35 36 37 38 39 3a 3b 3c 3d 3e 3f 40 41 42 43 44 45 46 47 48 49 4a 4b 4c 4d 4e 4f 50 51 52 53 54 55 56 57 58 59 5a 5b 5c 5d 5e 5f ffffffffffffffff 0
[cyc 13461] [R SHIFT BY OCTET IN] 23 24 25 26 27 28 29 2a 2b 2c 2d 2e 2f 30 31 32 33 34 35 36 37 38 39 3a 3b 3c 3d 3e 3f 40 41 42 43 44 45 46 47 48 49 4a 4b 4c 4d 4e 4f 50 51 52 53 54 55 56 57 58 59 5a 5b 5c 5d 5e 5f 60 61 62 ffffffffffffffff 0
[cyc 13461] [R SHIFT BY OCTET OUT] f3 f4 f5 f6 f7 f8 f9 fa fb fc fd fe ff 00 01 02 03 04 05 06 07 08 09 0a 0b 0c 0d 0e 0f 10 11 12 13 14 15 16 17 18 19 1a 1b 1c 1d 1e 1f 20 21 22 23 24 25 26 27 28 29 2a 2b 2c 2d 2e 2f 30 31 32 ffffffffffffffff 0
[cyc 13462] [R SHIFT BY OCTET IN] 94 95 96 97 98 99 9a 9b 9c 9d 9e 9f a0 a1 a2 a3 a4 a5 a6 a7 a8 a9 aa ab ac ad ae af b0 b1 b2 b3 b4 b5 b6 b7 b8 b9 ba bb bc bd be bf c0 c1 c2 c3 c4 c5 c6 c7 c8 c9 ca cb cc cd ce cf d0 d1 d2 d3 ffffffffffffffff 0
[cyc 13462] [R SHIFT BY OCTET OUT] 60 61 62 63 64 65 66 67 68 69 6a 6b 6c 6d 6e 6f 70 71 72 73 74 75 76 77 78 79 7a 7b 7c 7d 7e 7f 80 81 82 83 84 85 86 87 88 89 8a 8b 8c 8d 8e 8f 90 91 92 93 94 95 96 97 98 99 9a 9b 9c 9d 9e 9f ffffffffffffffff 0
[cyc 13462] [STRIP MRC headers IN 0] 00 00 00 1c 00 00 00 00 00 06 24 00 00 00 12 34 00 00 08 0a f4 f5 f6 f7 f8 f9 fa fb fc fd fe ff 00 01 02 03 04 05 06 07 08 09 0a 0b 0c 0d 0e 0f 10 11 12 13 14 15 16 17 18 19 1a 1b 1c 1d 1e 1f ffffffffffffffff 0
[cyc 13462] [R SHIFT BY OCTET IN] 63 64 65 66 67 68 69 6a 6b 6c 6d 6e 6f 70 71 72 73 74 75 76 77 78 79 7a 7b 7c 7d 7e 7f 80 81 82 83 84 85 86 87 88 89 8a 8b 8c 8d 8e 8f 90 91 92 93 94 95 96 97 98 99 9a 9b 9c 9d 9e 9f a0 a1 a2 ffffffffffffffff 0
[cyc 13462] [R SHIFT BY OCTET OUT] 33 34 35 36 37 38 39 3a 3b 3c 3d 3e 3f 40 41 42 43 44 45 46 47 48 49 4a 4b 4c 4d 4e 4f 50 51 52 53 54 55 56 57 58 59 5a 5b 5c 5d 5e 5f 60 61 62 63 64 65 66 67 68 69 6a 6b 6c 6d 6e 6f 70 71 72 ffffffffffffffff 0
[cyc 13463] [R SHIFT BY OCTET IN] d4 d5 d6 d7 d8 d9 da db dc dd de df e0 e1 e2 e3 e4 e5 e6 e7 e8 e9 ea eb ec ed ee ef f0 f1 f2 f3 f4 f5 f6 f7 f8 f9 fa fb fc fd fe ff 00 01 02 03 04 05 06 07 08 09 0a 0b 0c 0d 0e 0f 10 11 12 13 ffffffffffffffff 0
[cyc 13463] [R SHIFT BY OCTET OUT] a0 a1 a2 a3 a4 a5 a6 a7 a8 a9 aa ab ac ad ae af b0 b1 b2 b3 b4 b5 b6 b7 b8 b9 ba bb bc bd be bf c0 c1 c2 c3 c4 c5 c6 c7 c8 c9 ca cb cc cd ce cf d0 d1 d2 d3 d4 d5 d6 d7 d8 d9 da db dc dd de df ffffffffffffffff 0
[cyc 13463] [STRIP MRC headers IN 0] 20 21 22 23 24 25 26 27 28 29 2a 2b 2c 2d 2e 2f 30 31 32 33 34 35 36 37 38 39 3a 3b 3c 3d 3e 3f 40 41 42 43 44 45 46 47 48 49 4a 4b 4c 4d 4e 4f 50 51 52 53 54 55 56 57 58 59 5a 5b 5c 5d 5e 5f ffffffffffffffff 0
[cyc 13463] [STRIP MRC headers OUT 0] 00 00 00 00 00 06 24 00 00 00 12 34 00 00 08 0a f4 f5 f6 f7 f8 f9 fa fb fc fd fe ff 00 01 02 03 04 05 06 07 08 09 0a 0b 0c 0d 0e 0f 10 11 12 13 14 15 16 17 18 19 1a 1b 1c 1d 1e 1f 20 21 22 23 ffffffffffffffff 0
[cyc 13463] [R SHIFT BY OCTET IN] a3 a4 a5 a6 a7 a8 a9 aa ab ac ad ae af b0 b1 b2 b3 b4 b5 b6 b7 b8 b9 ba bb bc bd be bf c0 c1 c2 c3 c4 c5 c6 c7 c8 c9 ca cb cc cd ce cf d0 d1 d2 d3 d4 d5 d6 d7 d8 d9 da db dc dd de df e0 e1 e2 ffffffffffffffff 0
[cyc 13463] [R SHIFT BY OCTET OUT] 73 74 75 76 77 78 79 7a 7b 7c 7d 7e 7f 80 81 82 83 84 85 86 87 88 89 8a 8b 8c 8d 8e 8f 90 91 92 93 94 95 96 97 98 99 9a 9b 9c 9d 9e 9f a0 a1 a2 a3 a4 a5 a6 a7 a8 a9 aa ab ac ad ae af b0 b1 b2 ffffffffffffffff 0
[cyc 13464] [R SHIFT BY OCTET IN] 14 15 16 17 18 19 1a 1b 1c 1d 1e 1f 20 21 22 23 24 25 26 27 28 29 2a 2b 2c 2d 2e 2f 30 31 32 33 34 35 36 37 38 39 3a 3b 3c 3d 3e 3f 40 41 42 43 44 45 46 47 48 49 4a 4b 4c 4d 4e 4f 50 51 52 53 ffffffffffffffff 0
[cyc 13464] [R SHIFT BY OCTET OUT] e0 e1 e2 e3 e4 e5 e6 e7 e8 e9 ea eb ec ed ee ef f0 f1 f2 f3 f4 f5 f6 f7 f8 f9 fa fb fc fd fe ff 00 01 02 03 04 05 06 07 08 09 0a 0b 0c 0d 0e 0f 10 11 12 13 14 15 16 17 18 19 1a 1b 1c 1d 1e 1f ffffffffffffffff 0
[cyc 13464] [STRIP MRC headers IN 0] 60 61 62 63 64 65 66 67 68 69 6a 6b 6c 6d 6e 6f 70 71 72 73 74 75 76 77 78 79 7a 7b 7c 7d 7e 7f 80 81 82 83 84 85 86 87 88 89 8a 8b 8c 8d 8e 8f 90 91 92 93 94 95 96 97 98 99 9a 9b 9c 9d 9e 9f ffffffffffffffff 0
[cyc 13464] [STRIP MRC headers OUT 0] 24 25 26 27 28 29 2a 2b 2c 2d 2e 2f 30 31 32 33 34 35 36 37 38 39 3a 3b 3c 3d 3e 3f 40 41 42 43 44 45 46 47 48 49 4a 4b 4c 4d 4e 4f 50 51 52 53 54 55 56 57 58 59 5a 5b 5c 5d 5e 5f 60 61 62 63 ffffffffffffffff 0
[cyc 13464] [RX IBH FSM 0]: epsn: 0x0a0b30, 658224, packet psn: 0x0a0b30, 658224, oldest outstanding psn: 0x8a0b30, 9046832
[cyc 13464] [R SHIFT BY OCTET IN] e3 e4 e5 e6 e7 e8 e9 ea eb ec ed ee ef f0 f1 f2 00 00 00 00 00 00 00 00 00 00 00 00 00 00 00 00 00 00 00 00 00 00 00 00 00 00 00 00 00 00 00 00 00 00 00 00 00 00 00 00 00 00 00 00 00 00 00 00 000000000000ffff 1  <- last
[cyc 13464] [R SHIFT BY OCTET OUT] b3 b4 b5 b6 b7 b8 b9 ba bb bc bd be bf c0 c1 c2 c3 c4 c5 c6 c7 c8 c9 ca cb cc cd ce cf d0 d1 d2 d3 d4 d5 d6 d7 d8 d9 da db dc dd de df e0 e1 e2 e3 e4 e5 e6 e7 e8 e9 ea eb ec ed ee ef f0 f1 f2 ffffffffffffffff 1  <- last
[cyc 13465] [R SHIFT BY OCTET IN] 54 55 56 57 58 59 5a 5b 5c 5d 5e 5f 60 61 62 63 64 65 66 67 68 69 6a 6b 6c 6d 6e 6f 70 71 72 73 74 75 76 77 78 79 7a 7b 7c 7d 7e 7f 80 81 82 83 84 85 86 87 88 89 8a 8b 8c 8d 8e 8f 90 91 92 93 ffffffffffffffff 0
[cyc 13465] [R SHIFT BY OCTET OUT] 20 21 22 23 24 25 26 27 28 29 2a 2b 2c 2d 2e 2f 30 31 32 33 34 35 36 37 38 39 3a 3b 3c 3d 3e 3f 40 41 42 43 44 45 46 47 48 49 4a 4b 4c 4d 4e 4f 50 51 52 53 54 55 56 57 58 59 5a 5b 5c 5d 5e 5f ffffffffffffffff 0
[cyc 13465] [STRIP MRC headers IN 0] a0 a1 a2 a3 a4 a5 a6 a7 a8 a9 aa ab ac ad ae af b0 b1 b2 b3 b4 b5 b6 b7 b8 b9 ba bb bc bd be bf c0 c1 c2 c3 c4 c5 c6 c7 c8 c9 ca cb cc cd ce cf d0 d1 d2 d3 d4 d5 d6 d7 d8 d9 da db dc dd de df ffffffffffffffff 0
[cyc 13465] [STRIP MRC headers OUT 0] 64 65 66 67 68 69 6a 6b 6c 6d 6e 6f 70 71 72 73 74 75 76 77 78 79 7a 7b 7c 7d 7e 7f 80 81 82 83 84 85 86 87 88 89 8a 8b 8c 8d 8e 8f 90 91 92 93 94 95 96 97 98 99 9a 9b 9c 9d 9e 9f a0 a1 a2 a3 ffffffffffffffff 0
[cyc 13466] [R SHIFT BY OCTET IN] 94 95 96 97 98 99 9a 9b 9c 9d 9e 9f a0 a1 a2 a3 a4 a5 a6 a7 a8 a9 aa ab ac ad ae af b0 b1 b2 b3 b4 b5 b6 b7 b8 b9 ba bb bc bd be bf c0 c1 c2 c3 c4 c5 c6 c7 c8 c9 ca cb cc cd ce cf d0 d1 d2 d3 ffffffffffffffff 0
[cyc 13466] [R SHIFT BY OCTET OUT] 60 61 62 63 64 65 66 67 68 69 6a 6b 6c 6d 6e 6f 70 71 72 73 74 75 76 77 78 79 7a 7b 7c 7d 7e 7f 80 81 82 83 84 85 86 87 88 89 8a 8b 8c 8d 8e 8f 90 91 92 93 94 95 96 97 98 99 9a 9b 9c 9d 9e 9f ffffffffffffffff 0
[cyc 13466] [STRIP MRC headers IN 0] e0 e1 e2 e3 e4 e5 e6 e7 e8 e9 ea eb ec ed ee ef f0 f1 f2 f3 f4 f5 f6 f7 f8 f9 fa fb fc fd fe ff 00 01 02 03 04 05 06 07 08 09 0a 0b 0c 0d 0e 0f 10 11 12 13 14 15 16 17 18 19 1a 1b 1c 1d 1e 1f ffffffffffffffff 0
[cyc 13466] [STRIP MRC headers OUT 0] a4 a5 a6 a7 a8 a9 aa ab ac ad ae af b0 b1 b2 b3 b4 b5 b6 b7 b8 b9 ba bb bc bd be bf c0 c1 c2 c3 c4 c5 c6 c7 c8 c9 ca cb cc cd ce cf d0 d1 d2 d3 d4 d5 d6 d7 d8 d9 da db dc dd de df e0 e1 e2 e3 ffffffffffffffff 0
[cyc 13466] [META MERGER 0]: reading from ack event with qpn 0x5, psn 0x0a0b30
[cyc 13467] [R SHIFT BY OCTET IN] d4 d5 d6 d7 d8 d9 da db dc dd de df e0 e1 e2 e3 e4 e5 e6 e7 e8 e9 ea eb ec ed ee ef f0 f1 f2 f3 f4 f5 f6 f7 f8 f9 fa fb fc fd fe ff 00 01 02 03 04 05 06 07 08 09 0a 0b 0c 0d 0e 0f 10 11 12 13 ffffffffffffffff 0
[cyc 13467] [R SHIFT BY OCTET OUT] a0 a1 a2 a3 a4 a5 a6 a7 a8 a9 aa ab ac ad ae af b0 b1 b2 b3 b4 b5 b6 b7 b8 b9 ba bb bc bd be bf c0 c1 c2 c3 c4 c5 c6 c7 c8 c9 ca cb cc cd ce cf d0 d1 d2 d3 d4 d5 d6 d7 d8 d9 da db dc dd de df ffffffffffffffff 0
[cyc 13467] [STRIP MRC headers IN 0] 20 21 22 23 24 25 26 27 28 29 2a 2b 2c 2d 2e 2f 30 31 32 33 34 35 36 37 38 39 3a 3b 3c 3d 3e 3f 40 41 42 43 44 45 46 47 48 49 4a 4b 4c 4d 4e 4f 50 51 52 53 54 55 56 57 58 59 5a 5b 5c 5d 5e 5f ffffffffffffffff 0
[cyc 13467] [STRIP MRC headers OUT 0] e4 e5 e6 e7 e8 e9 ea eb ec ed ee ef f0 f1 f2 f3 f4 f5 f6 f7 f8 f9 fa fb fc fd fe ff 00 01 02 03 04 05 06 07 08 09 0a 0b 0c 0d 0e 0f 10 11 12 13 14 15 16 17 18 19 1a 1b 1c 1d 1e 1f 20 21 22 23 ffffffffffffffff 0
[cyc 13467] [R SHIFT BY OCTET IN] 00 00 00 00 00 06 24 00 00 00 12 34 00 00 08 0a f4 f5 f6 f7 f8 f9 fa fb fc fd fe ff 00 01 02 03 04 05 06 07 08 09 0a 0b 0c 0d 0e 0f 10 11 12 13 14 15 16 17 18 19 1a 1b 1c 1d 1e 1f 20 21 22 23 ffffffffffffffff 0
[cyc 13468] [R SHIFT BY OCTET IN] 14 15 16 17 18 19 1a 1b 1c 1d 1e 1f 20 21 22 23 24 25 26 27 28 29 2a 2b 2c 2d 2e 2f 30 31 32 33 34 35 36 37 38 39 3a 3b 3c 3d 3e 3f 40 41 42 43 44 45 46 47 48 49 4a 4b 4c 4d 4e 4f 50 51 52 53 ffffffffffffffff 0
[cyc 13468] [R SHIFT BY OCTET OUT] e0 e1 e2 e3 e4 e5 e6 e7 e8 e9 ea eb ec ed ee ef f0 f1 f2 f3 f4 f5 f6 f7 f8 f9 fa fb fc fd fe ff 00 01 02 03 04 05 06 07 08 09 0a 0b 0c 0d 0e 0f 10 11 12 13 14 15 16 17 18 19 1a 1b 1c 1d 1e 1f ffffffffffffffff 0
[cyc 13468] [STRIP MRC headers IN 0] 60 61 62 63 64 65 66 67 68 69 6a 6b 6c 6d 6e 6f 70 71 72 73 74 75 76 77 78 79 7a 7b 7c 7d 7e 7f 80 81 82 83 84 85 86 87 88 89 8a 8b 8c 8d 8e 8f 90 91 92 93 94 95 96 97 98 99 9a 9b 9c 9d 9e 9f ffffffffffffffff 0
[cyc 13468] [STRIP MRC headers OUT 0] 24 25 26 27 28 29 2a 2b 2c 2d 2e 2f 30 31 32 33 34 35 36 37 38 39 3a 3b 3c 3d 3e 3f 40 41 42 43 44 45 46 47 48 49 4a 4b 4c 4d 4e 4f 50 51 52 53 54 55 56 57 58 59 5a 5b 5c 5d 5e 5f 60 61 62 63 ffffffffffffffff 0
[cyc 13468] [R SHIFT BY OCTET IN] 24 25 26 27 28 29 2a 2b 2c 2d 2e 2f 30 31 32 33 34 35 36 37 38 39 3a 3b 3c 3d 3e 3f 40 41 42 43 44 45 46 47 48 49 4a 4b 4c 4d 4e 4f 50 51 52 53 54 55 56 57 58 59 5a 5b 5c 5d 5e 5f 60 61 62 63 ffffffffffffffff 0
[cyc 13468] [R SHIFT BY OCTET OUT] f4 f5 f6 f7 f8 f9 fa fb fc fd fe ff 00 01 02 03 04 05 06 07 08 09 0a 0b 0c 0d 0e 0f 10 11 12 13 14 15 16 17 18 19 1a 1b 1c 1d 1e 1f 20 21 22 23 24 25 26 27 28 29 2a 2b 2c 2d 2e 2f 30 31 32 33 ffffffffffffffff 0
[cyc 13468] [GENERATE EXH 0]: MRC_ACK with qpn 0x5, psn 0x0a0b30
[cyc 13468] [GENERATE EXH 0]: MRC_ACK 1f 00 00 1c f8 f9 fa fb 00 71 f4 d0 83 e8 5f f6 60 fa 8b 9e 40 5f 00 00 40 be 46 89 fe 7f 00 00 d0 fa 8b 9e 40 5f 00 00 44 5b 81 9e 40 5f 00 00 44 c0 46 89 fe 7f 00 00 87 16 85 9e 40 5f 00 00 000000000000000f 1
[cyc 13468] [APPEND PAYLOAD 0]: moving to state HEADER
[cyc 13468] [TX IP UDP META MERGER 0]: port 0xc000
[cyc 13469] [R SHIFT BY OCTET IN] 54 55 56 57 58 59 5a 5b 5c 5d 5e 5f 60 61 62 63 64 65 66 67 68 69 6a 6b 6c 6d 6e 6f 70 71 72 73 74 75 76 77 78 79 7a 7b 7c 7d 7e 7f 80 81 82 83 84 85 86 87 88 89 8a 8b 8c 8d 8e 8f 90 91 92 93 ffffffffffffffff 0
[cyc 13469] [R SHIFT BY OCTET OUT] 20 21 22 23 24 25 26 27 28 29 2a 2b 2c 2d 2e 2f 30 31 32 33 34 35 36 37 38 39 3a 3b 3c 3d 3e 3f 40 41 42 43 44 45 46 47 48 49 4a 4b 4c 4d 4e 4f 50 51 52 53 54 55 56 57 58 59 5a 5b 5c 5d 5e 5f ffffffffffffffff 0
[cyc 13469] [STRIP MRC headers IN 0] a0 a1 a2 a3 a4 a5 a6 a7 a8 a9 aa ab ac ad ae af b0 b1 b2 b3 b4 b5 b6 b7 b8 b9 ba bb bc bd be bf c0 c1 c2 c3 c4 c5 c6 c7 c8 c9 ca cb cc cd ce cf d0 d1 d2 d3 d4 d5 d6 d7 d8 d9 da db dc dd de df ffffffffffffffff 0
[cyc 13469] [STRIP MRC headers OUT 0] 64 65 66 67 68 69 6a 6b 6c 6d 6e 6f 70 71 72 73 74 75 76 77 78 79 7a 7b 7c 7d 7e 7f 80 81 82 83 84 85 86 87 88 89 8a 8b 8c 8d 8e 8f 90 91 92 93 94 95 96 97 98 99 9a 9b 9c 9d 9e 9f a0 a1 a2 a3 ffffffffffffffff 0
[cyc 13469] [R SHIFT BY OCTET IN] 64 65 66 67 68 69 6a 6b 6c 6d 6e 6f 70 71 72 73 74 75 76 77 78 79 7a 7b 7c 7d 7e 7f 80 81 82 83 84 85 86 87 88 89 8a 8b 8c 8d 8e 8f 90 91 92 93 94 95 96 97 98 99 9a 9b 9c 9d 9e 9f a0 a1 a2 a3 ffffffffffffffff 0
[cyc 13469] [R SHIFT BY OCTET OUT] 34 35 36 37 38 39 3a 3b 3c 3d 3e 3f 40 41 42 43 44 45 46 47 48 49 4a 4b 4c 4d 4e 4f 50 51 52 53 54 55 56 57 58 59 5a 5b 5c 5d 5e 5f 60 61 62 63 64 65 66 67 68 69 6a 6b 6c 6d 6e 6f 70 71 72 73 ffffffffffffffff 0
[cyc 13469] [APPEND PAYLOAD 0]: moving to state INFO
[cyc 13469] [GENERATE IBH 0]: input meta, opcode 0xd1 valid psn 0x0a0b30
[cyc 13469] [PREPEND IBH HEADER 0]: going to state PARTIAL_HEADER
[cyc 13470] [R SHIFT BY OCTET IN] 94 95 96 97 98 99 9a 9b 9c 9d 9e 9f a0 a1 a2 a3 a4 a5 a6 a7 a8 a9 aa ab ac ad ae af b0 b1 b2 b3 b4 b5 b6 b7 b8 b9 ba bb bc bd be bf c0 c1 c2 c3 c4 c5 c6 c7 c8 c9 ca cb cc cd ce cf d0 d1 d2 d3 ffffffffffffffff 0
[cyc 13470] [R SHIFT BY OCTET OUT] 60 61 62 63 64 65 66 67 68 69 6a 6b 6c 6d 6e 6f 70 71 72 73 74 75 76 77 78 79 7a 7b 7c 7d 7e 7f 80 81 82 83 84 85 86 87 88 89 8a 8b 8c 8d 8e 8f 90 91 92 93 94 95 96 97 98 99 9a 9b 9c 9d 9e 9f ffffffffffffffff 0
[cyc 13470] [STRIP MRC headers IN 0] e0 e1 e2 e3 e4 e5 e6 e7 e8 e9 ea eb ec ed ee ef f0 f1 f2 f3 f4 f5 f6 f7 f8 f9 fa fb fc fd fe ff 00 01 02 03 04 05 06 07 08 09 0a 0b 0c 0d 0e 0f 10 11 12 13 14 15 16 17 18 19 1a 1b 1c 1d 1e 1f ffffffffffffffff 0
[cyc 13470] [STRIP MRC headers OUT 0] a4 a5 a6 a7 a8 a9 aa ab ac ad ae af b0 b1 b2 b3 b4 b5 b6 b7 b8 b9 ba bb bc bd be bf c0 c1 c2 c3 c4 c5 c6 c7 c8 c9 ca cb cc cd ce cf d0 d1 d2 d3 d4 d5 d6 d7 d8 d9 da db dc dd de df e0 e1 e2 e3 ffffffffffffffff 0
[cyc 13470] [R SHIFT BY OCTET IN] a4 a5 a6 a7 a8 a9 aa ab ac ad ae af b0 b1 b2 b3 b4 b5 b6 b7 b8 b9 ba bb bc bd be bf c0 c1 c2 c3 c4 c5 c6 c7 c8 c9 ca cb cc cd ce cf d0 d1 d2 d3 d4 d5 d6 d7 d8 d9 da db dc dd de df e0 e1 e2 e3 ffffffffffffffff 0
[cyc 13470] [R SHIFT BY OCTET OUT] 74 75 76 77 78 79 7a 7b 7c 7d 7e 7f 80 81 82 83 84 85 86 87 88 89 8a 8b 8c 8d 8e 8f 90 91 92 93 94 95 96 97 98 99 9a 9b 9c 9d 9e 9f a0 a1 a2 a3 a4 a5 a6 a7 a8 a9 aa ab ac ad ae af b0 b1 b2 b3 ffffffffffffffff 0
[cyc 13470] [PREPEND IBH HEADER 0]: IBH PARTIAL PAYLOAD
[cyc 13470] 00 00 00 00 00 00 00 00 00 00 00 00 1f 00 00 1c f8 f9 fa fb 00 71 f4 d0 83 e8 5f f6 60 fa 8b 9e 40 5f 00 00 40 be 46 89 fe 7f 00 00 d0 fa 8b 9e 40 5f 00 00 44 5b 81 9e 40 5f 00 00 44 c0 46 89 000000000000ffff 1
[cyc 13470] [PREPEND IBH HEADER 0]: IBH PARTIAL HEADER
[cyc 13470] d1 00 ff ff 00 00 00 42 00 0a 0b 30 1f 00 00 1c f8 f9 fa fb 00 71 f4 d0 83 e8 5f f6 60 fa 8b 9e 40 5f 00 00 40 be 46 89 fe 7f 00 00 d0 fa 8b 9e 40 5f 00 00 44 5b 81 9e 40 5f 00 00 44 c0 46 89 000000000000ffff 1
[cyc 13471] [R SHIFT BY OCTET IN] d4 d5 d6 d7 d8 d9 da db dc dd de df e0 e1 e2 e3 e4 e5 e6 e7 e8 e9 ea eb ec ed ee ef f0 f1 f2 f3 f4 f5 f6 f7 f8 f9 fa fb fc fd fe ff 00 01 02 03 04 05 06 07 08 09 0a 0b 0c 0d 0e 0f 10 11 12 13 ffffffffffffffff 0
[cyc 13471] [R SHIFT BY OCTET OUT] a0 a1 a2 a3 a4 a5 a6 a7 a8 a9 aa ab ac ad ae af b0 b1 b2 b3 b4 b5 b6 b7 b8 b9 ba bb bc bd be bf c0 c1 c2 c3 c4 c5 c6 c7 c8 c9 ca cb cc cd ce cf d0 d1 d2 d3 d4 d5 d6 d7 d8 d9 da db dc dd de df ffffffffffffffff 0
[cyc 13471] [STRIP MRC headers IN 0] 20 21 22 23 24 25 26 27 28 29 2a 2b 2c 2d 2e 2f 30 31 32 33 34 35 36 37 38 39 3a 3b 3c 3d 3e 3f 40 41 42 43 44 45 46 47 48 49 4a 4b 4c 4d 4e 4f 50 51 52 53 54 55 56 57 58 59 5a 5b 5c 5d 5e 5f ffffffffffffffff 0
[cyc 13471] [STRIP MRC headers OUT 0] e4 e5 e6 e7 e8 e9 ea eb ec ed ee ef f0 f1 f2 f3 f4 f5 f6 f7 f8 f9 fa fb fc fd fe ff 00 01 02 03 04 05 06 07 08 09 0a 0b 0c 0d 0e 0f 10 11 12 13 14 15 16 17 18 19 1a 1b 1c 1d 1e 1f 20 21 22 23 ffffffffffffffff 0
[cyc 13471] [R SHIFT BY OCTET IN] e4 e5 e6 e7 e8 e9 ea eb ec ed ee ef f0 f1 f2 f3 f4 f5 f6 f7 f8 f9 fa fb fc fd fe ff 00 01 02 03 04 05 06 07 08 09 0a 0b 0c 0d 0e 0f 10 11 12 13 14 15 16 17 18 19 1a 1b 1c 1d 1e 1f 20 21 22 23 ffffffffffffffff 0
[cyc 13471] [R SHIFT BY OCTET OUT] b4 b5 b6 b7 b8 b9 ba bb bc bd be bf c0 c1 c2 c3 c4 c5 c6 c7 c8 c9 ca cb cc cd ce cf d0 d1 d2 d3 d4 d5 d6 d7 d8 d9 da db dc dd de df e0 e1 e2 e3 e4 e5 e6 e7 e8 e9 ea eb ec ed ee ef f0 f1 f2 f3 ffffffffffffffff 0
[cyc 13472] [TB] last beat of packet 3 (17 beat(s))
[cyc 13472] [R SHIFT BY OCTET IN] 14 15 16 17 18 19 1a 1b 1c 1d 1e 1f 20 21 22 23 24 25 26 27 28 29 2a 2b 2c 2d 2e 2f 30 31 32 33 34 35 36 37 38 39 3a 3b 3c 3d 3e 3f 40 41 42 43 44 45 46 47 48 49 4a 4b 4c 4d 4e 4f 50 51 52 53 ffffffffffffffff 0
[cyc 13472] [R SHIFT BY OCTET OUT] e0 e1 e2 e3 e4 e5 e6 e7 e8 e9 ea eb ec ed ee ef f0 f1 f2 f3 f4 f5 f6 f7 f8 f9 fa fb fc fd fe ff 00 01 02 03 04 05 06 07 08 09 0a 0b 0c 0d 0e 0f 10 11 12 13 14 15 16 17 18 19 1a 1b 1c 1d 1e 1f ffffffffffffffff 0
[cyc 13472] [STRIP MRC headers IN 0] 60 61 62 63 64 65 66 67 68 69 6a 6b 6c 6d 6e 6f 70 71 72 73 74 75 76 77 78 79 7a 7b 7c 7d 7e 7f 80 81 82 83 84 85 86 87 88 89 8a 8b 8c 8d 8e 8f 90 91 92 93 94 95 96 97 98 99 9a 9b 9c 9d 9e 9f ffffffffffffffff 0
[cyc 13472] [STRIP MRC headers OUT 0] 24 25 26 27 28 29 2a 2b 2c 2d 2e 2f 30 31 32 33 34 35 36 37 38 39 3a 3b 3c 3d 3e 3f 40 41 42 43 44 45 46 47 48 49 4a 4b 4c 4d 4e 4f 50 51 52 53 54 55 56 57 58 59 5a 5b 5c 5d 5e 5f 60 61 62 63 ffffffffffffffff 0
[cyc 13472] [R SHIFT BY OCTET IN] 24 25 26 27 28 29 2a 2b 2c 2d 2e 2f 30 31 32 33 34 35 36 37 38 39 3a 3b 3c 3d 3e 3f 40 41 42 43 44 45 46 47 48 49 4a 4b 4c 4d 4e 4f 50 51 52 53 54 55 56 57 58 59 5a 5b 5c 5d 5e 5f 60 61 62 63 ffffffffffffffff 0
[cyc 13472] [R SHIFT BY OCTET OUT] f4 f5 f6 f7 f8 f9 fa fb fc fd fe ff 00 01 02 03 04 05 06 07 08 09 0a 0b 0c 0d 0e 0f 10 11 12 13 14 15 16 17 18 19 1a 1b 1c 1d 1e 1f 20 21 22 23 24 25 26 27 28 29 2a 2b 2c 2d 2e 2f 30 31 32 33 ffffffffffffffff 0
[cyc 13473] [TB] first beat of packet 4 (TEST 13e: LAST in a burst)
[cyc 13473] [TB] last beat of packet 4 (1 beat(s))
[cyc 13473] [RX PROCESS IBH 0]: input psn 0x0a0b31
[cyc 13473] [RX PROCESS IBH 0]: process IBH opcode: c8
[cyc 13473] [R SHIFT BY OCTET IN] 54 55 56 57 58 59 5a 5b 5c 5d 5e 5f 60 61 62 63 64 65 66 67 68 69 6a 6b 6c 6d 6e 6f 70 71 72 73 74 75 76 77 78 79 7a 7b 7c 7d 7e 7f 80 81 82 83 84 85 86 87 88 89 8a 8b 8c 8d 8e 8f 90 91 92 93 ffffffffffffffff 0
[cyc 13473] [R SHIFT BY OCTET OUT] 20 21 22 23 24 25 26 27 28 29 2a 2b 2c 2d 2e 2f 30 31 32 33 34 35 36 37 38 39 3a 3b 3c 3d 3e 3f 40 41 42 43 44 45 46 47 48 49 4a 4b 4c 4d 4e 4f 50 51 52 53 54 55 56 57 58 59 5a 5b 5c 5d 5e 5f ffffffffffffffff 0
[cyc 13473] [STRIP MRC headers IN 0] a0 a1 a2 a3 a4 a5 a6 a7 a8 a9 aa ab ac ad ae af b0 b1 b2 b3 b4 b5 b6 b7 b8 b9 ba bb bc bd be bf c0 c1 c2 c3 c4 c5 c6 c7 c8 c9 ca cb cc cd ce cf d0 d1 d2 d3 d4 d5 d6 d7 d8 d9 da db dc dd de df ffffffffffffffff 0
[cyc 13473] [STRIP MRC headers OUT 0] 64 65 66 67 68 69 6a 6b 6c 6d 6e 6f 70 71 72 73 74 75 76 77 78 79 7a 7b 7c 7d 7e 7f 80 81 82 83 84 85 86 87 88 89 8a 8b 8c 8d 8e 8f 90 91 92 93 94 95 96 97 98 99 9a 9b 9c 9d 9e 9f a0 a1 a2 a3 ffffffffffffffff 0
[cyc 13473] [R SHIFT BY OCTET IN] 64 65 66 67 68 69 6a 6b 6c 6d 6e 6f 70 71 72 73 74 75 76 77 78 79 7a 7b 7c 7d 7e 7f 80 81 82 83 84 85 86 87 88 89 8a 8b 8c 8d 8e 8f 90 91 92 93 94 95 96 97 98 99 9a 9b 9c 9d 9e 9f a0 a1 a2 a3 ffffffffffffffff 0
[cyc 13473] [R SHIFT BY OCTET OUT] 34 35 36 37 38 39 3a 3b 3c 3d 3e 3f 40 41 42 43 44 45 46 47 48 49 4a 4b 4c 4d 4e 4f 50 51 52 53 54 55 56 57 58 59 5a 5b 5c 5d 5e 5f 60 61 62 63 64 65 66 67 68 69 6a 6b 6c 6d 6e 6f 70 71 72 73 ffffffffffffffff 0
[TB] All packets fed, running 300 more cycles...
[cyc 13474] [R SHIFT BY OCTET IN] 94 95 96 97 98 99 9a 9b 9c 9d 9e 9f a0 a1 a2 a3 a4 a5 a6 a7 a8 a9 aa ab ac ad ae af b0 b1 b2 b3 b4 b5 b6 b7 b8 b9 ba bb bc bd be bf c0 c1 c2 c3 c4 c5 c6 c7 c8 c9 ca cb cc cd ce cf d0 d1 d2 d3 ffffffffffffffff 0
[cyc 13474] [R SHIFT BY OCTET OUT] 60 61 62 63 64 65 66 67 68 69 6a 6b 6c 6d 6e 6f 70 71 72 73 74 75 76 77 78 79 7a 7b 7c 7d 7e 7f 80 81 82 83 84 85 86 87 88 89 8a 8b 8c 8d 8e 8f 90 91 92 93 94 95 96 97 98 99 9a 9b 9c 9d 9e 9f ffffffffffffffff 0
[cyc 13474] [STRIP MRC headers IN 0] e0 e1 e2 e3 e4 e5 e6 e7 e8 e9 ea eb ec ed ee ef f0 f1 f2 f3 f4 f5 f6 f7 f8 f9 fa fb fc fd fe ff 00 01 02 03 04 05 06 07 08 09 0a 0b 0c 0d 0e 0f 10 11 12 13 14 15 16 17 18 19 1a 1b 1c 1d 1e 1f ffffffffffffffff 0
[cyc 13474] [STRIP MRC headers OUT 0] a4 a5 a6 a7 a8 a9 aa ab ac ad ae af b0 b1 b2 b3 b4 b5 b6 b7 b8 b9 ba bb bc bd be bf c0 c1 c2 c3 c4 c5 c6 c7 c8 c9 ca cb cc cd ce cf d0 d1 d2 d3 d4 d5 d6 d7 d8 d9 da db dc dd de df e0 e1 e2 e3 ffffffffffffffff 0
[cyc 13474] [R SHIFT BY OCTET IN] a4 a5 a6 a7 a8 a9 aa ab ac ad ae af b0 b1 b2 b3 b4 b5 b6 b7 b8 b9 ba bb bc bd be bf c0 c1 c2 c3 c4 c5 c6 c7 c8 c9 ca cb cc cd ce cf d0 d1 d2 d3 d4 d5 d6 d7 d8 d9 da db dc dd de df e0 e1 e2 e3 ffffffffffffffff 0
[cyc 13474] [R SHIFT BY OCTET OUT] 74 75 76 77 78 79 7a 7b 7c 7d 7e 7f 80 81 82 83 84 85 86 87 88 89 8a 8b 8c 8d 8e 8f 90 91 92 93 94 95 96 97 98 99 9a 9b 9c 9d 9e 9f a0 a1 a2 a3 a4 a5 a6 a7 a8 a9 aa ab ac ad ae af b0 b1 b2 b3 ffffffffffffffff 0
[cyc 13475] [R SHIFT BY OCTET IN] d4 d5 d6 d7 d8 d9 da db dc dd de df e0 e1 e2 e3 e4 e5 e6 e7 e8 e9 ea eb ec ed ee ef f0 f1 f2 f3 00 00 00 00 00 00 00 00 00 00 00 00 00 00 00 00 00 00 00 00 00 00 00 00 00 00 00 00 00 00 00 00 00000000ffffffff 1  <- last
[cyc 13475] [R SHIFT BY OCTET OUT] a0 a1 a2 a3 a4 a5 a6 a7 a8 a9 aa ab ac ad ae af b0 b1 b2 b3 b4 b5 b6 b7 b8 b9 ba bb bc bd be bf c0 c1 c2 c3 c4 c5 c6 c7 c8 c9 ca cb cc cd ce cf d0 d1 d2 d3 d4 d5 d6 d7 d8 d9 da db dc dd de df ffffffffffffffff 0
[cyc 13475] [STRIP MRC headers IN 0] 20 21 22 23 24 25 26 27 28 29 2a 2b 2c 2d 2e 2f 30 31 32 33 34 35 36 37 38 39 3a 3b 3c 3d 3e 3f 40 41 42 43 44 45 46 47 48 49 4a 4b 4c 4d 4e 4f 50 51 52 53 54 55 56 57 58 59 5a 5b 5c 5d 5e 5f ffffffffffffffff 0
[cyc 13475] [STRIP MRC headers OUT 0] e4 e5 e6 e7 e8 e9 ea eb ec ed ee ef f0 f1 f2 f3 f4 f5 f6 f7 f8 f9 fa fb fc fd fe ff 00 01 02 03 04 05 06 07 08 09 0a 0b 0c 0d 0e 0f 10 11 12 13 14 15 16 17 18 19 1a 1b 1c 1d 1e 1f 20 21 22 23 ffffffffffffffff 0
[cyc 13475] [R SHIFT BY OCTET IN] e4 e5 e6 e7 e8 e9 ea eb ec ed ee ef f0 f1 f2 f3 f4 f5 f6 f7 f8 f9 fa fb fc fd fe ff 00 01 02 03 04 05 06 07 08 09 0a 0b 0c 0d 0e 0f 10 11 12 13 14 15 16 17 18 19 1a 1b 1c 1d 1e 1f 20 21 22 23 ffffffffffffffff 0
[cyc 13475] [R SHIFT BY OCTET OUT] b4 b5 b6 b7 b8 b9 ba bb bc bd be bf c0 c1 c2 c3 c4 c5 c6 c7 c8 c9 ca cb cc cd ce cf d0 d1 d2 d3 d4 d5 d6 d7 d8 d9 da db dc dd de df e0 e1 e2 e3 e4 e5 e6 e7 e8 e9 ea eb ec ed ee ef f0 f1 f2 f3 ffffffffffffffff 0
[cyc 13476] [R SHIFT BY OCTET OUT] e0 e1 e2 e3 e4 e5 e6 e7 e8 e9 ea eb ec ed ee ef f0 f1 f2 f3 00 00 00 00 00 00 00 00 00 00 00 00 00 00 00 00 00 00 00 00 00 00 00 00 00 00 00 00 00 00 00 00 00 00 00 00 00 00 00 00 00 00 00 00 00000000000fffff 1  <- last
[cyc 13476] [STRIP MRC headers IN 0] 60 61 62 63 64 65 66 67 68 69 6a 6b 6c 6d 6e 6f 70 71 72 73 74 75 76 77 78 79 7a 7b 7c 7d 7e 7f 80 81 82 83 84 85 86 87 88 89 8a 8b 8c 8d 8e 8f 90 91 92 93 94 95 96 97 98 99 9a 9b 9c 9d 9e 9f ffffffffffffffff 0
[cyc 13476] [STRIP MRC headers OUT 0] 24 25 26 27 28 29 2a 2b 2c 2d 2e 2f 30 31 32 33 34 35 36 37 38 39 3a 3b 3c 3d 3e 3f 40 41 42 43 44 45 46 47 48 49 4a 4b 4c 4d 4e 4f 50 51 52 53 54 55 56 57 58 59 5a 5b 5c 5d 5e 5f 60 61 62 63 ffffffffffffffff 0
[cyc 13476] [R SHIFT BY OCTET IN] 24 25 26 27 28 29 2a 2b 2c 2d 2e 2f 30 31 32 33 34 35 36 37 38 39 3a 3b 3c 3d 3e 3f 40 41 42 43 44 45 46 47 48 49 4a 4b 4c 4d 4e 4f 50 51 52 53 54 55 56 57 58 59 5a 5b 5c 5d 5e 5f 60 61 62 63 ffffffffffffffff 0
[cyc 13476] [R SHIFT BY OCTET OUT] f4 f5 f6 f7 f8 f9 fa fb fc fd fe ff 00 01 02 03 04 05 06 07 08 09 0a 0b 0c 0d 0e 0f 10 11 12 13 14 15 16 17 18 19 1a 1b 1c 1d 1e 1f 20 21 22 23 24 25 26 27 28 29 2a 2b 2c 2d 2e 2f 30 31 32 33 ffffffffffffffff 0
[cyc 13477] [R SHIFT BY OCTET IN] c8 00 ff ff 00 00 00 05 80 0a 0b 31 00 00 00 1c 00 00 00 00 00 06 28 00 00 00 12 34 00 00 08 0a f5 f6 f7 f8 f9 fa fb fc fd fe 00 00 00 00 00 00 00 00 00 00 00 00 00 00 00 00 00 00 00 00 00 00 000003ffffffffff 1  <- last
[cyc 13477] [STRIP MRC headers IN 0] a0 a1 a2 a3 a4 a5 a6 a7 a8 a9 aa ab ac ad ae af b0 b1 b2 b3 b4 b5 b6 b7 b8 b9 ba bb bc bd be bf c0 c1 c2 c3 c4 c5 c6 c7 c8 c9 ca cb cc cd ce cf d0 d1 d2 d3 d4 d5 d6 d7 d8 d9 da db dc dd de df ffffffffffffffff 0
[cyc 13477] [STRIP MRC headers OUT 0] 64 65 66 67 68 69 6a 6b 6c 6d 6e 6f 70 71 72 73 74 75 76 77 78 79 7a 7b 7c 7d 7e 7f 80 81 82 83 84 85 86 87 88 89 8a 8b 8c 8d 8e 8f 90 91 92 93 94 95 96 97 98 99 9a 9b 9c 9d 9e 9f a0 a1 a2 a3 ffffffffffffffff 0
[cyc 13477] [R SHIFT BY OCTET IN] 64 65 66 67 68 69 6a 6b 6c 6d 6e 6f 70 71 72 73 74 75 76 77 78 79 7a 7b 7c 7d 7e 7f 80 81 82 83 84 85 86 87 88 89 8a 8b 8c 8d 8e 8f 90 91 92 93 94 95 96 97 98 99 9a 9b 9c 9d 9e 9f a0 a1 a2 a3 ffffffffffffffff 0
[cyc 13477] [R SHIFT BY OCTET OUT] 34 35 36 37 38 39 3a 3b 3c 3d 3e 3f 40 41 42 43 44 45 46 47 48 49 4a 4b 4c 4d 4e 4f 50 51 52 53 54 55 56 57 58 59 5a 5b 5c 5d 5e 5f 60 61 62 63 64 65 66 67 68 69 6a 6b 6c 6d 6e 6f 70 71 72 73 ffffffffffffffff 0
[cyc 13478] [R SHIFT BY OCTET OUT] 00 00 00 1c 00 00 00 00 00 06 28 00 00 00 12 34 00 00 08 0a f5 f6 f7 f8 f9 fa fb fc fd fe 00 00 00 00 00 00 00 00 00 00 00 00 00 00 00 00 00 00 00 00 00 00 00 00 00 00 00 00 00 00 00 00 00 00 000000003fffffff 1  <- last
[cyc 13478] [STRIP MRC headers IN 0] e0 e1 e2 e3 e4 e5 e6 e7 e8 e9 ea eb ec ed ee ef f0 f1 f2 f3 00 00 00 00 00 00 00 00 00 00 00 00 00 00 00 00 00 00 00 00 00 00 00 00 00 00 00 00 00 00 00 00 00 00 00 00 00 00 00 00 00 00 00 00 00000000000fffff 1  <- last
[cyc 13478] [STRIP MRC headers OUT 0] a4 a5 a6 a7 a8 a9 aa ab ac ad ae af b0 b1 b2 b3 b4 b5 b6 b7 b8 b9 ba bb bc bd be bf c0 c1 c2 c3 c4 c5 c6 c7 c8 c9 ca cb cc cd ce cf d0 d1 d2 d3 d4 d5 d6 d7 d8 d9 da db dc dd de df e0 e1 e2 e3 ffffffffffffffff 0
[cyc 13478] [R SHIFT BY OCTET IN] a4 a5 a6 a7 a8 a9 aa ab ac ad ae af b0 b1 b2 b3 b4 b5 b6 b7 b8 b9 ba bb bc bd be bf c0 c1 c2 c3 c4 c5 c6 c7 c8 c9 ca cb cc cd ce cf d0 d1 d2 d3 d4 d5 d6 d7 d8 d9 da db dc dd de df e0 e1 e2 e3 ffffffffffffffff 0
[cyc 13478] [R SHIFT BY OCTET OUT] 74 75 76 77 78 79 7a 7b 7c 7d 7e 7f 80 81 82 83 84 85 86 87 88 89 8a 8b 8c 8d 8e 8f 90 91 92 93 94 95 96 97 98 99 9a 9b 9c 9d 9e 9f a0 a1 a2 a3 a4 a5 a6 a7 a8 a9 aa ab ac ad ae af b0 b1 b2 b3 ffffffffffffffff 0
[cyc 13479] [STRIP MRC headers OUT 0] e4 e5 e6 e7 e8 e9 ea eb ec ed ee ef f0 f1 f2 f3 00 00 00 00 00 00 00 00 00 00 00 00 00 00 00 00 00 00 00 00 00 00 00 00 00 00 00 00 00 00 00 00 00 00 00 00 00 00 00 00 00 00 00 00 00 00 00 00 000000000000ffff 1  <- last
[cyc 13479] [R SHIFT BY OCTET IN] e4 e5 e6 e7 e8 e9 ea eb ec ed ee ef f0 f1 f2 f3 f4 f5 f6 f7 f8 f9 fa fb fc fd fe ff 00 01 02 03 04 05 06 07 08 09 0a 0b 0c 0d 0e 0f 10 11 12 13 14 15 16 17 18 19 1a 1b 1c 1d 1e 1f 20 21 22 23 ffffffffffffffff 0
[cyc 13479] [R SHIFT BY OCTET OUT] b4 b5 b6 b7 b8 b9 ba bb bc bd be bf c0 c1 c2 c3 c4 c5 c6 c7 c8 c9 ca cb cc cd ce cf d0 d1 d2 d3 d4 d5 d6 d7 d8 d9 da db dc dd de df e0 e1 e2 e3 e4 e5 e6 e7 e8 e9 ea eb ec ed ee ef f0 f1 f2 f3 ffffffffffffffff 0
[cyc 13480] [R SHIFT BY OCTET IN] 24 25 26 27 28 29 2a 2b 2c 2d 2e 2f 30 31 32 33 34 35 36 37 38 39 3a 3b 3c 3d 3e 3f 40 41 42 43 44 45 46 47 48 49 4a 4b 4c 4d 4e 4f 50 51 52 53 54 55 56 57 58 59 5a 5b 5c 5d 5e 5f 60 61 62 63 ffffffffffffffff 0
[cyc 13480] [R SHIFT BY OCTET OUT] f4 f5 f6 f7 f8 f9 fa fb fc fd fe ff 00 01 02 03 04 05 06 07 08 09 0a 0b 0c 0d 0e 0f 10 11 12 13 14 15 16 17 18 19 1a 1b 1c 1d 1e 1f 20 21 22 23 24 25 26 27 28 29 2a 2b 2c 2d 2e 2f 30 31 32 33 ffffffffffffffff 0
[cyc 13481] [STRIP MRC headers IN 0] 00 00 00 1c 00 00 00 00 00 06 28 00 00 00 12 34 00 00 08 0a f5 f6 f7 f8 f9 fa fb fc fd fe 00 00 00 00 00 00 00 00 00 00 00 00 00 00 00 00 00 00 00 00 00 00 00 00 00 00 00 00 00 00 00 00 00 00 000000003fffffff 1  <- last
[cyc 13481] [STRIP MRC headers OUT 0] 00 00 00 00 00 06 28 00 00 00 12 34 00 00 08 0a f5 f6 f7 f8 f9 fa fb fc fd fe 00 00 00 00 00 00 00 00 00 00 00 00 00 00 00 00 00 00 00 00 00 00 00 00 00 00 00 00 00 00 00 00 00 00 00 00 00 00 0000000003ffffff 1  <- last
[cyc 13481] [R SHIFT BY OCTET IN] 64 65 66 67 68 69 6a 6b 6c 6d 6e 6f 70 71 72 73 74 75 76 77 78 79 7a 7b 7c 7d 7e 7f 80 81 82 83 84 85 86 87 88 89 8a 8b 8c 8d 8e 8f 90 91 92 93 94 95 96 97 98 99 9a 9b 9c 9d 9e 9f a0 a1 a2 a3 ffffffffffffffff 0
[cyc 13481] [R SHIFT BY OCTET OUT] 34 35 36 37 38 39 3a 3b 3c 3d 3e 3f 40 41 42 43 44 45 46 47 48 49 4a 4b 4c 4d 4e 4f 50 51 52 53 54 55 56 57 58 59 5a 5b 5c 5d 5e 5f 60 61 62 63 64 65 66 67 68 69 6a 6b 6c 6d 6e 6f 70 71 72 73 ffffffffffffffff 0
[cyc 13482] [R SHIFT BY OCTET IN] a4 a5 a6 a7 a8 a9 aa ab ac ad ae af b0 b1 b2 b3 b4 b5 b6 b7 b8 b9 ba bb bc bd be bf c0 c1 c2 c3 c4 c5 c6 c7 c8 c9 ca cb cc cd ce cf d0 d1 d2 d3 d4 d5 d6 d7 d8 d9 da db dc dd de df e0 e1 e2 e3 ffffffffffffffff 0
[cyc 13482] [R SHIFT BY OCTET OUT] 74 75 76 77 78 79 7a 7b 7c 7d 7e 7f 80 81 82 83 84 85 86 87 88 89 8a 8b 8c 8d 8e 8f 90 91 92 93 94 95 96 97 98 99 9a 9b 9c 9d 9e 9f a0 a1 a2 a3 a4 a5 a6 a7 a8 a9 aa ab ac ad ae af b0 b1 b2 b3 ffffffffffffffff 0
[cyc 13483] [RX IBH FSM 0]: epsn: 0x0a0b31, 658225, packet psn: 0x0a0b31, 658225, oldest outstanding psn: 0x8a0b31, 9046833
[cyc 13483] [R SHIFT BY OCTET IN] e4 e5 e6 e7 e8 e9 ea eb ec ed ee ef f0 f1 f2 f3 00 00 00 00 00 00 00 00 00 00 00 00 00 00 00 00 00 00 00 00 00 00 00 00 00 00 00 00 00 00 00 00 00 00 00 00 00 00 00 00 00 00 00 00 00 00 00 00 000000000000ffff 1  <- last
[cyc 13483] [R SHIFT BY OCTET OUT] b4 b5 b6 b7 b8 b9 ba bb bc bd be bf c0 c1 c2 c3 c4 c5 c6 c7 c8 c9 ca cb cc cd ce cf d0 d1 d2 d3 d4 d5 d6 d7 d8 d9 da db dc dd de df e0 e1 e2 e3 e4 e5 e6 e7 e8 e9 ea eb ec ed ee ef f0 f1 f2 f3 ffffffffffffffff 1  <- last
[cyc 13485] [META MERGER 0]: reading from ack event with qpn 5, psn 658225
[cyc 13486] [R SHIFT BY OCTET IN] 00 00 00 00 00 06 28 00 00 00 12 34 00 00 08 0a f5 f6 f7 f8 f9 fa fb fc fd fe 00 00 00 00 00 00 00 00 00 00 00 00 00 00 00 00 00 00 00 00 00 00 00 00 00 00 00 00 00 00 00 00 00 00 00 00 00 00 0000000003ffffff 1  <- last
[cyc 13487] [R SHIFT BY OCTET OUT] f5 f6 f7 f8 f9 fa fb fc fd fe 00 00 00 00 00 00 00 00 00 00 00 00 00 00 00 00 00 00 00 00 00 00 00 00 00 00 00 00 00 00 00 00 00 00 00 00 00 00 00 00 00 00 00 00 00 00 00 00 00 00 00 00 00 00 00000000000003ff 1  <- last
[cyc 13488] [GENERATE EXH 0]: MRC_ACK with qpn 5, psn 658225
[cyc 13488] [GENERATE EXH 0]: MRC_ACK 1f 00 00 1d 40 5f 00 00 00 71 f4 d0 83 e8 5f f6 60 fa 8b 9e 40 5f 00 00 40 be 46 89 fe 7f 00 00 d0 fa 8b 9e 40 5f 00 00 44 5b 81 9e 40 5f 00 00 44 c0 46 89 fe 7f 00 00 87 16 85 9e 40 5f 00 00 000000000000000f 1
[cyc 13488] [APPEND PAYLOAD 0]: moving to state HEADER
[cyc 13488] [TX IP UDP META MERGER 0]: port 0xc000
[cyc 13489] [APPEND PAYLOAD 0]: moving to state INFO
[cyc 13489] [GENERATE IBH 0]: input meta, opcode 0x209 valid psn 0x0a0b31
[cyc 13489] [PREPEND IBH HEADER 0]: going to state PARTIAL_HEADER
[cyc 13490] [PREPEND IBH HEADER 0]: IBH PARTIAL PAYLOAD
[cyc 13490] 00 00 00 00 00 00 00 00 00 00 00 00 1f 00 00 1d 40 5f 00 00 00 71 f4 d0 83 e8 5f f6 60 fa 8b 9e 40 5f 00 00 40 be 46 89 fe 7f 00 00 d0 fa 8b 9e 40 5f 00 00 44 5b 81 9e 40 5f 00 00 44 c0 46 89 000000000000ffff 1
[cyc 13490] [PREPEND IBH HEADER 0]: IBH PARTIAL HEADER
[cyc 13490] d1 00 ff ff 00 00 00 42 00 0a 0b 31 1f 00 00 1d 40 5f 00 00 00 71 f4 d0 83 e8 5f f6 60 fa 8b 9e 40 5f 00 00 40 be 46 89 fe 7f 00 00 d0 fa 8b 9e 40 5f 00 00 44 5b 81 9e 40 5f 00 00 44 c0 46 89 000000000000ffff 1

[TB] ---- Outputs (cycle they left the module) ----
[TB] cyc 13434 m_axis_mem_write_cmd: op=RC_RDMA_WRITE_ONLY qpn=0x5 addr=0x60000 len=500 lst=1 host=1
[TB] cyc 13445 m_axis_mem_write_cmd: op=RC_RDMA_WRITE_ONLY qpn=0x5 addr=0x61000 len=45 lst=1 host=1
[TB] cyc 13448 m_axis_mem_write_cmd: op=RC_RDMA_WRITE_FIRST qpn=0x5 addr=0x62000 len=1024 lst=0 host=1
[TB] cyc 13467 m_axis_mem_write_cmd: op=RC_RDMA_WRITE_MIDDLE qpn=0x5 addr=0x62400 len=1024 lst=0 host=1
[TB] cyc 13486 m_axis_mem_write_cmd: op=RC_RDMA_WRITE_LAST qpn=0x5 addr=0x62800 len=10 lst=1 host=1
[TB] cyc 13443 m_axis_mem_write_data: 500 B
      0000: f1 f2 f3 f4 f5 f6 f7 f8 f9 fa fb fc fd fe ff 00 
      0010: 01 02 03 04 05 06 07 08 09 0a 0b 0c 0d 0e 0f 10 
      0020: 11 12 13 14 15 16 17 18 19 1a 1b 1c 1d 1e 1f 20 
      0030: 21 22 23 24 25 26 27 28 29 2a 2b 2c 2d 2e 2f 30 
      ... (436 more bytes)
[TB] cyc 13447 m_axis_mem_write_data: 45 B
      0000: f2 f3 f4 f5 f6 f7 f8 f9 fa fb fc fd fe ff 00 01 
      0010: 02 03 04 05 06 07 08 09 0a 0b 0c 0d 0e 0f 10 11 
      0020: 12 13 14 15 16 17 18 19 1a 1b 1c 1d 1e 
[TB] cyc 13465 m_axis_mem_write_data: 1024 B
      0000: f3 f4 f5 f6 f7 f8 f9 fa fb fc fd fe ff 00 01 02 
      0010: 03 04 05 06 07 08 09 0a 0b 0c 0d 0e 0f 10 11 12 
      0020: 13 14 15 16 17 18 19 1a 1b 1c 1d 1e 1f 20 21 22 
      0030: 23 24 25 26 27 28 29 2a 2b 2c 2d 2e 2f 30 31 32 
      ... (960 more bytes)
[TB] cyc 13484 m_axis_mem_write_data: 1024 B
      0000: f4 f5 f6 f7 f8 f9 fa fb fc fd fe ff 00 01 02 03 
      0010: 04 05 06 07 08 09 0a 0b 0c 0d 0e 0f 10 11 12 13 
      0020: 14 15 16 17 18 19 1a 1b 1c 1d 1e 1f 20 21 22 23 
      0030: 24 25 26 27 28 29 2a 2b 2c 2d 2e 2f 30 31 32 33 
      ... (960 more bytes)
[TB] cyc 13488 m_axis_mem_write_data: 10 B
      0000: f5 f6 f7 f8 f9 fa fb fc fd fe 
[TB] cyc 13439 m_axis_tx_data packet (16 B), meta: dst ip=0xa000002 length=20
      0000: d1 00 ff ff 00 00 00 42 00 0a 0b 2d 1f 00 00 1b 
[TB] cyc 13451 m_axis_tx_data packet (16 B), meta: dst ip=0xa000002 length=20
      0000: d1 00 ff ff 00 00 00 42 00 0a 0b 2e 1f 00 00 1c 
[TB] cyc 13454 m_axis_tx_data packet (16 B), meta: dst ip=0xa000002 length=20
      0000: d1 00 ff ff 00 00 00 42 00 0a 0b 2f 1f 00 00 1c 
[TB] cyc 13471 m_axis_tx_data packet (16 B), meta: dst ip=0xa000002 length=20
      0000: d1 00 ff ff 00 00 00 42 00 0a 0b 30 1f 00 00 1c 
[TB] cyc 13491 m_axis_tx_data packet (16 B), meta: dst ip=0xa000002 length=20
      0000: d1 00 ff ff 00 00 00 42 00 0a 0b 31 1f 00 00 1d 

[TB] ---- Checks ----
[TB] Packet 0: TEST 13a: ONLY in a burst
  [PASS] a memory write command was issued for it
[TB]   memory command at cycle 13434
  [PASS] memCmd.op_code = 0xca
  [PASS] memCmd.qpn     = 0x5
  [PASS] memCmd.addr    = 0x60000
  [PASS] memCmd.len     = 500
  [PASS] memCmd.lst     = 0x1
  [PASS] payload data reached memory
[TB]   payload in memory by cycle 13443
  [PASS] bytes written to memory = 500
  [PASS] memory data is identical to the payload that was sent
  [PASS] a reply (ACK/NAK) was sent for it
[TB]   reply at cycle 13439
  [PASS] tx meta: destination IP = 0xa000002
  [PASS] tx meta: UDP length (BTH+AETH+ICRC) = 20
[TB]   parsed reply: MRC_ACK  DestQP=0x42  PSN=0xa0b2d  AETH.syndrome=0x1f (ACK)  AETH.MSN=0x1b
  [PASS] reply length in bytes = 16
  [PASS] reply BTH.opcode (MRC_ACK) = 0xd1
  [PASS] reply BTH.DestQP (remote QPN) = 0x42
  [PASS] reply BTH.PSN = 0xa0b2d
  [PASS] reply AETH.syndrome (ACK) = 0x1f
  [PASS] reply AETH.MSN = 0x1b
[TB] Packet 1: TEST 13b: ONLY + TSETH in a burst
  [PASS] a memory write command was issued for it
[TB]   memory command at cycle 13445
  [PASS] memCmd.op_code = 0xca
  [PASS] memCmd.qpn     = 0x5
  [PASS] memCmd.addr    = 0x61000
  [PASS] memCmd.len     = 45
  [PASS] memCmd.lst     = 0x1
  [PASS] payload data reached memory
[TB]   payload in memory by cycle 13447
  [PASS] bytes written to memory = 45
  [PASS] memory data is identical to the payload that was sent
  [PASS] a reply (ACK/NAK) was sent for it
[TB]   reply at cycle 13451
  [PASS] tx meta: destination IP = 0xa000002
  [PASS] tx meta: UDP length (BTH+AETH+ICRC) = 20
[TB]   parsed reply: MRC_ACK  DestQP=0x42  PSN=0xa0b2e  AETH.syndrome=0x1f (ACK)  AETH.MSN=0x1c
  [PASS] reply length in bytes = 16
  [PASS] reply BTH.opcode (MRC_ACK) = 0xd1
  [PASS] reply BTH.DestQP (remote QPN) = 0x42
  [PASS] reply BTH.PSN = 0xa0b2e
  [PASS] reply AETH.syndrome (ACK) = 0x1f
  [PASS] reply AETH.MSN = 0x1c
[TB] Packet 2: TEST 13c: FIRST in a burst
  [PASS] a memory write command was issued for it
[TB]   memory command at cycle 13448
  [PASS] memCmd.op_code = 0xc6
  [PASS] memCmd.qpn     = 0x5
  [PASS] memCmd.addr    = 0x62000
  [PASS] memCmd.len     = 1024
  [PASS] memCmd.lst     = 0x0
  [PASS] payload data reached memory
[TB]   payload in memory by cycle 13465
  [PASS] bytes written to memory = 1024
  [PASS] memory data is identical to the payload that was sent
  [PASS] a reply (ACK/NAK) was sent for it
[TB]   reply at cycle 13454
  [PASS] tx meta: destination IP = 0xa000002
  [PASS] tx meta: UDP length (BTH+AETH+ICRC) = 20
[TB]   parsed reply: MRC_ACK  DestQP=0x42  PSN=0xa0b2f  AETH.syndrome=0x1f (ACK)  AETH.MSN=0x1c
  [PASS] reply length in bytes = 16
  [PASS] reply BTH.opcode (MRC_ACK) = 0xd1
  [PASS] reply BTH.DestQP (remote QPN) = 0x42
  [PASS] reply BTH.PSN = 0xa0b2f
  [PASS] reply AETH.syndrome (ACK) = 0x1f
  [PASS] reply AETH.MSN = 0x1c
[TB] Packet 3: TEST 13d: MIDDLE in a burst
  [PASS] a memory write command was issued for it
[TB]   memory command at cycle 13467
  [PASS] memCmd.op_code = 0xc7
  [PASS] memCmd.qpn     = 0x5
  [PASS] memCmd.addr    = 0x62400
  [PASS] memCmd.len     = 1024
  [PASS] memCmd.lst     = 0x0
  [PASS] payload data reached memory
[TB]   payload in memory by cycle 13484
  [PASS] bytes written to memory = 1024
  [PASS] memory data is identical to the payload that was sent
  [PASS] a reply (ACK/NAK) was sent for it
[TB]   reply at cycle 13471
  [PASS] tx meta: destination IP = 0xa000002
  [PASS] tx meta: UDP length (BTH+AETH+ICRC) = 20
[TB]   parsed reply: MRC_ACK  DestQP=0x42  PSN=0xa0b30  AETH.syndrome=0x1f (ACK)  AETH.MSN=0x1c
  [PASS] reply length in bytes = 16
  [PASS] reply BTH.opcode (MRC_ACK) = 0xd1
  [PASS] reply BTH.DestQP (remote QPN) = 0x42
  [PASS] reply BTH.PSN = 0xa0b30
  [PASS] reply AETH.syndrome (ACK) = 0x1f
  [PASS] reply AETH.MSN = 0x1c
[TB] Packet 4: TEST 13e: LAST in a burst
  [PASS] a memory write command was issued for it
[TB]   memory command at cycle 13486
  [PASS] memCmd.op_code = 0xc8
  [PASS] memCmd.qpn     = 0x5
  [PASS] memCmd.addr    = 0x62800
  [PASS] memCmd.len     = 10
  [PASS] memCmd.lst     = 0x1
  [PASS] payload data reached memory
[TB]   payload in memory by cycle 13488
  [PASS] bytes written to memory = 10
  [PASS] memory data is identical to the payload that was sent
  [PASS] a reply (ACK/NAK) was sent for it
[TB]   reply at cycle 13491
  [PASS] tx meta: destination IP = 0xa000002
  [PASS] tx meta: UDP length (BTH+AETH+ICRC) = 20
[TB]   parsed reply: MRC_ACK  DestQP=0x42  PSN=0xa0b31  AETH.syndrome=0x1f (ACK)  AETH.MSN=0x1d
  [PASS] reply length in bytes = 16
  [PASS] reply BTH.opcode (MRC_ACK) = 0xd1
  [PASS] reply BTH.DestQP (remote QPN) = 0x42
  [PASS] reply BTH.PSN = 0xa0b31
  [PASS] reply AETH.syndrome (ACK) = 0x1f
  [PASS] reply AETH.MSN = 0x1d
[TB] Whole group
  [PASS] unexpected memory write commands = 0
  [PASS] unexpected memory payloads = 0
  [PASS] no memory data beat left without TLAST
  [PASS] unexpected packets sent back = 0
  [PASS] tx meta entries = tx packets = 5
  [PASS] invalid-PSN drop counter increase over the group = 0
  [PASS] ackMeta to the host (only used for our own requests) = 0
  [PASS] module consumed the whole input
  [PASS] no memory READ command issued

=====================================================================
  MRC CONTROL HEADERS: parser unit checks, 512-bit bus
=====================================================================
[TB] SACK
[RX PROCESS CTRL IN] 00 22 ff fe de ad be ef 00 05 00 42 00 00 00 10 0a 02 00 05 80 00 00 00 00 00 00 01 be ef 12 34 95 ab cd ef 00 00 00 00 00 00 00 00 00 00 00 00 00 00 00 00 00 00 00 00 00 00 00 00 00 00 00 00 0000000fffffffff 1  <- last
  [PASS] SACK: nothing went to the data path
  [PASS] SACK: all header words consumed
  [PASS] SACK: parsed metas = 1
  [PASS] SETH length ok       = 0x1
  [PASS] BTH.dqp              = 0x5
  [PASS] SETH.m               = 0x1
  [PASS] SETH.pr              = 0x1
  [PASS] SETH.ack_psn_offset  = 0xfffffffffffffffe
  [PASS] SETH ack_psn         = 0xe
  [PASS] SETH.entropy         = 0xdeadbeef
  [PASS] SETH.spdcid          = 0x5
  [PASS] SETH.dpdcid          = 0x42
  [PASS] SETH.cack_psn        = 0x10
  [PASS] SETH.cc_type         = 0x0
  [PASS] SETH.cc_fl           = 0xa
  [PASS] SETH.mpr             = 0x2
  [PASS] SETH sack base psn   = 0x15
  [PASS] SETH.sack_bitmap     = 0x8000000000000001
  [PASS] CC.tx_timestamp      = 0xbeef
  [PASS] CC.ooo_count         = 0x1234
  [PASS] CC.restore_cwnd      = 0x1
  [PASS] CC.rcv_cwnd_pen      = 0x15
  [PASS] CC.rcvd_bytes        = 0xabcdef
  [PASS] UDP source address   = 0xa000002
[TB] NACK
[RX PROCESS CTRL IN] 00 00 0b 77 ca fe f0 0d 00 05 00 42 00 12 34 56 23 00 43 21 00 00 00 00 00 00 00 00 00 00 00 00 00 00 00 00 00 00 00 00 00 00 00 00 00 00 00 00 00 00 00 00 00 00 00 00 00 00 00 00 00 00 00 00 00000000000fffff 1  <- last
  [PASS] NACK: nothing went to the data path
  [PASS] NACK: all header words consumed
  [PASS] NACK: parsed metas = 1
  [PASS] NETH length ok       = 0x1
  [PASS] NETH.nack_reason     = 0xb
  [PASS] NETH.vendor_info     = 0x77
  [PASS] NETH.entropy         = 0xcafef00d
  [PASS] NETH.spdcid          = 0x5
  [PASS] NETH.dpdcid          = 0x42
  [PASS] NETH.nack_psn        = 0x123456
  [PASS] NETH.cc_type         = 0x2
  [PASS] NETH.cc_fl           = 0x3
  [PASS] NETH.tx_timestamp    = 0x4321
[TB] PROBE
[RX PROCESS CTRL IN] 00 00 00 5a 99 99 00 00 00 42 00 05 11 11 80 01 00 00 00 00 00 00 00 00 00 00 00 00 00 00 00 00 00 00 00 00 00 00 00 00 00 00 00 00 00 00 00 00 00 00 00 00 00 00 00 00 00 00 00 00 00 00 00 00 000000000000ffff 1  <- last
  [PASS] PROBE: nothing went to the data path
  [PASS] PROBE: all header words consumed
  [PASS] PROBE: parsed metas = 1
  [PASS] PETH length ok       = 0x1
  [PASS] PETH.vendor_info     = 0x5a
  [PASS] PETH.probe_id        = 0x9999
  [PASS] PETH.spdcid          = 0x42
  [PASS] PETH.dpdcid          = 0x5
  [PASS] PETH.tx_timestamp    = 0x1111
  [PASS] PETH.tsr             = 0x1
  [PASS] PETH.ftype           = 0x1
[TB] EP REQ
[RX PROCESS CTRL IN] 00 01 00 42 00 00 00 0f 00 00 00 00 22 22 00 01 00 00 00 00 00 00 00 00 00 00 00 00 00 00 00 00 00 00 00 00 00 00 00 00 00 00 00 00 00 00 00 00 00 00 00 00 00 00 00 00 00 00 00 00 00 00 00 00 000000000000ffff 1  <- last
  [PASS] EP REQ: nothing went to the data path
  [PASS] EP REQ: all header words consumed
  [PASS] EP REQ: parsed metas = 1
  [PASS] ERTH length ok       = 0x1
  [PASS] ERTH.op              = 0x1
  [PASS] ERTH.vendor_info     = 0x42
  [PASS] ERTH.port_status     = 0xf
  [PASS] ERTH.tx_timestamp    = 0x2222
  [PASS] ERTH.tsr             = 0x0
  [PASS] ERTH.ftype           = 0x1
  [PASS] BTH.dqp (EV probe)   = 0x2
  [PASS] BTH.psn[15:0] (id)   = 0xabcd
[TB] EP RSP
[RX PROCESS CTRL IN] 00 04 00 00 00 00 00 00 00 00 00 00 00 00 00 00 00 00 00 00 00 00 00 00 00 00 00 00 33 33 00 00 00 00 00 00 00 00 00 00 00 00 00 00 00 00 00 00 00 00 00 00 00 00 00 00 00 00 00 00 00 00 00 00 0000000fffffffff 1  <- last
  [PASS] EP RSP: nothing went to the data path
  [PASS] EP RSP: all header words consumed
  [PASS] EP RSP: parsed metas = 1
  [PASS] EETH length ok       = 0x1
  [PASS] EETH.op              = 0x1
  [PASS] EETH.tx_timestamp    = 0x3333
[TB] SACK truncated
[RX PROCESS CTRL IN] 00 22 ff fe de ad be ef 00 05 00 42 00 00 00 00 00 00 00 00 00 00 00 00 00 00 00 00 00 00 00 00 00 00 00 00 00 00 00 00 00 00 00 00 00 00 00 00 00 00 00 00 00 00 00 00 00 00 00 00 00 00 00 00 0000000000000fff 1  <- last
  [PASS] SACK truncated: nothing went to the data path
  [PASS] SACK truncated: all header words consumed
  [PASS] SACK truncated: parsed metas = 1
  [PASS] truncated SACK flagged (lengthOk) = 0x0
[TB] SACK truncated
[RX PROCESS CTRL IN] 00 00 00 00 00 00 00 00 00 00 00 00 00 00 00 00 00 00 00 00 00 00 00 00 00 00 00 00 00 00 00 00 00 00 00 00 00 00 00 00 00 00 00 00 00 00 00 00 00 00 00 00 00 00 00 00 00 00 00 00 00 00 00 00 0000000000000000 1  <- last
  [PASS] SACK truncated: nothing went to the data path
  [PASS] SACK truncated: all header words consumed
  [PASS] SACK truncated: parsed metas = 1
  [PASS] BTH-only SACK flagged (lengthOk) = 0x0
[TB] 36 B of 0xFF, then an all-zero PETH (16 B)
[RX PROCESS CTRL IN] ff ff ff ff ff ff ff ff ff ff ff ff ff ff ff ff ff ff ff ff ff ff ff ff ff ff ff ff ff ff ff ff ff ff ff ff 00 00 00 00 00 00 00 00 00 00 00 00 00 00 00 00 00 00 00 00 00 00 00 00 00 00 00 00 0000000fffffffff 1  <- last
  [PASS] EP RSP: nothing went to the data path
  [PASS] EP RSP: all header words consumed
  [PASS] EP RSP: parsed metas = 1
[RX PROCESS CTRL IN] 00 00 00 00 00 00 00 00 00 00 00 00 00 00 00 00 00 00 00 00 00 00 00 00 00 00 00 00 00 00 00 00 00 00 00 00 00 00 00 00 00 00 00 00 00 00 00 00 00 00 00 00 00 00 00 00 00 00 00 00 00 00 00 00 000000000000ffff 1  <- last
  [PASS] PROBE: nothing went to the data path
  [PASS] PROBE: all header words consumed
  [PASS] PROBE: parsed metas = 1
  [PASS] no stale bytes in raw[191:128] = 0x0
  [PASS] no stale bytes in raw[287:224] = 0x0

=====================================================================
  MRC CONTROL HEADERS: parser unit checks, 64-bit bus
=====================================================================
[TB] SACK
[RX PROCESS CTRL IN] 00 22 ff fe de ad be ef ff 0
[RX PROCESS CTRL IN] 00 05 00 42 00 00 00 10 ff 0
[RX PROCESS CTRL IN] 0a 02 00 05 80 00 00 00 ff 0
[RX PROCESS CTRL IN] 00 00 00 01 be ef 12 34 ff 0
[RX PROCESS CTRL IN] 95 ab cd ef 00 00 00 00 0f 1  <- last
  [PASS] SACK: nothing went to the data path
  [PASS] SACK: all header words consumed
  [PASS] SACK: parsed metas = 1
  [PASS] SETH length ok       = 0x1
  [PASS] BTH.dqp              = 0x5
  [PASS] SETH.m               = 0x1
  [PASS] SETH.pr              = 0x1
  [PASS] SETH.ack_psn_offset  = 0xfffffffffffffffe
  [PASS] SETH ack_psn         = 0xe
  [PASS] SETH.entropy         = 0xdeadbeef
  [PASS] SETH.spdcid          = 0x5
  [PASS] SETH.dpdcid          = 0x42
  [PASS] SETH.cack_psn        = 0x10
  [PASS] SETH.cc_type         = 0x0
  [PASS] SETH.cc_fl           = 0xa
  [PASS] SETH.mpr             = 0x2
  [PASS] SETH sack base psn   = 0x15
  [PASS] SETH.sack_bitmap     = 0x8000000000000001
  [PASS] CC.tx_timestamp      = 0xbeef
  [PASS] CC.ooo_count         = 0x1234
  [PASS] CC.restore_cwnd      = 0x1
  [PASS] CC.rcv_cwnd_pen      = 0x15
  [PASS] CC.rcvd_bytes        = 0xabcdef
  [PASS] UDP source address   = 0xa000002
[TB] NACK
[RX PROCESS CTRL IN] 00 00 0b 77 ca fe f0 0d ff 0
[RX PROCESS CTRL IN] 00 05 00 42 00 12 34 56 ff 0
[RX PROCESS CTRL IN] 23 00 43 21 00 00 00 00 0f 1  <- last
  [PASS] NACK: nothing went to the data path
  [PASS] NACK: all header words consumed
  [PASS] NACK: parsed metas = 1
  [PASS] NETH length ok       = 0x1
  [PASS] NETH.nack_reason     = 0xb
  [PASS] NETH.vendor_info     = 0x77
  [PASS] NETH.entropy         = 0xcafef00d
  [PASS] NETH.spdcid          = 0x5
  [PASS] NETH.dpdcid          = 0x42
  [PASS] NETH.nack_psn        = 0x123456
  [PASS] NETH.cc_type         = 0x2
  [PASS] NETH.cc_fl           = 0x3
  [PASS] NETH.tx_timestamp    = 0x4321
[TB] PROBE
[RX PROCESS CTRL IN] 00 00 00 5a 99 99 00 00 ff 0
[RX PROCESS CTRL IN] 00 42 00 05 11 11 80 01 ff 1  <- last
  [PASS] PROBE: nothing went to the data path
  [PASS] PROBE: all header words consumed
  [PASS] PROBE: parsed metas = 1
  [PASS] PETH length ok       = 0x1
  [PASS] PETH.vendor_info     = 0x5a
  [PASS] PETH.probe_id        = 0x9999
  [PASS] PETH.spdcid          = 0x42
  [PASS] PETH.dpdcid          = 0x5
  [PASS] PETH.tx_timestamp    = 0x1111
  [PASS] PETH.tsr             = 0x1
  [PASS] PETH.ftype           = 0x1
[TB] EP REQ
[RX PROCESS CTRL IN] 00 01 00 42 00 00 00 0f ff 0
[RX PROCESS CTRL IN] 00 00 00 00 22 22 00 01 ff 1  <- last
  [PASS] EP REQ: nothing went to the data path
  [PASS] EP REQ: all header words consumed
  [PASS] EP REQ: parsed metas = 1
  [PASS] ERTH length ok       = 0x1
  [PASS] ERTH.op              = 0x1
  [PASS] ERTH.vendor_info     = 0x42
  [PASS] ERTH.port_status     = 0xf
  [PASS] ERTH.tx_timestamp    = 0x2222
  [PASS] ERTH.tsr             = 0x0
  [PASS] ERTH.ftype           = 0x1
  [PASS] BTH.dqp (EV probe)   = 0x2
  [PASS] BTH.psn[15:0] (id)   = 0xabcd
[TB] EP RSP
[RX PROCESS CTRL IN] 00 04 00 00 00 00 00 00 ff 0
[RX PROCESS CTRL IN] 00 00 00 00 00 00 00 00 ff 0
[RX PROCESS CTRL IN] 00 00 00 00 00 00 00 00 ff 0
[RX PROCESS CTRL IN] 00 00 00 00 33 33 00 00 ff 0
[RX PROCESS CTRL IN] 00 00 00 00 00 00 00 00 0f 1  <- last
  [PASS] EP RSP: nothing went to the data path
  [PASS] EP RSP: all header words consumed
  [PASS] EP RSP: parsed metas = 1
  [PASS] EETH length ok       = 0x1
  [PASS] EETH.op              = 0x1
  [PASS] EETH.tx_timestamp    = 0x3333
[TB] SACK truncated
[RX PROCESS CTRL IN] 00 22 ff fe de ad be ef ff 0
[RX PROCESS CTRL IN] 00 05 00 42 00 00 00 00 0f 1  <- last
  [PASS] SACK truncated: nothing went to the data path
  [PASS] SACK truncated: all header words consumed
  [PASS] SACK truncated: parsed metas = 1
  [PASS] truncated SACK flagged (lengthOk) = 0x0
[TB] SACK truncated
[RX PROCESS CTRL IN] 00 00 00 00 00 00 00 00 00 1  <- last
  [PASS] SACK truncated: nothing went to the data path
  [PASS] SACK truncated: all header words consumed
  [PASS] SACK truncated: parsed metas = 1
  [PASS] BTH-only SACK flagged (lengthOk) = 0x0
[TB] 36 B of 0xFF, then an all-zero PETH (16 B)
[RX PROCESS CTRL IN] ff ff ff ff ff ff ff ff ff 0
[RX PROCESS CTRL IN] ff ff ff ff ff ff ff ff ff 0
[RX PROCESS CTRL IN] ff ff ff ff ff ff ff ff ff 0
[RX PROCESS CTRL IN] ff ff ff ff ff ff ff ff ff 0
[RX PROCESS CTRL IN] ff ff ff ff 00 00 00 00 0f 1  <- last
  [PASS] EP RSP: nothing went to the data path
  [PASS] EP RSP: all header words consumed
  [PASS] EP RSP: parsed metas = 1
[RX PROCESS CTRL IN] 00 00 00 00 00 00 00 00 ff 0
[RX PROCESS CTRL IN] 00 00 00 00 00 00 00 00 ff 1  <- last
  [PASS] PROBE: nothing went to the data path
  [PASS] PROBE: all header words consumed
  [PASS] PROBE: parsed metas = 1
  [PASS] no stale bytes in raw[191:128] = 0x0
  [PASS] no stale bytes in raw[287:224] = 0x0

=====================================================================
  SUMMARY
=====================================================================
[TB] regIbvCountRx          = 55
[TB] regIbvCountTx          = 45
[TB] regInvalidPsnDropCount = 10
  [PASS] packets received by the module = 55
  [PASS] packets sent by the module (ACK/NAK) = 45

*** ALL CHECKS PASSED ***  (0 failure(s), 13774 cycles simulated)
WARNING: Hls::stream 'rt_freeListFifo' contains leftover data, which may result in RTL simulation hanging.
